index,STRING_id,GO_embeddings,label
0,9606.ENSP00000249647,"[7.077271938323975, -1.610729694366455, 4.027042388916016, 3.152674674987793, -0.14491820335388184, 2.3354735374450684, -3.0896735191345215, 1.8264588117599487, -4.33822774887085, 0.3344919979572296, 3.9587488174438477, -3.737967014312744, 0.9011186361312866, -3.5645830631256104, -3.224522590637207, -0.4430597424507141, 0.7206241488456726, 4.360904693603516, 6.57191801071167, 3.3560054302215576, -1.661659598350525, -7.853837013244629, 0.613096296787262, -0.5999799370765686, -1.014240026473999, -3.1001389026641846, 0.007112294435501099, 0.2857525944709778, 6.0653839111328125, -1.42508065700531, -4.792860984802246, -3.9849681854248047, 3.2480461597442627, -3.2461190223693848, 0.026586085557937622, 2.7083938121795654, -2.6554274559020996, -4.955539703369141, -4.7622480392456055, -3.176140069961548, -5.073794364929199, 2.127188205718994, -2.5501468181610107, 0.4269772171974182, 0.0493452250957489, 0.7690469026565552, 3.781313419342041, 0.8487160205841064, -3.840454578399658, -5.508767604827881, 5.303036689758301, 6.057348251342773, 0.17872858047485352, -0.04820649325847626, 1.5501232147216797, -5.047548770904541, 3.5092992782592773, -2.6068930625915527, 1.7223219871520996, -3.489755630493164, -6.946768760681152, 2.9666996002197266, 5.505720138549805, -0.6693046689033508, -0.25753238797187805, 1.7469911575317383, 4.296699047088623, -1.5061135292053223, 0.9610399603843689, 5.557667255401611, 3.1088573932647705, 4.112029075622559, -2.9426867961883545, -3.3223671913146973, -2.488136053085327, 7.106245994567871, 4.437860012054443, -4.804986476898193, -1.7947499752044678, 3.379706621170044, -1.3559144735336304, 6.685556411743164, -5.180208206176758, 1.720855474472046, 2.8225598335266113, 1.6256853342056274, -0.39833998680114746, -0.0786464512348175, -3.2641069889068604, -0.2887583076953888, -2.2587718963623047, 6.926634788513184, 4.79240083694458, -4.3125081062316895, -1.5533134937286377, 2.7549262046813965, -3.47293758392334, 0.0873405933380127, 6.102506160736084, -3.240731954574585, 6.32003927230835, 3.806669235229492, -6.095196723937988, 5.350924968719482, 6.040371894836426, 5.322768688201904, -1.985088586807251, -1.0726631879806519, -0.1701880246400833, -1.6004164218902588, 0.4095460772514343, 5.231429576873779, -2.478395938873291, -1.7426491975784302, -1.729555606842041, 3.476062774658203, -0.5321778059005737, -1.6204054355621338, -4.025997161865234, 3.6409623622894287, 5.334961891174316, 4.483415603637695, 7.8711466789245605, -0.07944813370704651, -1.8451206684112549, 4.338128089904785, -6.994523048400879, -6.591473579406738, 5.646330833435059, -3.4492993354797363, 7.14847469329834, 3.0563340187072754, 0.344903826713562, 3.698021411895752, 0.17567941546440125, 4.149256706237793, -4.209222793579102, 0.15107853710651398, -2.296276092529297, 6.17252779006958, 5.292837142944336, 2.454558849334717, 1.7104612588882446, -6.453599452972412, 4.7342658042907715, 4.859257221221924, -3.864241361618042, -4.577173233032227, 6.180108547210693, -2.9563565254211426, 2.3003122806549072, -5.598343372344971, -3.5264644622802734, 5.443176746368408, -1.5854570865631104, 1.2433366775512695, -2.0073952674865723, -3.592067003250122, -4.235561370849609, 0.6261893510818481, 3.61527681350708, -0.05126547813415527, -1.4225742816925049, -0.3504585921764374, 2.220735549926758, 0.5583168268203735, -2.1576523780822754, 1.2549610137939453, -1.9778611660003662, 1.3581563234329224, 8.380541801452637, -2.054330825805664, 5.470815181732178, -1.9057708978652954, 0.5706495046615601, 2.4865572452545166, 2.227583169937134, 6.451843738555908, 2.640632152557373, -4.607936382293701, 8.478870391845703, 3.1110684871673584, -0.03698667883872986, 1.4081782102584839, -1.8475391864776611, 0.9520973563194275, -3.4475717544555664, -2.894794225692749, 5.936710357666016, 0.382891446352005, 1.0539686679840088, 1.1579995155334473, -4.417126655578613, 3.8585495948791504, 0.6275114417076111, 1.5250781774520874, 0.45986098051071167, -3.3132612705230713, 4.123970985412598, -6.264792442321777]",1
1,9606.ENSP00000461784,"[4.392323017120361, -0.7316040992736816, 3.6038215160369873, 1.6421667337417603, -0.5649043321609497, 2.936964511871338, -1.1170819997787476, 3.7938461303710938, -3.6598880290985107, -0.25930577516555786, 3.4294960498809814, -4.333246231079102, 1.7102904319763184, -0.020716816186904907, -3.137059211730957, -1.4922606945037842, 1.4013720750808716, 1.302234172821045, 4.175676345825195, -1.5236151218414307, -1.845041275024414, -3.4146957397460938, 0.7634062767028809, -0.6359405517578125, -2.109266996383667, -0.6510192155838013, 1.4726719856262207, 0.8805286884307861, 2.298539638519287, -0.5579124689102173, -2.0380070209503174, -3.36232328414917, 0.7065615057945251, -1.6402655839920044, 0.5524362325668335, 0.6304373741149902, -1.8926916122436523, -4.47944450378418, -2.075582265853882, -2.9969472885131836, -2.518104076385498, 1.7674036026000977, -1.951547384262085, 0.35212215781211853, -1.0012129545211792, -0.36346036195755005, 1.4420279264450073, -0.3079466223716736, -2.276909351348877, -3.4145870208740234, 2.4706788063049316, 2.219280481338501, 1.1393249034881592, -1.9531656503677368, 3.3904788494110107, -1.781639575958252, 3.2191100120544434, -0.8037991523742676, 2.6034491062164307, -3.03751277923584, -3.5238797664642334, 2.722383975982666, 2.1978492736816406, 0.34556663036346436, 1.5208616256713867, 2.3502426147460938, 2.8352720737457275, -0.8962855935096741, 1.0150129795074463, 4.284570693969727, 1.872210144996643, -0.13066481053829193, -0.020817935466766357, -0.8888506889343262, -2.8559937477111816, 3.294130325317383, 2.5445656776428223, -4.355972766876221, -2.948298454284668, 2.93996000289917, -2.6038477420806885, 4.019279956817627, -3.1302175521850586, 0.31801897287368774, 1.6172587871551514, 1.3487517833709717, -2.6961629390716553, -1.9867713451385498, -2.201477527618408, -0.8367923498153687, -0.13720759749412537, 3.4910120964050293, 2.7485337257385254, -1.5084209442138672, -2.8880720138549805, 3.529085397720337, -1.5122969150543213, 2.6206886768341064, 2.542726993560791, -2.75394868850708, 1.9143474102020264, 2.7745580673217773, -3.402994155883789, 2.5289313793182373, 3.7701447010040283, 3.6209282875061035, -3.5351057052612305, -0.5520107746124268, 1.8746531009674072, -1.5658305883407593, -1.0876867771148682, 3.8130483627319336, -2.3804588317871094, -0.5136857032775879, -3.187819242477417, 3.2861976623535156, 0.8483465909957886, 0.11952871084213257, -1.728743553161621, 0.37495940923690796, 1.7788058519363403, 2.918487310409546, 3.9194977283477783, -1.5629147291183472, -0.137531578540802, 1.7509417533874512, -3.104872703552246, -2.9299702644348145, 1.1185081005096436, -3.4725942611694336, 2.8871941566467285, 3.0242371559143066, 0.23552900552749634, 2.044247627258301, -0.5539456605911255, 2.860687017440796, -0.9794864058494568, -1.0729871988296509, 1.0776723623275757, 2.660693645477295, 1.746227741241455, 1.699472427368164, 1.7275141477584839, -3.758296012878418, 1.9925386905670166, 2.224595785140991, -1.7353806495666504, 0.27698057889938354, 0.44150230288505554, -0.9572373628616333, 3.25262451171875, -3.8016433715820312, 0.22329068183898926, 4.890526294708252, -2.022146224975586, -0.5856215357780457, 1.934655785560608, -1.2700010538101196, -2.438314437866211, -0.21102061867713928, 1.3062520027160645, -0.6400381326675415, -1.9356741905212402, -3.459876537322998, 0.07162567973136902, 1.8667192459106445, -1.4857652187347412, 0.15780237317085266, -1.5013759136199951, -0.7672526836395264, 3.504153251647949, -0.42170003056526184, 3.4337472915649414, -0.7741287350654602, 0.6208745837211609, 3.1455321311950684, 2.905353546142578, 3.3123300075531006, 2.889108180999756, -3.435781240463257, 4.312455654144287, 3.3349812030792236, 0.4075121581554413, 0.19126209616661072, -1.676088809967041, 2.0166430473327637, -2.1216015815734863, -3.902547836303711, 3.117216110229492, 0.32896944880485535, 0.9666675329208374, 2.408907413482666, -3.418921947479248, 1.9998115301132202, -0.40361282229423523, -0.8388785123825073, 1.714708924293518, -3.5606186389923096, 1.7045915126800537, -1.2009003162384033]",1
2,9606.ENSP00000360183,"[6.501339912414551, -1.7556288242340088, 4.3395915031433105, 4.596821308135986, -0.8711538314819336, 3.133812427520752, -1.4037249088287354, 3.438750743865967, -2.9778621196746826, 1.344804286956787, 4.679172992706299, -3.2235190868377686, 1.8122767210006714, -2.129404067993164, -2.879744291305542, -2.4670629501342773, 1.5769016742706299, 1.4270145893096924, 6.380255222320557, 0.0210421085357666, -0.7419939041137695, -7.103971481323242, 2.4134082794189453, 0.10393062233924866, -2.969212293624878, -0.19649046659469604, 2.6475210189819336, 2.062692165374756, 3.5386667251586914, -2.4844987392425537, -0.8540292978286743, -4.426638603210449, 0.8592766523361206, -0.5564931631088257, 3.8434085845947266, 0.7217251062393188, -4.723844051361084, -6.466995716094971, -3.4302115440368652, -4.292546272277832, -3.0028247833251953, 1.5498909950256348, -3.6572065353393555, -0.7617244124412537, -0.10011070966720581, -1.2212580442428589, 2.6603360176086426, 1.1796927452087402, -4.420109272003174, -4.168798446655273, 3.095708131790161, 4.145132064819336, 3.047163963317871, -1.693786382675171, 3.28686785697937, -4.975362777709961, 4.106691837310791, -2.8729424476623535, 2.0058000087738037, -4.536745548248291, -6.006773471832275, 2.230334997177124, 2.5100412368774414, -0.9539315700531006, 2.2082223892211914, 3.9484941959381104, 3.061142921447754, -0.3674638867378235, 1.105167031288147, 4.4325690269470215, 3.9134678840637207, 2.5492055416107178, -1.9875768423080444, -4.449795722961426, -2.978830099105835, 6.021745681762695, 2.150252342224121, -4.9564008712768555, -3.1049487590789795, 4.706585884094238, -1.5628706216812134, 6.0878801345825195, -4.908137798309326, 0.7555897831916809, 0.864313006401062, 1.3870296478271484, -2.1400673389434814, -1.1740155220031738, -4.517011642456055, -0.9372401237487793, -1.4063293933868408, 5.268372058868408, 5.084167003631592, -0.6944534182548523, -4.256958961486816, 6.7514824867248535, -2.7539708614349365, 2.472646713256836, 3.569202184677124, -2.9112234115600586, 4.5412797927856445, 5.042144298553467, -3.0843920707702637, 4.824194431304932, 5.580554485321045, 4.976964473724365, -4.312868118286133, -2.9047975540161133, 2.1583409309387207, -1.9049181938171387, 0.9271312952041626, 5.2498602867126465, -2.6916046142578125, -1.8440030813217163, -4.665836811065674, 3.297968626022339, -0.2720601558685303, -1.5095922946929932, -2.9020707607269287, 2.3889272212982178, 3.4777820110321045, 5.198185443878174, 6.3099541664123535, -0.5329297780990601, -0.19104431569576263, 3.8775954246520996, -6.457575798034668, -5.397740364074707, 4.342316627502441, -3.3621678352355957, 4.888662338256836, 4.527407169342041, 0.5752593278884888, 4.70132303237915, -1.0668938159942627, 4.737452983856201, -2.429166555404663, -1.336449384689331, -2.46640682220459, 3.0876145362854004, 2.8703739643096924, 2.1304526329040527, 2.3803389072418213, -3.429267168045044, 4.778561115264893, 5.012985706329346, -5.102935791015625, -2.194774866104126, 2.4891021251678467, -2.4232921600341797, 2.554401397705078, -4.845383167266846, -1.872121810913086, 5.470350742340088, -3.4567413330078125, -0.5425207614898682, 1.769486665725708, -3.994048833847046, -2.663372278213501, -0.2440357804298401, 3.107471466064453, -0.9657180309295654, -3.6735591888427734, -3.0871262550354004, 0.0955483615398407, 2.372485637664795, -1.181890845298767, -0.06411528587341309, -1.0026195049285889, -2.026822805404663, 6.494538307189941, -0.01298077404499054, 6.095305442810059, -2.9384007453918457, 0.9171845316886902, 4.564392566680908, 4.520604133605957, 4.848617076873779, 4.091354846954346, -5.064619541168213, 6.63266134262085, 2.9532809257507324, -0.7582049369812012, 0.5033173561096191, 0.6903778314590454, 0.8063246011734009, -4.698548316955566, -4.688901901245117, 6.621953010559082, 1.3683784008026123, 0.32337844371795654, 1.1310911178588867, -2.9043402671813965, 3.2821221351623535, -1.0299618244171143, 0.7508300542831421, 2.883100986480713, -5.125252723693848, 3.8038926124572754, -1.5027129650115967]",1
3,9606.ENSP00000222547,"[3.673008441925049, -1.080414891242981, 2.201997756958008, 1.7230838537216187, 1.0210926532745361, 2.3424389362335205, -0.9593493938446045, 3.9163131713867188, -3.2572133541107178, -0.7219345569610596, 2.481339931488037, -2.8953895568847656, 0.42317476868629456, -0.7396196126937866, -2.032007932662964, -2.992631673812866, 1.09837007522583, 3.0339996814727783, 2.562854528427124, -1.419880747795105, -1.4535061120986938, -3.0411245822906494, 0.044576629996299744, 0.159591406583786, -2.30356764793396, -0.1444857120513916, 1.942840814590454, 1.7718530893325806, 1.0891318321228027, -1.2272766828536987, -2.453744888305664, -2.098029136657715, 1.8509700298309326, -1.1825590133666992, 1.5506876707077026, 0.7841846942901611, -2.587602376937866, -3.666461229324341, -2.2582802772521973, -2.622892379760742, -2.48237943649292, 1.4898967742919922, -2.478635787963867, -0.4501524269580841, -0.8221485018730164, 0.7101516127586365, 0.7879459857940674, 0.11035579442977905, -1.7427929639816284, -1.0324984788894653, 1.1659998893737793, 2.5521974563598633, 0.9479991793632507, -0.6351906657218933, 1.6552772521972656, -1.883985996246338, 2.8390743732452393, -0.15752115845680237, 2.2104296684265137, -2.4370861053466797, -3.793524980545044, 2.1227622032165527, 1.691767692565918, 1.2405589818954468, 1.026964783668518, 2.2430360317230225, 2.3520870208740234, -0.9398249387741089, 0.4559415876865387, 2.0963521003723145, 2.3626668453216553, 0.05834008753299713, -0.21768838167190552, -1.5861848592758179, -1.4113672971725464, 3.9091408252716064, 1.991518497467041, -3.2774007320404053, -1.1837565898895264, 2.564114570617676, -1.2062668800354004, 3.3049981594085693, -3.4362964630126953, 0.5227373838424683, 1.2707412242889404, 2.080563545227051, -0.7001571655273438, -2.286195755004883, -0.904350996017456, -0.694226861000061, 1.1640537977218628, 3.9365501403808594, 2.04719877243042, -0.9772816896438599, -3.117291212081909, 3.5741288661956787, -0.4971907138824463, 2.32905912399292, 1.4244277477264404, -1.8044425249099731, 1.4864728450775146, 2.0510294437408447, -3.110736846923828, 2.207792282104492, 1.4726814031600952, 2.2291901111602783, -2.456031560897827, -0.20113813877105713, 2.2963860034942627, -0.10222828388214111, -0.6012938618659973, 3.416924476623535, -1.8359655141830444, 0.8040401935577393, -4.033229351043701, 1.3330157995224, 0.45272743701934814, -0.2980087697505951, -2.51900053024292, -0.14415162801742554, 1.159250020980835, 2.769160270690918, 2.8519859313964844, -0.6826492547988892, -0.583109974861145, 0.3673717975616455, -3.4516632556915283, -1.4259403944015503, 2.5425093173980713, -3.0736982822418213, 2.2841873168945312, 2.3167669773101807, -0.10961806774139404, 2.6155548095703125, -1.5776482820510864, 2.84749174118042, -1.4967535734176636, -1.7300111055374146, 0.7832473516464233, 2.7759721279144287, 1.9414499998092651, 0.6734902858734131, 1.4204800128936768, -2.9002203941345215, 1.5478390455245972, 2.4547839164733887, -1.8240649700164795, -2.0223309993743896, 1.512392520904541, -0.9432828426361084, 2.527892827987671, -3.55973482131958, 0.30057573318481445, 2.894167423248291, -0.6713223457336426, -0.5007952451705933, 0.7748098373413086, -0.3892242908477783, -1.847473382949829, 0.6165508031845093, -0.11719265580177307, -0.7085177302360535, -1.3598220348358154, -2.3250064849853516, -0.25835120677948, 1.4151420593261719, -0.11752262711524963, 1.3912633657455444, -2.3208630084991455, -0.6275265216827393, 4.092824459075928, 0.8524956107139587, 3.950129508972168, -1.2052373886108398, 0.5060336589813232, 2.877359390258789, 1.8106918334960938, 3.639967203140259, 2.3866968154907227, -2.271944999694824, 3.2852942943573, 1.5646599531173706, 0.5946263074874878, 0.8794772028923035, -0.061213284730911255, 1.5823265314102173, -3.188288688659668, -3.3346080780029297, 3.1259820461273193, 1.2336660623550415, 0.8306203484535217, 1.2240145206451416, -1.4391369819641113, 2.9497828483581543, -0.8841037154197693, -1.6848838329315186, 1.2305855751037598, -3.305708408355713, 2.4835219383239746, -0.14730827510356903]",1
4,9606.ENSP00000356918,"[6.099010944366455, 0.5814636945724487, 3.8697755336761475, 2.314924955368042, 1.3367347717285156, 3.3838462829589844, 0.3302063047885895, 2.9782309532165527, -5.644581317901611, 0.3936005234718323, 4.326471328735352, -3.8523385524749756, 1.6889374256134033, -0.703091025352478, -4.099708080291748, -5.739447116851807, 0.36659330129623413, 3.8461873531341553, 4.806772708892822, 1.8794177770614624, -4.688717365264893, -9.400367736816406, 2.8624112606048584, 1.8981907367706299, -3.4525907039642334, -3.6564290523529053, 0.30318552255630493, 1.6804702281951904, 4.944812774658203, -1.2022556066513062, -4.527606010437012, -9.077856063842773, 1.5412670373916626, -0.659684956073761, -0.25447118282318115, 3.726001262664795, -0.2850595712661743, -6.306032657623291, -7.2929768562316895, -3.532365322113037, -5.52714204788208, 1.1650004386901855, -4.597180366516113, -0.9533336758613586, -2.138733148574829, 1.4962173700332642, 4.607226371765137, 0.6417982578277588, -3.66025447845459, -2.0816433429718018, 5.411211013793945, 3.686047077178955, 2.037781238555908, 0.2920852303504944, 5.99495792388916, -5.216125965118408, 5.753491401672363, -3.5298643112182617, 0.5981979370117188, -4.801543235778809, -6.784040451049805, 4.96610164642334, 2.990755319595337, -0.9905362129211426, 0.10745753347873688, 0.0575474351644516, 3.546689033508301, -1.7205462455749512, 1.7593296766281128, 5.045635223388672, 4.024087429046631, 4.684926509857178, -2.0711772441864014, -5.519568920135498, -4.180007457733154, 6.843183517456055, 1.851752758026123, -5.7297515869140625, -5.84301233291626, 5.515742301940918, -2.3574960231781006, 6.7860612869262695, -7.984441757202148, 3.2898294925689697, 5.067323207855225, 3.4271318912506104, -2.084066152572632, 2.129141330718994, 0.9275839328765869, -1.4549956321716309, -3.314397096633911, 7.694945335388184, 5.0738959312438965, -5.041666507720947, -3.526515245437622, 3.8934171199798584, -1.6995899677276611, 2.4965908527374268, 2.914926052093506, -3.8742964267730713, 4.680403709411621, 3.7745704650878906, -4.009609699249268, 4.99729585647583, 5.928226947784424, 4.133629322052002, -4.513716220855713, -2.7234010696411133, 3.7403006553649902, -2.047858238220215, 2.437819004058838, 4.101071834564209, -4.181169509887695, -0.522889256477356, -0.5172545313835144, 3.450711727142334, 0.9478088021278381, 0.22901847958564758, -3.33382511138916, 1.2112252712249756, 7.613259315490723, 3.3387467861175537, 5.263556957244873, 1.362971544265747, -3.8989756107330322, 1.9368577003479004, -4.130894184112549, -6.872223377227783, 6.059412002563477, -2.4673266410827637, 6.778112888336182, 5.314466953277588, 0.6878108978271484, 5.970940113067627, -2.2174360752105713, 4.317412853240967, -2.1251978874206543, -1.9368106126785278, -2.455113172531128, 4.145672798156738, 4.3191304206848145, 1.1216471195220947, 2.9740242958068848, -7.294410228729248, 4.913680076599121, 4.278476238250732, -2.1469573974609375, -1.550243616104126, 3.110548496246338, -4.766377925872803, 0.5664815306663513, -4.001100540161133, -1.0714994668960571, 4.589633464813232, -2.7283520698547363, -2.2965893745422363, -0.923995316028595, -2.639301300048828, -1.2323672771453857, -0.47224223613739014, 2.1601181030273438, -1.1708811521530151, -4.349365234375, -0.8616147041320801, 2.1084797382354736, 3.9596810340881348, -4.782394886016846, 1.0258047580718994, 0.12063081562519073, -2.6589362621307373, 8.357016563415527, 1.9925639629364014, 5.657920837402344, -1.7735702991485596, -0.08978548645973206, 4.5954694747924805, 2.4023988246917725, 6.383162498474121, 4.8182759284973145, -2.8182413578033447, 9.008179664611816, 5.9818501472473145, 1.8106142282485962, 0.7626849412918091, -4.022047996520996, 1.025816798210144, -5.03084135055542, -5.724625110626221, 5.165681838989258, 1.1670118570327759, -1.5691428184509277, -3.534144401550293, -4.289116859436035, 4.315352916717529, -2.031341791152954, 1.3202630281448364, 2.107830762863159, -5.870964050292969, 4.17952299118042, -0.9483540654182434]",1
5,9606.ENSP00000223369,"[7.09814453125, -2.0665581226348877, 5.090383529663086, 4.578279495239258, -0.5588200092315674, 4.919576168060303, -1.4504971504211426, 3.380401134490967, -2.739305257797241, 1.6467727422714233, 4.956170558929443, -3.696226119995117, 2.5900497436523438, -3.0912892818450928, -3.261504650115967, -1.5193229913711548, 1.7592912912368774, 4.466910362243652, 5.251339435577393, 2.2754030227661133, -2.153449296951294, -6.530077934265137, 0.3064471483230591, -0.21879452466964722, -2.472334146499634, -0.22374820709228516, 3.6774933338165283, 1.3374065160751343, 2.1702075004577637, -2.4266536235809326, -3.181354522705078, -5.3930792808532715, 2.431276321411133, -0.2028084099292755, 3.388343095779419, 1.7948325872421265, -2.1801815032958984, -6.426370143890381, -3.939058780670166, -3.6314258575439453, -2.7923007011413574, 2.132274627685547, -3.8344473838806152, -1.3031305074691772, -2.5384128093719482, -0.6504645347595215, 3.1668477058410645, 2.7826333045959473, -4.6020355224609375, -3.4383938312530518, 3.8049886226654053, 5.784269332885742, 1.4496511220932007, -1.5195286273956299, 2.385305166244507, -5.906877517700195, 5.3871684074401855, -2.2867963314056396, 2.922367811203003, -4.168074607849121, -6.291785717010498, 2.122771739959717, 3.991199016571045, -0.23182560503482819, 3.5879499912261963, 2.6683402061462402, 3.2256126403808594, -1.0584473609924316, 2.3622488975524902, 4.192193031311035, 3.410642623901367, 2.754861354827881, -1.435250163078308, -3.027529239654541, -1.992936372756958, 7.6334309577941895, 3.5921876430511475, -5.34212589263916, -2.9663121700286865, 4.218066215515137, -1.966176986694336, 6.04951286315918, -2.9438445568084717, 0.5791640281677246, 0.7433768510818481, 1.731477975845337, -2.0007500648498535, -2.4979963302612305, -4.163737773895264, -1.198723554611206, -1.984357237815857, 4.8428568840026855, 4.086792469024658, -2.6375608444213867, -4.777837753295898, 4.3037309646606445, -3.0474534034729004, 2.1600780487060547, 4.200275421142578, -1.685029149055481, 4.2126145362854, 3.109032392501831, -5.076267242431641, 3.3133668899536133, 3.4020750522613525, 3.077683448791504, -2.8268649578094482, -1.1760811805725098, 1.6434415578842163, -3.939769744873047, -0.006985500454902649, 6.41564416885376, -2.9380545616149902, -1.4992141723632812, -4.05393648147583, 3.359308958053589, 0.38705751299858093, -2.6426544189453125, -3.4723052978515625, 2.9885828495025635, 4.246694564819336, 4.1900153160095215, 5.94061803817749, -0.3766228258609772, -2.198209047317505, 2.6783885955810547, -4.246051788330078, -5.2062506675720215, 4.162478446960449, -3.227900505065918, 6.1277971267700195, 2.1191909313201904, -0.5714795589447021, 3.6870369911193848, -2.8116257190704346, 5.389730930328369, -4.239917755126953, -2.9633023738861084, -0.3866947293281555, 4.6670756340026855, 3.585726261138916, 1.4741981029510498, 3.0266289710998535, -4.961700439453125, 3.511476516723633, 3.9058475494384766, -1.1999064683914185, -1.5948081016540527, 3.8058319091796875, -3.046053886413574, 2.5879714488983154, -6.143418312072754, -0.806273341178894, 4.269397258758545, -2.2053592205047607, -3.209115743637085, -0.4402899444103241, -4.875871181488037, -3.205540657043457, -1.537327766418457, 1.134373664855957, -1.412527322769165, -1.811295747756958, -3.3547887802124023, -0.6905916929244995, 3.5430803298950195, -2.049292802810669, 2.9964280128479004, -2.431375026702881, -2.760317802429199, 6.870466232299805, -1.4718610048294067, 6.346989631652832, -3.1209349632263184, 2.404682159423828, 4.951375961303711, 2.8183035850524902, 4.835885047912598, 4.7462873458862305, -5.163363456726074, 5.782144069671631, 3.882160186767578, 0.8528208136558533, 0.7300488948822021, -1.6548874378204346, 3.1858887672424316, -5.701111793518066, -2.7813639640808105, 5.743895053863525, 1.3660188913345337, 1.245910882949829, -0.32461872696876526, -2.753124237060547, 3.150803327560425, 0.1919955015182495, -0.06939321756362915, 1.2277255058288574, -5.877209186553955, 4.0473432540893555, -3.6392786502838135]",1
6,9606.ENSP00000258301,"[7.696985244750977, 0.6357957124710083, 3.2922871112823486, 3.7123465538024902, 0.006897337734699249, 3.0839223861694336, -0.0746537446975708, 5.141673564910889, -3.8470194339752197, 0.5919487476348877, 5.736328601837158, -4.933169364929199, 1.9051777124404907, -2.019935369491577, -3.7027790546417236, -4.2885541915893555, 1.08298921585083, 1.4790376424789429, 5.408132076263428, 0.1315397322177887, -1.9650471210479736, -7.736461162567139, 1.9162578582763672, -0.09852451086044312, -3.213132381439209, -0.055766761302948, 0.4636338949203491, 2.7036986351013184, 4.0193681716918945, -3.1101956367492676, -2.1204793453216553, -6.94359827041626, 1.020108699798584, -0.6681550741195679, 1.0923694372177124, 3.4771742820739746, -4.009156227111816, -7.259651184082031, -4.181915283203125, -5.207062721252441, -4.714526176452637, 0.09935382008552551, -3.6088383197784424, -1.180902361869812, -1.3850799798965454, -1.6280051469802856, 4.4547247886657715, 1.2334929704666138, -4.89858341217041, -4.076144218444824, 5.172492027282715, 4.8152852058410645, 2.1905837059020996, -1.6138280630111694, 3.4964985847473145, -4.511955738067627, 5.063381671905518, -3.6857717037200928, 2.80892276763916, -5.934643745422363, -6.530366897583008, 4.40793514251709, 2.3126730918884277, -1.2750478982925415, 1.5036169290542603, 3.4101290702819824, 3.23013973236084, -1.543171763420105, 0.5628941059112549, 6.054096221923828, 3.545929431915283, 3.842118978500366, -1.5605344772338867, -3.3023228645324707, -3.089019298553467, 8.020732879638672, 3.2227323055267334, -7.3833842277526855, -5.454631328582764, 4.871817588806152, -2.0308194160461426, 7.0424370765686035, -6.363764762878418, 2.5400829315185547, 3.7557802200317383, 1.8717985153198242, -2.9759724140167236, -0.97531658411026, -3.8628451824188232, -2.0984621047973633, -2.124495506286621, 6.640366554260254, 7.204860210418701, -1.57486891746521, -3.5888733863830566, 7.566946506500244, -2.9120423793792725, 3.9973559379577637, 4.2237677574157715, -3.1948132514953613, 3.460857629776001, 5.594656467437744, -5.58822774887085, 4.50666618347168, 7.124536514282227, 4.01527214050293, -3.866018295288086, -4.352328300476074, 4.243505954742432, -3.46304988861084, -0.6882064342498779, 5.784035682678223, -4.224961280822754, -1.2146470546722412, -2.8633882999420166, 2.176692247390747, -0.4023866057395935, -0.0164622962474823, -2.7951855659484863, 3.28291392326355, 5.225618839263916, 3.2873148918151855, 7.563708305358887, -0.4445827007293701, -0.707057535648346, 4.788387775421143, -6.1115336418151855, -4.654383182525635, 5.872674465179443, -3.810947895050049, 4.334152698516846, 4.214605808258057, 0.4723244607448578, 5.8263115882873535, -2.230550527572632, 5.859606742858887, -1.8837215900421143, -2.2101240158081055, -2.628288507461548, 2.693626880645752, 3.6135592460632324, 2.9350717067718506, 4.5327935218811035, -4.043542861938477, 5.865959167480469, 5.540866851806641, -2.883884906768799, -0.5961458683013916, 3.4989142417907715, -3.259883165359497, 2.341705560684204, -6.124150276184082, -2.2715182304382324, 5.4544878005981445, -3.782799482345581, -1.0455472469329834, 0.4507560729980469, -4.323060989379883, -2.783886432647705, 0.9296711683273315, 2.2345499992370605, -3.256434917449951, -5.976177215576172, -3.67228102684021, 1.2426742315292358, 5.012566566467285, -4.681392669677734, 0.3634795546531677, -2.1144044399261475, -1.6449010372161865, 7.060353755950928, 0.17473997175693512, 6.024449348449707, -2.0018341541290283, 1.18332839012146, 4.8415117263793945, 4.572885513305664, 4.468708515167236, 6.081599235534668, -4.603636741638184, 7.841607570648193, 4.3349456787109375, 0.9679247140884399, -0.18383395671844482, -0.8436959981918335, 1.2612707614898682, -5.961844444274902, -5.323658466339111, 7.593971252441406, 0.3751162886619568, 0.9386641979217529, 1.1358407735824585, -4.82438325881958, 5.020188331604004, -0.5228484272956848, 1.1632890701293945, 1.883918046951294, -6.502092361450195, 4.143016338348389, -2.2751169204711914]",1
7,9606.ENSP00000466298,"[4.725701808929443, -1.0648682117462158, 2.2431910037994385, 2.3617894649505615, -0.010667562484741211, 0.8611234426498413, 1.1964267492294312, 2.1451163291931152, -2.0136146545410156, -0.08612728118896484, 2.354219913482666, -3.521108627319336, 0.6231330037117004, -0.896536111831665, -1.7888941764831543, -2.3527708053588867, 0.2144472599029541, 1.1874136924743652, 3.3743276596069336, 0.25755074620246887, -0.13793861865997314, -5.590196132659912, 1.4309555292129517, -1.1878528594970703, -1.2422231435775757, 1.7273385524749756, 0.5755329132080078, 1.9245951175689697, 2.1380410194396973, -1.2159419059753418, -1.240654468536377, -3.698702096939087, 0.3388548195362091, -0.3168446123600006, 1.4722877740859985, 2.467254161834717, -3.0867295265197754, -5.051249980926514, -2.3413381576538086, -2.984480142593384, -2.8877744674682617, 0.14591027796268463, -2.600177764892578, 0.6255638003349304, -0.6765813231468201, -2.060795545578003, 1.7578165531158447, 0.48474693298339844, -2.619454860687256, -2.6240394115448, 2.7190325260162354, 2.482062578201294, 3.0483438968658447, 0.7754673361778259, 1.7379803657531738, -2.6744799613952637, 2.2175700664520264, -1.794882893562317, 0.5659850835800171, -3.0420193672180176, -4.1897454261779785, 1.9162858724594116, 0.8614469766616821, -0.9061022996902466, 0.2747015953063965, 1.8266898393630981, 1.4063961505889893, -0.9068784713745117, 0.05878797173500061, 3.3342695236206055, 2.217348098754883, 2.0327513217926025, -1.4828011989593506, -3.667865037918091, -0.8254348635673523, 5.587241172790527, 1.0651535987854004, -4.236854553222656, -2.3744919300079346, 3.510938882827759, -1.1681840419769287, 5.1371612548828125, -3.578184127807617, 2.0384185314178467, 2.326084613800049, 0.06435102224349976, -1.7606987953186035, -0.7459942698478699, -1.659118413925171, -1.2958660125732422, -0.50938481092453, 4.371715068817139, 5.005887508392334, -0.7996143102645874, -1.9785302877426147, 5.616507053375244, -1.439694881439209, 1.0229418277740479, 2.666074752807617, -1.508752703666687, 2.577202320098877, 3.510523796081543, -2.962484359741211, 2.8026435375213623, 4.322472095489502, 2.1323673725128174, -2.019340991973877, -2.3863003253936768, 2.4238791465759277, 0.20842638611793518, 0.4634120464324951, 3.6707797050476074, -2.1125802993774414, 0.12349840998649597, -2.6120378971099854, 1.3362452983856201, -0.7804709672927856, -0.6259457468986511, -0.8975487947463989, 1.9998650550842285, 2.5566229820251465, 2.962195873260498, 4.456942558288574, -2.112877607345581, -0.39793306589126587, 3.2014079093933105, -5.11037540435791, -3.357269048690796, 1.91944420337677, -2.0877928733825684, 3.6007583141326904, 2.5289690494537354, 1.3218895196914673, 4.439874649047852, 0.09835577011108398, 3.4698352813720703, -0.5979882478713989, -0.5635877251625061, -1.5149779319763184, 1.6988794803619385, 1.7160589694976807, 1.4321683645248413, 2.089644432067871, -2.114854574203491, 3.8815829753875732, 3.315366744995117, -3.3371706008911133, -0.04854077100753784, 1.8327341079711914, -2.6264381408691406, 1.5007920265197754, -3.214992046356201, -1.660358190536499, 3.8499138355255127, -1.2425837516784668, 0.6092454195022583, 1.0418059825897217, -1.2505738735198975, -1.5301322937011719, 1.7648026943206787, 0.45711344480514526, -0.39395415782928467, -3.042182683944702, -1.419287919998169, 1.1023480892181396, 3.0084619522094727, -2.5117390155792236, -0.36831605434417725, 0.2207220494747162, -0.9599936604499817, 5.040492534637451, -0.5794103741645813, 3.420076370239258, -0.6372507810592651, 0.6814969182014465, 3.8250017166137695, 2.726590156555176, 3.870612382888794, 3.3362607955932617, -3.1795241832733154, 4.791210651397705, 2.0145184993743896, -0.5700515508651733, -0.42342498898506165, 0.07439105212688446, 0.48674270510673523, -3.4044694900512695, -2.6740386486053467, 5.24575138092041, -0.06274834275245667, 0.02369934320449829, 0.8906987309455872, -2.4094295501708984, 2.0763721466064453, 1.3069349527359009, 0.029318928718566895, 1.5120772123336792, -3.6962711811065674, 2.7185399532318115, -0.3521829843521118]",1
8,9606.ENSP00000463393,"[5.202394962310791, 0.49438995122909546, 2.555051803588867, 1.195173740386963, 0.8012911081314087, 1.9877275228500366, -0.5922466516494751, 3.0967276096343994, -2.0986945629119873, -0.2276136577129364, 4.263791561126709, -3.4416983127593994, 0.7845944166183472, -0.03949907422065735, -2.828521966934204, -3.397196054458618, 2.703481912612915, 2.154956340789795, 2.255033254623413, -1.2219959497451782, -1.946218729019165, -2.5670697689056396, 1.0849018096923828, 0.5947285890579224, -1.7026913166046143, -0.7267986536026001, 0.3599810302257538, 2.253523349761963, 1.1719874143600464, -1.2412554025650024, -2.6218485832214355, -2.875051498413086, 0.8171746134757996, -0.16685077548027039, 0.30908626317977905, 1.7827261686325073, 0.12779851257801056, -3.486053705215454, -2.1631112098693848, -3.2517590522766113, -3.382748603820801, 0.8503682613372803, -2.4968581199645996, -0.40349453687667847, -0.22812071442604065, 1.411105990409851, 1.180489420890808, 0.3104082942008972, -1.6983990669250488, -0.6158981323242188, 2.264720916748047, 3.649620532989502, 1.6793495416641235, 0.412886381149292, 0.22145363688468933, -2.4164693355560303, 3.381544828414917, -0.9373673796653748, 2.482236862182617, -2.131355047225952, -5.254428386688232, 2.347386598587036, 1.3669198751449585, 0.5628719925880432, 0.8934342265129089, 2.8904964923858643, 1.246781349182129, -1.6456341743469238, 1.8065682649612427, 1.7679035663604736, 1.912760615348816, -0.3741755485534668, -0.27226728200912476, -2.2069244384765625, -2.1155056953430176, 3.7671947479248047, 1.475003719329834, -3.1442391872406006, -2.7469327449798584, 2.2137317657470703, -1.4450554847717285, 3.17069149017334, -3.141125202178955, 0.5782065391540527, 2.6579794883728027, 2.1335854530334473, -1.153115153312683, -3.0338141918182373, -0.7489246129989624, -0.62804114818573, 0.07757070660591125, 4.306187629699707, 0.8662881851196289, -1.9769949913024902, -2.7156052589416504, 2.6996512413024902, 0.20152606070041656, 1.2343193292617798, 3.415750026702881, -2.4513301849365234, 2.6475861072540283, 2.3423333168029785, -3.0935192108154297, 2.3604748249053955, 1.0910775661468506, 3.5976908206939697, -1.8897364139556885, -1.6755034923553467, 3.0389699935913086, -2.0800681114196777, -0.42395877838134766, 3.5009207725524902, -2.998814344406128, -0.18152596056461334, -3.184638023376465, 2.748727321624756, 0.3474460244178772, -2.317964553833008, -2.673652172088623, 0.7071771621704102, 0.9736474752426147, 1.8512170314788818, 3.6303257942199707, -1.5563907623291016, 1.454978108406067, 2.370661973953247, -4.985815048217773, -2.346438407897949, 1.638695478439331, -2.5605063438415527, 3.8222997188568115, 1.8157007694244385, -0.3040701150894165, 1.556102991104126, -2.0009655952453613, 3.039825677871704, -0.4160361886024475, -0.998042106628418, 0.7029727697372437, 0.6152734756469727, 2.3368194103240967, 1.183781385421753, 1.774765968322754, -3.04917311668396, 2.7096850872039795, 1.0193411111831665, -2.2800159454345703, -2.19452166557312, 3.754801034927368, -0.44924744963645935, 1.4774727821350098, -2.968163251876831, -0.18629193305969238, 3.1105239391326904, -0.9585514068603516, -0.8168137073516846, 0.7394197583198547, -0.22560110688209534, -3.3221545219421387, 0.23266823589801788, -1.531328558921814, -0.32747453451156616, -1.2972246408462524, -1.6040927171707153, -1.0600606203079224, 1.4240407943725586, -0.3985748887062073, 0.6155561804771423, -1.8472082614898682, -1.7818750143051147, 5.667429447174072, -1.0904370546340942, 3.9648077487945557, -0.7892815470695496, 1.3583745956420898, 3.6487765312194824, 0.08854413032531738, 4.153497695922852, 1.5699526071548462, -1.7719345092773438, 2.975830316543579, 1.4631975889205933, 1.694664478302002, 1.3389194011688232, 0.14037184417247772, 2.802084445953369, -3.269057273864746, -4.059571743011475, 4.9216766357421875, 1.5367480516433716, 0.5540330410003662, 1.2682944536209106, -0.800052285194397, 2.9701218605041504, 0.3501470685005188, -0.6226108074188232, 0.24567750096321106, -2.6008546352386475, 3.489424705505371, -0.3902151882648468]",1
9,9606.ENSP00000356540,"[4.336030960083008, -0.26410001516342163, 1.4910553693771362, 1.1617181301116943, -0.6494634747505188, 0.5785845518112183, -0.24373355507850647, 1.8124756813049316, -1.950736165046692, -0.8672497272491455, 3.8051390647888184, -1.8556435108184814, 0.7362846732139587, -0.9988206624984741, -0.21419644355773926, -2.3044419288635254, -1.3393409252166748, 1.9104702472686768, 3.098867654800415, 0.6354790329933167, -0.30620232224464417, -3.874999523162842, -0.08775697648525238, -1.6064059734344482, -0.8186924457550049, 0.44378697872161865, 0.11194866895675659, 2.063279628753662, 2.4776058197021484, 0.10372339189052582, -0.4294143319129944, -2.4084291458129883, 0.41783106327056885, 0.3737981915473938, 1.3838447332382202, 0.3132900595664978, -2.3190760612487793, -2.664827823638916, -1.2790493965148926, -0.6196974515914917, -2.571667432785034, 0.24446836113929749, -0.6454796195030212, 0.16753405332565308, 0.138360857963562, -0.5898505449295044, 2.0498852729797363, -1.7570470571517944, -2.696162462234497, -2.644336700439453, 1.004859209060669, 1.6230766773223877, -0.04223167896270752, 1.0743743181228638, 1.6253185272216797, -2.6486754417419434, 2.3633201122283936, -0.8789856433868408, 0.30360573530197144, -1.833974003791809, -2.854217767715454, 0.2724629342556, 1.0042296648025513, 0.008599042892456055, -0.7142648100852966, 1.2307242155075073, 1.8291295766830444, -0.009577453136444092, 0.12202799320220947, 2.480020523071289, 1.1084014177322388, 1.5139368772506714, -1.0704766511917114, -1.2659788131713867, -0.6646221876144409, 3.6290431022644043, 0.9884402751922607, -2.4708874225616455, -2.1406478881835938, 2.5731558799743652, -0.43908676505088806, 3.894191265106201, -1.5993441343307495, -0.5937044620513916, 2.1053578853607178, -0.07693025469779968, -0.41672948002815247, -2.484821081161499, -1.117281436920166, -0.023944109678268433, 0.563727617263794, 3.7098636627197266, 2.328953266143799, -1.5432480573654175, -0.8311587572097778, 3.2852654457092285, -2.4248828887939453, 2.021597385406494, 1.3778469562530518, -1.4248301982879639, 1.1693336963653564, 1.186213493347168, -0.930971086025238, 2.9211373329162598, 3.284930944442749, 2.130216598510742, -2.530914068222046, -0.8285872340202332, 0.19967412948608398, -0.15327416360378265, -0.6863768100738525, 2.1480190753936768, -0.3407013416290283, -1.8134912252426147, -0.4057962894439697, 1.4430809020996094, 1.0454609394073486, 0.819451630115509, -1.2894287109375, 1.1126377582550049, 1.896453857421875, 2.6717567443847656, 3.554065465927124, -0.1345471739768982, -0.5093536376953125, 1.5704317092895508, -2.6665916442871094, -3.1847434043884277, 0.80498868227005, -1.4452611207962036, 2.6924118995666504, 3.1097829341888428, 0.7063184976577759, 2.466092586517334, -2.934910774230957, 1.4071345329284668, -2.8983263969421387, 0.30201026797294617, -1.5939126014709473, 2.695014238357544, 1.9821438789367676, 1.0498913526535034, 0.0671476274728775, -2.66292667388916, 1.9223692417144775, 2.635528087615967, -0.5119889378547668, -0.37548691034317017, 1.44081711769104, -0.7149245738983154, 0.8294214606285095, -2.198025941848755, -0.15249153971672058, 2.695406198501587, -0.15497606992721558, 1.839353084564209, 2.364889621734619, -0.9048029780387878, -1.8324295282363892, 0.8996133804321289, 0.32501813769340515, 0.7696707844734192, -2.6006908416748047, -0.061352670192718506, 2.0922536849975586, 0.934155285358429, -0.5400034189224243, -0.22546233236789703, -0.4703119099140167, 0.6802233457565308, 2.998913049697876, -1.3984423875808716, 1.597057819366455, 0.6057507991790771, -0.2182408571243286, 2.2246341705322266, 1.3646693229675293, 3.206007480621338, 1.4632551670074463, -1.2328169345855713, 3.9371719360351562, 2.2388787269592285, -0.617703914642334, 0.42838871479034424, -1.0097957849502563, -0.4011887311935425, -2.325052261352539, -3.359139919281006, 2.5559136867523193, 0.5837499499320984, 0.3431801199913025, 0.7859902381896973, -1.705316185951233, 2.509061098098755, 1.735682487487793, -1.54507315158844, 0.04633136838674545, -2.8018290996551514, 0.5716328620910645, -0.548054039478302]",1
10,9606.ENSP00000225724,"[5.03037166595459, -1.18478262424469, 2.1510608196258545, 2.1273815631866455, -0.1618196666240692, 1.7314362525939941, -1.0927356481552124, 4.903285503387451, -1.6639589071273804, -1.458547830581665, 2.773756265640259, -2.667431354522705, 0.25780075788497925, 0.11296232044696808, -2.457118511199951, -2.6084117889404297, 1.8664417266845703, 1.3614251613616943, 3.251497745513916, 0.20548570156097412, -0.19054582715034485, -4.040838241577148, 0.30646324157714844, -0.7101680040359497, -1.3701924085617065, 1.0736128091812134, 1.3689959049224854, 2.7874608039855957, 0.1621834933757782, -0.8204306960105896, -0.18529212474822998, -3.653333902359009, 1.207714319229126, -0.2690030634403229, 2.060641288757324, 0.5834857225418091, -2.4534060955047607, -3.9156627655029297, -2.110823154449463, -1.8204596042633057, -2.0089125633239746, 1.9657824039459229, -1.0756617784500122, 0.4080330431461334, -0.8716987371444702, 0.3228129744529724, 1.3106673955917358, -0.08204860985279083, -3.5045368671417236, -1.9100298881530762, 1.1377915143966675, 3.6073477268218994, 2.656294345855713, -0.08724361658096313, 2.5967390537261963, -1.371264100074768, 3.353850841522217, 0.5114133954048157, 1.8125689029693604, -2.8052802085876465, -4.729143142700195, 1.849926471710205, 0.9412873387336731, 1.846394419670105, 1.8674732446670532, 0.982381284236908, 0.704392671585083, 0.11286383867263794, 0.2783794403076172, 2.891092300415039, 2.337663173675537, 0.6098968982696533, 0.13480237126350403, -3.4505372047424316, -0.5927391052246094, 5.670633792877197, 2.619452953338623, -5.299869060516357, -2.9379868507385254, 2.159451961517334, -2.3807804584503174, 4.930509567260742, -2.2894539833068848, -0.03818890079855919, 1.2625513076782227, 1.68782639503479, -1.5936988592147827, -1.7625763416290283, -0.8948396444320679, 0.7805560827255249, 0.6530532836914062, 4.087742805480957, 3.555143356323242, 0.8362592458724976, -2.4076032638549805, 4.397643566131592, -0.8588570356369019, 2.350165367126465, 2.552072048187256, -1.462064266204834, 2.758073091506958, 2.986630916595459, -3.8111841678619385, 3.621826410293579, 3.0968949794769287, 2.7193756103515625, -3.1391239166259766, -0.06170135736465454, 2.9816908836364746, -1.4333531856536865, -1.922792911529541, 3.7920007705688477, -1.2624950408935547, -0.5610749125480652, -4.3381571769714355, 0.9894903898239136, 0.5577182769775391, -1.3983385562896729, -2.2667131423950195, 1.1854863166809082, 1.0855331420898438, 2.6494216918945312, 5.026372909545898, -1.0255329608917236, -0.7190583944320679, 1.038050889968872, -3.80143404006958, -0.5817527770996094, 3.5864202976226807, -3.037191152572632, 3.165931463241577, 1.047597050666809, 0.8006333112716675, 2.839755058288574, -0.10616576671600342, 1.5653777122497559, -0.21650570631027222, -0.30175483226776123, 0.09336437284946442, 0.4593019485473633, 2.5594258308410645, 0.38491562008857727, 1.737558126449585, -3.3460004329681396, 2.8096160888671875, 2.1231720447540283, -1.86419677734375, -1.0583561658859253, 2.2662057876586914, -0.6587568521499634, 1.8337875604629517, -4.0676960945129395, -1.1825534105300903, 3.0150046348571777, -1.4697935581207275, 0.2587170898914337, 2.452306032180786, -1.8911477327346802, -2.373506784439087, 0.5359369516372681, 0.6890972256660461, 0.22115838527679443, -2.828995943069458, -2.859714984893799, 0.44712477922439575, 2.4134397506713867, -1.6939852237701416, 0.7586129307746887, -1.5397826433181763, -0.36557537317276, 4.786857604980469, 0.3673565685749054, 3.3075993061065674, -1.3606102466583252, 0.6517740488052368, 3.3190865516662598, 2.2337470054626465, 3.645454168319702, 2.9969496726989746, -2.1138923168182373, 5.054550647735596, 2.5494728088378906, 0.932809054851532, -0.2649715542793274, 0.5089028477668762, 1.4117841720581055, -4.028015613555908, -4.228673458099365, 4.133492946624756, 0.3198428452014923, 1.4905246496200562, 3.0507559776306152, -3.100515127182007, 2.6982834339141846, 1.1520788669586182, -1.850590467453003, 2.453714609146118, -4.349996089935303, 1.7768737077713013, 0.3227366507053375]",1
11,9606.ENSP00000215730,"[3.1711010932922363, -1.6457951068878174, 1.938422441482544, 2.650442600250244, -0.8387510180473328, 2.712719440460205, 0.3391089141368866, 2.717700242996216, -3.8188300132751465, 0.5924320816993713, 3.619842529296875, -3.4922122955322266, 1.2062455415725708, -1.899348258972168, -0.7332625985145569, -0.7371799349784851, 0.5224311947822571, 3.4071044921875, 3.9498724937438965, 2.7093138694763184, -0.7232816219329834, -5.155664443969727, -1.1591880321502686, -1.623126745223999, -0.9477946758270264, -0.1513703167438507, 1.0038917064666748, 1.3787052631378174, 3.2257533073425293, 1.7233659029006958, -1.553288221359253, -3.166998863220215, 2.543306827545166, -1.6666992902755737, 3.8615567684173584, 0.6787676811218262, -0.005533188581466675, -2.799675703048706, -3.4077765941619873, -3.038668394088745, -6.147288799285889, 1.562387466430664, -1.1395143270492554, 1.2175205945968628, 1.330033779144287, -0.9705738425254822, 4.683318614959717, -0.4152633547782898, -4.96013879776001, -3.1845173835754395, 3.7843194007873535, 4.992776393890381, 1.6647272109985352, 1.961030125617981, 0.18238070607185364, -3.162153482437134, 4.002366065979004, -1.9682310819625854, 2.9992048740386963, -3.705634593963623, -6.0197577476501465, 1.2056212425231934, 4.21580171585083, -1.0819928646087646, -0.40397343039512634, 1.0224127769470215, 3.484910249710083, -3.875337600708008, 1.0595624446868896, 2.91282320022583, 0.39604347944259644, 1.4761799573898315, -2.12424898147583, -2.89123272895813, -2.1019582748413086, 4.514846324920654, 3.0244061946868896, -5.487642288208008, -1.1142501831054688, 1.5024585723876953, -0.8078449964523315, 7.037864685058594, -4.400198936462402, 0.9456990957260132, 1.9973597526550293, 0.9257634878158569, -1.7165467739105225, 0.8235456943511963, -0.4843701124191284, -0.4417019486427307, -1.028151273727417, 6.840273857116699, 3.9071621894836426, -2.0792489051818848, -1.305734634399414, 5.063620090484619, -1.9058785438537598, 0.462484210729599, 5.296712875366211, -0.5872949957847595, 3.3453316688537598, 4.441110134124756, -3.6462552547454834, 2.4622302055358887, 4.5637078285217285, 3.908492088317871, -1.8564993143081665, 2.227203130722046, 0.8531825542449951, -2.190830707550049, -1.1509921550750732, 3.008521556854248, -3.0599827766418457, -1.071533203125, -4.063746929168701, 2.428661346435547, 0.5934866070747375, -1.769465446472168, -2.527583122253418, 3.871523141860962, 3.2994749546051025, 5.667608737945557, 5.578253269195557, -2.6480793952941895, -0.37924498319625854, 3.3001906871795654, -5.5240583419799805, -4.241039276123047, 3.601297616958618, -3.081545829772949, 4.541524410247803, 1.024214506149292, 2.040336847305298, 3.1955158710479736, -1.8984816074371338, 4.090969562530518, -4.273819446563721, 0.9907861351966858, 1.3725157976150513, 5.020035743713379, 4.255478858947754, 1.711639165878296, 0.9259592294692993, -5.147542953491211, 4.730045795440674, 1.5354573726654053, -3.8159961700439453, -2.422557830810547, 5.481645107269287, -2.580625295639038, -0.023757174611091614, -4.82373571395874, 1.2056734561920166, 3.221043109893799, 0.4422282576560974, 0.7523354291915894, 2.2769615650177, -1.3769023418426514, -3.4795148372650146, 1.2596702575683594, 1.7757142782211304, 1.628849983215332, -2.389639377593994, -2.8574538230895996, 1.6512197256088257, 1.5561091899871826, 0.2884976863861084, 1.8474653959274292, -0.22901564836502075, 0.3835695683956146, 8.448846817016602, -3.2867183685302734, 2.319209575653076, -1.1152430772781372, 2.402895212173462, 2.7491908073425293, 0.055846139788627625, 5.639432907104492, 2.3258514404296875, -3.997063398361206, 6.517180919647217, 4.066190719604492, -0.0690067708492279, 0.02394382655620575, -0.04926547408103943, 1.1961746215820312, -5.486298561096191, -2.9311892986297607, 5.643054008483887, 0.9028085470199585, 5.364413261413574, 0.9098787307739258, -4.6341047286987305, 3.8390135765075684, 0.48122745752334595, -2.2114293575286865, -1.0967791080474854, -5.530082702636719, 3.566840410232544, -2.0865490436553955]",1
12,9606.ENSP00000379602,"[2.0848581790924072, 0.425808846950531, 0.8447549343109131, 2.1226179599761963, 0.03488007187843323, 0.19527468085289001, -0.6076043844223022, 1.5663553476333618, -2.447061061859131, 0.9646894335746765, 2.7767181396484375, -2.291966438293457, 0.8308243155479431, -1.8886616230010986, -2.809750556945801, -1.1408225297927856, -0.3901277780532837, 1.5601961612701416, 3.078714370727539, 0.6694802045822144, -1.970606803894043, -3.4467172622680664, 0.6498041749000549, 0.0048857033252716064, -1.5922170877456665, 0.2111368179321289, 1.2156347036361694, -1.1521128416061401, 2.4759886264801025, -1.321547508239746, -1.8019412755966187, -1.8732938766479492, 1.325797200202942, -1.9153850078582764, 0.7913588285446167, 1.9433135986328125, -1.5986124277114868, -3.3087897300720215, -2.3398470878601074, -1.7152856588363647, -2.371861696243286, 0.911087691783905, -2.8517024517059326, -0.7662452459335327, 0.7283482551574707, -1.437669277191162, 0.8924574255943298, 0.2514190077781677, -2.730578660964966, -3.1658618450164795, 2.8968892097473145, 3.1627607345581055, 1.2782882452011108, -1.8727867603302002, 2.2789716720581055, -2.1137213706970215, 1.622274398803711, -1.8396661281585693, 1.372118353843689, -2.2716078758239746, -2.833275556564331, 2.776031494140625, 2.732024908065796, -0.856083869934082, 0.24951115250587463, 1.5854589939117432, 0.7114277482032776, -1.1920936107635498, 0.4553205966949463, 3.37408447265625, 1.4924068450927734, 1.0244115591049194, -0.21994426846504211, -0.2879306972026825, -1.4268910884857178, 4.04066801071167, 2.6092002391815186, -1.5583280324935913, -1.552645206451416, 2.1255545616149902, -1.2071647644042969, 3.9340970516204834, -1.6403132677078247, 2.498692750930786, 1.5229603052139282, -1.688342809677124, -1.1741087436676025, 0.5952625870704651, -1.6799180507659912, -0.030802756547927856, 0.08522051572799683, 3.90423846244812, 2.628636121749878, -2.833268404006958, -1.5652580261230469, 2.214172601699829, -1.97664475440979, 0.29037150740623474, 1.4030916690826416, -1.3384504318237305, 0.8306044340133667, 0.518940269947052, -2.5171520709991455, 3.1235198974609375, 2.5670745372772217, 2.059227705001831, -2.480506658554077, -0.795685887336731, -0.6497088670730591, -1.7604540586471558, 0.3819156885147095, 3.0606753826141357, -2.1598236560821533, -1.5018460750579834, -1.550126314163208, 1.0686302185058594, -0.27071794867515564, -0.10223367810249329, -1.4769258499145508, 1.4161880016326904, 1.0203640460968018, 2.982081413269043, 2.9718289375305176, -0.42982959747314453, -0.8764236569404602, 2.264674663543701, -3.2675089836120605, -3.3139073848724365, 1.7755389213562012, -2.306670665740967, 0.22821617126464844, 1.7549513578414917, 0.7213507294654846, 2.310572862625122, -0.7859797477722168, 2.7290210723876953, -2.5715279579162598, 0.5974504351615906, -0.1368388533592224, 2.393465995788574, 0.5900176167488098, 2.0756747722625732, -0.31390130519866943, -2.535419225692749, 0.9409099221229553, 2.3380138874053955, -1.8847250938415527, 1.333103895187378, 2.3172848224639893, -1.5200690031051636, 1.1448965072631836, -1.92562997341156, -1.355391502380371, 4.088872909545898, -1.1963118314743042, -0.8002513647079468, 1.399113416671753, -1.8994060754776, -1.411821961402893, 0.6934187412261963, 0.6267989277839661, -0.703058660030365, -0.5497469902038574, -2.03224778175354, 0.6164605617523193, 0.5212121605873108, -1.2323743104934692, 1.4867886304855347, -0.3240048289299011, -0.5849738717079163, 4.113182544708252, 0.27108266949653625, 3.5357775688171387, -2.539090156555176, 2.1674773693084717, 2.406665802001953, 1.7014645338058472, 3.322829008102417, 2.0443904399871826, -2.490259885787964, 3.371141195297241, 2.824284076690674, 0.05567607283592224, 0.9684568643569946, -1.1864285469055176, 1.9795564413070679, -2.3442695140838623, -0.8759503364562988, 2.943268299102783, 0.61052006483078, 0.33519700169563293, 2.2821767330169678, -1.3185161352157593, 0.2995682954788208, -0.14616629481315613, 1.3576802015304565, 0.41201263666152954, -2.412961959838867, 1.4921973943710327, -3.109006643295288]",1
13,9606.ENSP00000376178,"[3.810722827911377, -2.422452449798584, 2.1927988529205322, 2.3904170989990234, 1.8143436908721924, 1.454598069190979, -2.2915091514587402, 2.2414820194244385, -3.3499350547790527, -3.172220468521118, 4.411899089813232, -2.854534387588501, 1.9585788249969482, -1.3835035562515259, -2.972454786300659, -2.151181697845459, -1.9716581106185913, 2.801133155822754, 2.535093069076538, 2.2541823387145996, -2.4689011573791504, -3.5450329780578613, -0.5324450135231018, -2.978181838989258, -2.5898990631103516, -1.716970682144165, 2.8673455715179443, 1.348116397857666, 4.358578205108643, -0.848173201084137, -1.7776880264282227, -3.695544481277466, 0.9733121395111084, 0.6952576637268066, 2.946774959564209, -1.1497939825057983, -5.672333240509033, -2.128197431564331, -3.0711333751678467, -0.9185197353363037, -3.854198694229126, 1.5363231897354126, -1.746893286705017, -0.050151124596595764, -0.18303582072257996, -2.909722328186035, 2.832573413848877, -1.5006049871444702, -4.514756202697754, -3.311392068862915, 2.905810594558716, 2.1737728118896484, 0.09251195192337036, 2.2703304290771484, 1.6908282041549683, -1.8757977485656738, 4.445244312286377, -2.8215198516845703, 0.07792767882347107, -4.362031936645508, -4.2211833000183105, 3.774629831314087, 2.058591604232788, 1.5339195728302002, -1.396432876586914, 0.20117315649986267, 2.4022858142852783, -2.621267557144165, -0.25122541189193726, 2.8841848373413086, 2.588107109069824, -0.02323812246322632, -0.8960039615631104, -3.446976661682129, -2.033931016921997, 5.55820894241333, -0.3334677815437317, -4.792926788330078, -3.216867208480835, 4.374420166015625, 0.3716222941875458, 5.319545745849609, -0.2754112184047699, 0.34149107336997986, 3.240417957305908, -0.7943282723426819, -2.8986105918884277, -2.378214120864868, -1.5674867630004883, -0.5070639848709106, -0.18338742852210999, 5.749929428100586, 4.148038387298584, -4.1221771240234375, -1.8125780820846558, 4.552750587463379, -4.150146007537842, 1.6190197467803955, 2.1002180576324463, -2.292429208755493, 0.22645115852355957, 0.3401055335998535, -1.3750946521759033, 4.468246936798096, 4.725300312042236, 3.94704270362854, -4.469460964202881, -4.3821120262146, -1.920003056526184, 0.5032750368118286, -0.09857094287872314, 0.6891857385635376, -1.5464093685150146, -2.033473253250122, -0.13576337695121765, 2.280153512954712, 1.2332789897918701, 0.1738096922636032, -1.044529676437378, 2.0900301933288574, 4.13060188293457, 3.3004186153411865, 3.236464023590088, 1.9893038272857666, 0.033061012625694275, 2.7900776863098145, -3.5395517349243164, -4.053791046142578, -1.1590267419815063, -0.3881969749927521, 3.158749580383301, 5.282499313354492, 0.09611561894416809, 4.847941875457764, -2.8006246089935303, 4.236029624938965, -2.4153859615325928, -1.982684850692749, -0.08220222592353821, 1.1873421669006348, 2.8060264587402344, 1.933977723121643, -0.85667484998703, -3.399394989013672, 3.271366596221924, 3.013857841491699, -3.1517279148101807, -2.853458881378174, 1.234492540359497, -1.7741835117340088, 1.568565011024475, -0.8782956600189209, -1.2694494724273682, 2.7609972953796387, -1.9952222108840942, 1.505391001701355, 2.2500338554382324, -1.0228638648986816, -1.8971014022827148, 1.1201649904251099, -1.1100181341171265, 0.7593865394592285, -3.425795316696167, -1.0244667530059814, 2.751349925994873, 0.8230644464492798, 1.7957048416137695, -1.6604268550872803, 0.6792660355567932, 2.080049991607666, 4.251211166381836, -3.211966037750244, 2.007513999938965, -0.12777532637119293, -0.2348567247390747, 2.853926181793213, 1.3631796836853027, 4.8109822273254395, 2.7647616863250732, -2.839050769805908, 7.682217121124268, 5.143424987792969, -1.9771820306777954, 0.683129072189331, -2.049898624420166, -0.8771182298660278, -2.3828415870666504, -5.2606611251831055, 4.523163795471191, 0.008359730243682861, 2.0038416385650635, -0.11513397097587585, -2.6458945274353027, 2.992508888244629, 1.997087001800537, -0.7317426204681396, -0.006802618503570557, -4.253868579864502, 1.9949498176574707, -1.9275901317596436]",1
14,9606.ENSP00000262640,"[9.324153900146484, -2.39406418800354, 8.119158744812012, 4.678177833557129, -1.1039915084838867, 3.6411943435668945, -6.681979179382324, 1.9057140350341797, -6.123422622680664, -1.0800275802612305, 9.420666694641113, -5.1500444412231445, 1.7739078998565674, -2.671025037765503, -5.627205848693848, -6.790650367736816, 4.269227504730225, 7.347141265869141, 6.468454360961914, 1.5602853298187256, -4.585239410400391, -9.639549255371094, 0.6539563536643982, -1.7974390983581543, -1.389173984527588, -2.6126139163970947, 2.385721445083618, 1.4563027620315552, 6.514408111572266, -2.4244728088378906, -3.0329248905181885, -8.790596961975098, 3.9245731830596924, -1.4870408773422241, 4.331480979919434, 4.863892555236816, -3.37729811668396, -5.939182758331299, -5.748177528381348, -5.349431037902832, -9.156953811645508, 3.3169004917144775, -5.813292980194092, 0.4690888524055481, -2.1558449268341064, 0.5785551071166992, 6.765039443969727, 0.6310625076293945, -10.903410911560059, -5.989637851715088, 4.794308185577393, 6.404621124267578, 0.9941682815551758, -0.6890469789505005, 2.5253710746765137, -3.2191476821899414, 6.403187274932861, -4.073294162750244, 3.849989175796509, -6.089681148529053, -8.41351318359375, 2.8534088134765625, 3.5151376724243164, 0.6565571427345276, 2.4018747806549072, 1.4689923524856567, 6.276003837585449, -2.182015895843506, 0.7866235971450806, 4.798101425170898, 4.110340595245361, 5.157569408416748, -2.7142748832702637, -6.54648494720459, -2.437211751937866, 7.875217437744141, 3.9271538257598877, -8.812753677368164, -6.197175979614258, 7.824711799621582, 0.6073774695396423, 8.463761329650879, -6.150407791137695, 2.968773603439331, 6.351950168609619, 3.889212131500244, -3.493237257003784, -3.6974613666534424, -3.8954355716705322, 0.5386032462120056, -4.201014995574951, 8.229187965393066, 7.350358963012695, -5.203794002532959, -5.37507963180542, 5.02984094619751, -5.68048095703125, 5.040801525115967, 9.875701904296875, -2.8866631984710693, 4.512094020843506, 6.694127559661865, -8.14827823638916, 8.562115669250488, 7.060733795166016, 8.382740020751953, -3.279428482055664, -2.8953704833984375, 0.20001637935638428, -3.9549498558044434, 1.4576358795166016, 6.437014579772949, -5.504491806030273, -2.708146333694458, -7.253195762634277, 0.40259262919425964, 1.8320744037628174, 0.29898232221603394, -7.716675281524658, 2.5988781452178955, 7.171449184417725, 5.294258117675781, 10.09674072265625, -0.1723107397556305, -2.5219290256500244, 5.413747787475586, -6.770957946777344, -6.2498955726623535, 5.424257278442383, -5.026094913482666, 5.72600793838501, 3.8997421264648438, 1.0345510244369507, 5.200283050537109, -3.6180953979492188, 7.1721320152282715, -4.106213569641113, -1.1596606969833374, -2.599715232849121, 1.7173540592193604, 6.437560558319092, 0.12305611371994019, 0.19885209202766418, -7.740826606750488, 8.856527328491211, 5.80653190612793, -5.099381446838379, -0.8268706202507019, 3.789963722229004, -3.1812524795532227, 3.74078369140625, -5.900908946990967, -1.454172134399414, 7.169079780578613, -4.454537391662598, -0.19807595014572144, 0.2789798974990845, -4.872718811035156, -4.65283727645874, 0.13939601182937622, 3.61892032623291, -1.1915740966796875, -3.322993516921997, -3.7388200759887695, 3.3951709270477295, 2.91029691696167, -4.082393646240234, 1.4323211908340454, -2.469503164291382, -2.1873984336853027, 12.572519302368164, 0.16238443553447723, 8.456952095031738, -2.843363046646118, 1.5958830118179321, 5.533621788024902, 3.9495437145233154, 9.125997543334961, 4.105303764343262, -6.343707084655762, 12.146393775939941, 5.597482681274414, -1.0184829235076904, 0.5855841040611267, -1.6662390232086182, 4.687389373779297, -3.956780433654785, -5.617830753326416, 9.234870910644531, 0.37548738718032837, 1.103169322013855, 1.8922392129898071, -7.894490718841553, 7.293948650360107, 0.7285491824150085, 1.969480037689209, 0.526299774646759, -9.244278907775879, 6.771658420562744, -7.285992622375488]",1
15,9606.ENSP00000259400,"[5.621018886566162, -1.275543212890625, 4.507785797119141, 2.432567596435547, -0.7456885576248169, 3.6904594898223877, 1.2337679862976074, 3.055725574493408, -4.493338108062744, 0.5869200229644775, 4.500212669372559, -4.992307186126709, 1.0765223503112793, 1.048387050628662, -2.8988029956817627, -2.7560834884643555, 4.117395401000977, 4.9189605712890625, 5.002073764801025, 0.8625280857086182, -3.287897825241089, -6.271274566650391, 1.0512055158615112, 0.19771957397460938, -1.2652298212051392, -0.34513625502586365, 2.0914487838745117, 2.049565553665161, 3.3489058017730713, -0.7111542820930481, -1.5042836666107178, -5.0047760009765625, -0.9070540070533752, -1.896989107131958, 4.5579400062561035, -2.6177024841308594, 0.750980794429779, -5.180211544036865, -2.026897430419922, -4.311339855194092, -4.534275054931641, 0.7275934219360352, -3.8143527507781982, -0.14798079431056976, 1.0904382467269897, -1.4627432823181152, 3.96234393119812, 1.568816065788269, -5.152069568634033, -2.4605677127838135, 5.092583656311035, 4.894088268280029, 1.0449546575546265, 1.1294283866882324, 1.627766728401184, -3.9308435916900635, 2.590770959854126, -2.6210358142852783, 3.852079153060913, -3.299569606781006, -6.8186445236206055, -0.13707751035690308, 3.075850009918213, 0.26500165462493896, 2.8168864250183105, 4.2677812576293945, 3.7800378799438477, -2.818830728530884, 2.1809072494506836, 5.04564905166626, 3.7215330600738525, 1.1990139484405518, 0.9502531290054321, -2.3108911514282227, -3.4170732498168945, 5.876583576202393, 1.2532919645309448, -4.397046089172363, -3.250791072845459, 3.2770214080810547, -0.4148034453392029, 7.285114765167236, -3.6157641410827637, 1.3545141220092773, 5.114658832550049, 1.9620943069458008, -3.9596104621887207, -2.0435094833374023, -2.4019622802734375, -0.5647096633911133, -1.1290770769119263, 6.45077657699585, 4.641775131225586, -3.5253801345825195, -3.658360481262207, 7.073690891265869, -2.4882824420928955, 2.521846294403076, 4.817934513092041, -2.9116735458374023, 2.386721134185791, 5.489083766937256, -3.2712583541870117, 3.040398597717285, 6.079590797424316, 5.438026428222656, -4.52704381942749, -1.1421513557434082, 1.7116187810897827, -2.8313443660736084, -0.2612972557544708, 5.2512078285217285, -5.006730556488037, -2.434967517852783, -5.671112060546875, 3.1558332443237305, 1.4115350246429443, -1.0710684061050415, -1.7041139602661133, 3.4723522663116455, 2.4122798442840576, 4.552309036254883, 3.3516550064086914, -2.0933141708374023, 1.625341773033142, 3.0373175144195557, -7.459350109100342, -5.125901699066162, 1.119062900543213, -4.56598424911499, 4.207873821258545, 3.4386584758758545, -0.13567493855953217, 4.886981964111328, -5.1726837158203125, 3.8873634338378906, -3.935337781906128, -1.9290720224380493, 1.7586767673492432, 1.9525123834609985, 1.9171708822250366, 2.5073697566986084, 1.7202824354171753, -5.4487152099609375, 4.6018781661987305, 3.5992212295532227, -4.711615085601807, -2.0967721939086914, 4.652677059173584, -2.4033877849578857, 1.0920292139053345, -5.169030666351318, 3.396718740463257, 4.5666961669921875, -1.8779023885726929, 0.4391760230064392, 2.0098178386688232, 0.5573340654373169, -3.4437777996063232, 2.159965753555298, 0.36515140533447266, -0.3105975091457367, -1.701871633529663, -3.352120876312256, 1.2587478160858154, 2.7350640296936035, -0.390638530254364, 1.8464362621307373, -1.1664482355117798, -1.8784099817276, 7.8652777671813965, -1.959684133529663, 2.6496329307556152, -0.17811009287834167, 2.8668267726898193, 5.298551082611084, 1.9490638971328735, 5.014726638793945, 2.634575128555298, -3.7352888584136963, 7.978921890258789, 5.311479568481445, -0.6776348948478699, 1.9082269668579102, -1.130155324935913, 1.224295735359192, -5.9435529708862305, -2.555488348007202, 8.477860450744629, 2.4929757118225098, 2.461028575897217, 1.6609899997711182, -3.9301469326019287, 3.034907102584839, 0.39378201961517334, -1.7135343551635742, -0.7059301137924194, -5.170390605926514, 4.343278408050537, -0.4188690781593323]",1
16,9606.ENSP00000254976,"[10.323397636413574, -2.850249767303467, 8.221312522888184, 7.252462387084961, 0.3217904567718506, 6.602707862854004, -8.350893020629883, 5.949483394622803, -6.658353328704834, 3.999929189682007, 8.140170097351074, -4.38004732131958, 4.506853103637695, -9.273662567138672, -7.097194671630859, -0.3741455674171448, -6.175227165222168, 5.789867401123047, 8.627453804016113, 4.771275520324707, -1.1540426015853882, -15.93460750579834, 0.005190432071685791, -1.1397510766983032, -3.956623077392578, -0.6655715703964233, 2.6258022785186768, 3.3528335094451904, 7.960892677307129, -1.2954316139221191, -3.672555446624756, -5.95555305480957, 5.453639030456543, -2.4621617794036865, 5.822134494781494, 4.619054317474365, -8.446483612060547, -5.9493184089660645, -8.223342895507812, -5.755326271057129, -7.69982385635376, 2.708129644393921, -5.7158026695251465, -1.5870990753173828, -2.701158285140991, -2.1981544494628906, 8.192837715148926, -3.42734956741333, -8.637459754943848, -11.029303550720215, 10.08967399597168, 8.650272369384766, 1.9221234321594238, -0.6637805700302124, 3.7058262825012207, -7.2596354484558105, 7.0209455490112305, -6.346648693084717, -0.529498279094696, -5.460909366607666, -13.466153144836426, 5.348207950592041, 9.5107421875, -1.1391980648040771, -0.3848978877067566, 2.5002880096435547, 11.470866203308105, -7.297108173370361, 1.2399096488952637, 7.802449703216553, 6.784632682800293, 7.502712726593018, -2.822857618331909, -6.797998905181885, -8.698692321777344, 14.115317344665527, 4.101357936859131, -7.632488250732422, -5.660562515258789, 5.581919193267822, -4.550504207611084, 13.277481079101562, -5.155145645141602, 1.7535349130630493, 6.6068267822265625, -1.7008912563323975, -4.897222995758057, -3.403299570083618, -7.9756951332092285, -5.63566780090332, -5.043894290924072, 9.70456600189209, 10.611268997192383, -10.52674388885498, -2.947312116622925, 10.63618278503418, -7.404468536376953, 0.6687532067298889, 10.650513648986816, -4.374669551849365, 3.284024715423584, 6.226086616516113, -8.38088321685791, 9.760766983032227, 8.365276336669922, 4.635914325714111, -10.009974479675293, -4.851803302764893, -1.4915151596069336, -3.1737630367279053, 4.174900054931641, 5.490715026855469, -7.6727752685546875, -6.3300251960754395, 1.224767804145813, 2.882117986679077, 0.20219123363494873, -1.019675612449646, -10.479491233825684, 10.179488182067871, 8.67981243133545, 11.13244342803955, 11.556625366210938, 3.904426097869873, -1.3974286317825317, 8.41546630859375, -9.971210479736328, -9.434700965881348, 3.9310708045959473, -4.815832138061523, 6.674901008605957, 2.807091236114502, -0.7065882086753845, 11.327677726745605, -5.557187080383301, 6.132636070251465, -9.654759407043457, -3.6535565853118896, -1.574285626411438, 8.541956901550293, 8.328246116638184, 4.4063215255737305, -3.958695888519287, -12.656600952148438, 8.79405689239502, 7.849232196807861, -9.2858247756958, -3.048356771469116, 7.48850679397583, -5.5445685386657715, 6.083709716796875, -9.546528816223145, -8.883893013000488, 6.570550918579102, -7.647806167602539, 0.24625545740127563, 0.9909169673919678, -5.419348239898682, -7.353663444519043, 0.5104438662528992, 4.2615180015563965, -1.349473237991333, -3.743152141571045, -4.455571174621582, 3.534780263900757, 4.041819095611572, 3.4217958450317383, 2.187073230743408, -6.000000476837158, -1.5118778944015503, 11.319031715393066, -2.844168186187744, 4.69556999206543, -5.680774211883545, -1.4036333560943604, 7.995024681091309, 7.932939529418945, 10.783387184143066, 8.52846908569336, -5.8738274574279785, 10.729667663574219, 8.583582878112793, 1.2546576261520386, 3.5429868698120117, -6.693717002868652, 1.2901111841201782, -4.271233558654785, -11.901896476745605, 10.71900749206543, 0.7252306938171387, 7.022736072540283, -2.8596677780151367, -11.004578590393066, 6.542179107666016, -0.7530862092971802, -0.3100360929965973, 1.471697211265564, -9.236700057983398, 8.043320655822754, -7.676760196685791]",1
17,9606.ENSP00000215095,"[9.045553207397461, -3.1268415451049805, 3.5006351470947266, 3.9210405349731445, -2.7774698734283447, 2.970761775970459, -3.9668149948120117, 7.141531944274902, -4.1025543212890625, 1.1866965293884277, 9.792229652404785, -4.451992034912109, 0.5458551645278931, -2.07969331741333, -2.953922748565674, -3.954195261001587, -2.709465503692627, 5.657114028930664, 5.937979221343994, 4.756777763366699, 0.7369515895843506, -8.777243614196777, -0.4296470880508423, -3.1166610717773438, -3.7089197635650635, -0.24383306503295898, -3.0917091369628906, 3.328037977218628, 4.328706741333008, -0.8800808191299438, -0.10778074711561203, -2.9567251205444336, 1.0224937200546265, -0.5494219660758972, 8.428175926208496, -0.032915472984313965, -3.138516902923584, -3.87910532951355, -7.742197036743164, -2.0359904766082764, -7.10939884185791, -1.8551323413848877, -1.0504869222640991, 0.8538814783096313, -2.4425911903381348, -2.300703525543213, 7.11232852935791, -3.4524645805358887, -7.769911766052246, -4.210618019104004, 5.591179847717285, 5.785244464874268, 1.2259299755096436, 4.061873435974121, 2.7804079055786133, -5.871241569519043, 6.809881210327148, -3.7586658000946045, -0.6054323315620422, -7.200042724609375, -9.34869384765625, 1.0568349361419678, 2.5415780544281006, 1.0179040431976318, -2.482545852661133, 1.5104774236679077, 5.56156587600708, -6.569795608520508, -1.1556549072265625, 4.904982089996338, 3.067115306854248, 5.326691627502441, -2.158308982849121, -4.588475227355957, -5.988687515258789, 9.468236923217773, 4.0269646644592285, -4.720070838928223, -5.3756513595581055, 2.903733968734741, 0.15797121822834015, 9.785804748535156, -0.3631105124950409, 0.25588372349739075, 5.819809436798096, -1.2433832883834839, -2.681861400604248, -2.9404845237731934, -4.898877143859863, -0.39905959367752075, -6.7551116943359375, 6.06619119644165, 7.795702934265137, -1.951311707496643, -2.8550474643707275, 8.952581405639648, -6.254859447479248, 3.833909749984741, 5.672323226928711, -3.157634973526001, 3.890275239944458, 6.175417423248291, -5.598470687866211, 8.332843780517578, 6.3460798263549805, 5.331741809844971, -5.113558292388916, -1.3634843826293945, 2.7957489490509033, 0.1253664791584015, 1.6161080598831177, 0.6535528898239136, -2.765610694885254, -5.340115070343018, -2.551410675048828, -0.09403318166732788, 2.20802903175354, -0.8175249099731445, -1.0913258790969849, 5.066528797149658, 7.839934349060059, 1.2879220247268677, 7.703688144683838, -0.9886835217475891, 1.080883264541626, 5.17661190032959, -5.393618106842041, -6.001737594604492, 4.955644607543945, -3.2003350257873535, 6.4636149406433105, 3.911740303039551, 1.4202101230621338, 4.777360439300537, -5.1166253089904785, 5.226909637451172, -5.549585342407227, -1.8899739980697632, -1.7299113273620605, 4.470920085906982, 5.389044761657715, 2.1018433570861816, -4.322427272796631, -9.740297317504883, 6.290279388427734, 4.437677383422852, -6.288055896759033, -2.5321457386016846, 5.741813659667969, -0.5081285238265991, 1.1937485933303833, -3.5782737731933594, -4.420724868774414, 3.949028253555298, -2.8641433715820312, 2.485208511352539, 3.592050552368164, -3.9286985397338867, -4.464951515197754, 2.0834717750549316, 0.9559445381164551, 2.954393148422241, -4.804745674133301, -2.2622053623199463, 5.970062732696533, 1.0538803339004517, 5.757233619689941, -1.878043532371521, -0.642520546913147, -1.1764885187149048, 7.819947719573975, -3.1646175384521484, 0.366965115070343, 0.4922780394554138, -1.1282877922058105, 2.80548095703125, 1.4837361574172974, 7.950146198272705, 1.0473215579986572, -2.911320686340332, 8.046875, 9.11523723602295, -0.4782254695892334, -2.8549933433532715, -5.173670291900635, -1.6864453554153442, -3.5774381160736084, -8.729008674621582, 9.543279647827148, 1.6253478527069092, 4.607021331787109, -2.4977006912231445, -4.280150413513184, 5.390462398529053, 2.4851365089416504, -3.3977556228637695, -2.54209566116333, -7.480813026428223, 5.196346759796143, -2.487318277359009]",1
18,9606.ENSP00000418572,"[9.49735164642334, 0.7844138145446777, 6.541622638702393, 5.4238080978393555, -1.126728892326355, 5.713954925537109, -3.877748489379883, 4.329792499542236, -6.061139106750488, 0.5809969902038574, 8.145264625549316, -4.955066680908203, 4.268853664398193, -5.112513065338135, -6.4376301765441895, -6.343836307525635, -0.407816618680954, 5.632987976074219, 6.028994560241699, -0.2741616368293762, -5.415990352630615, -10.520109176635742, 0.8016930818557739, -1.7057729959487915, -0.643156886100769, -2.3381199836730957, -0.525040864944458, 1.891725778579712, 9.441056251525879, -2.728255033493042, -4.943192481994629, -7.297882556915283, 3.94830322265625, -2.4873526096343994, 1.9113423824310303, 5.498386383056641, -6.37953519821167, -6.833454608917236, -6.828139305114746, -4.5287184715271, -5.264535427093506, -0.3699985146522522, -8.158276557922363, -0.6465164422988892, -2.283460855484009, -1.3434007167816162, 7.303412914276123, 0.21430763602256775, -10.400158882141113, -9.436967849731445, 8.816094398498535, 7.998630046844482, 3.561880588531494, 1.5110573768615723, 4.859581470489502, -7.788806915283203, 8.606257438659668, -3.6244983673095703, 1.2719610929489136, -5.602565765380859, -11.356613159179688, 5.987537860870361, 9.654948234558105, 2.685424566268921, -0.27280735969543457, 1.3705593347549438, 7.556530952453613, -2.0943570137023926, -1.4698834419250488, 8.136075973510742, 5.002524375915527, 3.6440978050231934, -2.7861812114715576, -10.290483474731445, -3.659200429916382, 13.038468360900879, 5.301168918609619, -6.701898097991943, -5.324598789215088, 8.126791954040527, -2.3436989784240723, 9.450872421264648, -6.6925554275512695, 1.3123875856399536, 10.055230140686035, 1.7602654695510864, -4.108558654785156, -6.0032639503479, -5.401537895202637, 1.1686700582504272, -2.0438239574432373, 10.070629119873047, 10.120722770690918, -7.234630107879639, -7.388683795928955, 10.056909561157227, -7.492674350738525, 5.800501823425293, 9.327914237976074, -2.4589128494262695, 4.37830114364624, 6.610276222229004, -7.3320441246032715, 9.486735343933105, 6.232745170593262, 5.667908191680908, -4.769376754760742, -4.221493721008301, -0.4638054072856903, -0.3045898675918579, 1.7777600288391113, 7.5727715492248535, -5.0980095863342285, -1.2666081190109253, -3.297934055328369, 2.1583895683288574, 0.6787124276161194, -0.8800930976867676, -5.553401947021484, 5.868641376495361, 9.63520336151123, 9.00093936920166, 10.242820739746094, 0.6562912464141846, -1.879899501800537, 5.680211067199707, -10.58018684387207, -7.7373247146606445, 5.434302806854248, -5.074015140533447, 6.103357791900635, 5.326578617095947, 4.126362323760986, 6.235793113708496, -4.853095054626465, 3.7747695446014404, -5.471036434173584, -0.2105545997619629, -3.883336067199707, 5.748394012451172, 7.902948379516602, 2.9387948513031006, -0.30980396270751953, -7.648585796356201, 10.793861389160156, 8.015945434570312, -3.510406017303467, 1.2510554790496826, 7.275667667388916, -4.434171199798584, 5.036164283752441, -8.495067596435547, -3.278648853302002, 10.058162689208984, -5.884338855743408, 2.8404173851013184, 0.85017991065979, -3.395855665206909, -4.5905938148498535, 2.594104051589966, 2.6963465213775635, -2.499281644821167, -4.837152004241943, -2.3479485511779785, 5.045245170593262, 3.512155771255493, -3.7878305912017822, -0.0682547390460968, -1.2765089273452759, -1.8191022872924805, 11.801745414733887, -1.4072808027267456, 7.949915409088135, -4.026162624359131, 3.229755163192749, 7.876758575439453, 6.653943061828613, 8.871816635131836, 5.866692543029785, -6.506689548492432, 12.760732650756836, 6.081876277923584, -1.553713321685791, 0.9386990666389465, -3.9378292560577393, 3.584275960922241, -0.9030847549438477, -8.417609214782715, 7.89892578125, 1.5791836977005005, 1.750241994857788, 2.2164671421051025, -12.078911781311035, 6.539364337921143, 2.340813159942627, 2.9522178173065186, 1.9054145812988281, -10.208202362060547, 9.50383186340332, -8.663866996765137]",1
19,9606.ENSP00000317714,"[10.292718887329102, -5.528885364532471, 5.426628112792969, 4.136565685272217, 0.31568706035614014, 4.711189270019531, -5.7475504875183105, 5.970118522644043, -4.047037601470947, -2.746748924255371, 7.17032527923584, -4.267787456512451, 5.033904552459717, -4.508279800415039, -5.006780624389648, -0.8278940916061401, -4.564247131347656, 5.610099792480469, 5.316365718841553, 8.935193061828613, -1.8830442428588867, -13.304511070251465, 1.6023974418640137, -3.0025076866149902, 0.38047194480895996, -3.957937479019165, 0.1212068498134613, 1.577430248260498, 5.149413108825684, -1.4059863090515137, -3.387424945831299, -5.447964191436768, 2.738213062286377, -1.7804927825927734, 10.869322776794434, 3.2862603664398193, -8.694899559020996, -1.7136614322662354, -7.4293012619018555, -4.859353542327881, -9.544576644897461, 1.4532057046890259, -5.232962608337402, -3.281492233276367, -5.348878860473633, 1.3353116512298584, 7.25599479675293, -1.2488603591918945, -9.93391227722168, -5.144726753234863, 3.6647133827209473, 10.235478401184082, 1.5849300622940063, 2.6241371631622314, 3.327460765838623, -6.227945327758789, 8.52143669128418, -4.670229911804199, 2.5572171211242676, -12.204585075378418, -13.11275577545166, 2.18668532371521, 1.8692338466644287, -0.3794071674346924, -0.7377013564109802, -2.220564603805542, 2.6803793907165527, -2.323453187942505, 2.998337507247925, 7.2110595703125, 1.615080714225769, 9.000112533569336, -2.2862205505371094, -11.654184341430664, 0.6023021936416626, 15.187691688537598, 1.6271594762802124, -5.667682647705078, -9.076048851013184, 6.115845203399658, -1.5993916988372803, 10.153613090515137, -6.481914043426514, 0.5389689207077026, 8.209651947021484, -0.9971492886543274, -4.431055545806885, -2.3862552642822266, -1.8637663125991821, -1.591133713722229, -7.218203067779541, 9.592632293701172, 7.754637718200684, -4.6216349601745605, -1.8657073974609375, 6.559971809387207, -5.356688976287842, -4.176314830780029, 12.711908340454102, -1.1795121431350708, 11.779648780822754, 6.6083760261535645, -7.459090232849121, 12.247685432434082, 7.911829948425293, 3.3795409202575684, -6.471260070800781, -1.52610445022583, 2.9966607093811035, -1.553408145904541, 0.2753742039203644, 1.7927813529968262, -2.776116371154785, -6.224045753479004, -7.382192611694336, -3.640218734741211, 1.0734151601791382, -5.302563190460205, -7.026091575622559, 5.500543594360352, 8.708487510681152, 5.598090648651123, 10.37470531463623, 0.8586019277572632, -2.0874176025390625, 5.149226665496826, -8.884846687316895, -4.205989360809326, 8.038334846496582, 0.5276663303375244, 11.332682609558105, 4.773749351501465, 1.0994404554367065, 5.468666076660156, -1.5923227071762085, 4.118453502655029, -4.128916263580322, -3.0058224201202393, -2.9759843349456787, 5.050665378570557, 8.6121826171875, 2.535612106323242, 0.5952782034873962, -11.806300163269043, 10.85603141784668, 5.438276767730713, -10.139151573181152, -5.987637519836426, 6.876448631286621, -4.036303520202637, 2.998589038848877, -3.9813647270202637, -5.573040962219238, 1.5220571756362915, -4.972867488861084, 2.180880069732666, 0.8481810092926025, -1.5776948928833008, -4.247539043426514, -1.697786808013916, 2.6281790733337402, 1.6124475002288818, -1.9080923795700073, -6.211580753326416, 5.100074768066406, 2.926970958709717, 4.148250102996826, -1.04840087890625, -2.015793800354004, -0.42581290006637573, 12.146687507629395, -3.9208462238311768, 1.6443744897842407, -2.5535545349121094, 1.6473406553268433, 3.7035412788391113, 0.8042131066322327, 10.98780345916748, 1.9798941612243652, -3.1729187965393066, 13.153766632080078, 7.4356770515441895, 0.3208742141723633, 0.29645344614982605, -3.879450798034668, 2.1544976234436035, -4.303727149963379, -9.987517356872559, 12.400612831115723, -0.17440661787986755, 10.258600234985352, -3.4769511222839355, -10.219521522521973, 5.068108081817627, 0.42177125811576843, -0.13440288603305817, -0.20910687744617462, -11.498550415039062, 7.946176052093506, -2.1223342418670654]",1
20,9606.ENSP00000231668,"[4.635773181915283, -2.349195718765259, 3.8381762504577637, 2.046679735183716, 0.2288321852684021, 1.1056013107299805, -1.203328251838684, 2.690009355545044, -2.65144944190979, 0.014643281698226929, 4.242557048797607, -1.9919660091400146, 0.47845518589019775, -1.3475587368011475, -2.3086352348327637, -3.5818238258361816, 1.79277503490448, 0.9106897115707397, 2.719975471496582, -0.20095795392990112, -0.8003202676773071, -0.9074562191963196, -0.16461125016212463, 1.1826279163360596, 0.47860977053642273, -2.499699592590332, 2.2245914936065674, 3.566328287124634, 2.1377806663513184, -3.144148826599121, -1.4573988914489746, -2.2570712566375732, -0.1469336748123169, -0.2420881986618042, 0.6238530874252319, 0.38599681854248047, 0.4267367422580719, -3.4653160572052, -2.201592445373535, -2.4256558418273926, -2.7579832077026367, 0.08944110572338104, -1.0573914051055908, -1.883858323097229, 2.5734710693359375, -0.2401638627052307, 1.6575267314910889, 0.8680035471916199, -5.041509628295898, -0.4691401422023773, 0.7929728031158447, 2.1567349433898926, 2.2286436557769775, 1.1606017351150513, 1.3840975761413574, -2.1669106483459473, 4.321053504943848, -1.2029162645339966, 1.4076288938522339, -3.349102735519409, -2.9543075561523438, -0.8984703421592712, 0.8433132171630859, -0.38881903886795044, 0.8413962721824646, 1.7730231285095215, 1.1749931573867798, -2.4906256198883057, 0.8511778712272644, 0.8769773244857788, 2.9681572914123535, 0.8252221345901489, 0.8058054447174072, -1.1279199123382568, -0.9399751424789429, 4.179595470428467, 0.7398712635040283, -1.6409614086151123, -2.6591506004333496, 0.6884615421295166, -0.7710516452789307, 6.0630621910095215, -4.031005382537842, 0.8680223226547241, 2.2849626541137695, -0.4216945469379425, 0.012899741530418396, -1.6591116189956665, -1.5785105228424072, 1.4131826162338257, -0.05368587374687195, 3.08323073387146, 4.536731243133545, -0.9642269611358643, -2.6623423099517822, 4.788015365600586, -0.8823203444480896, -0.763164758682251, 3.7038307189941406, -1.6449562311172485, -0.5992938876152039, 3.088190793991089, -5.1156697273254395, 1.9382538795471191, 1.1392461061477661, 0.23307442665100098, -2.0075225830078125, 0.5888341665267944, 1.675249457359314, -3.4445931911468506, -1.5347752571105957, 2.4751603603363037, -2.3370652198791504, -3.36079478263855, -4.8114166259765625, 1.883270502090454, 0.8130730390548706, -0.5846198797225952, -2.578540802001953, 2.639312267303467, 2.9344100952148438, 2.507464647293091, 1.0898021459579468, -1.1871165037155151, 1.3886802196502686, 0.3645850419998169, -0.8796030282974243, -1.7612760066986084, 2.8091375827789307, -2.268282890319824, 1.580939531326294, 2.220025062561035, 0.11942681670188904, -1.5644861459732056, -3.418731212615967, 1.120086908340454, -1.883540153503418, 0.2816377878189087, -0.2952640652656555, -0.0057569146156311035, 4.174882888793945, 0.7405883073806763, 0.8870934844017029, -1.6342430114746094, 1.6334588527679443, 0.8700544834136963, -3.841181755065918, -2.4189817905426025, -0.41317451000213623, -1.5534359216690063, 0.30618757009506226, -0.9457648992538452, 1.5848486423492432, 2.790311813354492, 1.052571177482605, -0.502839982509613, 1.829054832458496, -0.9677607417106628, -2.2156217098236084, 0.5406331419944763, -0.25142785906791687, 0.42544496059417725, 1.0308787822723389, -5.405489444732666, 0.5907752513885498, -0.10775786638259888, 0.13853533565998077, 1.133212685585022, 0.6480024456977844, -1.2808825969696045, 2.9274046421051025, -1.7472281455993652, 1.0793122053146362, 0.22594892978668213, 1.0585373640060425, 1.732422947883606, 2.342745542526245, 3.6157350540161133, 1.246556282043457, -1.562030553817749, 3.612441062927246, 2.4423017501831055, 0.7142922878265381, 0.7285569906234741, 0.4021608233451843, 1.1410526037216187, -0.2750009298324585, -2.0402159690856934, 2.5044844150543213, 1.3434550762176514, 0.3815186321735382, 3.9190635681152344, -4.471705436706543, 3.6857056617736816, -2.102524518966675, -0.3933730721473694, -0.94957435131073, -5.488378047943115, 3.1237330436706543, -0.7608506679534912]",1
21,9606.ENSP00000294179,"[5.998469829559326, -0.40778788924217224, 3.9421021938323975, 2.4731147289276123, -0.7855834364891052, 0.6217048168182373, 1.6354533433914185, 3.2549126148223877, -2.135298728942871, -1.862982988357544, 5.342559337615967, -4.142587184906006, 0.9568183422088623, -0.14052893221378326, -3.4724087715148926, -3.7308671474456787, 2.1667237281799316, 0.3359934985637665, 4.545629978179932, 0.6170653104782104, -0.488036572933197, -5.075335502624512, 0.07360318303108215, -0.8577964305877686, -0.45293471217155457, 1.6646714210510254, -0.4635124206542969, 2.9553780555725098, 0.9813026189804077, -2.16157865524292, -0.6408356428146362, -4.868148326873779, -0.6249845027923584, 1.8211957216262817, 2.4206783771514893, 1.107496976852417, -3.2317047119140625, -5.643509387969971, -2.624437093734741, -4.285204887390137, -1.9039812088012695, 0.2948283851146698, -0.6899182796478271, -0.41811901330947876, -0.35926371812820435, -0.8526386022567749, 2.600404977798462, -1.1513633728027344, -4.0981125831604, -1.9535319805145264, 3.1629767417907715, 2.9089138507843018, 2.4323320388793945, 0.6771640777587891, 2.3510873317718506, -3.398327350616455, 4.256175518035889, -1.1324782371520996, 1.6382088661193848, -3.629955768585205, -5.310008525848389, 0.543700098991394, 0.502082109451294, -0.6720505952835083, -0.299809068441391, 2.0081238746643066, 0.7812378406524658, -2.2438337802886963, 0.36030107736587524, 2.1371867656707764, 2.2994019985198975, 0.1444539576768875, -0.16061915457248688, -3.123641014099121, -1.610028624534607, 6.779987335205078, -0.14534887671470642, -4.668567180633545, -4.459900379180908, 3.6429240703582764, -2.0178329944610596, 5.670145511627197, -3.721543073654175, -0.02166888117790222, 2.652614116668701, 1.4157400131225586, -3.6112773418426514, -3.556253433227539, -2.282850980758667, -0.44352996349334717, 0.6698620915412903, 4.650777339935303, 5.311805725097656, 0.2885577976703644, -2.2197465896606445, 4.869473457336426, -0.1370200216770172, 2.2801990509033203, 3.9149203300476074, -2.7014315128326416, 4.219944953918457, 4.483279705047607, -3.2885444164276123, 3.331221580505371, 3.0565497875213623, 4.464951992034912, -3.2325961589813232, -1.583998680114746, 4.03136682510376, -2.3044378757476807, -1.0618863105773926, 4.329206466674805, -2.5654876232147217, -0.7092307806015015, -3.40861177444458, 2.6755497455596924, 1.7362983226776123, -2.73681640625, -2.3372461795806885, 3.0945773124694824, 2.91921067237854, 2.4848458766937256, 3.6996912956237793, -2.558434009552002, 0.42298775911331177, 2.6982274055480957, -6.370943546295166, -2.4324727058410645, 1.580496072769165, -3.4132533073425293, 5.3488993644714355, 3.4665448665618896, 1.3342547416687012, 2.896923303604126, -2.039522647857666, 3.6692681312561035, -0.44873708486557007, -0.5963524580001831, 0.2665596306324005, 2.05218243598938, 1.6704766750335693, 2.043651819229126, 2.4362308979034424, -2.887582302093506, 2.960252523422241, 3.587662935256958, -4.622653484344482, -1.7379831075668335, 3.4021780490875244, -0.9807935953140259, 0.022518247365951538, -2.9246771335601807, -0.7813877463340759, 3.5734848976135254, -0.22610899806022644, 1.0686976909637451, 2.4559874534606934, 0.758824348449707, -3.2740137577056885, 1.8743311166763306, 0.44860631227493286, 1.4433954954147339, -4.297755241394043, -2.6292216777801514, 0.8382627964019775, 2.346574544906616, -1.6833879947662354, -0.4960622787475586, 0.07912935316562653, -2.0695722103118896, 6.510183334350586, -2.1136865615844727, 3.6276609897613525, 0.1719488799571991, 0.1324559599161148, 3.4297518730163574, 2.643474578857422, 4.243135929107666, 1.7751048803329468, -2.2934014797210693, 6.166702747344971, 4.6792731285095215, 0.12325960397720337, 1.303713321685791, -0.2294987440109253, 0.19556055963039398, -3.978754758834839, -4.79812479019165, 6.739621162414551, 0.488974004983902, -0.008331269025802612, 3.419189691543579, -2.2963953018188477, 2.6588501930236816, 2.6776316165924072, -1.948830246925354, 1.076547622680664, -5.218443870544434, 2.861215353012085, 0.7587273120880127]",1
22,9606.ENSP00000338562,"[9.914647102355957, 0.4294392466545105, 6.188513278961182, 4.10414981842041, 2.0081422328948975, 4.580798149108887, -4.308297157287598, 2.3539702892303467, -5.512901782989502, 1.931539535522461, 6.4963250160217285, -6.323922157287598, 3.484732151031494, -4.207901477813721, -4.335285186767578, -3.355405330657959, -6.758491516113281, 4.695216178894043, 6.917903423309326, 7.283063888549805, -6.096537113189697, -12.050091743469238, 1.0751612186431885, -1.3128410577774048, -2.2148332595825195, -3.0371646881103516, -0.08636009693145752, 2.2587578296661377, 4.583649635314941, -3.3963654041290283, -3.478349447250366, -5.42699670791626, 1.0709750652313232, -3.0599257946014404, 7.283133029937744, 0.454264760017395, -4.803712368011475, -3.573411226272583, -8.06762981414795, -3.833469867706299, -6.04727029800415, 3.3738818168640137, -3.2636260986328125, -3.6207103729248047, -3.783163070678711, 1.8002914190292358, 4.781345844268799, -1.1494255065917969, -5.248701572418213, -5.020118713378906, 4.330139636993408, 7.66250467300415, -1.341506004333496, 1.8210393190383911, 4.007134914398193, -8.278336524963379, 8.658150672912598, -4.136840343475342, -0.6382482647895813, -6.73508358001709, -10.281805038452148, 4.1046648025512695, 3.6923398971557617, -2.7932896614074707, 1.1709109544754028, 3.1151068210601807, 3.465217113494873, -4.844659805297852, 1.9774599075317383, 5.720014572143555, 3.5954532623291016, 7.525291442871094, -4.484062194824219, -8.519859313964844, -4.230306625366211, 8.718388557434082, 1.873862385749817, -4.128171920776367, -7.250669479370117, 3.264484405517578, -0.6440292000770569, 10.228503227233887, -4.489867687225342, 0.6340270042419434, 3.8062262535095215, -2.344449758529663, -2.793107032775879, -1.6924405097961426, -2.8453145027160645, -2.7135109901428223, -5.7878875732421875, 8.217050552368164, 5.437211990356445, -5.781732559204102, -1.754112958908081, 4.042479991912842, -4.58190393447876, -1.1723194122314453, 7.014524459838867, -3.0275375843048096, 6.71960973739624, 5.003574848175049, -4.524838924407959, 8.03905200958252, 8.0172700881958, 6.103936672210693, -6.182283401489258, -3.4714841842651367, 1.8097102642059326, -0.5534763336181641, 3.9807803630828857, 4.966733455657959, -6.396901607513428, -4.012853145599365, -2.690061569213867, 0.39855077862739563, 2.0049643516540527, -4.032863140106201, -5.160789489746094, 5.6658782958984375, 6.702748775482178, 6.412245750427246, 7.535225868225098, 3.4227075576782227, -2.354243755340576, 6.3394365310668945, -6.8143696784973145, -6.499198913574219, 5.251803874969482, -2.3024520874023438, 10.535901069641113, 6.559802532196045, 0.31328263878822327, 5.74458646774292, -7.998742580413818, 6.20374870300293, -6.633633136749268, -1.7284895181655884, -3.2231810092926025, 4.686944961547852, 7.173985481262207, 2.0625054836273193, 0.9310603141784668, -10.440579414367676, 8.800179481506348, 7.823843002319336, -6.367025375366211, -2.4642598628997803, 6.716291427612305, -4.242092609405518, 3.2830333709716797, -4.666751861572266, -4.749483108520508, 2.4871883392333984, -3.9973673820495605, 0.05538417398929596, -2.1098833084106445, -2.587920904159546, -7.093400955200195, -1.5589064359664917, 1.683819055557251, -0.5178161859512329, -3.3216230869293213, -3.4112236499786377, 0.8767940998077393, 3.3583714962005615, 1.592130422592163, 3.098712682723999, -0.7721199989318848, -2.74133563041687, 10.419289588928223, 0.5371869206428528, 6.2623820304870605, -3.8796582221984863, -1.4724252223968506, 3.923210620880127, 1.9147822856903076, 6.063309669494629, 2.8428473472595215, -2.262650489807129, 7.956270217895508, 9.04171085357666, 1.0479412078857422, 2.805649518966675, -5.737868785858154, 0.7431286573410034, -4.839577674865723, -7.171145439147949, 6.727838516235352, 3.296069860458374, 5.874289035797119, -4.407994270324707, -4.544555187225342, 3.753918409347534, 1.4335663318634033, 0.4651849865913391, 1.4977022409439087, -6.6205363273620605, 5.010108947753906, -3.9321627616882324]",1
23,9606.ENSP00000054666,"[6.534895420074463, -0.20284679532051086, 5.375777721405029, 5.359292984008789, -1.1046963930130005, 3.4236788749694824, -3.8277857303619385, 2.697058916091919, -2.9580490589141846, -1.9510557651519775, 5.662398338317871, -2.3738203048706055, 3.7727649211883545, -3.1450657844543457, -4.712817192077637, -4.455743789672852, 1.3994128704071045, 5.643137454986572, 5.06024694442749, 0.2470199316740036, -0.8842380046844482, -7.232090473175049, 3.0493736267089844, -0.3445105254650116, -0.9481178522109985, -1.3921364545822144, 1.4644393920898438, 0.3714738190174103, 5.203661918640137, -1.4549751281738281, -3.0291881561279297, -4.511305332183838, 3.803128242492676, -1.6009215116500854, 2.2805426120758057, 2.4955623149871826, -3.7328994274139404, -6.57036828994751, -5.5110931396484375, -3.2562942504882812, -5.816439628601074, 0.9094045162200928, -4.67107629776001, -1.0380362272262573, 0.03814852237701416, -0.6132285594940186, 7.212762355804443, -0.907410740852356, -8.3850679397583, -3.1118617057800293, 4.2796831130981445, 5.821290969848633, 1.4264814853668213, -0.4499802887439728, 3.9550583362579346, -4.566994667053223, 5.921651363372803, -1.2721946239471436, 3.1078779697418213, -6.168026447296143, -9.776886940002441, 2.2228622436523438, 2.452660322189331, 1.7250847816467285, -0.02925451099872589, 0.19597333669662476, 2.743736505508423, -1.8545035123825073, 0.1335921585559845, 3.58351993560791, 2.6945557594299316, 4.220649719238281, -2.1866953372955322, -7.0477213859558105, -2.4578657150268555, 9.03860092163086, 3.8053386211395264, -7.169856071472168, -5.568800449371338, 4.030076026916504, -2.2221922874450684, 6.812049865722656, -6.722196102142334, 3.2993826866149902, 4.943713665008545, 2.242178440093994, -3.4693870544433594, -3.9022765159606934, -2.485212564468384, 0.5150995850563049, -3.370821237564087, 9.37622356414795, 7.3079352378845215, -4.6713762283325195, -2.9626171588897705, 4.85567569732666, -4.094966411590576, 3.4580769538879395, 8.217873573303223, -1.7812178134918213, 6.665054798126221, 4.113526344299316, -5.647481441497803, 7.321676731109619, 6.203668594360352, 5.427743911743164, -3.359614133834839, -1.963646650314331, 2.93548321723938, -3.5503413677215576, -1.0225493907928467, 3.5389158725738525, -3.0190935134887695, -6.100910663604736, -5.98435640335083, 1.176321029663086, 1.991365909576416, -1.9816988706588745, -5.653189182281494, 2.383009195327759, 5.603895664215088, 4.392091751098633, 8.619669914245605, -0.8167781829833984, -0.0059500038623809814, 3.407496929168701, -9.392189979553223, -5.705960273742676, 6.561540603637695, -3.2718241214752197, 4.573774337768555, 2.5717661380767822, 1.5569570064544678, 3.5063607692718506, -2.3630142211914062, 1.841153621673584, -3.2470507621765137, -0.23307093977928162, -2.0441534519195557, 3.2122089862823486, 4.14348840713501, 1.1628941297531128, -0.03785321116447449, -4.831962585449219, 7.457326889038086, 2.8042359352111816, -0.9285712242126465, 0.13409245014190674, 7.214982986450195, -1.177732229232788, 1.694854974746704, -5.012899398803711, -2.162954568862915, 5.405911445617676, -2.781826972961426, 0.10653525590896606, 1.0815415382385254, -5.090097904205322, -4.798893928527832, 0.23112450540065765, 2.579315662384033, -1.913421869277954, -4.299223899841309, -1.831766128540039, 1.5289806127548218, 1.4202065467834473, -2.1092822551727295, 1.4714275598526, -2.433905601501465, -2.1393768787384033, 9.947245597839355, -0.6422522664070129, 5.194447040557861, -4.072994232177734, 1.0171633958816528, 7.371428966522217, 3.162761926651001, 7.48230504989624, 3.820298194885254, -4.578492164611816, 7.314284324645996, 2.916825771331787, 0.3816152811050415, 2.8426015377044678, -1.1876869201660156, 3.314746618270874, -6.327818393707275, -8.18657398223877, 10.571803092956543, 1.2879812717437744, 3.1381144523620605, 2.562060832977295, -8.276900291442871, 6.666872024536133, -0.9682273864746094, 0.2946024537086487, 1.7750049829483032, -8.967008590698242, 5.868654251098633, -5.827700138092041]",1
24,9606.ENSP00000222812,"[5.492980480194092, 0.2859336733818054, 1.7559117078781128, 2.8409531116485596, -2.184830904006958, 0.4745495915412903, -4.418517112731934, 2.312873363494873, -0.128367617726326, -0.863758385181427, 4.246025562286377, -2.8553414344787598, -1.9579964876174927, -3.419551372528076, -1.884780764579773, -3.810276985168457, -2.1570041179656982, 4.853457450866699, 3.1842470169067383, 4.876497268676758, 0.5333815813064575, -9.02597427368164, -2.1484851837158203, -4.126889705657959, -1.8490355014801025, 2.7608115673065186, -3.805476188659668, 3.520482301712036, 3.7937569618225098, 0.43174612522125244, -0.12437590956687927, -1.736006498336792, 1.9400781393051147, -0.6574525833129883, 2.18759822845459, 4.399867534637451, -2.488253593444824, -3.2969679832458496, -5.210563659667969, -1.282575011253357, -5.693929195404053, -2.8984994888305664, -0.8242139220237732, 1.1922940015792847, -2.0643866062164307, -1.9132258892059326, 6.392486572265625, -4.467502117156982, -7.016408920288086, -3.490532636642456, 5.035526275634766, 7.259268283843994, 2.69670033454895, 3.6253662109375, 1.3002903461456299, -6.984133720397949, 3.364023447036743, -1.2485469579696655, -2.466890811920166, -3.93729567527771, -5.404870986938477, 1.0616185665130615, 4.896460056304932, 2.044572353363037, -1.4429763555526733, -0.7337498068809509, 3.0107274055480957, -4.606874942779541, -1.2978063821792603, 3.0703158378601074, 1.6125441789627075, 3.3796331882476807, -1.4445621967315674, -3.4993715286254883, -3.6499431133270264, 9.007067680358887, 1.2597988843917847, -5.444685935974121, -1.872338056564331, 2.917025089263916, 1.0730910301208496, 9.431750297546387, -0.4430117905139923, -0.8582935333251953, 6.080809116363525, -3.470756769180298, 0.57294100522995, -4.6242995262146, -1.5992469787597656, 0.6557698845863342, -3.3116867542266846, 5.233798503875732, 4.299526214599609, -4.2130303382873535, -3.373520851135254, 7.707034111022949, -4.261712074279785, 3.0511302947998047, 5.180545806884766, -1.4263200759887695, 2.233114004135132, 3.0817317962646484, -5.693485736846924, 7.298110485076904, 5.5346760749816895, 5.462516784667969, -1.350104808807373, -1.9398362636566162, 0.7558238506317139, 3.496307611465454, 0.8393297791481018, 4.0952534675598145, -3.1163341999053955, -4.367560863494873, -1.744019627571106, 0.03182244300842285, 1.4194984436035156, -2.164468765258789, -1.0207037925720215, 3.3687632083892822, 7.997807025909424, 2.4915220737457275, 7.383425235748291, -3.3022189140319824, 1.2362233400344849, 3.54022479057312, -6.291901111602783, -5.402045726776123, 2.306337356567383, -0.5533000826835632, 3.0612003803253174, 2.0317249298095703, 2.2983481884002686, 7.058636665344238, -4.887292861938477, 2.042937994003296, -2.39035964012146, -1.6266653537750244, -2.338310956954956, 2.8517520427703857, 3.972842216491699, -0.8355021476745605, -2.38649320602417, -6.576655864715576, 4.870494842529297, 6.424328804016113, -6.335926532745361, -0.8327043056488037, 4.194707870483398, -1.7698603868484497, 1.6224955320358276, -3.1805853843688965, -6.105950355529785, 4.4874043464660645, -2.2224695682525635, 3.19773268699646, 5.834478378295898, -2.0422139167785645, -5.049219608306885, 3.614712715148926, 0.8898023366928101, 3.572803258895874, -1.8203638792037964, -0.15939074754714966, 4.853010654449463, 0.7584714293479919, -0.09325063228607178, -2.4554660320281982, 1.5090421438217163, -0.23074732720851898, 6.919407367706299, -5.919074535369873, 1.8945167064666748, 1.205947995185852, 0.13200055062770844, 3.0312933921813965, 2.1277289390563965, 8.157663345336914, 2.3251163959503174, -1.5519866943359375, 7.306074142456055, 2.96950101852417, -3.0308926105499268, -3.2398853302001953, -4.048140525817871, -2.5311279296875, 0.8169596195220947, -6.779869556427002, 5.760007381439209, -1.6672974824905396, 1.8382132053375244, -0.7108209133148193, -5.530622959136963, 4.403100490570068, 4.448996067047119, -2.712164878845215, -2.968622922897339, -6.830414295196533, 5.870907783508301, -2.8308637142181396]",1
25,9606.ENSP00000314157,"[1.9567053318023682, -0.8968483209609985, 0.9240174293518066, 1.9441548585891724, -0.18734222650527954, -0.30993854999542236, -0.8166409134864807, 1.7534617185592651, -1.6983095407485962, 1.1490671634674072, 1.4537409543991089, -1.6342350244522095, 0.268960565328598, -2.336604595184326, -1.0185327529907227, 0.4850614070892334, -1.9200942516326904, 1.4431002140045166, 2.6427645683288574, 0.8628219962120056, -0.34614017605781555, -3.2942588329315186, -0.504077672958374, -0.999955952167511, -1.906304955482483, 0.8687006235122681, -0.32797855138778687, 1.4532573223114014, 2.2297444343566895, 0.4300549328327179, -1.7327454090118408, -0.5172280073165894, 1.5801630020141602, -1.1250224113464355, 1.6825380325317383, 0.6238898634910583, -2.9273250102996826, -2.134819746017456, -1.758922815322876, -1.6193287372589111, -1.71498703956604, 0.09926944971084595, -0.7948969602584839, 0.4756271541118622, -0.49104103446006775, -0.46170490980148315, 0.8893183469772339, -1.838545560836792, -0.6783281564712524, -1.9813990592956543, 1.9432976245880127, 1.5836725234985352, -0.2981841266155243, 1.3298753499984741, 0.6996257305145264, -1.4875818490982056, 1.9369399547576904, -1.3660024404525757, -0.12037971615791321, -1.3872007131576538, -2.4723944664001465, 0.582231342792511, 1.2344622611999512, -0.8073375821113586, -0.8489840030670166, 0.42801666259765625, 2.461146116256714, -0.3357436954975128, -0.35589399933815, 1.6459115743637085, 1.341806411743164, 1.1389497518539429, -1.6178299188613892, -1.6507065296173096, -0.8674752712249756, 3.10111141204834, 0.06977522373199463, -1.1229424476623535, -0.3150745630264282, 2.135209321975708, -0.8944313526153564, 3.227931261062622, -1.9164057970046997, -0.39510107040405273, 0.42423734068870544, -1.8840872049331665, -0.15741035342216492, -0.0072311460971832275, -0.574892520904541, -1.1258505582809448, 0.11954677104949951, 2.525454521179199, 0.9523890018463135, -2.4212424755096436, -0.3933866620063782, 2.885436534881592, -1.7510135173797607, -0.09233841300010681, 1.0569422245025635, -1.3365085124969482, 1.298570990562439, -0.31726551055908203, -1.5896140336990356, 2.8933897018432617, 2.908036947250366, 1.8839622735977173, -1.6402673721313477, -0.7789139151573181, -0.5460509657859802, -0.2083078920841217, -0.24023979902267456, 2.210420846939087, -1.0987825393676758, -1.0763417482376099, -0.6242210865020752, 1.232071042060852, -0.0945507287979126, 0.13337019085884094, -1.129638433456421, 1.3525887727737427, 1.1244378089904785, 2.598926305770874, 2.418309211730957, 0.21829363703727722, -0.4550737738609314, 1.43575918674469, -2.688947916030884, -2.797201633453369, 1.423893928527832, -1.4971901178359985, 1.7390389442443848, 1.4413431882858276, 0.6018853187561035, 2.2563846111297607, -1.2811918258666992, 1.9496808052062988, -2.7482290267944336, 0.5981012582778931, -1.7394919395446777, 2.845228672027588, 1.803153157234192, 1.5057587623596191, -0.6205950975418091, -1.13680100440979, 1.2350733280181885, 1.5469151735305786, -1.6398053169250488, -1.9914973974227905, 1.7237403392791748, -0.6535215377807617, -0.01703423261642456, -2.1797966957092285, -1.221506118774414, 1.3243235349655151, -0.8972734212875366, 0.8031461238861084, 0.9658799171447754, -1.7107709646224976, -0.9935358166694641, 0.8419036865234375, 0.4115232527256012, 0.6021968126296997, -1.6066616773605347, -0.05193713307380676, 1.3743444681167603, 0.276203453540802, -0.29710426926612854, 0.18332606554031372, -0.7785667777061462, 0.9913792610168457, 3.193525791168213, -0.8940122127532959, 1.3351799249649048, 0.08678591251373291, -0.05206085741519928, 1.1638730764389038, 0.1584569364786148, 2.48753023147583, 1.2026716470718384, -2.203617572784424, 3.1582729816436768, 1.7085063457489014, -0.3033407926559448, 0.026866599917411804, -0.8970611095428467, -0.6074854135513306, -1.288745403289795, -2.349142551422119, 2.4924020767211914, 0.5128313302993774, 1.0652313232421875, 0.14552146196365356, -1.6576886177062988, 3.110116481781006, -0.3842601180076599, -0.030419260263442993, -0.17748641967773438, -1.7837393283843994, 0.4925498366355896, -1.2468351125717163]",1
26,9606.ENSP00000363054,"[7.839271545410156, 0.9882972836494446, 4.272988796234131, 2.2212307453155518, -0.19906288385391235, 4.231202602386475, -2.349046468734741, 2.4537124633789062, -3.9933173656463623, -0.13367053866386414, 5.996767044067383, -3.6573731899261475, 2.7950708866119385, -1.7461066246032715, -2.5209150314331055, -4.229686260223389, 1.535691499710083, 3.658257007598877, 4.065540790557861, 0.8711216449737549, -2.2120180130004883, -6.237859725952148, 2.463432788848877, 1.4383305311203003, -2.993293285369873, -1.5771236419677734, 2.4860551357269287, 2.3328471183776855, 4.273072719573975, -1.277877926826477, -2.064723253250122, -4.7870073318481445, 0.3191261291503906, 0.21408137679100037, 0.7565211057662964, 0.6791191697120667, -0.9511244893074036, -7.062563419342041, -4.049982070922852, -4.63173770904541, -5.510279178619385, 1.441426157951355, -3.063267230987549, -2.018280029296875, -2.412202835083008, 0.22860750555992126, 3.3111672401428223, -0.18875177204608917, -4.709216594696045, -3.5328919887542725, 2.9789395332336426, 5.567902565002441, 1.9839823246002197, -2.191887617111206, 3.527987480163574, -3.168172597885132, 4.264471530914307, -4.240181922912598, 1.4147213697433472, -5.121664524078369, -6.73024845123291, 3.0738413333892822, 3.8987083435058594, -1.8815683126449585, 2.1248726844787598, 2.712239980697632, 3.0167899131774902, -3.2310171127319336, 1.5475155115127563, 4.703364372253418, 5.670784950256348, 3.8324029445648193, -2.684798002243042, -3.163492202758789, -3.205454111099243, 4.752861976623535, 3.210120677947998, -6.918594837188721, -4.304144859313965, 4.215778350830078, -0.7358409762382507, 5.682712078094482, -6.729058265686035, 0.08196878433227539, 4.720064163208008, 2.6995091438293457, -1.957425832748413, 0.15614694356918335, -3.337717294692993, -2.6211018562316895, -1.369400978088379, 5.422940254211426, 5.12083101272583, -2.215287208557129, -2.754357099533081, 5.91559362411499, -4.470691204071045, 2.5399653911590576, 2.950464963912964, -2.551636219024658, 4.652222633361816, 5.399020195007324, -4.743988990783691, 5.327887535095215, 5.809983253479004, 6.795506000518799, -5.041697025299072, -4.85690975189209, 5.3497724533081055, -2.443742513656616, 1.108660340309143, 5.22936487197876, -5.762965679168701, -3.0776312351226807, -1.018741250038147, 1.6528887748718262, 0.6139390468597412, 1.1038212776184082, -3.8690414428710938, 2.5708730220794678, 4.742032051086426, 4.193580627441406, 5.048579216003418, 1.2007646560668945, 1.2258431911468506, 5.1606316566467285, -4.714570999145508, -5.625172138214111, 4.8541717529296875, -4.93034553527832, 5.108160972595215, 5.087215423583984, 0.0727064311504364, 4.599916458129883, -2.6943247318267822, 5.154404640197754, -2.188781261444092, -0.4572291970252991, -1.9281232357025146, 2.3506689071655273, 3.3431975841522217, 2.0759878158569336, 1.1953831911087036, -5.906307697296143, 5.596301555633545, 5.074559688568115, -2.210646152496338, -2.49830961227417, 3.270444393157959, -2.8218510150909424, 3.032291889190674, -3.460029125213623, -0.740531861782074, 5.235020637512207, -4.071602821350098, 0.37486472725868225, -0.5458407998085022, -3.6510848999023438, -3.275034189224243, 0.2577919065952301, 0.8354108929634094, -1.4037327766418457, -4.683576583862305, -2.2043635845184326, 1.2057371139526367, 2.7019600868225098, -3.3991358280181885, -0.532804012298584, -1.986215591430664, -2.669461727142334, 6.094255447387695, 1.3117204904556274, 3.629232406616211, -2.2391064167022705, 0.09204380214214325, 4.847941875457764, 4.246506214141846, 5.021520137786865, 4.196103096008301, -3.066706418991089, 8.346880912780762, 5.0354156494140625, 1.633538842201233, 1.7210090160369873, -2.38862943649292, 0.61724853515625, -5.6560378074646, -5.456916332244873, 6.277587890625, 2.13926362991333, 0.6355013251304626, 0.5853933095932007, -2.5318827629089355, 2.703328847885132, -1.400016188621521, 1.4746856689453125, 1.7751991748809814, -5.920514106750488, 3.6800622940063477, -1.8001914024353027]",1
27,9606.ENSP00000320679,"[3.5242550373077393, -0.7446438670158386, 1.5119620561599731, 1.259636402130127, -0.028417080640792847, 0.467100590467453, -0.3693157136440277, 0.8267507553100586, -1.9672117233276367, -0.8810402154922485, 3.5532288551330566, -2.1426966190338135, 0.15100884437561035, -0.9738263487815857, -0.8646643161773682, -1.646517038345337, -1.8601274490356445, 1.9259899854660034, 2.6551339626312256, 0.615731954574585, -0.7798691987991333, -3.3119285106658936, -0.5748780965805054, -1.6960936784744263, -1.014890193939209, 0.5936307907104492, 0.04109320044517517, 1.4399173259735107, 2.437786817550659, 0.22655805945396423, -0.5743218064308167, -1.842088222503662, 0.773552417755127, -0.19661766290664673, 1.2989588975906372, 0.28954315185546875, -1.6938674449920654, -2.0552353858947754, -1.890580415725708, -0.661288857460022, -2.4450912475585938, 0.26841622591018677, -0.9975168704986572, 0.19233915209770203, -0.20044156908988953, -1.3470240831375122, 1.291512370109558, -1.2761764526367188, -2.0527522563934326, -2.2984092235565186, 1.0616551637649536, 1.5789220333099365, -0.1195577085018158, 1.5928740501403809, 1.1095178127288818, -1.942704677581787, 1.6965183019638062, -1.0476585626602173, -0.36067909002304077, -1.1605008840560913, -2.701763868331909, 0.8760181665420532, 1.1705477237701416, -0.26023244857788086, -0.6700655221939087, 1.1413016319274902, 1.7073227167129517, -0.4664740264415741, 0.27511417865753174, 2.3348677158355713, 1.2336639165878296, 1.4182069301605225, -0.5980663299560547, -1.3079266548156738, -1.2465033531188965, 2.9892289638519287, 0.3784409463405609, -1.795450210571289, -1.4416594505310059, 2.134251832962036, -0.31208038330078125, 3.314695358276367, -1.0016478300094604, -0.594477653503418, 2.105271339416504, -0.7790282964706421, -0.3953648507595062, -1.888932228088379, -0.8154343366622925, -0.15629646182060242, -0.051504239439964294, 3.0164620876312256, 1.7061853408813477, -2.2209243774414062, -0.729008674621582, 3.652167558670044, -2.4129905700683594, 1.9825172424316406, 0.7634598016738892, -0.9344547986984253, 0.6623538732528687, 0.5940114855766296, -0.7601532936096191, 2.6975760459899902, 2.743351697921753, 1.930776834487915, -1.9262521266937256, -0.7668640613555908, -0.44196784496307373, 0.5904123783111572, -0.08461827039718628, 2.074810743331909, -0.15189629793167114, -0.9137268662452698, -0.29547205567359924, 0.9269278049468994, 1.0272891521453857, 0.9104840755462646, -0.5656604766845703, 0.4932222366333008, 1.6686253547668457, 2.076530694961548, 2.9307799339294434, -0.3147102892398834, -0.07222667336463928, 2.2303178310394287, -1.9665963649749756, -3.121845245361328, 0.25306737422943115, -1.5261461734771729, 1.951342225074768, 2.5340280532836914, 0.7439968585968018, 2.214357376098633, -2.3695037364959717, 1.4304516315460205, -2.2684051990509033, -0.10518881678581238, -1.386929988861084, 2.160222291946411, 1.3119654655456543, 0.7159921526908875, -0.49351876974105835, -2.026174783706665, 1.3370282649993896, 2.378911256790161, -1.065674066543579, -0.9776539206504822, 1.375170111656189, -1.3350961208343506, 0.3607010841369629, -1.6477160453796387, -0.8031597137451172, 2.073076009750366, -0.3277813792228699, 1.7486268281936646, 1.7870091199874878, -0.9124447107315063, -1.2246136665344238, 0.7490662336349487, -0.28279411792755127, 0.6713179349899292, -1.8508089780807495, 0.05589623749256134, 1.9445104598999023, 0.9350986480712891, -0.6035866141319275, -0.27427953481674194, -0.04969426989555359, 0.4733101725578308, 2.9117684364318848, -1.4882893562316895, 1.6003217697143555, 0.7214711904525757, -0.6131681799888611, 2.0787205696105957, 0.8125620484352112, 3.0432116985321045, 1.3866188526153564, -1.0844531059265137, 3.2427618503570557, 2.31597900390625, -1.0778940916061401, -0.04447183012962341, -1.5452086925506592, -0.9505650997161865, -1.595787525177002, -2.594996929168701, 1.783233404159546, 0.10797488689422607, 0.4056529998779297, 0.12990468740463257, -1.043600082397461, 2.274367094039917, 1.3744878768920898, -0.9711148738861084, -0.3461815118789673, -2.818648338317871, 0.4617355167865753, -0.5075787305831909]",1
28,9606.ENSP00000376792,"[9.06510066986084, -1.6552197933197021, 6.42730712890625, 4.540395259857178, 1.3351242542266846, 5.591626167297363, -1.6648375988006592, 3.237703800201416, -4.733597278594971, 0.03835415840148926, 5.489523410797119, -5.825441837310791, 4.114953994750977, -1.6937986612319946, -3.86153507232666, -4.789755344390869, -0.1968332976102829, 3.506314754486084, 6.328172206878662, -0.16944700479507446, -2.3102498054504395, -6.113285064697266, 2.256304979324341, -1.3700826168060303, -3.5507383346557617, -1.371934175491333, 3.12245512008667, 4.06239652633667, 3.286191701889038, -3.5350759029388428, 0.047081321477890015, -6.407278537750244, 0.8570959568023682, -2.8909757137298584, 1.8268059492111206, 2.244169235229492, -2.0788652896881104, -8.456321716308594, -5.0845770835876465, -4.595296382904053, -2.9039039611816406, 2.262868881225586, -4.40264892578125, -0.6472222805023193, -1.5671571493148804, 1.9891605377197266, 4.096756935119629, 0.2000305950641632, -6.631862640380859, -6.724819660186768, 3.2289845943450928, 4.5882568359375, 2.2674355506896973, -1.0354583263397217, 2.2099077701568604, -2.9089431762695312, 6.929527282714844, -2.900635242462158, 2.331707000732422, -6.391382217407227, -8.048514366149902, 4.218855857849121, 3.311906337738037, -0.5786096453666687, 3.4083480834960938, 4.675754070281982, 4.5173797607421875, -4.737094879150391, 1.5721213817596436, 6.327883243560791, 5.0181427001953125, 4.05098819732666, -0.9300494194030762, -4.472116470336914, -2.3223085403442383, 8.143491744995117, 3.2832584381103516, -5.808078289031982, -5.317256927490234, 5.413730621337891, -2.557924747467041, 8.306195259094238, -6.978981971740723, -1.7058584690093994, 3.7574918270111084, 4.9518632888793945, -4.084748268127441, -6.6922712326049805, -3.2067832946777344, -0.6491730809211731, -2.815807819366455, 6.750036716461182, 9.232510566711426, -1.3785264492034912, -6.359757900238037, 6.052605628967285, -3.2698683738708496, 5.551496982574463, 6.330336570739746, -2.066145181655884, 1.643667459487915, 5.564319133758545, -6.935452938079834, 5.693633079528809, 4.717297554016113, 5.262469291687012, -5.533690452575684, -3.162498712539673, 4.254540920257568, -5.272143363952637, -0.7164644598960876, 6.0853166580200195, -4.986077308654785, -3.970222234725952, -3.041679620742798, 4.513842582702637, 1.5661073923110962, -1.9283814430236816, -4.996191024780273, 4.0070366859436035, 4.584392547607422, 5.63474178314209, 8.480013847351074, 0.24129323661327362, 0.566169798374176, 5.336916446685791, -7.226922988891602, -3.546652317047119, 4.115957260131836, -3.938293933868408, 6.595248222351074, 3.2458600997924805, -0.6764490008354187, 5.73931360244751, -5.844470977783203, 6.251192092895508, -3.121105670928955, -1.4231774806976318, -1.3603801727294922, 3.6339449882507324, 5.471198081970215, 2.9429376125335693, 2.0083820819854736, -6.376156806945801, 5.852801322937012, 3.595690965652466, -4.534245491027832, -1.5485641956329346, 4.746338844299316, -0.7101638317108154, 1.8716868162155151, -6.739582061767578, -0.1278412640094757, 4.792450428009033, -4.254881858825684, -0.7668960094451904, 1.846269965171814, -4.555244445800781, -4.86283540725708, 1.1661796569824219, 1.443251371383667, -2.3019721508026123, -5.031558513641357, -6.112411022186279, -0.4552414119243622, 5.4055609703063965, -1.7395899295806885, 0.2772926390171051, -1.8812562227249146, -4.033963203430176, 7.485350131988525, -3.202162742614746, 4.862344741821289, -2.6302268505096436, 3.039754629135132, 4.708917617797852, 5.893381595611572, 5.335108280181885, 7.739768981933594, -5.02962064743042, 8.83454418182373, 6.047934055328369, 0.7891672849655151, 0.7266874313354492, 0.12960001826286316, 2.067399024963379, -6.105342388153076, -6.5312819480896, 8.945050239562988, 1.8481146097183228, 1.697775959968567, 1.1032856702804565, -5.470280647277832, 7.688906192779541, 0.1428552269935608, -1.479095458984375, 0.9627151489257812, -8.23948860168457, 7.412491798400879, -3.45853590965271]",1
29,9606.ENSP00000310521,"[1.0547767877578735, -1.0041626691818237, 0.4588039815425873, 0.2698020935058594, -0.5443989038467407, 0.7039616107940674, 0.29252004623413086, 1.256461501121521, -0.8802897930145264, -0.7022315263748169, 1.2828248739242554, -1.0272271633148193, -0.7227036952972412, 0.7924070954322815, -0.12781581282615662, -1.3531972169876099, 0.6912129521369934, 0.8382488489151001, 0.8331884145736694, -0.2103271484375, -0.6544873118400574, -0.8878818154335022, -0.46384280920028687, -0.2782527804374695, -0.2367449700832367, 0.23940519988536835, -0.06789833307266235, 0.743638277053833, 0.4114808440208435, -0.37759071588516235, -0.13907626271247864, -0.8465709686279297, 0.08208145201206207, 0.046066030859947205, -0.1634325534105301, 0.6054778099060059, -0.697928786277771, -0.8177382946014404, -0.09648013114929199, -0.42317473888397217, -0.747791588306427, -0.7580486536026001, 0.016083449125289917, 0.22863322496414185, -0.3431699573993683, -0.3940342962741852, -0.27547165751457214, -0.5588778853416443, -0.7721043825149536, 0.3049529790878296, 0.13006117939949036, 0.44682157039642334, 0.8400850892066956, 0.7638598680496216, -0.4030325710773468, 0.3760225772857666, -0.06387171149253845, 0.1420266330242157, -0.2282937467098236, -0.1713915914297104, -0.7411601543426514, -0.23586145043373108, 0.11277949810028076, 0.5137907266616821, -0.08732475340366364, 1.010682463645935, 0.471899151802063, -0.5965893268585205, -0.48372191190719604, 0.7454397678375244, 0.1210935115814209, -0.7662224769592285, 0.4014345407485962, -0.049311697483062744, 0.1320139616727829, 1.5264604091644287, 0.12265171855688095, -0.45737552642822266, -0.2772793173789978, 0.438040554523468, -0.23050083220005035, 1.0634711980819702, -0.9171269536018372, -0.6465518474578857, 0.7435479164123535, 0.09259721636772156, 0.24680164456367493, -1.3485914468765259, 0.051858097314834595, -0.04364682361483574, 0.010663270950317383, 0.7191883325576782, 0.3496212363243103, -0.6636004447937012, -0.34400075674057007, 1.4042553901672363, 0.3283640742301941, 0.5822387337684631, 0.28461363911628723, 0.05928170680999756, -0.0881480872631073, 0.7173373699188232, -0.17408592998981476, 0.05864629149436951, 0.314349502325058, 0.990458071231842, -0.15532928705215454, 0.5147168636322021, 1.3794474601745605, 0.04604491591453552, -1.3633357286453247, 1.0854908227920532, -0.667351484298706, -0.26968249678611755, -1.2211925983428955, 0.35020095109939575, 0.9092610478401184, 0.3298135995864868, 0.059205204248428345, 0.05534125864505768, 0.9281269311904907, 1.0029282569885254, 1.2095671892166138, -1.0700777769088745, 0.5935621857643127, 0.2769312858581543, -0.6205332279205322, -0.18426677584648132, 0.7549168467521667, -0.45347315073013306, 0.1128888726234436, 0.18578693270683289, 0.4960987865924835, 0.5882415175437927, -0.549210786819458, 0.9673066139221191, -0.23259785771369934, -0.027597591280937195, 1.2908798456192017, 0.7019534111022949, 0.7308327555656433, -0.1667952835559845, 0.27755245566368103, -0.645395040512085, 0.744977593421936, 0.0044078826904296875, -0.45279043912887573, -0.7223455905914307, 0.04461047053337097, 0.518848180770874, 0.4847543239593506, -1.187609076499939, -0.22741472721099854, 0.5953130722045898, -0.2825617492198944, 0.17499084770679474, 0.37969037890434265, 0.5990058183670044, -0.4736076593399048, 1.2347363233566284, -0.2921946048736572, 0.35678303241729736, 0.31517738103866577, -0.7902612686157227, 0.647742509841919, -0.00023323297500610352, -0.6081345081329346, -0.5170404314994812, 0.19990170001983643, 0.39914262294769287, 1.4610989093780518, -0.6989139914512634, 1.257085919380188, 0.7728828191757202, 0.02189699560403824, 0.5898470878601074, -0.03938281536102295, 0.7297625541687012, 0.4573656916618347, -0.3551905155181885, 0.5744658708572388, 0.1785525381565094, -0.42857056856155396, 0.13036173582077026, -0.23243731260299683, 0.29169341921806335, -0.3538004755973816, -1.2196338176727295, 0.5009394884109497, -0.6530064344406128, 0.2317911982536316, 0.6949763298034668, -0.8309162855148315, 0.6802120208740234, 0.25706756114959717, -1.4496748447418213, -0.6680099964141846, -0.6892607808113098, 0.7255731821060181, 0.40390950441360474]",1
30,9606.ENSP00000263864,"[6.983791351318359, 2.9304862022399902, 4.974334716796875, 5.527510643005371, -0.3229799270629883, 4.149352073669434, -1.7189245223999023, 3.380723476409912, -6.597259998321533, 1.2150750160217285, 4.626192569732666, -3.674741268157959, 1.1800509691238403, -2.5613107681274414, -5.192747592926025, -6.221381187438965, 2.1881513595581055, 5.558452606201172, 5.631388187408447, -0.21471358835697174, -4.80615234375, -10.21729850769043, 0.3618762493133545, 1.5061320066452026, -1.429668664932251, -4.296546936035156, -0.7014636993408203, -0.8955814242362976, 3.640974998474121, -2.993335247039795, -6.669036388397217, -8.224098205566406, 2.810847282409668, -2.1288723945617676, 0.5963134169578552, 4.811498641967773, 1.6494132280349731, -6.328760147094727, -6.3343000411987305, -3.8121085166931152, -7.136495113372803, 2.6226084232330322, -5.5913519859313965, 0.7490679025650024, -1.7024973630905151, 1.246660828590393, 5.302649021148682, -0.1543605625629425, -7.344967842102051, -2.0366194248199463, 7.023059844970703, 5.734066486358643, 3.7714998722076416, -1.6276887655258179, 5.673414707183838, -4.0043792724609375, 5.672276496887207, -3.917658805847168, 4.482066631317139, -5.474069118499756, -9.660804748535156, 5.974983215332031, 3.811213254928589, -0.6811030507087708, -1.222512125968933, -1.4082353115081787, 6.136082649230957, -3.864917039871216, 2.6328063011169434, 4.707992076873779, 3.3890380859375, 5.230969429016113, -2.05942964553833, -6.020902633666992, -5.35901403427124, 8.442152976989746, 3.7716903686523438, -8.567869186401367, -6.8105034828186035, 3.3817763328552246, -0.899872899055481, 8.291238784790039, -9.073238372802734, 4.623945236206055, 7.102443218231201, 6.4537811279296875, -2.4375874996185303, -0.8379637598991394, 0.018331408500671387, -0.18313324451446533, -2.263692617416382, 10.60169506072998, 6.836087226867676, -6.061925411224365, -6.706495761871338, 3.812282085418701, -2.24621844291687, 2.5270497798919678, 5.975827693939209, -3.129425525665283, 7.133726596832275, 4.976444244384766, -8.982606887817383, 5.094210147857666, 5.687573432922363, 6.607051849365234, -4.479450225830078, -2.822144031524658, 1.3799140453338623, -3.5078353881835938, 0.6377464532852173, 6.277580261230469, -6.531512260437012, -0.3965334892272949, -5.864293575286865, 1.5958669185638428, -0.45105352997779846, -0.6977640390396118, -4.93981409072876, 3.782238483428955, 6.285232067108154, 5.291990756988525, 7.300838947296143, 1.2707792520523071, -2.0108144283294678, 5.8876166343688965, -7.052273750305176, -6.750936508178711, 6.105468273162842, -3.35933780670166, 5.6873779296875, 4.856419086456299, 1.0427331924438477, 5.612553596496582, 0.6363592147827148, 6.3788652420043945, -4.830392837524414, -3.3525748252868652, -0.034271836280822754, 5.901497840881348, 5.979744911193848, 0.9179304838180542, 1.2663577795028687, -6.507956504821777, 4.648923873901367, 1.9933441877365112, -0.8713403940200806, 1.5582754611968994, 7.495980739593506, -4.771521091461182, 1.5060718059539795, -6.416334629058838, 0.15228977799415588, 6.341673851013184, -2.0968542098999023, -4.795073509216309, -2.0074894428253174, -3.6609795093536377, -3.802371025085449, -2.855159044265747, 2.8211851119995117, -2.876499652862549, -2.8396408557891846, -1.8144112825393677, 1.807607650756836, 4.257388114929199, -3.4519994258880615, 1.865490198135376, -0.8048563003540039, -2.6980984210968018, 12.197029113769531, -0.8195700645446777, 7.040404319763184, -2.334897756576538, 1.9796565771102905, 7.407383918762207, 3.0115857124328613, 8.060083389282227, 3.814155340194702, -5.2024827003479, 11.029135704040527, 6.047976970672607, 2.7260875701904297, 1.1101961135864258, -3.7133584022521973, 2.4517219066619873, -6.962235450744629, -5.912770748138428, 9.668060302734375, 1.3992054462432861, 0.4513188898563385, 1.154487133026123, -7.19148063659668, 3.9206020832061768, -1.6201571226119995, 2.180972099304199, 2.1095688343048096, -7.487043380737305, 4.796230792999268, -4.636490821838379]",1
31,9606.ENSP00000372210,"[3.306643486022949, -0.31288373470306396, 2.583717107772827, 1.7105093002319336, -0.8043258786201477, 2.01611590385437, -0.42099201679229736, 2.784897804260254, -1.6620445251464844, 0.3198043704032898, 2.093519449234009, -1.7219417095184326, 1.1878578662872314, -1.169390320777893, -1.2229466438293457, -1.8004424571990967, 0.9222804307937622, 1.0707101821899414, 2.542243480682373, 1.6993355751037598, -0.8640645146369934, -2.9818623065948486, -0.11084389686584473, 0.09055918455123901, -1.3184208869934082, 0.4696628451347351, 1.2485285997390747, 1.1975429058074951, 0.7398504018783569, -0.6114251613616943, 0.07044089585542679, -1.8811372518539429, -0.14439770579338074, -0.7204840779304504, 0.8856374025344849, 1.0571467876434326, -1.9344573020935059, -2.8240742683410645, -1.4596571922302246, -2.6415677070617676, -0.5200871825218201, 0.5400716066360474, -0.7841496467590332, -0.7509424686431885, -1.7382001876831055, -0.5361774563789368, 1.3975731134414673, -0.8459003567695618, -2.5770740509033203, -1.471543788909912, 1.3304530382156372, 1.8066320419311523, 1.6285088062286377, -0.7255740165710449, 2.100717544555664, -1.2258491516113281, 2.5761468410491943, -1.1363964080810547, 1.881866216659546, -1.6765400171279907, -3.1794257164001465, 1.0735540390014648, 1.7316561937332153, 0.49623769521713257, 0.8054027557373047, 1.944915771484375, 1.4819730520248413, -0.2261626124382019, 0.12582609057426453, 2.060976028442383, 1.419881820678711, 0.5601123571395874, -0.7703630328178406, -1.4845685958862305, -0.8063588738441467, 3.3902790546417236, 1.611665964126587, -3.3432512283325195, -1.9437072277069092, 1.8859953880310059, -2.002732276916504, 3.3694300651550293, -2.0540571212768555, 0.416736900806427, 0.6386804580688477, 0.1861242949962616, -1.5835286378860474, -3.0795798301696777, -1.007894515991211, 0.34061476588249207, -0.3395158052444458, 2.8348453044891357, 1.691630244255066, -0.222917377948761, -2.2819271087646484, 3.397557497024536, -0.1981700360774994, 1.3903310298919678, 1.6604059934616089, -0.8128370046615601, 2.108271360397339, 1.726616621017456, -2.9180099964141846, 1.7374160289764404, 1.0338326692581177, 1.2407751083374023, -2.816418409347534, 0.8998047709465027, 2.136359930038452, -1.241206169128418, -0.6359432935714722, 2.9985079765319824, -0.18218404054641724, -0.8021348118782043, -2.95839524269104, 1.8048269748687744, 0.388511061668396, -1.0432627201080322, -1.5549063682556152, 0.4447416067123413, 1.8223767280578613, 2.1909661293029785, 3.469099521636963, -0.13693949580192566, -0.29600435495376587, 1.5798170566558838, -1.361710786819458, -1.3609298467636108, 2.4252004623413086, -1.6081167459487915, 2.0331668853759766, 0.3269616663455963, 0.11419197916984558, 2.3602075576782227, 0.22081324458122253, 1.6866060495376587, -0.5194149613380432, -0.6732504367828369, 0.2121305614709854, 1.7791179418563843, 2.5575850009918213, -0.48705315589904785, 1.4298137426376343, -2.5062661170959473, 1.1357017755508423, 1.8157371282577515, -1.3325530290603638, 0.28525376319885254, 1.3209574222564697, -0.3088221848011017, 1.5636812448501587, -3.0673484802246094, -0.17021788656711578, 1.7027225494384766, -1.3160738945007324, -1.1095315217971802, 1.2588869333267212, -2.0232152938842773, -1.6121554374694824, 0.1692546159029007, 0.40067943930625916, -0.35010063648223877, -1.716598629951477, -2.2515180110931396, 0.20773446559906006, 1.6003811359405518, -0.5624138712882996, 0.18342699110507965, -1.50885808467865, 0.3165321350097656, 2.6640443801879883, -0.007436126470565796, 2.4914660453796387, 0.12206833064556122, -0.0004439055919647217, 2.0246469974517822, 2.1752512454986572, 2.186680555343628, 2.279569625854492, -1.7445825338363647, 3.079768180847168, 1.8455909490585327, 0.021682828664779663, -0.07794293761253357, 0.19453705847263336, 0.8433260917663574, -2.643190860748291, -3.1698408126831055, 2.313431739807129, 0.19890697300434113, 1.1504673957824707, 1.075011968612671, -1.4317737817764282, 1.8395057916641235, -0.32794129848480225, -0.4374977946281433, 2.2394373416900635, -2.739673614501953, 1.2558332681655884, -0.10644000768661499]",1
32,9606.ENSP00000263897,"[2.8127222061157227, -1.8011562824249268, 1.9231523275375366, -0.2951495945453644, -0.8021456003189087, 1.5650566816329956, 1.0380322933197021, 1.1866122484207153, -0.25510668754577637, 0.3005691468715668, 1.967228889465332, -1.7260334491729736, 0.28320246934890747, 0.8412783145904541, 0.111072838306427, -1.615262508392334, 0.025775637477636337, -0.5069929361343384, 0.7400993704795837, 0.18525436520576477, -1.1600639820098877, -0.5753462910652161, -0.43635332584381104, -0.29544389247894287, -0.5145544409751892, 0.5938078761100769, 0.17502517998218536, 2.2850098609924316, 1.7638945579528809, -0.6491833329200745, -1.201844334602356, -1.8499929904937744, 1.5021827220916748, -1.13894522190094, -0.337552934885025, 1.1563621759414673, -0.904497504234314, -1.7549548149108887, -0.03764800727367401, -0.8973122835159302, -0.8084606528282166, -0.5935753583908081, -0.0881088376045227, -0.7305492162704468, -0.6764635443687439, -1.475141167640686, 1.016973853111267, -0.802708625793457, -2.2105231285095215, 1.7377084493637085, 0.15131863951683044, 0.9033071994781494, 2.292067050933838, 1.494767665863037, -0.1653503179550171, 0.3964412808418274, 2.1002132892608643, -0.24408283829689026, 1.0168217420578003, -0.17184048891067505, -2.3226912021636963, -0.25974708795547485, 1.293797254562378, 0.4993041157722473, 0.8240119814872742, 0.15730583667755127, 0.7589550614356995, -0.8723387122154236, 0.496396005153656, 1.2390365600585938, 0.8641448616981506, 0.1540006697177887, 0.09352779388427734, -1.2866250276565552, -0.7394313812255859, 2.2879345417022705, 0.7650418281555176, -0.9889065027236938, -0.8753789663314819, 1.4207348823547363, -0.8228213787078857, 3.4330785274505615, -1.9069052934646606, 0.5735996961593628, 0.2883979082107544, -0.39123672246932983, 1.2874693870544434, -2.2138850688934326, 0.9336010813713074, 1.0269094705581665, 0.8705167770385742, 1.1937047243118286, 1.6558589935302734, -2.1562721729278564, -0.6884077787399292, 2.343686580657959, -0.09769883751869202, 0.8149430155754089, 1.5547449588775635, -0.11827120184898376, -0.148685485124588, 0.9469066262245178, -1.1639080047607422, 0.14897535741329193, -0.4615914821624756, 0.0560273677110672, -1.7615336179733276, 1.073324203491211, 1.3358815908432007, -0.27726978063583374, -1.4180008172988892, 0.7809956669807434, -0.5503623485565186, 1.3578059673309326, -1.8434234857559204, 2.094660520553589, 0.5522060394287109, 0.30336102843284607, -1.8040366172790527, 1.0654785633087158, 2.4758260250091553, 0.6173824071884155, 3.2405147552490234, -1.6018487215042114, -0.39355897903442383, 1.372619867324829, -2.8684868812561035, -0.8465127944946289, 1.4748682975769043, -1.1727120876312256, 1.8411027193069458, 0.9886589050292969, -0.3237539529800415, 2.4162449836730957, -0.28881388902664185, 1.4523810148239136, -1.3174928426742554, 0.8636678457260132, -0.39006996154785156, 1.094858169555664, 2.0019071102142334, -0.096219003200531, 0.4131990969181061, -2.0212039947509766, -0.3594468832015991, 0.8518303036689758, -1.2937896251678467, -0.5935813188552856, 1.3312510251998901, -0.20537647604942322, -0.22048571705818176, -1.4523744583129883, 0.1133875846862793, 1.8496724367141724, -0.6926051378250122, 0.47750431299209595, 1.3622239828109741, 1.0673034191131592, -0.4481174051761627, 1.7104296684265137, 0.5556226372718811, 0.5639870166778564, 0.323131799697876, -1.224839210510254, 0.2266397476196289, 0.05685277283191681, -2.0189685821533203, 0.023242563009262085, 0.08600634336471558, 0.536871075630188, 3.2481653690338135, -0.8590203523635864, 1.4750534296035767, 0.5296634435653687, 0.6812952756881714, 1.2320337295532227, 1.190692663192749, 0.9027825593948364, 0.6089279651641846, -1.0666892528533936, 2.4567790031433105, 0.48799625039100647, -0.21571548283100128, -0.1065988540649414, 0.15982767939567566, 0.34508880972862244, -0.9670308828353882, -2.085580825805664, 2.160987138748169, -0.18924036622047424, 0.6173721551895142, 0.7755981683731079, -2.0897040367126465, 1.135302186012268, 0.43015366792678833, -1.4403375387191772, -0.38288235664367676, -3.0088984966278076, 1.5253232717514038, -0.02807404100894928]",1
33,9606.ENSP00000305810,"[2.1088271141052246, -1.316581130027771, 2.370462417602539, 0.904883086681366, 1.1631407737731934, 0.8870518207550049, 0.8198126554489136, 3.170466899871826, -1.5161635875701904, -0.833020031452179, 2.850541114807129, -2.4315261840820312, 0.4640425443649292, -0.2381485551595688, -1.0750764608383179, -3.5752782821655273, -0.08816548436880112, 1.3718278408050537, 1.9372930526733398, 0.05809128284454346, -0.6960488557815552, -1.8877224922180176, -0.42775893211364746, 0.1317804604768753, 0.05974343419075012, 1.5235559940338135, -0.40895766019821167, 2.9086406230926514, 0.7731281518936157, -2.1505722999572754, -1.0310282707214355, 0.1835748553276062, 0.36671212315559387, -1.2002469301223755, 0.9570227861404419, 1.4812525510787964, -3.482260227203369, -2.398167371749878, -1.7356102466583252, -2.117429494857788, -0.5405107736587524, 0.02563139796257019, -0.524749755859375, -1.036635398864746, 1.0671675205230713, -0.6025334596633911, 0.3637825846672058, -0.2537153363227844, -1.8256796598434448, -0.888401210308075, -0.01115424931049347, 1.8159980773925781, 1.4911394119262695, 0.32381150126457214, 0.19467990100383759, -0.3004857897758484, 2.6543450355529785, 0.10033160448074341, 1.6003789901733398, -1.1118029356002808, -2.076690673828125, 0.10901162028312683, 0.5757040977478027, 0.22578595578670502, -0.7178826928138733, 1.1751110553741455, 0.21715247631072998, -1.7767846584320068, 0.20650658011436462, 0.37722980976104736, 1.6751978397369385, -0.7643564343452454, -0.15564386546611786, -1.7619538307189941, -0.7913274765014648, 2.0435664653778076, 1.3808486461639404, -1.9056289196014404, -0.5310972929000854, 1.4155173301696777, -0.5951900482177734, 2.7692959308624268, -1.8458964824676514, 1.4772013425827026, 0.48749491572380066, 1.2364165782928467, -1.1344445943832397, -2.5939512252807617, -0.20701342821121216, -1.5943130254745483, 0.6956697702407837, 2.362795114517212, 1.7723065614700317, 0.11696517467498779, 0.45582011342048645, 1.9597049951553345, -0.5030472278594971, 0.7616385817527771, 1.8961658477783203, -0.875128984451294, 1.2263495922088623, 1.663830280303955, -2.2097527980804443, 1.1015384197235107, 0.32409265637397766, 0.3630428910255432, -3.4344940185546875, 0.4407601058483124, 1.6715909242630005, -0.2025802731513977, -0.5932719707489014, 1.8560476303100586, -1.0061661005020142, 1.1809512376785278, -3.1171011924743652, 0.7531315088272095, 0.671279788017273, -0.8167052268981934, -0.15001896023750305, 1.8820916414260864, 0.8580532073974609, 1.4142749309539795, 1.7539256811141968, -1.6834625005722046, 2.437668561935425, 1.5923857688903809, -2.693112373352051, -2.2478549480438232, 1.6081187725067139, 0.37025684118270874, 1.6129378080368042, 1.6734274625778198, 1.5106284618377686, 1.7364585399627686, -1.0825562477111816, 1.2314331531524658, -0.2620043158531189, -0.11898419260978699, 1.4352728128433228, 0.9205127358436584, 2.274712085723877, 1.9119281768798828, 1.0372273921966553, -0.5050959587097168, 1.1938600540161133, 1.326745629310608, -2.890697479248047, -1.301683783531189, 1.1361713409423828, -0.08900118619203568, 0.3303597569465637, -2.6449267864227295, 0.032173752784729004, 1.2055959701538086, 0.9024749994277954, 0.27717506885528564, 2.305725574493408, 0.34792008996009827, -1.203283667564392, 2.3564822673797607, -0.1460426151752472, 0.16506481170654297, -0.8541285991668701, -1.713836431503296, 0.36870232224464417, 0.725129246711731, -0.9739288091659546, 0.637883722782135, -0.12317942082881927, 1.882682204246521, 2.9352517127990723, -0.7470195889472961, 1.4598132371902466, 0.3767865300178528, 0.2972522974014282, 0.602236270904541, 1.6648353338241577, 1.8750057220458984, 1.8327361345291138, -0.5882788300514221, 1.5747528076171875, 1.5591964721679688, 0.049150243401527405, 0.9152276515960693, 0.29978570342063904, 1.0199782848358154, -0.375017374753952, -2.541118621826172, 2.181567907333374, -0.4821673333644867, 0.043441399931907654, 1.6830813884735107, -1.266809105873108, 1.2251328229904175, 0.2963617146015167, -2.3539743423461914, 0.8654242157936096, -2.432744026184082, 0.6245580911636353, 0.46677905321121216]",1
34,9606.ENSP00000450731,"[8.63487720489502, -0.9976077079772949, 5.967835903167725, 4.357847690582275, -0.9019361734390259, 3.8901925086975098, -1.1852409839630127, 4.915464401245117, -5.2673211097717285, -0.9233396053314209, 5.445154190063477, -6.750941753387451, 3.3392436504364014, -0.7145180106163025, -3.8175055980682373, -4.299336910247803, -1.0191417932510376, 5.042647838592529, 5.282573223114014, -1.1060768365859985, -3.0816895961761475, -8.267380714416504, 3.6073966026306152, -0.6223437190055847, -2.7246415615081787, -0.20145803689956665, 1.3873145580291748, 3.5055713653564453, 4.1784210205078125, -2.954860210418701, -1.2837508916854858, -6.940672397613525, 0.9199975728988647, -1.6672513484954834, 0.010221362113952637, 3.4857161045074463, -0.188730388879776, -7.746501445770264, -4.853435039520264, -2.148672580718994, -3.1567180156707764, 3.25034499168396, -3.686145782470703, -0.5127773880958557, -1.0988694429397583, 2.6152594089508057, 4.374880790710449, -0.3090813159942627, -7.1742119789123535, -2.5971720218658447, 3.1290249824523926, 3.264733076095581, 2.6721818447113037, 0.0405673086643219, 3.8699710369110107, -4.287847995758057, 7.184389591217041, -3.1853926181793213, 1.0039433240890503, -5.4952778816223145, -7.582769393920898, 3.905809164047241, 2.275402784347534, 0.28507551550865173, 0.7423536777496338, 0.5028055310249329, 2.547846555709839, -3.635080099105835, 0.5655535459518433, 4.972348690032959, 4.5269293785095215, 3.1395010948181152, -1.171085238456726, -6.048304557800293, -3.529214382171631, 7.906843662261963, 3.0006463527679443, -6.691433906555176, -6.1490068435668945, 4.976780891418457, -3.0157878398895264, 7.505970478057861, -7.015690803527832, 0.6288523077964783, 4.072967529296875, 5.260651588439941, -3.8247838020324707, -3.7203574180603027, -1.9223222732543945, -0.42016980051994324, -1.4800167083740234, 6.452930450439453, 8.058344841003418, -2.5822532176971436, -5.066738605499268, 4.733929634094238, -3.9218227863311768, 3.8833513259887695, 6.070001602172852, -2.7142302989959717, 3.958933115005493, 3.75553560256958, -7.092695713043213, 6.14320182800293, 5.434269428253174, 5.623617649078369, -5.183169841766357, -2.6865274906158447, 3.9889533519744873, -3.5469322204589844, -1.8005450963974, 7.29139518737793, -4.93954610824585, -6.264312267303467, -3.370169162750244, 4.2349090576171875, 0.29237285256385803, -0.7613190412521362, -3.524935245513916, 4.646008014678955, 4.511120319366455, 5.0007524490356445, 7.443736553192139, 0.855330765247345, 0.08084310591220856, 3.8632140159606934, -6.864243030548096, -5.476681709289551, 4.375732898712158, -4.238351345062256, 5.917712688446045, 5.628543376922607, -0.4997997581958771, 6.333398342132568, -2.654334783554077, 4.485283851623535, -3.6970643997192383, -1.5528658628463745, 0.18998518586158752, 3.9402313232421875, 5.564360618591309, 1.2007044553756714, 2.0662174224853516, -6.77199649810791, 6.058091640472412, 2.194769859313965, -1.520115852355957, 0.3045171797275543, 3.5060622692108154, -1.4600281715393066, 3.2709803581237793, -4.068684101104736, -1.9954397678375244, 6.698684215545654, -2.8530936241149902, -0.2839932143688202, 0.5000292062759399, -3.431586742401123, -4.808670520782471, -0.05172945559024811, 2.630683422088623, -1.851489782333374, -5.131927490234375, -2.803485870361328, 1.7093666791915894, 5.997527599334717, -3.8536550998687744, 2.7791028022766113, -0.9227159023284912, -3.46541428565979, 9.212382316589355, -1.6078813076019287, 4.7241387367248535, -1.8117046356201172, 0.30140960216522217, 5.917407512664795, 6.822873115539551, 5.959230422973633, 6.623764991760254, -4.194864273071289, 7.219301223754883, 4.211659908294678, 1.00989830493927, 1.962594747543335, -2.2044472694396973, 1.0424590110778809, -5.062803268432617, -7.2948899269104, 8.458056449890137, 1.4045196771621704, -0.38741636276245117, 2.2350404262542725, -5.437317848205566, 6.074939250946045, -1.8287619352340698, -0.9596823453903198, 1.8394345045089722, -6.107092380523682, 6.768454551696777, -4.191555976867676]",1
35,9606.ENSP00000305255,"[5.062388896942139, -0.2376740276813507, 2.79984974861145, 1.4407273530960083, 0.17252521216869354, 1.737416386604309, 1.5552586317062378, 2.8795254230499268, -4.042850017547607, 0.039946794509887695, 3.5397145748138428, -2.9623303413391113, 0.37864384055137634, -1.4646024703979492, -1.5702944993972778, -3.6886348724365234, 0.12752121686935425, 2.847944498062134, 2.7772178649902344, 0.6747316718101501, -1.0835645198822021, -7.373154163360596, 1.025607943534851, 0.2682466506958008, -2.599259614944458, -1.7939567565917969, 0.13636809587478638, 0.9491991996765137, 3.354884624481201, -1.5260378122329712, -3.61859393119812, -6.280250072479248, 0.43428584933280945, -0.6466624140739441, 1.1447361707687378, 3.063884735107422, -1.9255890846252441, -5.923112392425537, -3.581526517868042, -3.8234775066375732, -3.148519515991211, -0.2971423864364624, -4.101719379425049, -1.8770081996917725, -0.40159672498703003, -0.5715187788009644, 1.9552860260009766, 0.4986678957939148, -2.490440607070923, -2.0893328189849854, 3.7565994262695312, 1.8822110891342163, 1.2089245319366455, 0.81013023853302, 3.191318988800049, -4.863275527954102, 3.1930155754089355, -2.5925092697143555, 0.4252454340457916, -4.238250255584717, -5.091029644012451, 3.2016613483428955, 1.9453516006469727, -0.1963464915752411, 1.4942213296890259, 1.874512791633606, 3.214090347290039, -1.1123297214508057, 0.13452593982219696, 2.6135692596435547, 2.759392499923706, 1.6191884279251099, -0.7826830744743347, -2.9158754348754883, -3.9712626934051514, 6.457503795623779, 0.9642832279205322, -4.31789493560791, -2.992525339126587, 3.764235019683838, -1.8607138395309448, 5.220472812652588, -5.116844177246094, 1.6410245895385742, 3.9034698009490967, 1.590181827545166, -1.186077356338501, 0.5853521227836609, -2.329681396484375, -1.2038891315460205, -1.3723217248916626, 5.760761737823486, 4.000281810760498, -2.6775729656219482, -3.05957293510437, 4.903407573699951, -2.421128988265991, 2.188185930252075, 1.9056540727615356, -2.723541021347046, 3.351019859313965, 2.9561636447906494, -3.236347198486328, 4.312596797943115, 5.514981746673584, 2.184692621231079, -3.3641858100891113, -2.7873806953430176, 1.399412989616394, -1.1157150268554688, 0.6405998468399048, 3.992337465286255, -1.8527483940124512, 1.3029732704162598, -0.672831118106842, 1.5261090993881226, 0.9194589853286743, 1.9587979316711426, -1.9608715772628784, 1.6178144216537476, 5.454143047332764, 2.9091455936431885, 4.285623073577881, 0.8558180332183838, -2.4316368103027344, 1.9985402822494507, -2.986933469772339, -4.47683048248291, 3.9059135913848877, -2.123664617538452, 4.042052745819092, 6.133498191833496, -0.7343955039978027, 5.2085371017456055, -2.224125385284424, 4.414580821990967, -1.9147220849990845, -2.7107691764831543, -2.2412877082824707, 1.781628966331482, 3.0632827281951904, 2.855764389038086, 2.6436383724212646, -4.415034294128418, 2.1361067295074463, 3.05208683013916, -0.23071745038032532, 0.2204379141330719, 1.9412790536880493, -3.155346393585205, 1.6321028470993042, -4.078131198883057, -0.8659853339195251, 4.8557329177856445, -3.334794759750366, -1.109825611114502, -2.2276289463043213, -3.0146560668945312, -0.37053585052490234, 0.6218277812004089, 1.58784818649292, -2.1958436965942383, -3.226339340209961, -0.052127450704574585, 1.4108346700668335, 2.895764112472534, -4.055722713470459, 0.9584013819694519, -0.474096417427063, -1.2792001962661743, 5.560540199279785, 1.0549914836883545, 4.837228775024414, -1.6701470613479614, -0.364480584859848, 4.24415922164917, 3.2240753173828125, 4.627473831176758, 4.534521579742432, -2.467635154724121, 6.4549455642700195, 3.3060483932495117, 0.10062272846698761, -0.579259991645813, -1.487963318824768, -1.1498970985412598, -4.06427526473999, -3.986384391784668, 5.619190216064453, -0.635381817817688, -2.653724431991577, -1.8856737613677979, -4.639328479766846, 4.542076110839844, -1.6244457960128784, 2.4799928665161133, 1.287385106086731, -3.456799030303955, 2.6476941108703613, -0.7017039656639099]",1
36,9606.ENSP00000303437,"[1.915546178817749, -0.20022845268249512, 0.6437994837760925, 0.5059983134269714, -0.6285848021507263, -0.3704005479812622, 1.5484296083450317, 0.7013526558876038, -1.2349989414215088, -1.2772756814956665, 2.0640408992767334, -1.406302809715271, 0.16369789838790894, 0.5736230611801147, -0.37208157777786255, -0.6108382344245911, -0.5412480235099792, 0.3859562873840332, 1.4707194566726685, 0.09184613823890686, -0.32247743010520935, -1.9605138301849365, -0.1571451723575592, -0.6946800947189331, -0.017519712448120117, 0.8855748176574707, -0.7659595608711243, 0.1090640276670456, 1.620493769645691, 0.2733156979084015, 0.5100103616714478, -0.8781633377075195, 0.5757173895835876, -0.3756338059902191, 0.7661607265472412, 0.8679425120353699, -1.3549456596374512, -1.754662036895752, -0.6180646419525146, -0.23515182733535767, -1.2869089841842651, -0.8941600322723389, 0.03514334559440613, -0.45821118354797363, 0.23011772334575653, -1.624687910079956, 0.2096729725599289, 0.12620222568511963, -1.1186059713363647, -1.1569104194641113, 0.4772554039955139, 0.5492380261421204, -0.11228573322296143, 0.8812308311462402, 1.1148382425308228, -1.255441665649414, 0.8732267618179321, -0.10273329168558121, -0.25316864252090454, -1.0101594924926758, -1.6401768922805786, -0.06497296690940857, -0.5894511938095093, 0.12394778430461884, -0.38316231966018677, 0.6110123991966248, 0.006990402936935425, 0.8035455942153931, 0.1699218899011612, 1.7647705078125, 0.35254526138305664, 0.2215205878019333, -0.022499755024909973, -1.3534075021743774, -0.48384755849838257, 1.6389291286468506, -0.475294828414917, -1.6236536502838135, -0.7813842296600342, 1.0573394298553467, -0.20503005385398865, 1.7196681499481201, -1.2767667770385742, 0.19184547662734985, 1.006138563156128, -1.235062837600708, 0.05143488198518753, -0.6049255132675171, -0.867984414100647, 0.07650867104530334, 0.3101116716861725, 1.0839102268218994, 0.9403754472732544, -0.9534399509429932, -0.18569666147232056, 2.8378148078918457, -1.4836831092834473, 0.39947250485420227, -0.19688495993614197, -0.5610312223434448, 1.2445262670516968, 0.8506411910057068, -0.49634698033332825, 1.2858994007110596, 1.5771681070327759, 0.8690662384033203, -1.058140516281128, -0.7516687512397766, 0.5067530870437622, -0.2189057469367981, -0.24430593848228455, 0.7767478227615356, 0.17940640449523926, 0.07661698758602142, -1.1474883556365967, 0.6367577314376831, 0.22608335316181183, 1.0833696126937866, -0.008632749319076538, -0.14241339266300201, 0.9578698873519897, 1.1450929641723633, 1.6479072570800781, -1.1654912233352661, 0.2598757743835449, 0.9174281358718872, -1.8913133144378662, -1.7237679958343506, 0.4750925302505493, -0.31311124563217163, 1.1931434869766235, 1.824137806892395, 0.5456995964050293, 1.261272668838501, -0.7824448943138123, 0.5727587938308716, -1.2207964658737183, 0.5254298448562622, -0.12349370121955872, 0.8205630779266357, -0.15155652165412903, 0.646855354309082, -0.16831955313682556, -0.9538403749465942, 0.8787264823913574, 1.4832593202590942, -1.2660439014434814, -0.4272863566875458, 0.5126169323921204, -0.7296631932258606, -0.5650689601898193, -0.682813286781311, -0.3453945219516754, 1.502988576889038, -0.17655596137046814, 0.9109411239624023, 0.6323925852775574, -0.16473466157913208, -0.4086211323738098, 1.3536901473999023, -0.05712537467479706, 0.5846696496009827, -0.790064811706543, -0.6484373211860657, 1.1157143115997314, 0.6059936285018921, -1.5559844970703125, -0.7017302513122559, 0.4314940273761749, 0.788496732711792, 1.7538155317306519, -0.1982484757900238, 0.7622848749160767, 0.48416799306869507, -0.09892340004444122, 1.1994709968566895, 0.7047154903411865, 1.4334661960601807, 0.5060514211654663, -0.07371070981025696, 1.9513657093048096, 1.3366961479187012, -0.6991494297981262, 0.5348261594772339, -0.3337666988372803, -0.5666853785514832, -1.431955099105835, -2.1541640758514404, 1.5515708923339844, -0.3989376723766327, -0.30566561222076416, 0.34952789545059204, -0.14592421054840088, 0.4871453642845154, 0.906462550163269, -0.29341408610343933, 0.291088342666626, -1.4860804080963135, 0.04602523148059845, 0.29803937673568726]",1
37,9606.ENSP00000264972,"[4.520580768585205, -2.2932379245758057, -0.6771208047866821, -2.607032060623169, -4.158176422119141, 0.6317964792251587, -4.122494697570801, 3.0495364665985107, 3.2202529907226562, 1.0464940071105957, 5.676167964935303, 0.21574807167053223, -5.172950267791748, 1.8839075565338135, 3.1732544898986816, -0.19396716356277466, -2.7675089836120605, -3.3808953762054443, -0.9255006909370422, 7.653011322021484, 0.2650829255580902, -0.06934373080730438, -4.6412553787231445, 3.3352770805358887, 3.9639692306518555, -1.3880715370178223, 0.981497585773468, 1.0123761892318726, -3.2522871494293213, -5.289749622344971, -0.17465534806251526, -6.336102485656738, 2.7843377590179443, 0.6111272573471069, 3.6294567584991455, 0.676037073135376, -0.7986959218978882, -0.9238718152046204, -2.2914042472839355, 1.608450174331665, -0.8058620095252991, -2.7312099933624268, 1.2312618494033813, 5.490270614624023, 4.619800090789795, -1.963985800743103, -1.1668132543563843, -4.119678020477295, -5.2305006980896, 1.4539670944213867, -1.870776653289795, 0.46036815643310547, 0.07966399192810059, 3.997014284133911, -2.6903645992279053, -3.1287004947662354, 2.3738832473754883, -0.467889666557312, 1.7724419832229614, -4.763421058654785, -1.9686365127563477, -0.5073943138122559, -0.37383124232292175, 1.0726463794708252, -3.4600791931152344, -1.542274832725525, 2.0778326988220215, -0.7093561887741089, -2.358518123626709, 1.6566877365112305, -1.9993360042572021, -3.7885403633117676, 1.4600856304168701, -2.2466623783111572, -1.0506889820098877, 7.8410186767578125, -2.9655938148498535, -2.5689430236816406, -2.3337512016296387, -2.126180648803711, 3.3131766319274902, 1.882055401802063, -3.652684450149536, -1.6998953819274902, 0.8607461452484131, 2.467348098754883, 0.7412640452384949, -3.949387311935425, -2.5388474464416504, 6.081246852874756, -3.1747169494628906, 4.625219821929932, 1.8445690870285034, -1.397780418395996, -3.210618019104004, -0.26510804891586304, 1.6541681289672852, -5.309994697570801, 1.209627628326416, 3.811621904373169, 1.6503814458847046, 4.36834192276001, 0.5122227072715759, 2.7031517028808594, 1.1741172075271606, 0.09459048509597778, -1.0711631774902344, 2.630077362060547, 2.8631155490875244, 2.7249979972839355, -6.128771781921387, -3.2930426597595215, 3.0414845943450928, -3.76607346534729, -5.424314975738525, -2.124474287033081, 1.9120380878448486, -5.730738162994385, -3.3373794555664062, 1.780034065246582, 5.510578632354736, -4.370447158813477, 2.180877447128296, -5.540388584136963, 4.633142471313477, -0.21573293209075928, -5.781482696533203, -1.3962172269821167, 2.7033207416534424, 2.7152907848358154, 2.590873956680298, -0.16546757519245148, 3.9638895988464355, -2.675755739212036, -1.1645889282226562, -0.5908677577972412, -1.6773498058319092, 1.092667818069458, -1.904843807220459, -0.5730336308479309, 2.565922975540161, -2.3143539428710938, 3.963242292404175, -5.796181678771973, 4.691614627838135, -1.2923686504364014, -5.782262325286865, -3.461059331893921, 6.371781826019287, 1.1735899448394775, -1.1717664003372192, -0.5860369205474854, 3.0570545196533203, 0.1464221179485321, 0.8568213582038879, 1.4038258790969849, 4.406347274780273, 1.5592868328094482, 3.5630743503570557, 2.0476810932159424, -0.5869565010070801, -2.6348161697387695, -0.20811378955841064, -6.485776901245117, 2.860588550567627, 0.6570164561271667, 4.834539413452148, -5.826409339904785, 4.002187252044678, 1.1811362504959106, 4.96022891998291, -1.8640154600143433, 1.312042236328125, -1.299036979675293, -1.1767786741256714, -0.5586724281311035, -2.684372901916504, 1.9553203582763672, -0.31538861989974976, 1.6982804536819458, 6.9079461097717285, 5.666531562805176, -5.193966865539551, -3.8261122703552246, 0.4420776665210724, -4.444971561431885, 1.104022741317749, -3.3369083404541016, 4.261044502258301, -2.8114962577819824, 2.6762964725494385, -0.37834373116493225, -3.191514015197754, 3.6030259132385254, 4.170846939086914, -0.034091100096702576, -4.09741735458374, -5.016950607299805, 2.838073968887329, 0.6889366507530212]",0
38,9606.ENSP00000361850,"[7.278894424438477, -1.561794400215149, 0.9392086267471313, 1.285313606262207, 1.1427282094955444, -1.2059115171432495, -6.9825568199157715, 1.547255277633667, 0.6224849224090576, -2.3892569541931152, 4.6135029792785645, -2.328056812286377, 2.1995863914489746, -1.2973594665527344, 1.8952016830444336, 2.8003225326538086, -3.4877512454986572, 0.9630510807037354, -2.5460755825042725, 5.68885612487793, -2.990588426589966, 1.1398533582687378, 0.3801441490650177, 2.1681618690490723, -1.274683952331543, -4.242946624755859, 2.090998649597168, -2.355996608734131, -0.46651986241340637, -8.499711036682129, -0.5958442687988281, -2.1700408458709717, -0.7317862510681152, 1.9262012243270874, 3.3725533485412598, 1.9360638856887817, -2.605699300765991, 0.23268026113510132, -5.138735771179199, -1.111580491065979, -1.7808706760406494, -1.1332157850265503, -4.655228137969971, 0.2887773811817169, -3.739704132080078, -0.8068897724151611, 7.160837650299072, -4.371675491333008, -6.4302802085876465, 2.6773500442504883, 2.5628790855407715, 5.902716159820557, 2.5590896606445312, -1.1307711601257324, 0.8862375617027283, -4.038821220397949, 2.327587366104126, -4.1636857986450195, 5.910397052764893, -1.3952264785766602, -3.6349878311157227, -1.3707869052886963, 0.06385768949985504, 2.784975290298462, -3.1835153102874756, -5.0064496994018555, 2.2745635509490967, -4.238438606262207, -3.7586045265197754, -3.5904080867767334, 0.9301906824111938, 3.0293655395507812, 4.0375075340271, -6.185361862182617, 1.019517183303833, 7.470013618469238, -0.3919908404350281, 1.5093584060668945, -5.511848449707031, 0.15266460180282593, 1.4125341176986694, 3.1418142318725586, -0.28547734022140503, 0.8822880387306213, 1.927115797996521, -1.1874275207519531, 0.06326377391815186, -2.092456340789795, -0.04886496067047119, -0.9748254418373108, -2.982884168624878, 1.5578405857086182, 3.9750776290893555, -0.8162854909896851, -3.390964984893799, 1.0623338222503662, -3.38254714012146, -3.345233917236328, 5.2565531730651855, 0.47374650835990906, 4.42933988571167, 2.007214307785034, -2.399634838104248, 7.8058695793151855, -1.2987911701202393, 0.9394086599349976, -0.6010220050811768, 1.5307707786560059, 1.6065661907196045, 2.4244468212127686, -0.7289244532585144, -2.87288761138916, 1.0689805746078491, -3.986159086227417, -1.474387764930725, 1.0848361253738403, 1.9276821613311768, -4.0446248054504395, -3.663468360900879, 5.822452545166016, 9.033770561218262, 0.49819478392601013, -0.028351664543151855, 2.774650812149048, -2.051259756088257, -1.5084718465805054, -4.11706018447876, -0.8255303502082825, 1.3710072040557861, -2.1436407566070557, 5.991958141326904, -1.9257749319076538, -4.09113073348999, 2.519068479537964, 0.25657427310943604, 0.7265492677688599, 0.026096224784851074, 0.454967737197876, -0.6308674216270447, 1.3812330961227417, 4.457089900970459, 0.2557210326194763, -0.8019847273826599, -5.314419746398926, 2.210994005203247, 0.30425968766212463, -6.495866298675537, -5.510539531707764, 1.3920702934265137, 2.24569034576416, 1.0736570358276367, 0.050180643796920776, -0.9457085132598877, -3.9337384700775146, -0.13805602490901947, -1.7014355659484863, 0.13836973905563354, 1.625725507736206, 3.748948574066162, -1.3819663524627686, -2.768582344055176, -0.6616642475128174, -1.617883324623108, -4.045276165008545, 3.8882181644439697, 1.2587754726409912, 3.2095112800598145, -0.030550003051757812, 0.8458231687545776, -0.4564860165119171, 9.460824012756348, -2.9354779720306396, -0.9275497794151306, -0.8825139403343201, -1.2260856628417969, -2.09053373336792, -0.184978187084198, 5.8856635093688965, -1.150064468383789, 2.8612067699432373, 2.7079405784606934, 5.972100734710693, -0.8542068004608154, -0.20828115940093994, 0.028521329164505005, -1.2433898448944092, 0.2774047255516052, -0.440002977848053, 6.043886661529541, -0.8834595680236816, 1.7377053499221802, 0.1276567578315735, -4.9132585525512695, 4.4206109046936035, 1.5176702737808228, -2.145428419113159, -0.3876967430114746, -3.7106990814208984, 4.202343940734863, -2.710759162902832]",0
39,9606.ENSP00000319788,"[2.2465100288391113, -1.2955783605575562, -0.37956926226615906, 0.3039161264896393, -1.139459252357483, 2.468334197998047, 2.143554449081421, 2.05159592628479, 2.3271169662475586, -7.3594160079956055, 2.8136391639709473, 2.2565078735351562, -4.848509788513184, 3.960761070251465, -3.2040750980377197, -2.4689242839813232, -4.693533897399902, -1.1019375324249268, -3.123281478881836, 7.434153079986572, 6.849524974822998, 4.077372074127197, -2.761009693145752, -5.256686210632324, 3.654585123062134, -8.808958053588867, 5.595791816711426, -0.0861375480890274, 0.17725329101085663, -5.429274082183838, 2.3614728450775146, -10.349281311035156, -5.888686180114746, 10.701743125915527, 5.2588958740234375, -6.695067405700684, -1.6540124416351318, 2.1603522300720215, -0.5717291831970215, 1.9540820121765137, 1.0470459461212158, -5.40088415145874, -3.8355534076690674, -1.1127904653549194, 5.798245429992676, -8.334342956542969, 3.6054866313934326, -6.907005786895752, -4.913472652435303, 6.17997407913208, -2.454429864883423, 3.2378830909729004, 4.403565406799316, 4.505061626434326, -6.601099491119385, 1.0979655981063843, 2.1066291332244873, 4.330627918243408, 4.70863151550293, -4.55672025680542, -6.892081260681152, -3.160752296447754, 3.575937509536743, 4.663382530212402, 1.350755214691162, -10.053857803344727, -0.9220343232154846, -2.5406556129455566, -2.4054579734802246, -1.5930854082107544, 0.43766045570373535, 0.36698487401008606, 5.958832263946533, 0.13788077235221863, 4.414793014526367, 8.76307487487793, -0.14188037812709808, 1.1152429580688477, -6.085024356842041, -5.8249921798706055, 0.9084184169769287, 0.6659454107284546, -3.6736507415771484, -5.541406154632568, 10.508134841918945, 1.446960687637329, 2.7110989093780518, -6.273971080780029, 1.275041937828064, 6.492987632751465, -2.2015914916992188, 3.4372761249542236, 6.5435566902160645, 1.1652414798736572, -3.2475810050964355, -1.916921854019165, 3.6031458377838135, -10.043208122253418, 3.8505334854125977, 7.917555332183838, 6.2631611824035645, 0.22804632782936096, -2.7246806621551514, 0.9551306962966919, -2.1627116203308105, -4.563229084014893, 0.6668034791946411, 3.646174669265747, 0.3390393853187561, -7.360572338104248, -3.7184925079345703, -5.537118434906006, 3.9984347820281982, -5.318900108337402, -1.2903300523757935, -4.9792890548706055, 3.5969653129577637, -4.909042835235596, -8.951027870178223, 0.715656042098999, -0.12009906768798828, 2.5909976959228516, -1.771529197692871, 2.536146879196167, 1.4689871072769165, 4.763674736022949, 3.9238460063934326, 2.2807960510253906, -2.12640643119812, 1.8085588216781616, 4.901634216308594, -1.0475730895996094, -6.5286784172058105, -2.6928963661193848, -6.406936168670654, -2.385174512863159, -0.49597227573394775, -1.3225287199020386, -1.716012954711914, 1.9406678676605225, 6.579716205596924, -7.541213512420654, -8.304365158081055, -3.446298122406006, 2.567085027694702, 0.36735475063323975, -3.524325132369995, -0.36944618821144104, 1.4090062379837036, 5.770473957061768, -3.955867290496826, 2.990704298019409, 9.939105033874512, -1.9048357009887695, 1.3622210025787354, 9.950950622558594, 4.780128479003906, 2.542123317718506, 7.090376853942871, 6.4026408195495605, -1.521742820739746, -4.021169662475586, 4.235961437225342, -6.915152549743652, 4.586599826812744, -0.6619486808776855, 7.159785747528076, -3.368809938430786, 3.2883691787719727, 2.7317514419555664, 12.121631622314453, -7.7175116539001465, -2.518787384033203, 3.3019802570343018, -4.868156433105469, 0.6852518320083618, -1.534192442893982, 3.6794350147247314, -1.6841119527816772, -0.047531574964523315, 6.198749542236328, 4.608127117156982, -4.207869052886963, -6.637792110443115, 3.2834534645080566, 0.3648000657558441, 4.026673316955566, 1.0706219673156738, 4.066312313079834, -2.8581929206848145, 3.816509962081909, 1.6654963493347168, -5.00423526763916, 3.1607203483581543, 8.87315559387207, -9.048130989074707, -4.219317436218262, -6.696122646331787, -0.3192252814769745, 0.8784688115119934]",0
40,9606.ENSP00000294312,"[1.36604905128479, 1.3013412952423096, 0.9697685837745667, -0.7655401229858398, -2.5726876258850098, 0.6707412004470825, -1.3441379070281982, 3.855271816253662, 1.9828009605407715, -1.7600595951080322, 2.1858482360839844, 0.3903183937072754, -0.9869748950004578, 1.5227634906768799, 2.864582061767578, -0.4595020115375519, -1.8128769397735596, -3.2871804237365723, -1.4433550834655762, 3.8139050006866455, 3.2751736640930176, 1.546079158782959, -1.3548818826675415, 2.4215638637542725, 0.6938092708587646, -3.9911136627197266, 1.0169470310211182, 1.0968124866485596, -2.2225730419158936, -5.322350025177002, 4.551453590393066, -3.369046211242676, -0.5223428606987, -0.6865651607513428, 2.7250804901123047, 0.6263230443000793, -3.22171950340271, 0.1687888503074646, -2.4485089778900146, 0.8056850433349609, -2.402454376220703, -2.273193597793579, -0.4129292964935303, 2.204007148742676, 0.4231001138687134, -1.4406406879425049, 0.502984344959259, -2.7163681983947754, -0.26114919781684875, 1.4351537227630615, -1.9498817920684814, 2.361342191696167, 1.1903109550476074, 2.767279624938965, -1.0621105432510376, -1.875311255455017, 5.052159309387207, 2.1537718772888184, 0.6390547752380371, -5.259819984436035, -4.137560844421387, -0.003982283174991608, 0.14545634388923645, 2.6738336086273193, -2.1237175464630127, -3.351515293121338, 0.18405508995056152, -1.3279035091400146, -3.8194847106933594, 0.7795804738998413, -0.6816667914390564, -0.6667175889015198, 4.033761024475098, -4.060770511627197, 1.2453396320343018, 3.117088794708252, -2.8467814922332764, -0.61801677942276, -4.4250712394714355, -2.505913019180298, 2.3152670860290527, 0.18282748758792877, -0.8135530352592468, -1.85251784324646, 0.49659913778305054, 2.364741802215576, 0.6322594881057739, -0.9372755289077759, 2.401360034942627, 1.601597547531128, -1.7309991121292114, 3.296682596206665, 2.335054874420166, 3.3404412269592285, -1.6068826913833618, 4.643969535827637, 0.6131685972213745, -3.834599018096924, 2.586609125137329, 3.9192543029785156, 4.423658847808838, 2.722581386566162, -1.6772098541259766, 2.862610340118408, -0.19237852096557617, -3.6594600677490234, 0.8213022947311401, 2.3784472942352295, 1.4932979345321655, 1.4602831602096558, -1.1681642532348633, -1.1744441986083984, 2.4383108615875244, -3.441936731338501, -3.8479299545288086, -3.6236655712127686, 0.9351744651794434, -5.287642955780029, -1.966776967048645, 2.753460645675659, 5.043265342712402, -0.9363878965377808, 1.9795883893966675, 0.34963011741638184, 2.385817766189575, -1.7180826663970947, -3.456899881362915, -1.0574785470962524, 0.9750511050224304, 3.328209638595581, 3.533712387084961, -1.8613495826721191, -1.5691921710968018, -0.0029143691062927246, -2.268721580505371, -0.07359856367111206, -1.607994794845581, 1.7767322063446045, 2.0934324264526367, -0.1280645877122879, 2.3674070835113525, -3.7304773330688477, -0.7807289361953735, -5.112967014312744, 3.84938907623291, 1.5646095275878906, -3.9145612716674805, -3.6247220039367676, 3.21876859664917, 2.93436861038208, -1.8409044742584229, 3.06245756149292, -1.4136173725128174, -0.8539134860038757, -0.8696526288986206, 2.4980740547180176, 2.5091848373413086, 4.0444769859313965, 2.2910311222076416, 0.9213645458221436, -2.629840612411499, -0.8209543228149414, -0.8263721466064453, -2.0457301139831543, 1.5032483339309692, -0.6988424062728882, 3.068222999572754, -1.6865544319152832, 0.9641584157943726, 2.5452959537506104, 5.0311102867126465, -3.545027017593384, -1.8956965208053589, 3.181743621826172, -2.3550679683685303, -2.759550094604492, -3.9100265502929688, 4.371562480926514, 1.3436102867126465, 2.457538604736328, 0.8137650489807129, 4.3124518394470215, -0.951759934425354, -2.193474769592285, 2.953252077102661, -3.0052521228790283, 0.49280279874801636, -2.1460320949554443, 2.930293321609497, -2.936647415161133, 3.4151642322540283, 0.10674959421157837, -2.5522053241729736, 1.7604339122772217, 3.7584891319274902, -2.3545258045196533, -4.629910469055176, -2.753915548324585, 2.9010114669799805, 0.4283362030982971]",0
41,9606.ENSP00000483570,"[6.865100383758545, 0.47835445404052734, -2.5172319412231445, -5.514664173126221, -3.7738237380981445, -1.8491506576538086, -4.168035507202148, 1.9548379182815552, 3.2668099403381348, -2.784111499786377, 5.919049263000488, 2.1519417762756348, -3.7778334617614746, 0.8410179615020752, 5.412286281585693, -2.4251604080200195, -7.6592631340026855, -3.8589704036712646, 0.8058146238327026, 6.1852264404296875, 4.060017108917236, -2.0825462341308594, -5.505163192749023, 2.114074230194092, 8.951362609863281, -7.589249610900879, -4.999220371246338, 0.5752720832824707, -5.230830669403076, -7.433383464813232, 1.9146697521209717, -6.041331768035889, -1.1413639783859253, 7.921655178070068, 6.673991680145264, 0.5334287285804749, -1.1895899772644043, 2.5364246368408203, -4.274664878845215, 0.9593381285667419, -2.2494699954986572, -8.088896751403809, -2.7423019409179688, 7.912081241607666, 4.734053611755371, -7.011928558349609, 4.791262626647949, -5.119497299194336, -4.198714256286621, 3.1292195320129395, -3.751974105834961, 7.104095935821533, 0.39927738904953003, 0.7661857604980469, -4.3146562576293945, -5.257056713104248, 4.710783004760742, -0.1797640025615692, 5.507204055786133, -3.5581283569335938, -4.907505035400391, -1.7390251159667969, -2.1454052925109863, 1.6962409019470215, -2.3711087703704834, -3.2027201652526855, 1.7851635217666626, -6.408674240112305, -3.558863639831543, -2.084411859512329, -3.5926430225372314, -3.797419309616089, 5.829439163208008, -6.055248260498047, -1.1259878873825073, 8.240039825439453, -2.271658182144165, -1.3624646663665771, -3.905764102935791, -3.60502028465271, 6.120466232299805, 1.3694753646850586, -6.236125469207764, -3.8524529933929443, 2.2114102840423584, 3.1230592727661133, 4.944318771362305, -5.086386203765869, 0.6011854410171509, 7.85464334487915, -6.4219231605529785, 5.9133782386779785, 0.636716902256012, 1.510063886642456, -4.816688060760498, 1.4796100854873657, 2.8203253746032715, -7.655440330505371, 3.8748881816864014, 9.077972412109375, 4.240149021148682, 1.7365691661834717, -6.4340620040893555, 7.025299549102783, 0.5498729348182678, -1.0941927433013916, -0.2459985315799713, 3.230297327041626, 4.565837383270264, 4.831061840057373, -7.301715850830078, -3.710134983062744, 8.213395118713379, -4.774782180786133, -3.0040676593780518, -5.960129261016846, 2.201840400695801, -3.4124138355255127, -3.800877332687378, 6.194135665893555, 5.556017875671387, -8.13092041015625, 0.8818173408508301, -8.03050422668457, 7.318018436431885, -4.336492538452148, -7.329937934875488, 1.8037654161453247, 5.261841297149658, 3.8653740882873535, 0.4166065752506256, -3.685453414916992, -0.05568307638168335, -1.6699217557907104, 0.8104707598686218, -4.730343818664551, 0.5112001299858093, -2.764220952987671, 0.0033932924270629883, -1.5964891910552979, 3.2414710521698, -3.7913386821746826, 4.222947120666504, -1.9155470132827759, 8.596794128417969, -2.258965253829956, -5.035869121551514, -7.595751762390137, 9.6994047164917, 3.2474262714385986, -4.4393768310546875, 4.889919757843018, -1.811180591583252, 1.7744436264038086, 2.283780097961426, -1.7790590524673462, 2.852802038192749, 4.776581287384033, 9.353387832641602, 4.509769439697266, -0.1416151225566864, 2.0207064151763916, 1.8115426301956177, -3.4320640563964844, 5.787395000457764, -0.8241497278213501, 8.388073921203613, -6.850296974182129, 2.2013461589813232, 5.127813816070557, 5.387795448303223, -5.114931106567383, -2.8799092769622803, -2.3365893363952637, -3.1537106037139893, -4.396869659423828, -6.561059474945068, 4.593803405761719, -3.396284580230713, 0.7551407217979431, 6.780710697174072, 4.112502098083496, -4.779598236083984, -7.972983360290527, 0.3474676012992859, -6.070522785186768, 1.9140642881393433, -3.2707812786102295, 4.487569808959961, -6.661495208740234, 0.2548833191394806, 2.6860435009002686, -5.374027252197266, 1.2652149200439453, 4.050621509552002, -3.9560015201568604, -4.162700176239014, -11.084389686584473, 3.8524551391601562, 2.7941057682037354]",0
42,9606.ENSP00000380948,"[6.280627250671387, -1.8144642114639282, 2.946476459503174, 4.430795669555664, -5.064366340637207, -2.4185304641723633, -7.73177433013916, -2.141547918319702, 2.2014451026916504, -3.319624423980713, 7.9220123291015625, -2.3784897327423096, -2.954047679901123, 2.1398158073425293, -4.101766109466553, -0.7851770520210266, -2.1815476417541504, 3.505056858062744, -0.1495046317577362, 8.51758861541748, -6.814883708953857, -8.14156723022461, -2.299996852874756, -0.9996148347854614, 1.4947928190231323, -2.9711225032806396, 1.4632450342178345, 3.4744699001312256, 0.504828929901123, -3.3383305072784424, -6.720151424407959, -9.805034637451172, 1.6449401378631592, -4.767603397369385, 4.025212287902832, 1.180409550666809, -3.1328279972076416, -2.310520648956299, -4.593389511108398, -0.7855328321456909, -4.231426239013672, -5.39549446105957, -2.3230347633361816, -0.36534759402275085, 2.563930034637451, -2.537940263748169, 0.14603987336158752, -5.5007243156433105, -8.345428466796875, 1.7426284551620483, 6.896487236022949, 6.827521800994873, 0.624556303024292, 0.7176571488380432, 0.7311651706695557, -4.098288059234619, 2.315518617630005, -0.9956368803977966, 0.2938380539417267, -3.885364532470703, -8.732698440551758, 0.1237853467464447, 2.201551914215088, 3.530086040496826, -1.0526882410049438, -4.977865219116211, 1.1474109888076782, -4.590588092803955, -3.5701353549957275, 3.533336639404297, 1.493058681488037, -0.5837733149528503, 0.6630216836929321, -0.4762927293777466, -2.9193222522735596, 11.476593017578125, 3.733609676361084, 1.7678894996643066, -0.6504887342453003, 1.9439815282821655, 2.9944026470184326, 6.7484130859375, -1.8587865829467773, -1.6709752082824707, 9.595858573913574, -3.16444730758667, -3.0526552200317383, -0.9525149464607239, -2.851094961166382, 5.4053874015808105, -5.602203845977783, 3.8486173152923584, 9.536235809326172, -4.770773410797119, -4.9426069259643555, 4.9161248207092285, -6.252624034881592, 1.9260032176971436, 7.697516441345215, -0.6000335216522217, 2.9551162719726562, 5.882330417633057, -1.7455198764801025, 6.117740631103516, 3.1730196475982666, 4.382332801818848, 0.35684412717819214, -1.4879735708236694, -2.585066080093384, 5.716180801391602, -4.066763877868652, 0.7017494440078735, -0.22759374976158142, -2.3304929733276367, 0.3967870771884918, -0.3976028561592102, -0.1870402693748474, -0.9896413087844849, -5.731992721557617, 2.159414768218994, 9.968335151672363, -2.0405561923980713, 2.9870705604553223, -1.5010960102081299, 1.5240988731384277, -1.1945725679397583, -4.0376715660095215, -2.9136598110198975, 2.1884169578552246, -0.351078599691391, 2.866533041000366, 5.303414821624756, 3.770305633544922, 3.784799337387085, -1.9955811500549316, 0.10894489288330078, -3.9737303256988525, 0.24787434935569763, -0.261022686958313, 2.6095025539398193, 8.500073432922363, -4.16245698928833, 0.5597242116928101, -6.4017252922058105, 1.0656553506851196, 2.8308193683624268, -5.426818370819092, -3.225555419921875, 1.5125727653503418, -0.3291316628456116, 0.09968298673629761, -1.2909549474716187, -1.298525333404541, 0.36142605543136597, 0.4959836006164551, 2.134511709213257, 1.943265438079834, 0.22316919267177582, 3.467442274093628, 2.293307304382324, 0.7465399503707886, 0.5944114327430725, -0.791649341583252, -3.0430688858032227, 6.289107322692871, -2.4106876850128174, 4.397292137145996, -4.400198936462402, 1.5043824911117554, 4.162328243255615, 6.671363830566406, -2.613679885864258, 0.9147821068763733, -1.5294468402862549, -3.9546961784362793, 1.0252292156219482, 1.968870759010315, 6.129393100738525, 3.9851365089416504, -0.8499764800071716, 7.268130779266357, 8.624281883239746, -2.2567710876464844, -3.372058868408203, -4.424805641174316, 1.4659898281097412, 0.5570349097251892, 0.04543669521808624, 6.004487037658691, -3.8089303970336914, 3.437039852142334, -0.849279522895813, -5.414463996887207, 6.139790058135986, 6.870975017547607, -1.3864719867706299, 1.5322816371917725, -9.250006675720215, 2.8428990840911865, -1.4508893489837646]",0
43,9606.ENSP00000360871,"[2.890209674835205, -3.9832346439361572, 3.0066046714782715, 3.7002785205841064, -1.3271472454071045, 2.1673550605773926, -2.269885301589966, 1.0434880256652832, -2.9641273021698, 1.5880032777786255, 4.369523048400879, -3.2913239002227783, -0.15709666907787323, 0.05782967805862427, -1.757251501083374, 1.5305328369140625, 1.8091853857040405, 4.666607856750488, 3.5366361141204834, 1.3389232158660889, -2.9245846271514893, -4.8416337966918945, -2.007957935333252, 0.9053881168365479, -2.316814422607422, -1.1379717588424683, -3.355595350265503, -3.1702585220336914, 2.3108155727386475, -3.148000955581665, -2.917184829711914, -2.583651542663574, -0.5628279447555542, 2.3802647590637207, -0.8864424824714661, 1.3387072086334229, -5.814173698425293, -2.5653648376464844, -3.3984642028808594, -3.041952133178711, -0.15701675415039062, -3.254474639892578, -7.325779914855957, 1.5434455871582031, -0.4708935022354126, 0.17070257663726807, 3.923330783843994, -3.8060922622680664, -2.7210869789123535, -2.064701557159424, 4.643185615539551, -1.0964893102645874, 0.15842773020267487, 0.06464481353759766, 1.121206521987915, 3.288054943084717, 0.3068973422050476, -2.670070171356201, -1.5700466632843018, 0.9551604986190796, -0.7546509504318237, 4.612612247467041, 3.8411049842834473, 1.111339807510376, -1.5712275505065918, 0.8773221969604492, 5.090785503387451, -0.9500378370285034, -2.7540814876556396, 1.466280460357666, 4.224943161010742, -0.8992840647697449, 0.8277403712272644, -1.9178390502929688, -4.068241596221924, 6.612738132476807, 3.882263660430908, -1.733471393585205, -0.612120509147644, 1.9986228942871094, -0.9739721417427063, 0.6057656407356262, 0.690311849117279, -0.9281725883483887, 2.3266873359680176, -2.068154811859131, -4.692768096923828, 2.3795762062072754, -2.634089946746826, -2.7680554389953613, -0.12161344289779663, 0.1711476743221283, 0.6965802907943726, -3.009596586227417, -2.1994364261627197, 0.5648300647735596, -2.6737687587738037, 1.5821943283081055, 3.139686346054077, -1.2356587648391724, -1.1218640804290771, 0.4582566022872925, -0.4837022125720978, 1.409395456314087, 3.079442262649536, 2.212982654571533, -2.7599434852600098, -1.0263313055038452, -2.248173952102661, 1.9301015138626099, -0.6398917436599731, 1.991430401802063, -2.535508632659912, -2.433431625366211, 2.339909315109253, 2.9492275714874268, -2.1183369159698486, -0.26108741760253906, -2.8150625228881836, -0.6045948266983032, 2.3725380897521973, -1.5590656995773315, 0.8432917594909668, 0.15039241313934326, 0.5025802850723267, 3.7240681648254395, 0.21395009756088257, -3.859099864959717, -1.290402889251709, -3.020099401473999, 2.1001617908477783, 3.6218557357788086, 1.059211254119873, 3.6827778816223145, -0.2683892250061035, 2.730926036834717, -4.544350624084473, -3.8292694091796875, -1.3571498394012451, 4.485175609588623, 2.299114227294922, 0.10695193707942963, 2.2725484371185303, -4.128850936889648, 0.8035942912101746, 4.53223991394043, 1.025686264038086, 2.017345428466797, 0.7548457384109497, 2.646416425704956, 3.549795389175415, -2.966036796569824, -5.854720592498779, 3.3435587882995605, -4.413112163543701, 0.52284836769104, -1.6696752309799194, -2.7718920707702637, 2.701479434967041, 1.4300013780593872, -0.026712730526924133, 1.021890640258789, 0.5828478336334229, -1.7727470397949219, 4.0634307861328125, 2.365375518798828, -0.8297097682952881, 0.40435728430747986, 2.1847963333129883, 1.3015609979629517, 3.514971971511841, -0.8476172685623169, 2.181359052658081, -1.6555356979370117, -3.0508744716644287, 5.381575584411621, 3.295970916748047, 2.9097201824188232, 3.798551082611084, -0.5768064260482788, 2.057086944580078, 1.9469587802886963, -2.4178307056427, -0.2744166851043701, -5.31065559387207, 0.7970913648605347, 0.5504974126815796, -1.6142634153366089, 2.3008525371551514, -2.208482027053833, -1.2446279525756836, -2.447317600250244, -0.3220532238483429, -0.5366899967193604, 3.343825340270996, 1.439839243888855, -0.9959919452667236, -1.242557168006897, 0.685910701751709, -1.8541886806488037]",0
44,9606.ENSP00000287600,"[1.790028691291809, -0.1582094430923462, 1.7918965816497803, 2.5507969856262207, -0.0885980874300003, 2.2195985317230225, -1.1289728879928589, 0.6133517026901245, -1.3055325746536255, 1.353368878364563, 1.4241502285003662, -1.5603127479553223, 0.21627089381217957, -2.0103204250335693, -1.0586023330688477, 0.3542177081108093, 2.3847737312316895, 2.2428364753723145, 2.06286358833313, 0.5420942306518555, -0.6908057928085327, -1.7003235816955566, 1.2230114936828613, 1.6069860458374023, -0.08595077693462372, -1.5900684595108032, 1.4694184064865112, 0.09454876184463501, 0.7171887755393982, -2.445338726043701, 0.16803127527236938, -1.6839838027954102, 1.2743512392044067, 1.001534104347229, 1.014426827430725, 0.8328868746757507, 1.4111053943634033, -1.1664726734161377, -1.1662760972976685, -2.3235225677490234, -0.9587314128875732, 0.768318772315979, -1.3980591297149658, 2.0840251445770264, -1.2000794410705566, -0.8099101781845093, 2.3601012229919434, 1.1142089366912842, -1.7064582109451294, -0.6460797190666199, 1.6959340572357178, 2.5691421031951904, 0.679369330406189, -1.8575068712234497, 0.34013351798057556, -1.8123189210891724, 1.0711413621902466, -1.92130446434021, 1.2083905935287476, -0.24467340111732483, -2.5800936222076416, 1.2121622562408447, 2.481473922729492, -0.3501511812210083, 0.46800148487091064, 1.8334784507751465, 0.911618173122406, -1.6298067569732666, 0.27972081303596497, 0.2865285575389862, 0.6602563858032227, 0.5896608233451843, 1.7679741382598877, -1.1219844818115234, -2.759243965148926, 2.8873612880706787, 2.683271646499634, -1.3786903619766235, -1.3672621250152588, 0.43596264719963074, -1.0391151905059814, 2.5255439281463623, -0.03165413439273834, -1.4572433233261108, 0.47287821769714355, 0.6551464796066284, -1.324004888534546, -0.6751528382301331, -2.2314460277557373, 0.2054326832294464, -0.5890873074531555, 2.31071138381958, 1.8221492767333984, -3.140455484390259, -1.1035411357879639, 1.0601096153259277, -2.2136521339416504, 1.257749080657959, 1.6455802917480469, -0.9765344858169556, 1.3223683834075928, 0.9440555572509766, -1.9342821836471558, 1.3682490587234497, 2.1963582038879395, 1.626032829284668, -1.5747390985488892, -1.2150521278381348, -1.0344833135604858, -0.8915692567825317, 0.8529624938964844, 0.4059430956840515, -1.6109241247177124, -0.7597548961639404, 0.5587340593338013, -0.23796027898788452, 0.48110973834991455, -1.3712708950042725, -0.5357252955436707, 1.0086438655853271, 1.5188038349151611, 1.6039365530014038, 1.1881628036499023, -0.08564385771751404, -0.030012547969818115, 0.8941341638565063, -1.726678729057312, -2.3852858543395996, 1.1683781147003174, -1.362751841545105, 1.1261833906173706, 0.3808666169643402, -0.9013233184814453, 1.755234718322754, -1.1013480424880981, 1.7409547567367554, -1.67220938205719, -1.977978229522705, 0.8247991800308228, 2.0302395820617676, 1.4018737077713013, 0.37728312611579895, 0.9526565074920654, -1.9699766635894775, 2.5751776695251465, 1.9467401504516602, -0.4451693594455719, 0.536345362663269, 1.7051018476486206, -1.3308579921722412, 1.410796046257019, -2.014307737350464, -0.1360396295785904, 2.337151288986206, -1.6760363578796387, -2.120356798171997, -1.052345633506775, -2.173096179962158, -0.4417920708656311, -0.7512660622596741, -0.5481153726577759, -2.912666082382202, -0.4616892635822296, -1.9727338552474976, -1.7996115684509277, 1.6391087770462036, 1.3639516830444336, 0.7111787796020508, 0.09740093350410461, -1.0851365327835083, 2.043525218963623, -0.4676620364189148, 1.7800027132034302, -1.9949365854263306, 0.8634308576583862, 2.0439772605895996, 1.6371803283691406, 1.9702270030975342, 0.879798412322998, -2.420290470123291, 2.6104915142059326, 1.7288620471954346, -0.058855459094047546, 0.31098034977912903, -2.0470058917999268, 1.2058696746826172, -1.4296377897262573, -0.1176329255104065, -0.07793223857879639, 0.4317375719547272, 0.1128847599029541, -0.5710080862045288, -1.9811559915542603, 0.35300204157829285, -0.061825960874557495, 0.5599543452262878, 1.0492111444473267, -1.9392950534820557, 2.2651689052581787, -2.702462673187256]",0
45,9606.ENSP00000360697,"[0.7027953863143921, -0.043807774782180786, 1.2451012134552002, 1.3165853023529053, -0.7204639911651611, 1.8127532005310059, -1.374927282333374, -1.1727741956710815, -1.4535688161849976, -1.7640113830566406, -0.9005934596061707, -2.7998414039611816, 0.7049607038497925, -2.3113343715667725, -0.6743043065071106, 1.1195344924926758, -1.5172125101089478, -0.2688010036945343, 0.5795556306838989, 1.1865811347961426, -1.9816631078720093, -1.7690523862838745, 1.221354365348816, 1.431868076324463, -0.6522490978240967, -2.9275403022766113, -2.724341630935669, -0.7096835374832153, 0.617072582244873, -2.769679307937622, -0.46428754925727844, -3.6026041507720947, -0.2278214991092682, 0.6078997254371643, 0.6505308747291565, 3.1327013969421387, -4.654823303222656, -1.1221927404403687, -0.581027626991272, -0.6864147186279297, 1.5972038507461548, 0.131541907787323, -3.1054184436798096, 0.24456249177455902, 0.8714930415153503, -1.2934335470199585, 1.6520668268203735, -1.6147418022155762, -1.192845344543457, 1.3372687101364136, -0.5846295952796936, -0.253426730632782, -1.246274471282959, -1.169492244720459, 1.078887701034546, -0.9541630744934082, 0.01386365294456482, -1.954195499420166, 1.2901611328125, 0.5383260250091553, -1.4066426753997803, 0.8150783777236938, 0.5015136003494263, 0.540148913860321, -1.0507316589355469, 0.5632038712501526, 3.4642317295074463, -1.004325270652771, -1.8773713111877441, 0.6803475618362427, 1.603013515472412, 0.3302880823612213, 0.21107588708400726, 0.8936866521835327, 0.41064196825027466, 2.804189920425415, 0.3019082248210907, -2.5850415229797363, -0.4401967525482178, 1.8419361114501953, 0.32166504859924316, -0.4499293565750122, 0.2966008484363556, 0.36528632044792175, 0.654015302658081, -1.2733056545257568, -2.118602752685547, 0.7683936953544617, -0.19545191526412964, -0.024572819471359253, -0.41810792684555054, 1.1292483806610107, -0.4125766456127167, -2.091981887817383, -0.3063204884529114, 0.5290359854698181, -2.1591601371765137, -2.7083992958068848, 1.058011531829834, -0.4605157971382141, 1.5979971885681152, 0.5830783247947693, -1.737671136856079, 0.8821139335632324, 1.9515950679779053, 0.7757799625396729, -0.8692375421524048, -1.904916763305664, -1.7376937866210938, 0.5974898338317871, -1.1768559217453003, 0.5625913143157959, -1.3627665042877197, 1.1658391952514648, 1.0933870077133179, 0.2084951102733612, -2.0346434116363525, 0.42541053891181946, -2.1431522369384766, 1.853433609008789, 1.4948573112487793, -0.7149844169616699, 1.3944683074951172, -1.017673134803772, -0.9637686610221863, 1.2909997701644897, 0.21587654948234558, -1.2262442111968994, -1.108314037322998, -0.25250425934791565, -0.5347241163253784, 1.9597448110580444, 0.35909736156463623, 1.101874828338623, -0.8055568933486938, 2.6447463035583496, -0.6430746912956238, -1.9977896213531494, -1.7658045291900635, 1.6316359043121338, 1.3026483058929443, 0.36484232544898987, -0.17781716585159302, -2.1906299591064453, 0.3765130043029785, 1.150679349899292, -1.540269374847412, -0.14418524503707886, -0.2678357660770416, 0.6999644041061401, -0.2549329400062561, -1.2036044597625732, -2.8996593952178955, 2.9935874938964844, -0.1621386557817459, -0.4773467779159546, 0.7037553787231445, -1.892089605331421, 2.3120102882385254, 1.1550781726837158, 1.0138100385665894, -0.37032705545425415, -1.6609395742416382, 0.23048606514930725, 0.848778486251831, 0.33591151237487793, -0.5910564661026001, -0.5801663994789124, -0.44671154022216797, 0.7281959056854248, 1.1988887786865234, 0.3316894471645355, 0.6722534894943237, -0.6989793181419373, 1.0618880987167358, 1.3328474760055542, 0.7175302505493164, 1.9911106824874878, 0.6018679141998291, -2.0629870891571045, 2.2622430324554443, 1.5523358583450317, 0.3129681944847107, 0.749963641166687, -2.406215190887451, 0.382247656583786, -0.09444950520992279, -0.2820040285587311, 0.36123430728912354, -0.6164188981056213, -0.5188546180725098, -3.2604823112487793, -0.8331551551818848, 1.2280833721160889, 0.27804505825042725, 0.9660645723342896, -1.520683765411377, -0.3530921936035156, 1.5111756324768066, -2.4424116611480713]",0
46,9606.ENSP00000215904,"[2.036807060241699, 0.5810208320617676, -0.36265644431114197, 1.6236950159072876, -2.886140823364258, 0.9458388090133667, 2.279541492462158, 0.37703800201416016, 0.31107252836227417, 1.152060866355896, 5.557564735412598, -3.516566514968872, -1.4443038702011108, 0.030147328972816467, -1.9190547466278076, 1.3017995357513428, -0.4798440933227539, -0.7536450028419495, 1.6298201084136963, 1.8348026275634766, 0.8685502409934998, -2.150489330291748, -1.0828592777252197, -0.08266988396644592, -0.8093335628509521, 0.4964798390865326, -0.4444619417190552, 3.8063061237335205, 0.9066132307052612, 0.4012455344200134, 0.2687009274959564, -0.6136494278907776, -1.0176149606704712, 1.3391046524047852, 0.49835875630378723, -2.806569814682007, -1.0438951253890991, 1.5028342008590698, -0.12954552471637726, -1.3185570240020752, -1.862038016319275, -0.20369648933410645, -3.5213100910186768, 2.9733798503875732, 3.1176137924194336, -1.1721006631851196, 1.9478129148483276, -0.4258030951023102, -1.7604429721832275, -0.7631521821022034, 2.108358144760132, 2.557025671005249, 4.06501579284668, 2.4551212787628174, 3.1940577030181885, -0.4575077295303345, 3.6936910152435303, -0.7009850144386292, 0.5224246978759766, -0.5929332971572876, -2.952594757080078, -0.6806018948554993, 1.5157520771026611, 0.016128957271575928, -1.3897786140441895, 3.6497581005096436, 0.02993534505367279, -2.546506881713867, -0.887938380241394, 0.8996990919113159, 2.123558521270752, -0.5164427161216736, 3.6553730964660645, -2.5554866790771484, 0.04218919575214386, 3.0448241233825684, 0.7158524990081787, 1.9756312370300293, -1.4933648109436035, 1.1069375276565552, -0.40683087706565857, 2.639407157897949, -3.7464218139648438, -1.50094735622406, 0.5609863996505737, -0.3092260956764221, -1.5733563899993896, -3.4842796325683594, -2.6474595069885254, 1.9777469635009766, -3.20402193069458, 2.7156174182891846, 2.052215099334717, -4.349084377288818, 1.341280460357666, 2.5288572311401367, -2.4302825927734375, -3.049299955368042, 1.7008962631225586, 1.5500420331954956, -2.881572723388672, 1.0080353021621704, -1.2074177265167236, 4.978147029876709, 1.2849781513214111, 3.0265090465545654, -2.1649162769317627, 3.1215615272521973, -0.6411072015762329, 0.16421853005886078, -0.10461631417274475, 0.6634191870689392, -0.3658219575881958, -5.2483720779418945, -0.4190516471862793, 0.8658305406570435, 3.507115125656128, -1.0157710313796997, 1.4589815139770508, 2.8350465297698975, 1.20784592628479, 1.434075117111206, 3.13034987449646, -2.047166585922241, 2.3567936420440674, -0.7733682990074158, -1.3419448137283325, -1.9323087930679321, 1.8787049055099487, -1.3599497079849243, 2.0434248447418213, 0.10731887817382812, 2.311615228652954, 3.407273292541504, -3.8498075008392334, 2.6395435333251953, -3.2954938411712646, -2.210045337677002, -2.078630208969116, 1.593446135520935, 2.784580707550049, -0.13103652000427246, 1.642659306526184, -3.680518627166748, 4.264462471008301, 1.5256264209747314, -3.884697675704956, -2.218891143798828, 1.6290515661239624, 0.8458424806594849, 0.16470664739608765, -2.3064725399017334, -0.5968491435050964, 2.019059181213379, -2.773071527481079, 2.5596506595611572, -1.9374088048934937, -0.33004361391067505, -0.25329068303108215, -1.0665102005004883, -1.3538473844528198, 2.5699310302734375, -0.66969233751297, -2.470290422439575, 2.9221832752227783, 0.5755020380020142, 1.5301127433776855, -2.074958324432373, 3.1059257984161377, 1.5006128549575806, 1.4727774858474731, -2.632089614868164, 2.2900662422180176, -0.1081383228302002, -2.300224542617798, 1.7974185943603516, 2.1413004398345947, 1.3969101905822754, 2.5366294384002686, 1.2577136754989624, 1.300288438796997, 1.4426939487457275, -2.3776371479034424, -2.8615078926086426, -0.45474594831466675, -3.1346263885498047, 2.83601450920105, -1.2087383270263672, 0.465429425239563, -0.4560866355895996, 4.359503269195557, -1.760440707206726, -3.3880205154418945, 0.7014973163604736, 3.794862985610962, -1.5449610948562622, -0.6445096135139465, -2.1491241455078125, 1.643068790435791, -1.091497778892517]",0
47,9606.ENSP00000494175,"[2.5863919258117676, -1.7467560768127441, 6.537841796875, 0.7371493577957153, -0.5189722776412964, -1.4415662288665771, -0.47900429368019104, 1.4106109142303467, -1.235425591468811, 0.48920759558677673, 1.619402289390564, -4.857320785522461, 1.366244912147522, -1.0936603546142578, -3.6252622604370117, -1.5650594234466553, 3.758763313293457, 1.608135461807251, 4.018658638000488, -0.6052188873291016, -3.863241195678711, -7.013348579406738, -1.548364281654358, 2.3244829177856445, -1.011913537979126, -1.1256825923919678, -0.24558642506599426, -2.5825247764587402, 3.2553999423980713, -3.863407850265503, -0.0076638758182525635, -6.39907693862915, -3.2369377613067627, 2.82647442817688, 0.024528130888938904, 2.127869129180908, -0.21101948618888855, -2.8228726387023926, -2.7610421180725098, -2.3197553157806396, -0.15413616597652435, -0.10291668772697449, -2.7359161376953125, 0.799699068069458, 0.1845511496067047, -1.4084844589233398, 2.08160662651062, -4.5896806716918945, -2.116154909133911, -1.8885798454284668, 3.091993808746338, 3.7562012672424316, 1.0441662073135376, 1.955251932144165, 1.970644474029541, -0.92274010181427, -0.4181685447692871, -4.216189384460449, -1.4485208988189697, 2.74918532371521, -0.513224720954895, 5.349334716796875, 6.1857428550720215, 1.3578495979309082, -0.0782090574502945, 1.3787436485290527, 0.8051305413246155, -2.1704537868499756, -0.18400520086288452, 1.9848690032958984, 1.4376771450042725, 0.3641417324542999, -0.8036717176437378, -1.4166841506958008, -2.3092262744903564, 7.511383533477783, 3.6883294582366943, -2.8395090103149414, 0.12940913438796997, 4.046935558319092, -2.5735161304473877, 2.8004086017608643, 2.6590495109558105, -2.579066276550293, 3.905778169631958, -3.3896286487579346, -3.7351131439208984, 1.007603645324707, -2.046260356903076, -0.8611786961555481, -2.220095634460449, 0.6398908495903015, 3.0586752891540527, -1.3702458143234253, -3.412503719329834, -0.23261120915412903, -2.9750163555145264, -0.9002194404602051, 2.6957125663757324, 0.8097333312034607, 2.8638601303100586, 0.9582071900367737, -2.2928292751312256, 0.0655089020729065, 2.214346408843994, -0.465321809053421, -5.270094394683838, -1.8550152778625488, -0.883039653301239, 1.2679250240325928, -1.9650071859359741, 1.3495149612426758, -3.654820203781128, -1.2766202688217163, -0.5153636932373047, 1.452601671218872, -1.4038881063461304, 4.122570991516113, -3.6389803886413574, 1.5202738046646118, 1.3352086544036865, 2.239252805709839, 3.037599802017212, 1.7519088983535767, -3.2625234127044678, -0.7139236927032471, -0.5446257591247559, -4.608096122741699, -0.25857868790626526, 0.4727172255516052, 1.8558251857757568, 4.304546356201172, 0.14461226761341095, 3.2912983894348145, 1.0809093713760376, 2.6295039653778076, -5.409168720245361, -3.275397539138794, -0.5534124970436096, 2.3166863918304443, 2.203188180923462, -1.3491191864013672, -2.618849277496338, -2.3678698539733887, 2.2355005741119385, 1.2404899597167969, -0.5491346120834351, 4.022111415863037, 1.5937855243682861, 0.3160303831100464, 1.0065147876739502, -1.4380906820297241, -5.375596046447754, 3.4651687145233154, -5.858216762542725, 1.4365873336791992, -3.967714786529541, 0.4734172224998474, 2.134976387023926, 0.7913358211517334, 1.8425946235656738, -2.3898208141326904, 0.7367517948150635, -0.0076760947704315186, 0.6304979920387268, 4.252707004547119, -0.7174713611602783, -0.8975054025650024, 3.6450743675231934, 1.4905617237091064, 5.194269180297852, -2.6676363945007324, 2.059483051300049, -2.0261261463165283, 0.6113463640213013, 0.06769096851348877, 3.5106849670410156, 1.8929959535598755, 2.5185821056365967, -3.002575635910034, 3.571852684020996, 2.0134127140045166, -0.8889048099517822, -2.4289798736572266, -2.5531883239746094, -0.8842222690582275, -1.3936243057250977, 0.4978792369365692, -2.709530830383301, -1.8377957344055176, -0.13029080629348755, -3.9208567142486572, -0.4669869542121887, 1.5868898630142212, 3.5626566410064697, 0.3618183135986328, -0.6249914169311523, -1.660191535949707, 2.3122975826263428, -4.75281286239624]",0
48,9606.ENSP00000394842,"[2.2146217823028564, -2.192960262298584, 1.322380542755127, 2.3349685668945312, 1.0648571252822876, 1.2587236166000366, -0.8171952962875366, 0.817375898361206, -1.6168322563171387, 1.6978089809417725, 0.5292989015579224, -2.803417205810547, 0.59773850440979, -1.2162373065948486, -1.2868707180023193, 0.7818801999092102, 1.056950330734253, 1.629040002822876, 3.6025116443634033, -0.25337257981300354, -0.5615384578704834, -3.903142213821411, 0.6220220327377319, 1.5998040437698364, -1.225295066833496, -0.8318809866905212, 0.5473934412002563, 1.0078659057617188, 1.2438969612121582, -1.6607224941253662, -2.4069278240203857, -2.5005970001220703, -0.940686821937561, -0.5695872902870178, 1.1201605796813965, 0.039991557598114014, -0.7295669317245483, -2.0038135051727295, -0.25592654943466187, -1.5624520778656006, -0.828497588634491, 0.28214210271835327, -2.3066046237945557, 1.8125824928283691, 0.793373703956604, 0.0727391391992569, 1.675498127937317, 0.2920299768447876, -2.068244218826294, -1.3358310461044312, 2.6992928981781006, 1.2876791954040527, -1.0124026536941528, -0.1412152349948883, 1.5937910079956055, -2.2941434383392334, 1.290991187095642, -0.5812320709228516, 0.6253480911254883, -0.9260384440422058, -1.4480915069580078, 1.6879854202270508, 2.4634745121002197, -0.7590372562408447, 0.2763785123825073, 1.6678029298782349, 2.345669746398926, -1.2841979265213013, -0.9704717993736267, 0.823489785194397, 2.0650880336761475, 0.1828431487083435, 0.2370586097240448, 0.38456350564956665, -2.279792547225952, 2.2461483478546143, 1.4837522506713867, -1.3511253595352173, -1.148369312286377, 2.3394808769226074, -1.2486546039581299, 1.9189529418945312, -0.1702394187450409, 0.838062584400177, 1.30961275100708, 0.534461259841919, -2.1038460731506348, -0.6030126810073853, -1.6012543439865112, 0.5835621356964111, -1.311996579170227, 1.867592215538025, 1.2902851104736328, -2.2535715103149414, -0.836456298828125, 0.745557427406311, -2.109736442565918, -0.4346846044063568, 0.850899338722229, -2.3614299297332764, 1.552497148513794, 1.1578514575958252, -0.4585183262825012, 1.6670405864715576, 2.2760355472564697, 0.436940461397171, -2.1976511478424072, 0.1693020462989807, -0.36467278003692627, -1.2123141288757324, -0.8471298813819885, 0.9853827357292175, -2.0069007873535156, 0.28252464532852173, 0.9651411175727844, 2.328504800796509, -0.11747857928276062, 0.40434911847114563, -1.432766318321228, 0.7385876178741455, 1.005375623703003, 1.4207417964935303, 1.4584099054336548, 1.439863920211792, -1.6530406475067139, 1.74204683303833, -0.8373430967330933, -1.9362876415252686, 1.3950635194778442, -0.4653414487838745, 0.9399077892303467, 1.7502868175506592, 1.0698943138122559, 2.1718978881835938, -0.8231252431869507, 2.5787711143493652, -2.131714105606079, -2.715406656265259, 0.12439849972724915, 2.9767088890075684, 0.6504551768302917, 0.5577563047409058, 1.576399564743042, -1.9605796337127686, 1.5947473049163818, 2.3715994358062744, -1.0229113101959229, 2.221418619155884, 1.3734606504440308, -0.4030457139015198, 0.36689454317092896, -2.347982406616211, -1.7984243631362915, 2.529294729232788, -0.910194993019104, -1.3922204971313477, -0.839606761932373, -2.317223310470581, 0.7740859985351562, 0.15954798460006714, 0.27998584508895874, -1.1771246194839478, -0.46812641620635986, -1.1723802089691162, 0.810275673866272, 1.0187170505523682, -0.6603634357452393, 1.3897217512130737, -0.9409427046775818, 1.176645278930664, 2.223827600479126, -1.1418834924697876, 2.582756757736206, -1.050166130065918, 0.6719122529029846, 1.6810152530670166, 0.6994796991348267, 1.9317069053649902, 2.157043695449829, -1.3603239059448242, 1.257906198501587, 1.3584678173065186, 0.018169283866882324, -0.46703702211380005, -0.9375891089439392, 1.469295859336853, -0.8316082954406738, 0.8050798177719116, 1.705552101135254, 0.4560302495956421, 0.1504555642604828, -0.9325034618377686, -0.03377622365951538, -0.7804573774337769, 1.611161231994629, -0.21604442596435547, 0.2098824828863144, 0.2045697569847107, 2.2752625942230225, -2.280972480773926]",0
49,9606.ENSP00000480132,"[3.089707374572754, -2.01811146736145, 2.625684976577759, 3.513430118560791, -0.6741597652435303, 0.7338460683822632, -3.064899444580078, 1.131811499595642, -1.3176071643829346, -1.3884708881378174, 2.5412566661834717, -2.6865005493164062, 0.9982978701591492, -0.4689777195453644, -0.9329571723937988, 0.8865121603012085, -0.7064988613128662, 2.076267957687378, 1.6537878513336182, 1.5811607837677002, 0.07767799496650696, -2.65846848487854, -0.17536595463752747, -0.335122674703598, -1.3847368955612183, -3.1337790489196777, 1.5503062009811401, 0.4204998314380646, 0.04964430630207062, -2.3738462924957275, -2.1621060371398926, -2.9722907543182373, 0.274616539478302, -0.4740026891231537, 3.3931632041931152, -0.3317776024341583, -4.4755377769470215, -1.1863930225372314, -2.039616584777832, -0.6436234712600708, -1.8493157625198364, 1.643364667892456, -2.443279981613159, -1.0861409902572632, -1.42418372631073, -0.6787803173065186, 2.7811152935028076, -2.05026912689209, -2.968400001525879, -0.7196354866027832, 1.5185596942901611, 3.1147525310516357, -0.5317248106002808, -1.2690620422363281, 2.869349241256714, -2.9620888233184814, 1.7391493320465088, -1.0745856761932373, 0.3276642858982086, -2.059448719024658, -4.476351261138916, 1.1738512516021729, 1.0606486797332764, 1.0629771947860718, 0.34198254346847534, 0.3870583772659302, 2.4550065994262695, -2.7969882488250732, -1.515864610671997, 0.09308475255966187, 1.9313359260559082, -0.49332401156425476, 0.026096820831298828, -0.2459344118833542, -2.2807304859161377, 3.985912322998047, 1.4617539644241333, -3.2543392181396484, -3.7133193016052246, 2.0082666873931885, -1.2261672019958496, 1.239648461341858, 0.8092848062515259, 1.4416391849517822, 1.0029163360595703, -0.033420130610466, -1.7081525325775146, -0.004923835396766663, -2.707026958465576, -0.533372700214386, -1.9567980766296387, 3.1034631729125977, 2.4177298545837402, -1.3668625354766846, -0.23206782341003418, 3.13923716545105, -1.16798734664917, -1.2933285236358643, 2.587482213973999, -2.302088737487793, 0.09847798943519592, 2.5798044204711914, -2.2988693714141846, 2.412158489227295, 2.089578151702881, 0.8627236485481262, -2.5163097381591797, 0.5905779600143433, -1.325710654258728, 0.00264054536819458, 0.007010668516159058, 1.14438796043396, -0.6406731009483337, -1.984905481338501, -1.2705999612808228, 0.686578631401062, 2.354421854019165, -2.0484185218811035, -2.065171241760254, 0.6255819201469421, 2.0588409900665283, 1.7959513664245605, 3.7709264755249023, 0.2586725056171417, -1.6393431425094604, 1.6310622692108154, -2.8056252002716064, -2.9514219760894775, 1.4751315116882324, -1.6049202680587769, 0.9091418981552124, 0.5560624003410339, 0.6425448060035706, 2.3713467121124268, 0.6108499765396118, 2.4643287658691406, -2.351966381072998, -1.4544014930725098, -1.1365716457366943, 2.242262363433838, 3.235761880874634, 0.014859110116958618, 2.4721148014068604, -3.237255811691284, 1.135225534439087, 1.9680031538009644, -2.6775357723236084, -0.18177764117717743, -0.22803647816181183, -0.30965155363082886, 1.4873020648956299, -3.028902292251587, 0.9174855947494507, 1.3651111125946045, -1.3188910484313965, -0.5958895683288574, 2.3548598289489746, -1.9503027200698853, -0.34290778636932373, 0.051010921597480774, 1.1207020282745361, -1.6078290939331055, -1.6231961250305176, -1.4650108814239502, 1.0668361186981201, 1.424599289894104, 2.3882827758789062, -0.11614564806222916, -1.6028423309326172, -0.6980106830596924, 3.220257520675659, 1.1488487720489502, 2.301158905029297, -2.125688314437866, 0.9405479431152344, 1.7513587474822998, 1.3626010417938232, 2.5817208290100098, 1.5399125814437866, -1.4088139533996582, 2.5862061977386475, 2.283792495727539, -0.28988367319107056, 0.41404032707214355, -1.8045756816864014, 1.8155627250671387, -2.4079067707061768, -1.5361419916152954, 4.021766185760498, -0.033766090869903564, 1.7269601821899414, -0.18362699449062347, -2.7358169555664062, 3.5125317573547363, 1.1657270193099976, 0.43861740827560425, 2.0631332397460938, -4.512616157531738, 2.7168080806732178, -1.352809190750122]",0
50,9606.ENSP00000289473,"[0.593849778175354, -1.0678961277008057, 0.8801800012588501, 3.6981747150421143, -0.16644752025604248, 4.8393449783325195, 1.7123305797576904, -1.0751303434371948, -1.1501095294952393, -0.889865517616272, 2.4103124141693115, -2.7020463943481445, 0.09396640956401825, -1.994304895401001, -2.2328834533691406, -0.6907830834388733, -0.1573624163866043, 2.7487823963165283, 5.593980312347412, 1.8323543071746826, -0.41674572229385376, -2.7929835319519043, -0.3991476893424988, -3.1047208309173584, -0.14513961970806122, -1.5486193895339966, 1.2442394495010376, 0.5709993243217468, -0.19164644181728363, -4.1531147956848145, -1.4402461051940918, -3.9931185245513916, -0.5480642914772034, -0.01102900505065918, 4.108672618865967, -3.5704498291015625, -0.7241743206977844, -2.048931360244751, -0.9096484780311584, -2.7673287391662598, -0.9336430430412292, 0.662102460861206, -1.3422918319702148, 1.081895112991333, 0.45944398641586304, -2.001244306564331, 2.9713149070739746, -2.069094181060791, -1.3020656108856201, -1.790023922920227, 1.1505045890808105, 2.3217933177948, -0.1959967315196991, 0.6926938891410828, -0.4756590723991394, -2.6226601600646973, -0.05794498324394226, 0.24530287086963654, 1.7980749607086182, -0.932336688041687, -2.8515543937683105, 1.6749540567398071, 3.747764825820923, -0.5461137890815735, 0.8580424785614014, 1.880141258239746, 3.039386510848999, -1.6042566299438477, -0.4575803279876709, 2.5421156883239746, 4.0451154708862305, 1.0744630098342896, 0.9110115170478821, -0.790554940700531, -0.021505653858184814, 3.804255962371826, 2.972099542617798, -0.9640522003173828, -1.450716495513916, 0.7928453683853149, 0.4432353377342224, 3.2542481422424316, -0.6037473678588867, -0.517958402633667, 4.245063304901123, -0.8940786719322205, -3.762277364730835, -0.5292071104049683, -2.708756446838379, 0.9319440722465515, -2.7442374229431152, 0.7639245986938477, 0.23690316081047058, -2.6349968910217285, -2.8962063789367676, 1.1339466571807861, -4.571534633636475, 0.12687557935714722, 1.9386324882507324, 2.5863494873046875, 2.3610239028930664, 1.9913700819015503, -1.3063290119171143, 3.425147771835327, 3.0304951667785645, 1.8942761421203613, -3.4916982650756836, -0.21189779043197632, -2.359466075897217, -0.7420017719268799, -1.3150537014007568, 2.100930690765381, 0.4637247622013092, -0.3512938916683197, -0.6196550130844116, 0.02056223154067993, 0.48161637783050537, -2.6599481105804443, -1.8482565879821777, 1.3437474966049194, 0.7746977806091309, -0.9211900234222412, 1.560265302658081, -1.8340331315994263, 0.36170145869255066, 2.8459935188293457, -1.4538506269454956, -1.6802089214324951, -0.16093051433563232, -1.1824135780334473, 2.681870222091675, 0.42336636781692505, 0.7881219387054443, 1.8497179746627808, -2.5640413761138916, 5.31938362121582, -3.0549116134643555, -4.1067399978637695, -1.4295802116394043, 3.739368438720703, 2.4517784118652344, -3.0440127849578857, -0.7538443803787231, -2.997563600540161, 1.777316927909851, -0.5905648469924927, -4.591183662414551, 1.439858317375183, 1.706719994544983, 0.7073118686676025, -2.5295889377593994, -3.372150182723999, 0.7964968085289001, 2.6208276748657227, -0.641418993473053, 1.279892086982727, 0.599008321762085, -0.568649411201477, 2.6558516025543213, 0.5548145771026611, -0.9499207139015198, -1.1826452016830444, -0.057409003376960754, -2.892247200012207, 3.374466896057129, 1.0500669479370117, 0.06549191474914551, 0.5520596504211426, 0.07664400339126587, 1.9672850370407104, 4.6531147956848145, -1.7788503170013428, 2.1336677074432373, -1.20012366771698, -0.19466111063957214, 4.708425521850586, 2.267589807510376, 2.373885154724121, 1.5935226678848267, -3.561087131500244, 2.8436636924743652, 1.2864068746566772, 0.8566491603851318, -2.7179598808288574, -3.1488585472106934, -0.44453635811805725, -0.22155223786830902, -0.40726250410079956, 1.8500995635986328, 1.6887190341949463, 2.0088179111480713, 0.3945361077785492, -2.6098508834838867, 0.7545297145843506, 2.995368480682373, -1.2639195919036865, 0.09389976412057877, -4.899420738220215, 1.645688772201538, -2.352433204650879]",0
51,9606.ENSP00000364709,"[2.3607218265533447, -2.47690749168396, 1.7479139566421509, 2.444594621658325, 0.2808069586753845, 0.8630222082138062, -1.730716347694397, 1.6945205926895142, -0.20817723870277405, -0.52820885181427, 2.0009448528289795, -3.129138231277466, 1.3051931858062744, -0.8523882031440735, -3.0156023502349854, -0.0643024742603302, -1.0166983604431152, 0.8201135396957397, 1.8110542297363281, 0.8302476406097412, -0.8964858055114746, -2.8627572059631348, 1.3233580589294434, -0.5481129884719849, -2.2184014320373535, -0.4513855576515198, 0.3994910418987274, 0.204843670129776, 1.154006004333496, -2.212682008743286, -0.7478324174880981, -1.5128291845321655, -1.0439527034759521, 0.7021504044532776, 1.8586941957473755, -0.809073805809021, -2.37740421295166, -0.22416643798351288, -0.5510824918746948, -1.5040677785873413, -0.44726860523223877, 0.13225871324539185, -3.2701995372772217, 0.8731500506401062, 0.008132681250572205, -0.5854366421699524, 3.099632978439331, -1.9178932905197144, -0.7871594429016113, -0.22639881074428558, 0.8001176118850708, 1.6107951402664185, 0.40368735790252686, 1.0231114625930786, 0.35383477807044983, -2.273493766784668, 2.6892969608306885, -1.9757351875305176, 1.0526602268218994, -1.6510214805603027, -0.7932360172271729, 1.8447514772415161, 1.5689363479614258, 0.4954390525817871, -0.32922348380088806, 0.3648911714553833, 3.2391786575317383, -0.1575041115283966, -1.7691030502319336, 0.7475781440734863, 2.430894136428833, 1.3625292778015137, 1.0581074953079224, -0.4813454747200012, -1.658223271369934, 2.4028148651123047, 1.5666279792785645, -0.8371760845184326, -1.7445752620697021, 2.0088319778442383, -0.9797625541687012, 1.4950913190841675, 1.6392383575439453, -0.13295866549015045, -0.47489219903945923, -0.08577069640159607, -0.9337942600250244, 0.07916177809238434, -2.0538368225097656, -0.9978553056716919, -0.9687584042549133, 2.082681179046631, 0.10216741263866425, -0.9424864649772644, -0.6073331832885742, 2.140549898147583, -1.2669471502304077, 0.4770612120628357, 2.029573917388916, -0.5721122026443481, 0.10070446133613586, 0.29697638750076294, -1.5707719326019287, 1.7277143001556396, 2.406153440475464, -0.5707986950874329, -1.3786065578460693, -0.12132616341114044, 0.464313805103302, -0.5548793077468872, -0.8516308665275574, 1.7787901163101196, 0.04387384653091431, -0.9170912504196167, 0.23858880996704102, 1.1616207361221313, 0.14856265485286713, -1.8694803714752197, -2.295677423477173, 0.24834755063056946, 3.51767635345459, 0.5990351438522339, 0.46490874886512756, 1.453230857849121, -1.3568025827407837, 0.8081222176551819, -1.9430959224700928, -1.2585822343826294, 0.5354989171028137, -2.195122003555298, 1.775904893875122, 1.1548914909362793, -0.7847920656204224, 2.694645643234253, -0.7098918557167053, 2.312554359436035, -2.013256311416626, -1.7419449090957642, -1.5041429996490479, 2.2238962650299072, 0.9432313442230225, -0.20617881417274475, 3.1286983489990234, -1.7478886842727661, 0.6330143213272095, 2.764457941055298, -1.4980350732803345, -0.7262632846832275, -0.5582469701766968, 1.2504956722259521, 1.1895066499710083, -1.8546640872955322, -0.49405187368392944, 0.4393726587295532, -2.3750205039978027, -0.12016002833843231, -0.33872973918914795, -0.5346993207931519, 1.5613536834716797, -0.80241858959198, 0.43669813871383667, -0.614216685295105, -0.2735391855239868, -3.7108685970306396, 1.8144142627716064, 2.341996431350708, -0.09492248296737671, 1.407839298248291, 0.5429993867874146, -0.7955325245857239, 2.160343647003174, -2.146589756011963, 1.6204397678375244, 0.24843913316726685, -0.6482792496681213, 0.4200821816921234, 0.7782734036445618, 1.7979004383087158, 1.6837220191955566, -1.0003952980041504, 1.1046607494354248, 1.9372608661651611, 0.18881872296333313, -0.1942489892244339, -0.7931932806968689, 0.35830849409103394, -0.14823400974273682, -0.7193328738212585, 2.3488011360168457, -0.815220832824707, -0.5991035103797913, -1.298877239227295, -0.6822563409805298, 0.8460085988044739, 1.7221198081970215, -1.363785982131958, 0.42377835512161255, 0.49209171533584595, 2.1637847423553467, -2.8509600162506104]",0
52,9606.ENSP00000360645,"[4.178838729858398, -1.1383421421051025, 2.6944570541381836, 1.0077848434448242, 0.6374098062515259, 1.896597146987915, -0.13075223565101624, 2.797227144241333, -1.4636003971099854, 2.895930051803589, 1.0004127025604248, -2.2669053077697754, -1.0270341634750366, -0.6525466442108154, -1.4893367290496826, -1.8525424003601074, -0.04116538166999817, 1.3264164924621582, 2.4487760066986084, 0.38033491373062134, -0.2409532219171524, -1.0885765552520752, 1.553940773010254, 1.1737754344940186, -1.079980492591858, -3.475395441055298, 1.1306060552597046, 1.945068359375, 2.0778446197509766, -2.363009214401245, -2.9835305213928223, -0.8726121187210083, -1.3865810632705688, 0.6898345947265625, 0.2641117572784424, -1.6933770179748535, 0.024385690689086914, -2.5251243114471436, -0.5595042109489441, -1.9268970489501953, -0.4458746314048767, 0.6932780146598816, -3.2724995613098145, -1.2430635690689087, 0.3939301669597626, 0.3062526285648346, 3.757544755935669, -1.5341055393218994, -2.198080539703369, -1.359002947807312, 2.828014373779297, 3.128739595413208, 1.1389044523239136, -0.047871410846710205, 1.1039618253707886, -2.501882553100586, 3.636995792388916, -1.1521432399749756, 2.9474613666534424, -3.159233570098877, -2.049051523208618, -0.04292157292366028, 2.1965794563293457, 0.6174459457397461, 0.8527200222015381, 2.305253744125366, 2.038825035095215, -0.8747830390930176, 0.6498991847038269, 0.14864692091941833, 2.7590126991271973, 2.670318126678467, 1.0869330167770386, 1.8379473686218262, -0.970276951789856, 0.8687431812286377, 2.465855360031128, -1.4160633087158203, -2.1430649757385254, 2.795255184173584, -0.7274137735366821, 3.3365542888641357, -3.073465347290039, -1.139714241027832, 1.0187249183654785, 1.160359263420105, -2.205003261566162, -1.6927376985549927, -0.9931535720825195, 0.3559585511684418, 0.36680060625076294, 3.303469657897949, 3.7451894283294678, -0.7418476343154907, -0.15704432129859924, 2.571920394897461, -0.6698705554008484, 1.8374634981155396, 2.5214078426361084, -2.011617422103882, 0.08044826984405518, 1.996999979019165, -2.5940001010894775, 3.0819811820983887, 0.5968590974807739, 0.9968166351318359, -2.6240320205688477, 0.05747377872467041, 1.5843052864074707, -1.3565516471862793, 0.344187468290329, 2.940288543701172, -0.11907368898391724, -0.6930570602416992, -1.3636295795440674, 0.356607049703598, 0.5396056175231934, 0.4018842279911041, -3.19122576713562, 0.722130537033081, 3.2626028060913086, 1.5597838163375854, 1.647255539894104, 2.2467565536499023, -0.9698086977005005, -1.2352557182312012, -2.3902533054351807, -1.5433804988861084, 2.4385058879852295, -1.2199605703353882, 1.7422640323638916, 2.2560038566589355, -2.8636507987976074, 3.358720541000366, -3.327395439147949, 1.781363606452942, -3.395771026611328, -1.2353582382202148, -2.447594165802002, 1.8050309419631958, 0.6720094084739685, -1.1536351442337036, 3.0840446949005127, -1.4032814502716064, 2.951904296875, 2.4066965579986572, -0.9226164817810059, -0.5298606157302856, -0.07957330346107483, 0.7427842617034912, 1.1803038120269775, -1.5871648788452148, 2.55065655708313, 0.01812787353992462, -1.0280942916870117, -0.23499900102615356, -0.2534160614013672, -0.14478811621665955, 0.5128183364868164, 0.1169695258140564, 0.5004280805587769, -0.18318185210227966, 0.96797776222229, -3.4639601707458496, -0.9783611297607422, 1.578428864479065, -1.3761827945709229, -0.30399683117866516, -0.522421658039093, 0.47927820682525635, 1.4111583232879639, 2.438446044921875, 3.1406965255737305, -0.25153273344039917, -0.7870687246322632, 2.762544631958008, 1.8695237636566162, 0.9163683652877808, -0.7079246640205383, -2.872201681137085, 1.7930104732513428, 2.690199851989746, -1.1382455825805664, -0.1749683916568756, -1.2410567998886108, -0.010224677622318268, -2.623495101928711, -0.7927030324935913, 3.101994037628174, 2.0249180793762207, 0.2819022238254547, 0.3465270400047302, -2.387777805328369, 3.0208351612091064, 1.6502498388290405, -1.7696290016174316, 0.023353248834609985, -2.11321759223938, 2.169264316558838, -2.041665554046631]",0
53,9606.ENSP00000345179,"[6.6574320793151855, -3.0937340259552, 2.143915891647339, 1.4566184282302856, -2.168132781982422, 0.5020250082015991, -1.171666145324707, 5.084494113922119, 0.9631850123405457, -0.305408775806427, 4.461179256439209, -1.6145708560943604, -0.5269604921340942, -0.394708514213562, 1.4387247562408447, 1.3859672546386719, -1.5330097675323486, 0.45384642481803894, 0.9156164526939392, 1.180893063545227, -0.885588526725769, -0.27083900570869446, 2.3744614124298096, 0.9793441295623779, 0.8089209794998169, -5.1476922035217285, 2.510345458984375, -1.2223330736160278, 2.0612616539001465, -3.2157223224639893, 1.4794450998306274, -4.342702388763428, -1.9015357494354248, 0.7118309736251831, 5.619831562042236, 2.466169595718384, -1.8365191221237183, -2.4897611141204834, -3.328507661819458, 0.9840694069862366, -2.003267288208008, -1.056571125984192, -2.429959535598755, 2.874511480331421, -2.428436279296875, -0.6877114176750183, 4.143319129943848, -1.4681215286254883, -3.986790657043457, 2.8042702674865723, -1.3931277990341187, 4.599734783172607, 0.2517252564430237, 0.5685906410217285, 0.3941100835800171, -2.2737057209014893, 5.355966567993164, 0.1519387662410736, 2.243809938430786, -2.538303852081299, -6.380779266357422, 0.5413215160369873, 1.5436257123947144, -0.0945577621459961, 0.4418780505657196, -3.246493101119995, 0.4602319300174713, -5.068984508514404, -0.14099767804145813, -0.7892875075340271, 1.940942645072937, 1.9567402601242065, 1.84799325466156, -3.6243553161621094, 1.9399791955947876, 5.092617988586426, -1.0303382873535156, -1.9454511404037476, -2.3877506256103516, -1.031884789466858, 0.5181099772453308, 5.0474395751953125, -3.129966974258423, -3.491886854171753, -0.9882924556732178, 2.0847086906433105, -0.635112464427948, -0.004333615303039551, 3.008272647857666, 0.7349957227706909, -2.4969446659088135, 0.42057961225509644, 5.752449035644531, 0.16596050560474396, 0.04941941797733307, 1.835404634475708, 1.1407089233398438, -2.919369697570801, 2.570651054382324, -1.9447516202926636, 4.03303337097168, -0.6877791881561279, -4.91669225692749, 2.8900392055511475, 0.5345954895019531, -2.2811319828033447, 0.49046552181243896, 0.6361596584320068, 0.9526355862617493, 2.5924503803253174, -1.8201820850372314, -2.232848644256592, -1.7123150825500488, -1.7570735216140747, -2.82362699508667, -1.6851773262023926, 0.6247212886810303, -2.0862691402435303, -3.691338062286377, 2.1104483604431152, 2.4177427291870117, 3.2566840648651123, 1.2798830270767212, -0.31757041811943054, -0.6601763963699341, -0.0725562572479248, -6.427845001220703, 0.40438583493232727, 0.6309787631034851, 2.2125203609466553, 6.345232009887695, -0.38950538635253906, -2.7803351879119873, 2.5146710872650146, -0.16215506196022034, 2.7752654552459717, -0.2405168116092682, 0.8243129253387451, -0.3767223358154297, 1.0876671075820923, 2.584583282470703, -2.892949104309082, 1.0898540019989014, -4.119099140167236, 1.6160945892333984, -1.0053844451904297, -3.9683380126953125, -2.0511462688446045, 3.2656240463256836, 1.2308504581451416, 0.03763595223426819, -1.2916357517242432, -0.36712846159935, 0.025885701179504395, -0.9051001071929932, -3.857288360595703, -1.9189960956573486, -0.24671252071857452, 0.4662897288799286, 0.36475318670272827, -2.2246155738830566, -1.870025634765625, -0.8627131581306458, -2.920560359954834, 0.7378139495849609, 3.2252016067504883, 2.415342092514038, -0.4952160716056824, -0.43990206718444824, 0.3972664475440979, 5.0372538566589355, -0.22052747011184692, 0.6833356618881226, -0.8555096387863159, -0.565599799156189, -1.622820496559143, -0.28653326630592346, 3.6698029041290283, 1.5371769666671753, -0.5633149147033691, 4.066345691680908, 5.803139686584473, -1.3719714879989624, -0.6947882175445557, 0.8645483255386353, 0.6311342716217041, -3.044759511947632, -2.2097575664520264, 5.022037982940674, -1.1574831008911133, 1.7268826961517334, -1.2217297554016113, -3.840528726577759, 1.920972228050232, 0.8297962546348572, -2.6429152488708496, 0.8215287923812866, -0.43429291248321533, 5.023216247558594, 0.49920836091041565]",0
54,9606.ENSP00000454071,"[10.551614761352539, -4.23222541809082, 4.888711929321289, 3.5011558532714844, -3.6552391052246094, 2.9019384384155273, -4.817938804626465, 1.9963793754577637, -1.0634541511535645, -3.9594383239746094, 7.367678642272949, -4.724882125854492, 1.6618859767913818, 5.167076110839844, -2.727343797683716, -0.7397720813751221, -0.4293452799320221, -0.8812100887298584, 1.602094292640686, 3.895692825317383, -1.7593214511871338, -6.8087944984436035, -0.48695215582847595, 3.1663410663604736, -0.8145728707313538, -6.281426429748535, -1.9651002883911133, 1.086442232131958, 4.754169940948486, -4.309479236602783, -1.6440273523330688, -9.310958862304688, -7.195833683013916, 5.180306911468506, 3.240269422531128, 3.0020081996917725, -5.940525054931641, -1.1233052015304565, -4.838661193847656, -6.7023539543151855, -7.723280906677246, -4.558517932891846, -6.867912292480469, 1.892964243888855, -0.18697114288806915, 1.8392863273620605, 12.532483100891113, -4.829016208648682, -7.412890911102295, 0.44460535049438477, 1.2788842916488647, 6.286380767822266, 4.397684574127197, 5.070931434631348, 1.1619572639465332, -4.209525108337402, 4.223771095275879, -5.205990791320801, 1.4972615242004395, -2.626303195953369, -11.346624374389648, 5.205967426300049, 5.532652854919434, 2.7912707328796387, 0.1664460301399231, -0.4841287136077881, 1.9748574495315552, -5.489837646484375, -2.858934164047241, 1.5058205127716064, 5.116904258728027, 2.4930875301361084, 4.704378128051758, -3.4482979774475098, -0.8659029603004456, 8.533167839050293, 3.958818197250366, -1.7515270709991455, -4.461806774139404, 5.376110076904297, -0.8344835042953491, 7.768056392669678, -6.823052883148193, -0.5621778964996338, 2.5823960304260254, 2.5753777027130127, -0.4003528356552124, 1.4254564046859741, -0.11389878392219543, -0.4498620927333832, -1.7164413928985596, 2.4874494075775146, 9.268105506896973, 1.0047987699508667, -0.6249954104423523, 0.505537748336792, -4.935250282287598, -0.49251025915145874, 6.910843849182129, 2.276963710784912, 3.419060707092285, 7.303442001342773, -1.8839688301086426, 7.361645221710205, 3.9136781692504883, 1.7738174200057983, -6.592560291290283, -0.5200433135032654, 4.12381649017334, 1.4040323495864868, 0.7528332471847534, -1.4422260522842407, -1.97330641746521, 0.5390648245811462, -2.8967995643615723, 4.443160057067871, 2.4283692836761475, -2.4588003158569336, -7.0193023681640625, 2.1947944164276123, 8.41226863861084, 1.119728446006775, 5.493109703063965, 0.3617669939994812, -0.07986347377300262, 3.7670464515686035, -6.117347240447998, -0.11152797937393188, 3.1427202224731445, 1.034466028213501, 6.061049461364746, 1.9015696048736572, -3.7222461700439453, 6.381176948547363, 1.680077075958252, -0.3268105983734131, -1.7241599559783936, -1.7818580865859985, -0.2402786910533905, 4.680145740509033, 8.191949844360352, -5.246891975402832, 0.6068784594535828, -6.065670013427734, 7.0020833015441895, 5.826360702514648, -3.856093168258667, 1.8391246795654297, 4.4515910148620605, 0.1645076870918274, 1.6141362190246582, 0.653998851776123, -3.762417793273926, 0.21054202318191528, -3.907641887664795, 0.6939170360565186, 3.73986554145813, -3.2814390659332275, 0.5073407888412476, 0.41440603137016296, 1.5700470209121704, 1.0904563665390015, -2.276218891143799, -9.279961585998535, 7.948361873626709, 1.2430670261383057, 0.4499390125274658, -1.3292269706726074, 1.6903202533721924, 1.8853209018707275, 14.418511390686035, -1.1819660663604736, 5.027370452880859, -1.3938201665878296, -3.5773658752441406, 5.468507289886475, 1.0265309810638428, 9.436674118041992, -1.2185983657836914, -7.00278377532959, 9.253592491149902, 8.397997856140137, -3.6736397743225098, -6.085941314697266, -1.1560099124908447, -4.5257158279418945, -3.304980516433716, -7.021551132202148, 9.807244300842285, -6.254240989685059, 5.234658718109131, 2.763575315475464, -3.7163033485412598, -0.5804769992828369, 7.345264911651611, -3.5059218406677246, -0.1760583072900772, -6.6220831871032715, 2.203552007675171, 1.3592931032180786]",0
55,9606.ENSP00000288266,"[0.8402965664863586, 2.156559467315674, 6.317018508911133, 4.471978187561035, 0.9399642944335938, 4.767458438873291, -1.1957075595855713, 2.924208402633667, -3.8051271438598633, -0.9032846689224243, 4.32489538192749, -5.437719345092773, 0.7993359565734863, -2.9574248790740967, -3.5518693923950195, -5.2243804931640625, -0.45095595717430115, 3.582663059234619, 4.137636184692383, 3.793604612350464, -4.716271877288818, -7.532693386077881, 2.123318672180176, 0.295052170753479, -1.0231573581695557, -3.531032085418701, -0.9348958730697632, 1.7848011255264282, 3.4419901371002197, -4.99454927444458, -5.011471748352051, -3.026602268218994, -1.4467148780822754, 0.6479840278625488, 0.3995204567909241, 1.3801612854003906, -5.08558988571167, -4.06197452545166, -6.56174898147583, -4.587564945220947, -6.008686542510986, 0.43182021379470825, -4.683915138244629, 0.22885659337043762, -3.006474494934082, -2.771440267562866, 5.01601505279541, -3.3110642433166504, -8.416638374328613, -1.1688467264175415, 4.596889972686768, 5.630852222442627, 4.2917022705078125, -0.16188764572143555, 1.2928961515426636, -4.697209358215332, 6.351785182952881, -3.8415300846099854, 0.45876434445381165, -4.77338981628418, -5.271469593048096, 4.039290904998779, 5.605245113372803, -0.4252997040748596, -2.0541911125183105, 1.318121314048767, 3.9420218467712402, -3.8101859092712402, 0.19113434851169586, 3.028231620788574, 4.040624618530273, 1.7790457010269165, 1.011264443397522, -3.835967779159546, -6.676464557647705, 8.414823532104492, 4.873058795928955, -2.9792635440826416, -3.1485188007354736, 4.7107253074646, -0.8497620820999146, 3.603919744491577, -4.442526817321777, 0.717713475227356, 4.860344409942627, 3.4879422187805176, -6.224534511566162, -0.6371680498123169, -4.363912105560303, -1.5535286664962769, -4.778762340545654, 5.469330787658691, 5.367308616638184, -5.317113399505615, -4.727043628692627, 1.5774673223495483, -2.5523903369903564, -1.1164871454238892, 4.388667106628418, -1.2150212526321411, 5.513554573059082, 3.527498722076416, -7.015462398529053, 6.7720232009887695, 4.236525058746338, 2.1508779525756836, -4.937754154205322, -3.4054856300354004, 5.090943813323975, 2.4180965423583984, 1.7286298274993896, 4.116803169250488, -3.05631685256958, -0.5336194038391113, -1.468161702156067, 1.0651218891143799, 1.297417163848877, -3.1102447509765625, 0.06318943202495575, 6.621883869171143, 8.302013397216797, 1.8116998672485352, 1.4156785011291504, 3.0783777236938477, 1.5859469175338745, 2.6223740577697754, -4.8686699867248535, -3.401493787765503, 6.732624053955078, -3.251819133758545, 4.945474624633789, 2.77272367477417, 1.925561785697937, 4.101717948913574, -6.919874668121338, 4.912599086761475, -2.3129241466522217, -5.1342315673828125, -0.15965940058231354, 1.1125138998031616, 6.417430877685547, -0.3483878970146179, -2.935553550720215, -5.512685775756836, 7.7275519371032715, 4.743074417114258, -5.368203639984131, 0.14827261865139008, 5.115367889404297, -1.0362567901611328, 4.4341325759887695, -2.862513542175293, -6.734054088592529, 2.4268128871917725, -7.525429725646973, -3.2691073417663574, -4.591757774353027, -4.388307571411133, 1.352193832397461, 0.05616199970245361, 0.9385601282119751, -0.7654364109039307, -1.4946540594100952, -1.7539339065551758, 4.3256402015686035, 1.2802187204360962, -0.7151144742965698, -0.6548010110855103, -0.2455378621816635, 0.3992615342140198, 6.248520851135254, -3.631115436553955, 1.239652156829834, 0.3298940360546112, -1.2129861116409302, 4.624969959259033, -0.40384846925735474, 6.583428859710693, 6.941129684448242, -0.9260032176971436, 8.83114242553711, 7.07954216003418, 0.6583023071289062, -1.8977067470550537, -5.380918979644775, -3.8756184577941895, 2.637408494949341, -2.9811012744903564, 5.435161590576172, -2.105483293533325, 2.507786750793457, -3.4073328971862793, -4.867401123046875, 2.428006649017334, 4.258852958679199, 0.4930863082408905, 1.5545248985290527, -6.756929874420166, 6.9098896980285645, -4.791965007781982]",0
56,9606.ENSP00000385834,"[5.242180824279785, -0.49081361293792725, 4.160676002502441, 2.646298408508301, 0.8385116457939148, 5.883057594299316, -2.796863079071045, 3.7949934005737305, -5.519024848937988, 0.5187379121780396, 2.3430845737457275, -7.163116455078125, 2.5421135425567627, -5.037285327911377, -5.972994327545166, -0.8934066295623779, 0.3414098620414734, 3.439703941345215, 4.164422988891602, 2.198167324066162, -4.547012805938721, -10.579663276672363, 1.5343602895736694, 4.85344934463501, -3.74906587600708, -5.811561584472656, -0.8514045476913452, 0.06425389647483826, 3.335144519805908, -3.729508638381958, -5.731503009796143, -8.048686027526855, 0.1793670952320099, 2.0222580432891846, 2.677237033843994, 0.5543255805969238, -4.589095592498779, -3.0215978622436523, -5.284933567047119, -6.485904693603516, -4.158036708831787, 1.4577648639678955, -9.576955795288086, -1.3562067747116089, -3.2206826210021973, -0.36060580611228943, 7.9991374015808105, -3.4130191802978516, -3.944735288619995, -1.9237046241760254, 8.937175750732422, 6.448800563812256, -0.061865806579589844, -0.7125035524368286, 2.15871262550354, -7.8820037841796875, 6.042795181274414, -7.844468116760254, 0.9111255407333374, -3.2259626388549805, -6.27552604675293, 6.201807022094727, 4.725131511688232, -1.1870085000991821, -0.5380761027336121, -0.37069857120513916, 7.499179840087891, -3.149752616882324, -2.1907167434692383, 2.4000346660614014, 4.46306848526001, 4.0465803146362305, -0.5062026381492615, -8.285991668701172, -5.025796413421631, 8.962053298950195, 2.918034076690674, -4.989490509033203, -6.498295783996582, 3.757517099380493, -0.06239844113588333, 6.778779983520508, -5.215060234069824, -1.5890628099441528, 4.712587356567383, 2.8994641304016113, -3.5222926139831543, 2.557701826095581, -3.6321945190429688, -3.268942356109619, -3.937542676925659, 7.576581001281738, 3.5086398124694824, -3.5892393589019775, -3.869342803955078, 3.8490185737609863, -4.855058670043945, -4.229284763336182, 7.838513374328613, -4.096177577972412, 7.387942790985107, 4.229349613189697, -2.5239808559417725, 7.795989036560059, 6.8078203201293945, 4.032034873962402, -5.014221668243408, -6.351639747619629, 4.274466037750244, -0.491424560546875, 1.2998729944229126, 5.062276363372803, -4.308071136474609, -0.10846758633852005, -0.8867009878158569, 0.5830159187316895, -2.489306688308716, -1.3892375230789185, -4.508025646209717, 2.104503870010376, 5.709559440612793, 1.6537106037139893, 4.734292030334473, 4.075023174285889, -1.0190497636795044, 2.4379870891571045, -5.875307559967041, -3.874828815460205, 4.461349010467529, -0.9820501804351807, 3.0256314277648926, 6.518479347229004, -1.1314157247543335, 3.8552660942077637, -0.788249671459198, 4.554844856262207, -1.1554232835769653, -3.359210252761841, -3.4447076320648193, 7.0697832107543945, 6.352132797241211, -1.1841692924499512, 1.3815969228744507, -6.4099812507629395, 2.9397025108337402, 4.413200855255127, -5.22239875793457, 1.5871212482452393, 5.811059474945068, -0.7117023468017578, 4.9199652671813965, -6.034127235412598, -6.290767192840576, 6.144635200500488, -3.785090446472168, -3.7050628662109375, -3.536947011947632, -1.9490458965301514, -0.3129699230194092, -0.31905150413513184, 0.9015860557556152, -3.059147357940674, -1.8751438856124878, -5.5977630615234375, 3.405078887939453, 5.440165996551514, -3.6250336170196533, 1.399166226387024, -0.6308630704879761, -1.9052051305770874, 8.552861213684082, 1.0070987939834595, 4.991819381713867, -4.2981462478637695, 0.7790759801864624, 3.077064037322998, 6.359576225280762, 7.3896636962890625, 4.015847206115723, -3.999136447906494, 2.8310420513153076, 4.280231952667236, 3.025834321975708, -0.3428933918476105, -4.685206890106201, -0.18645790219306946, -1.6721315383911133, -3.46018648147583, 6.3689398765563965, 0.17007648944854736, 1.4582964181900024, -6.049035549163818, -4.908876895904541, 4.665859699249268, -0.2659830152988434, 2.1727547645568848, 0.09762240946292877, -3.7195920944213867, 6.959324836730957, -3.526456832885742]",0
57,9606.ENSP00000356529,"[0.7122321128845215, -1.2932662963867188, 2.171550989151001, 1.4457018375396729, -1.10202956199646, 0.5993651151657104, -2.4159836769104004, -0.12539884448051453, -0.9593880772590637, -1.9930570125579834, 2.3282015323638916, -0.3168838620185852, -1.9935274124145508, 0.2737598121166229, -0.8740310072898865, -0.07478849589824677, 0.5643346309661865, 1.1847825050354004, 0.7155301570892334, 0.25666189193725586, 0.09455975890159607, 0.026689603924751282, 0.07822035253047943, -2.555037498474121, 0.2805221676826477, -2.0527589321136475, -0.9944904446601868, -0.10919216275215149, 1.6496398448944092, -0.681117057800293, -0.01788651943206787, 0.7921350002288818, 0.0007013082504272461, 2.1516778469085693, 3.058964967727661, 0.17756980657577515, -2.9081203937530518, -0.5185377597808838, -1.8104112148284912, -0.8392682075500488, -1.9400672912597656, -0.4876655042171478, -0.2730533182621002, 0.36311283707618713, 0.0676647275686264, -1.0652716159820557, 2.594578266143799, -0.6310511827468872, -1.2557858228683472, -1.7198890447616577, 0.49190494418144226, 1.6827863454818726, 0.8605170249938965, 1.6757782697677612, 1.3248571157455444, -1.0442315340042114, 0.34941715002059937, -2.404912233352661, 0.2698533833026886, -0.10588538646697998, -1.081748127937317, 0.3814953863620758, 2.0741994380950928, 0.6947704553604126, -1.5068382024765015, -2.0643112659454346, 1.6590197086334229, -0.46211162209510803, -0.9820958971977234, -0.4172530174255371, 1.3772672414779663, 0.6956607699394226, 2.780195713043213, -1.6337828636169434, -0.220784991979599, 2.1300132274627686, 1.4726598262786865, 2.0156869888305664, -1.0113296508789062, -0.06460222601890564, 0.4698079228401184, 1.6008225679397583, 0.9892243146896362, -1.6273536682128906, 2.247398853302002, 0.5400940775871277, -1.2133218050003052, -1.9189661741256714, -0.09275954961776733, 1.2479835748672485, -0.515377402305603, 0.7770975232124329, -0.340913325548172, 0.1460448056459427, -0.4978397488594055, 1.2802242040634155, -1.5158785581588745, 0.3713393807411194, 1.769382119178772, 1.6448578834533691, 1.3304243087768555, 0.4523681402206421, -0.3785238265991211, 0.4478752017021179, 1.5694245100021362, 0.18588870763778687, -1.566914677619934, 1.255523920059204, -2.3266615867614746, 1.6408889293670654, -1.9463527202606201, -0.9331471920013428, 1.1168735027313232, -0.192399799823761, -0.04905101656913757, 0.8140178918838501, 1.9769538640975952, -1.2410441637039185, -0.37549176812171936, -0.3898082375526428, 2.2934162616729736, -0.2718289792537689, -1.073988914489746, -0.5125142335891724, 1.3612041473388672, 0.2805981934070587, -0.01029670238494873, -1.1500380039215088, -0.25902631878852844, -0.17565345764160156, 1.2766685485839844, 1.6795281171798706, 2.55582857131958, 0.9250888228416443, -0.5833664536476135, 1.607371211051941, -2.786296844482422, -1.092028021812439, 0.7079744338989258, 0.6160693168640137, 1.179386019706726, -0.9043664932250977, -0.6906366348266602, -1.5584752559661865, 0.32664966583251953, 1.5950592756271362, -0.22966711223125458, 0.3146725296974182, 1.182288646697998, -1.3834280967712402, 1.4795180559158325, -1.4783244132995605, -0.9639045000076294, 0.07956188917160034, -0.8614078760147095, 1.318709135055542, -0.36647456884384155, -1.6355347633361816, 2.8421599864959717, -0.17914624512195587, 0.16299249231815338, -0.017397835850715637, -0.11694592237472534, -0.13381578028202057, 1.5448551177978516, 1.3867249488830566, 1.4280145168304443, -2.437831163406372, 1.081221342086792, 1.9380425214767456, 1.3101520538330078, -2.2766599655151367, -1.0165467262268066, 1.1153864860534668, -1.8437936305999756, 1.8552815914154053, 0.3955981135368347, 0.5599513053894043, -0.7158091068267822, -0.7888658046722412, 1.3350069522857666, 2.087873935699463, -0.5720525979995728, -1.7995600700378418, -0.3800489008426666, -1.6417100429534912, 0.23808836936950684, -0.734611988067627, 0.6657524108886719, -0.019901752471923828, 1.6725778579711914, 0.699052095413208, -2.162308931350708, -0.24053379893302917, -0.07831460982561111, -0.6333705186843872, -0.28537771105766296, -0.5874459743499756, -0.06747877597808838, -2.0538551807403564]",0
58,9606.ENSP00000338624,"[1.3078230619430542, -0.22437867522239685, 0.414750874042511, 1.3206504583358765, -1.3752474784851074, -0.9231630563735962, 1.282358169555664, -0.49915120005607605, 0.48946958780288696, 1.4140487909317017, -0.20551367104053497, -0.677167534828186, -0.40960824489593506, 0.7645559906959534, -1.7450190782546997, 0.4568794071674347, 0.12283137440681458, -0.21507501602172852, 0.16839776933193207, 0.9133489727973938, -0.5198711156845093, 0.16966331005096436, 0.5290291905403137, 0.4552192986011505, -0.6183845400810242, -0.8478152751922607, -0.7057843208312988, 0.09161197394132614, 0.03809957206249237, -0.8421314358711243, 0.9894754886627197, -0.5824459791183472, -1.4986735582351685, 1.5162980556488037, 0.5663161277770996, -0.6115365028381348, 1.8030297756195068, 0.5286369919776917, -1.6248213052749634, 0.05685838311910629, -0.8056944012641907, -1.102659821510315, -1.7767505645751953, -0.02498243749141693, 0.5191715955734253, -0.8252907991409302, 1.9614564180374146, -0.9958022236824036, 0.41823145747184753, 1.002183437347412, 0.30087730288505554, 1.849325180053711, 1.777820348739624, 0.08175945281982422, -0.1250261813402176, -0.7964770793914795, 1.5743107795715332, 0.33955904841423035, 1.8682290315628052, -0.30404967069625854, -1.1190509796142578, 0.010259076952934265, 1.0312812328338623, 0.33435508608818054, -0.6882025003433228, -0.2970260977745056, 0.1710929274559021, -1.9757342338562012, -0.7508388757705688, -1.2600786685943604, -0.4159526526927948, -1.2306231260299683, 1.5403977632522583, -1.2147064208984375, -1.5342929363250732, 0.13164715468883514, 0.5051952600479126, -0.17142006754875183, -0.3937951326370239, -0.8483046293258667, 1.7055433988571167, 1.1133307218551636, -0.7095902562141418, -1.7373994588851929, -1.8199862241744995, 0.1234620064496994, 1.011643409729004, -0.23105716705322266, -0.25516706705093384, 1.5223488807678223, -0.4186183214187622, 0.7023496627807617, -0.5110462307929993, -0.8107035160064697, -0.20878633856773376, 0.15906214714050293, -0.38163572549819946, -0.29251617193222046, -0.6587876677513123, 0.8276016712188721, 0.8968512415885925, 1.659576177597046, -1.4573599100112915, 2.4645912647247314, 1.5185010433197021, -0.6859019994735718, 0.20027843117713928, 0.6560512781143188, 1.2620911598205566, -0.9470584392547607, -0.8016533255577087, -0.48516976833343506, 0.8016945123672485, -0.8872065544128418, -0.510167121887207, 0.47228264808654785, 0.535908579826355, -0.983770489692688, 1.0997517108917236, 0.5263487100601196, 0.4813399910926819, -0.5666759610176086, 0.5223720073699951, -1.6197015047073364, -0.5353786945343018, 1.248693585395813, -1.5031009912490845, -0.6264769434928894, -0.021771907806396484, 0.28833019733428955, 1.9673705101013184, -0.4667859673500061, -2.20500111579895, 0.15286725759506226, -0.11536189913749695, -0.9853208065032959, 0.44563552737236023, -0.7031216025352478, 0.1329464316368103, 0.08283787965774536, -0.6950757503509521, -0.9925066232681274, 1.6521971225738525, -0.1694709062576294, 1.110071063041687, 0.22125118970870972, -0.9789789915084839, -0.31703656911849976, 1.8079204559326172, 0.9587413668632507, -0.4762762188911438, -0.09444403648376465, -0.8470665812492371, 0.0072967857122421265, -0.5079508423805237, -1.1444318294525146, -0.7328730225563049, 0.6293270587921143, 1.1609547138214111, 0.2540959417819977, -0.9734758734703064, -0.05054108798503876, 1.2243645191192627, -2.3769845962524414, 0.6389469504356384, 0.43660110235214233, -0.7161903381347656, 0.9367508888244629, 1.0161343812942505, 0.23572809994220734, 2.1122641563415527, -2.334177017211914, 2.394798755645752, 0.22944682836532593, 0.35507041215896606, 0.3648219704627991, -0.269044429063797, 2.163212299346924, -0.7629308700561523, -0.6694025993347168, 1.0766692161560059, -0.39080119132995605, -0.1698715090751648, -1.695351004600525, 0.5466652512550354, -1.170889139175415, -2.153085708618164, -1.4410146474838257, 1.109187364578247, -0.9009501338005066, 1.6109004020690918, 0.7381840944290161, -0.5375210046768188, -1.2840681076049805, 1.6890203952789307, -0.7606296539306641, -0.5438215732574463, 0.1488107442855835, 1.6825602054595947, -1.6468937397003174]",0
59,9606.ENSP00000498255,"[2.655871629714966, -0.19288665056228638, 0.8004368543624878, 0.77308589220047, -1.6722075939178467, -1.289870023727417, 2.243805408477783, 1.8896212577819824, 1.261550784111023, 0.6858208179473877, -0.19621604681015015, -0.531259298324585, -2.935215950012207, 1.8203771114349365, 0.8664742708206177, 1.651944637298584, 0.21842017769813538, -0.052904948592185974, -0.16974139213562012, 1.5318725109100342, 1.6429184675216675, 0.6271383762359619, -1.5818588733673096, 1.9666705131530762, -0.6952504515647888, -0.261422723531723, -0.45821380615234375, 0.41751694679260254, 1.4553109407424927, -3.122620105743408, -1.2081552743911743, 0.4294835925102234, -1.1438312530517578, 2.257061004638672, 0.7750390768051147, -3.1180224418640137, 1.2875423431396484, -1.4503099918365479, -0.596246063709259, 1.7966432571411133, -2.4930288791656494, -0.7122740745544434, -1.9409267902374268, 1.1968729496002197, 2.4282805919647217, -0.929253101348877, 2.1822423934936523, -3.0162105560302734, -0.9867769479751587, -1.4721122980117798, 0.8565524220466614, -0.009635141119360924, 1.5663262605667114, 2.0199315547943115, -0.989508867263794, -1.2034841775894165, 1.7626488208770752, 0.4931822419166565, 2.7307333946228027, -1.8048619031906128, -3.374540328979492, 0.37735360860824585, 0.07332354784011841, 2.0631561279296875, -0.8461780548095703, -1.692838191986084, 1.704494833946228, -0.7226038575172424, 0.283744215965271, 0.32790860533714294, -0.5746289491653442, -1.2772527933120728, 1.7768564224243164, 0.9970047473907471, -0.08261757344007492, -0.5209299325942993, -1.3921071290969849, -0.49600106477737427, 0.29161012172698975, -1.6280637979507446, 1.616665244102478, 1.1922067403793335, -1.4970781803131104, -1.4867759943008423, -1.9415948390960693, 1.4604766368865967, 1.031609296798706, -0.4042520523071289, -2.8107750415802, 1.8980661630630493, -2.4619970321655273, 2.0705201625823975, 2.7233316898345947, 0.5050989985466003, 1.1175109148025513, 1.1823413372039795, 0.8180029392242432, -0.3753702640533447, 3.1909542083740234, 3.291764497756958, 0.37628406286239624, 1.2033780813217163, -1.9882453680038452, 2.492278575897217, 1.287715196609497, -0.02776297926902771, -1.8933558464050293, -0.7651498317718506, 2.034428596496582, -2.1161155700683594, -1.7673287391662598, -1.6325634717941284, -0.47029638290405273, -2.8773446083068848, -1.7655712366104126, 0.4880775809288025, 1.9739539623260498, -1.0702437162399292, 0.3696291148662567, 0.6313540935516357, 1.33018159866333, -1.4947552680969238, 0.285966157913208, -1.8355052471160889, -2.383955955505371, 2.4938113689422607, -0.6091814637184143, -0.7564964294433594, 1.8176109790802002, 0.4796287715435028, 4.688528537750244, -0.43630462884902954, -3.318936824798584, -0.7829058170318604, -2.6863620281219482, 2.2481932640075684, 0.29300618171691895, -1.782023310661316, -2.813110113143921, -2.313765287399292, -0.8085144758224487, -1.624849796295166, 1.1723034381866455, -1.8356904983520508, 0.17674240469932556, 1.9247695207595825, -2.0609750747680664, -0.8802076578140259, -0.10951879620552063, 1.26543390750885, -2.167409658432007, -0.6468900442123413, 2.197859048843384, 0.7033894062042236, -0.26963427662849426, 1.5589056015014648, -0.1458149552345276, 0.15183144807815552, 1.195371389389038, 2.7187983989715576, -2.093327283859253, 1.2052340507507324, 0.7884629368782043, -0.6440114974975586, -0.09578794240951538, -1.1915818452835083, -0.4950985610485077, 0.13215020298957825, 0.6816877126693726, 0.8329914808273315, 3.63988995552063, -1.1830737590789795, 2.7060937881469727, 1.6979472637176514, -1.6223328113555908, 0.21721360087394714, -0.2821512222290039, -0.04385387897491455, -0.17049714922904968, 0.2934087812900543, 1.9807329177856445, 1.6938073635101318, -2.7362163066864014, -3.0563361644744873, -0.23267877101898193, -2.957446336746216, 0.271355003118515, 1.4593722820281982, -0.4203668236732483, -1.1132612228393555, 0.7244629859924316, 0.9908789396286011, -3.400277853012085, 1.8736296892166138, 3.3222198486328125, -1.299269199371338, -2.572974443435669, -1.5654346942901611, 0.849078893661499, -1.522186279296875]",0
60,9606.ENSP00000290354,"[1.2381696701049805, -0.32253044843673706, 1.194731593132019, 0.17604689300060272, -0.4101465940475464, 1.876839280128479, 0.8625438213348389, 0.44655075669288635, -0.9262944459915161, -0.3521544337272644, 1.2429618835449219, -0.9313235282897949, 0.38398343324661255, 0.7961996793746948, -1.464545488357544, 0.4290522336959839, 0.9009096622467041, 0.7814484238624573, 3.1599669456481934, 1.4931931495666504, -1.1113572120666504, 0.765907883644104, -0.042467355728149414, -1.3403193950653076, -0.9987266063690186, -0.44917675852775574, 0.3698239028453827, -1.1066728830337524, 0.9851754903793335, -1.7301921844482422, 1.0989537239074707, -1.9003183841705322, -1.0874245166778564, 1.2965500354766846, 0.2496078759431839, -1.2731480598449707, 0.4297453761100769, -0.633355438709259, -0.4775717258453369, 0.5786691308021545, -0.8748342990875244, -0.340745210647583, -0.01910156011581421, 0.6307430863380432, -0.1412162482738495, -2.57767915725708, 0.2815761864185333, -1.4636437892913818, -0.2549218535423279, -0.5654650926589966, 0.8676751852035522, -0.3412227928638458, 0.8181209564208984, 0.003803461790084839, -0.6385363340377808, 1.9530425071716309, 0.7241420745849609, -1.3212915658950806, -0.7843483686447144, -1.5951273441314697, -0.5351868867874146, 1.2548831701278687, 2.311389446258545, 0.15906988084316254, -0.21242251992225647, 0.02015623450279236, 0.7760732173919678, -1.1424576044082642, 0.691646933555603, 0.1821976602077484, 1.0907859802246094, -1.0226850509643555, 0.8170154094696045, -0.3962435722351074, 0.5436185598373413, -0.09637153148651123, 0.9669092893600464, 0.28912869095802307, 0.1791539043188095, 0.5886454582214355, 0.09610047936439514, 0.06445363163948059, -0.29978594183921814, -1.0792148113250732, 0.44412046670913696, -1.0559152364730835, -0.9543606638908386, -0.1444299817085266, -0.9602571725845337, 0.10795803368091583, -0.2698374390602112, 0.8269493579864502, 1.338405728340149, -0.8441239595413208, 0.934573233127594, 1.2680755853652954, -1.5564008951187134, -0.2288396954536438, 0.5644274950027466, 1.9547688961029053, 2.001183271408081, 0.2633868157863617, 0.5065225958824158, -0.03490540385246277, 0.39886289834976196, 1.5928305387496948, -1.5740013122558594, -0.5311733484268188, 0.24751883745193481, -1.2239537239074707, -1.0354305505752563, 0.5249929428100586, -0.43224793672561646, -0.8378040194511414, -0.7906330823898315, -0.6255682706832886, 0.39013776183128357, -0.3181214928627014, 0.41385892033576965, -0.7593733072280884, 0.8436996936798096, 0.929262638092041, 0.41932615637779236, 0.051226794719696045, -0.06221601366996765, 1.2886176109313965, 0.11418306827545166, -1.8029035329818726, 0.5103346109390259, -0.9468954205513, 0.784449577331543, -0.13749994337558746, -1.3471686840057373, 0.5926551818847656, 1.3805186748504639, 0.32909059524536133, -0.4923909902572632, -1.2096916437149048, 0.6309040784835815, 0.5984640717506409, -0.016018003225326538, -0.8432416319847107, 0.761929452419281, -0.7331869602203369, 0.07911732792854309, -0.7635084390640259, -1.2631057500839233, 0.06772948801517487, 1.2311497926712036, 1.9455616474151611, 0.8085129261016846, -1.2641539573669434, 0.8746354579925537, 1.4899879693984985, -0.5612791180610657, 1.995232343673706, -0.16099877655506134, -0.9178445339202881, 0.53797447681427, 1.270761251449585, 0.4362243413925171, 0.7870734333992004, 0.07956185936927795, -0.4533221125602722, 0.6298156976699829, 0.8721225261688232, 0.40706560015678406, -0.005444630980491638, 0.6050957441329956, 0.11518499255180359, 0.41272181272506714, -1.4108823537826538, 1.3278640508651733, 0.1574583649635315, -0.4271423816680908, 0.16797854006290436, 1.1364824771881104, -0.13668277859687805, 2.5511603355407715, -0.7128899097442627, 1.7734980583190918, 0.11766301095485687, -1.4168009757995605, -0.9311808347702026, -1.5015716552734375, 0.2820301651954651, -0.7581990957260132, 0.5419577360153198, 0.421482652425766, -2.280348539352417, 1.3693077564239502, -1.6396145820617676, 1.0053980350494385, 0.47616299986839294, 0.20904062688350677, -0.7236061096191406, -0.0707714855670929, -0.4334087669849396, 0.7292253971099854, 0.12878857553005219]",0
61,9606.ENSP00000336769,"[0.14670324325561523, -0.11613842844963074, -1.1285555362701416, 1.2893388271331787, -0.7394262552261353, 0.4282888174057007, -1.0072977542877197, 0.09301060438156128, 0.42980554699897766, -0.5219341516494751, 1.5847326517105103, 0.937396764755249, -0.9248723983764648, -0.4980286657810211, -0.5082542896270752, -0.07562585175037384, -0.3683915138244629, -0.34642645716667175, -0.7271121740341187, 1.7356421947479248, 0.17926254868507385, -0.26246756315231323, -0.843249499797821, -1.1439356803894043, 0.8478598594665527, -1.611497402191162, -0.6480097770690918, 0.25321435928344727, -0.7895444631576538, -0.818376898765564, -0.14110001921653748, -1.241371512413025, 0.16643857955932617, 0.3961316645145416, -0.15385904908180237, -0.5261730551719666, -1.2617602348327637, -0.13326798379421234, -0.13146953284740448, -0.24023711681365967, -0.7583128213882446, -0.49035871028900146, -0.36772260069847107, 1.4547483921051025, 1.0278793573379517, -0.44866812229156494, 1.6728675365447998, -0.2913972735404968, -1.8395168781280518, -0.06324777007102966, 0.12002137303352356, -0.1924879550933838, -1.234596610069275, 0.5183773636817932, -1.0159125328063965, 0.06698764860630035, 0.37466198205947876, 0.5064592361450195, 0.5488741397857666, 0.6763643026351929, 0.5155963897705078, 0.37078621983528137, 0.06843176484107971, 0.32657352089881897, -0.6970736384391785, -1.078721046447754, 1.314701795578003, -0.020813360810279846, -1.1563910245895386, 0.35176220536231995, 0.5815403461456299, 0.0013816654682159424, 0.8201686143875122, -1.0755261182785034, -0.3178885281085968, 1.6665911674499512, -0.07635551691055298, 0.794431209564209, -0.01345948874950409, -0.38305553793907166, 0.8616384267807007, -0.6771824359893799, -0.17734408378601074, -0.5075548887252808, 1.120888590812683, -0.09676648676395416, -0.14850649237632751, -0.42962446808815, -1.3941190242767334, 1.7275210618972778, -0.8401720523834229, 1.0932981967926025, -0.6198773384094238, -0.3612830638885498, -0.4764217138290405, 0.5121990442276001, 0.213954895734787, 0.2983960807323456, 0.3766339123249054, 0.592765212059021, -0.5019594430923462, -0.35460007190704346, 0.3466310203075409, 0.2939677834510803, 0.5473263263702393, -0.4619409739971161, -0.7544455528259277, 0.10366286337375641, -0.1328718364238739, 1.162665605545044, -1.5108106136322021, 0.49421343207359314, 1.6618592739105225, 0.24941754341125488, 0.08808806538581848, 0.3383525311946869, -0.021499469876289368, -0.7250671982765198, -1.1888176202774048, 1.2246253490447998, 0.35771816968917847, -0.4342668950557709, 0.13035421073436737, -0.4203125536441803, 1.2970387935638428, 0.7388617992401123, -1.2105658054351807, -1.6508798599243164, 0.03716719150543213, -0.40663114190101624, -0.854790210723877, 0.9968603849411011, 1.647002935409546, -0.20959514379501343, -1.6013685464859009, 0.5108641386032104, -0.8038914203643799, 0.0445617139339447, -0.2826908230781555, 0.05623984336853027, 0.6960386037826538, 1.0407986640930176, 0.24108558893203735, 0.1630973517894745, -0.36803382635116577, 0.935470461845398, -0.1899665892124176, 0.7077767252922058, 0.6205849647521973, 1.0400737524032593, 0.7971529960632324, -0.15551477670669556, -0.37544873356819153, 0.7727935314178467, -0.4315527379512787, -0.6216954588890076, -0.168197900056839, -0.18023115396499634, 1.5395383834838867, 0.09634912014007568, -0.23690849542617798, 0.11172303557395935, 0.05967956781387329, 0.11140620708465576, 2.271559715270996, -0.7692499160766602, 1.5892601013183594, -0.4834226667881012, 0.3404475748538971, 2.10857892036438, 0.3423866927623749, -1.4251171350479126, 0.14654159545898438, -0.038207799196243286, -0.5514296293258667, -0.5535111427307129, -0.3981568515300751, 1.5535690784454346, 0.4828222393989563, 0.08518725633621216, 1.6914348602294922, 0.34950727224349976, -0.18836069107055664, -0.8413341045379639, 0.1146116554737091, 0.2341824769973755, 1.0483746528625488, 0.07146964967250824, 0.1962878406047821, -0.4436536133289337, 0.25338077545166016, -0.05704975128173828, -0.5663652420043945, 1.083711862564087, 0.8189371228218079, -0.2815060019493103, -1.494832992553711, -0.9165594577789307, 0.3614670932292938, 0.00028902292251586914]",0
62,9606.ENSP00000386741,"[-0.5346825122833252, 0.3979555070400238, 0.704399824142456, 0.4567549526691437, -0.4717075228691101, -0.8199417591094971, -0.26681941747665405, 1.103660225868225, 0.9719250798225403, 0.6393762230873108, 1.8247599601745605, -0.2120896875858307, 0.1615045964717865, 1.913648247718811, -0.46881091594696045, -0.06817561388015747, 1.110694169998169, -0.10483305156230927, 0.4110361337661743, 0.2595715820789337, 0.2582082748413086, -0.13929365575313568, -0.1752924621105194, -0.6038166284561157, -0.19300614297389984, -0.28794950246810913, -0.8450045585632324, 0.12374874949455261, 0.48024219274520874, -0.808323860168457, 0.9949944019317627, 0.3577014207839966, -0.2854607105255127, 0.06670644879341125, 0.6785376071929932, -0.4857053756713867, -0.6486596465110779, 0.879391074180603, -1.2543492317199707, -1.1397243738174438, -0.38862287998199463, -0.17503580451011658, -0.5469298362731934, 1.2977991104125977, 2.011305809020996, -2.143200159072876, 0.5209963917732239, -0.8527798056602478, 0.30216458439826965, -0.31177616119384766, 1.4294666051864624, 1.3266680240631104, 0.8226624727249146, -1.0793790817260742, -0.23590317368507385, 0.5434060096740723, 0.49994760751724243, -0.5748131275177002, -0.8300904035568237, 0.7497599124908447, -0.12365579605102539, 0.6216034889221191, 0.7003169059753418, 0.7709108591079712, -0.332480251789093, 1.46120023727417, 1.1338289976119995, 0.4229504466056824, -1.3758571147918701, -0.5182691812515259, -1.2148621082305908, -1.7184385061264038, 2.434831142425537, -1.8849618434906006, -0.30687299370765686, 1.2015365362167358, -0.6268141269683838, -0.19649100303649902, -1.643058180809021, -0.5316290855407715, -0.9107675552368164, -0.027628153562545776, 0.15773198008537292, -0.8590649366378784, 1.0998376607894897, -0.3559949994087219, -0.9584206938743591, -0.7224961519241333, -0.043818771839141846, 0.08619682490825653, -1.5244864225387573, 0.5094174146652222, 0.40506285429000854, 0.32549968361854553, -1.622483253479004, 1.1467033624649048, 0.046405255794525146, -0.8269592523574829, -0.0399603396654129, 0.8264675736427307, 0.1591811180114746, 0.1842762678861618, -0.5510762929916382, -0.7892663478851318, 0.27813127636909485, -0.8429937362670898, 0.05476398766040802, 0.05051600933074951, -0.056684210896492004, 1.4468823671340942, -0.4910625219345093, 0.3241386413574219, -0.5416789054870605, -0.637399435043335, -1.5584642887115479, -0.3256934881210327, 1.6945326328277588, 0.19117876887321472, 0.6529130935668945, 0.6766111850738525, 0.18173131346702576, -0.33454254269599915, -1.4604063034057617, -0.4580127000808716, 1.2549104690551758, 0.3650625944137573, -0.6508320569992065, -0.3773534297943115, 0.688693642616272, 0.08177340030670166, 0.4418982267379761, 0.45579975843429565, 1.5381888151168823, -0.16343684494495392, 0.25138363242149353, 0.5328279733657837, -0.5574803948402405, -1.1353503465652466, -0.3340033292770386, -0.5007267594337463, -0.35440608859062195, -1.0488388538360596, 1.3344377279281616, -0.5509769320487976, 0.923764705657959, -0.43683791160583496, -0.2888389825820923, 0.2895146906375885, 1.084431529045105, 0.2785760164260864, 1.2470917701721191, -0.5334758758544922, -1.2422903776168823, 0.2296246588230133, -0.588647723197937, 0.3346436321735382, 0.09206004440784454, 0.00383874773979187, 1.0182747840881348, 1.5419601202011108, 0.47856655716896057, -0.7170765995979309, -0.7817646265029907, 0.2694217562675476, 0.9859529733657837, 0.6181449890136719, 1.9138031005859375, 0.4413539171218872, -0.09035079181194305, 1.5661804676055908, 0.0669054388999939, -0.9633201360702515, -1.715293288230896, -0.0125160813331604, -1.9391355514526367, 1.096826195716858, 0.6574035882949829, 1.264815092086792, 1.1496044397354126, 0.2431318759918213, -0.20975521206855774, 1.9733426570892334, -2.457242488861084, -0.6393027901649475, -0.5229758620262146, 0.4720916450023651, 0.3877449333667755, -0.705510139465332, 0.2018756866455078, -1.1830575466156006, 0.433380663394928, 1.0311791896820068, -1.277256965637207, -0.4514821469783783, 1.3435957431793213, -1.058976411819458, 0.2812909185886383, -0.4363292157649994, 2.115318536758423, -0.8983609080314636]",0
63,9606.ENSP00000365682,"[2.828742504119873, 2.1847167015075684, 2.6055986881256104, 0.22288581728935242, -0.5245046615600586, 0.49700307846069336, -1.8014219999313354, 1.2388266324996948, -0.06728538870811462, 0.37348833680152893, 1.735416054725647, 1.4554452896118164, 0.9768387079238892, 0.28940293192863464, -0.28874802589416504, 0.18125119805335999, -0.39274293184280396, 0.5437108874320984, -0.5137036442756653, 1.8115084171295166, 0.01896613836288452, 1.4489846229553223, -0.18096444010734558, -0.5308489799499512, -1.2357085943222046, -4.726161956787109, 1.2492942810058594, 3.0537164211273193, -0.7544155120849609, -3.763505458831787, -0.3932455778121948, -0.807483971118927, 0.5705838203430176, 2.2881085872650146, 2.288853883743286, -2.238281726837158, -1.9810173511505127, 0.12425616383552551, -3.267522096633911, 0.048587799072265625, -2.2915234565734863, -1.2574167251586914, -1.424092411994934, 0.8485954999923706, -0.0197908878326416, -1.7396034002304077, 0.680549681186676, 0.8983548283576965, -0.9624333381652832, 0.5058912038803101, 0.25600191950798035, 2.785557985305786, 1.4668704271316528, -1.1783214807510376, -0.5312197804450989, 0.8100751042366028, 2.1434435844421387, -1.4817808866500854, 1.1166912317276, -2.5246405601501465, -2.97906494140625, 1.2911665439605713, 0.5148559808731079, -0.2605244517326355, 0.5673995018005371, 1.596822738647461, 0.6891345977783203, -2.861121892929077, -0.6564426422119141, -2.272738456726074, -1.5920038223266602, -1.4213414192199707, 0.6671802401542664, -1.6987580060958862, -0.4755132496356964, 3.0192787647247314, -0.7304958701133728, -1.4305517673492432, -3.693180799484253, -1.0004268884658813, 0.9735949635505676, 1.5326015949249268, -0.026667296886444092, -0.6995172500610352, -0.12434375286102295, 1.0252012014389038, -2.5625553131103516, -0.8010889291763306, -1.502816081047058, 0.4080801010131836, -2.832312822341919, 2.375434160232544, 3.1015751361846924, 2.118189811706543, -1.3663091659545898, 4.005263328552246, 0.015059322118759155, 0.19453392922878265, -0.05964351445436478, -0.38170748949050903, 2.968411922454834, 0.7818337678909302, -1.9871329069137573, 2.7073323726654053, -0.3845364451408386, 1.514962911605835, -1.092045783996582, -0.1680660843849182, 0.41304656863212585, 1.154195785522461, -0.19475671648979187, -0.2865769863128662, 0.9281243085861206, -0.513464629650116, -2.5614945888519287, 2.22379994392395, 1.410171627998352, -3.1647958755493164, 2.0136489868164062, 1.3069604635238647, 2.297639846801758, -1.2150678634643555, -0.2661837935447693, -1.4486061334609985, 0.5670763254165649, -0.7446224689483643, -1.4043275117874146, -1.1994740962982178, 3.4158949851989746, -0.08241066336631775, 0.831761360168457, 0.7950060367584229, -2.3264882564544678, 1.2575814723968506, -2.0070040225982666, 0.9945769906044006, -1.7352845668792725, -1.5094237327575684, 1.4855574369430542, -0.19734221696853638, 2.078875780105591, 1.4605603218078613, -1.8151789903640747, -1.510804533958435, 4.051330089569092, -0.19923192262649536, -2.355931043624878, -0.904495358467102, 1.0939993858337402, 1.4892010688781738, -0.04943788796663284, 0.4119460880756378, -2.7565693855285645, -0.7890447974205017, 0.37848415970802307, -0.7721406817436218, -0.7845609188079834, -0.2722165882587433, -2.2366855144500732, 1.0288461446762085, 0.0586894154548645, 1.6462867259979248, -0.006499558687210083, -0.17160221934318542, 1.0019912719726562, -0.8820902109146118, 1.5828571319580078, -1.7179043292999268, -0.937576413154602, 2.3601455688476562, 0.5894783735275269, -3.2390739917755127, 1.0085498094558716, 0.5559500455856323, -1.499862551689148, -1.5205578804016113, -0.25444483757019043, 3.612882375717163, 0.2582437992095947, -0.04898732900619507, 1.7709742784500122, 4.130143642425537, -0.5199922323226929, -2.952301263809204, -0.859036922454834, -1.4373242855072021, -0.48231396079063416, -3.1247425079345703, 2.771059513092041, -1.0842461585998535, 3.0000598430633545, -0.2991766631603241, -3.4324989318847656, 0.635429322719574, 0.6659955978393555, -0.27441108226776123, -0.7492208480834961, -0.8677570223808289, 3.0734145641326904, 0.9812923669815063]",0
64,9606.ENSP00000369816,"[0.6984041333198547, -1.0357019901275635, 1.3214167356491089, 1.0488907098770142, -0.5005856156349182, 0.5075151920318604, -0.2358112633228302, 0.5011401176452637, -1.4818456172943115, -0.013973131775856018, -0.9462231397628784, -1.1802046298980713, 0.31346383690834045, -0.26952895522117615, -0.37261998653411865, 1.4088685512542725, 0.5417077541351318, 1.6652867794036865, 1.459184169769287, -0.7539637088775635, -1.1847686767578125, -1.6909599304199219, 0.5962584018707275, -0.4153922498226166, -0.6659261584281921, -0.3240455389022827, 0.029683232307434082, -1.200444221496582, 0.7243269681930542, -0.38240447640419006, -0.03991657495498657, -0.7898987531661987, -0.8870513439178467, -0.06846016645431519, 0.0909774899482727, 0.6976717710494995, -1.7547369003295898, -1.4672424793243408, 0.8200582265853882, -0.9472386837005615, -0.21619614958763123, 0.0035515427589416504, -1.1125165224075317, -0.041652947664260864, 0.10746479034423828, 0.6961896419525146, -0.025373786687850952, 0.5192424058914185, -0.31987079977989197, -0.09118559956550598, 1.436001181602478, 0.4624146819114685, -0.10449109971523285, 0.7370014190673828, 0.8881373405456543, 0.3644447326660156, -0.37267401814460754, -1.6339190006256104, -0.1965426206588745, 1.0206999778747559, -0.3631305694580078, 1.2684446573257446, 0.6215642094612122, -0.38426223397254944, -0.5814965963363647, 0.9475538730621338, 1.2333182096481323, -0.5234150886535645, -0.4295664429664612, 0.5698930621147156, 1.596388816833496, 0.20956769585609436, -0.412722110748291, 0.5754229426383972, -0.7260193824768066, -0.5877401232719421, 1.0204946994781494, -1.403257131576538, -0.15446150302886963, 1.5523769855499268, -0.9017512202262878, 0.05631977319717407, 0.18608707189559937, 1.0703439712524414, -0.5176690816879272, -0.5404888391494751, -1.2221670150756836, -0.1521863043308258, 0.04830281436443329, -1.1028772592544556, 0.772161602973938, -0.031964510679244995, 0.2931535840034485, -0.7958224415779114, 0.3393816649913788, -0.3377525806427002, -0.38078126311302185, -0.5009369850158691, -0.818636417388916, -1.8585131168365479, 0.8540773391723633, -0.14598168432712555, -0.06670039892196655, -0.08769756555557251, 1.2967945337295532, -0.16577178239822388, -1.0890350341796875, -0.38002705574035645, -1.1938576698303223, -0.5894078016281128, -0.57354736328125, 0.5859261155128479, -1.7577173709869385, 0.3910868465900421, 0.7548115849494934, 0.781238317489624, -1.3018466234207153, -0.01900210976600647, -0.018170058727264404, 0.1449713408946991, -0.0898878276348114, 0.21735058724880219, 0.4187552034854889, 0.7187410593032837, 0.0013741254806518555, 0.7292459607124329, -0.09859269857406616, -1.51195228099823, 0.22937098145484924, -0.16314800083637238, -0.31784042716026306, 1.3040852546691895, -0.14477692544460297, 0.853579044342041, -0.7436058521270752, 1.5111110210418701, -1.1153881549835205, -1.0828863382339478, -0.13797792792320251, 0.5888310670852661, -0.572130560874939, 0.17490077018737793, 1.0748292207717896, -0.6473182439804077, -0.5973080396652222, 1.380039095878601, -0.6678410768508911, 1.163243293762207, -0.6219290494918823, -0.40077710151672363, -0.3783940076828003, 0.19944778084754944, -1.386762022972107, 0.711577296257019, -1.349533200263977, 0.7723467350006104, -0.2310473918914795, -0.7541779279708862, 0.35022398829460144, 0.04830673336982727, 0.5201634168624878, -0.23942998051643372, -0.34075844287872314, -0.0428541898727417, 0.14199402928352356, 0.6389228701591492, -1.6110975742340088, -0.8483789563179016, 0.11484788358211517, -0.18199989199638367, 0.702065110206604, 0.38221997022628784, 0.8537696599960327, -0.3289477229118347, 0.1677854359149933, -0.04701551795005798, 0.7639333009719849, 0.11595505475997925, 0.49317848682403564, -0.3467665910720825, -0.5819892883300781, 0.9653893113136292, 0.26375627517700195, -0.44685178995132446, -1.055071234703064, 0.31237325072288513, 0.017004400491714478, 0.4487644135951996, 0.7503610849380493, -0.34602999687194824, -0.6268882751464844, -1.3623489141464233, 1.1082149744033813, -0.6376382112503052, -0.10348878800868988, -0.17095577716827393, 0.19024522602558136, 0.8310372829437256, 0.4495147168636322, -0.6808726787567139]",0
65,9606.ENSP00000353259,"[4.9264020919799805, 0.8557701110839844, 1.032228708267212, -1.4801603555679321, -2.313486099243164, 1.5178930759429932, -5.229155540466309, 2.8703219890594482, -0.946670651435852, 0.21019519865512848, 4.315277576446533, 3.6114978790283203, -2.190077543258667, -1.082638144493103, 0.2803219258785248, -1.7479205131530762, 1.6769022941589355, 2.0398433208465576, -0.3249608278274536, -0.6399348974227905, -2.891374349594116, -0.8613611459732056, -2.109315872192383, -1.4735699892044067, 5.071303844451904, -2.910606622695923, -0.6987162828445435, 1.5459682941436768, -2.261162042617798, -3.7315802574157715, 2.51318359375, -3.5934696197509766, 1.0342035293579102, 0.6690228581428528, 2.3562724590301514, 2.9305930137634277, -3.555022716522217, 0.3469207286834717, -4.848374366760254, -1.808975100517273, -2.0858519077301025, -3.8682072162628174, 1.5349962711334229, -0.013006739318370819, 0.6410972476005554, 1.5696070194244385, 0.2794855237007141, -1.876854658126831, -6.534625053405762, 2.043773889541626, -1.2486053705215454, 3.145662784576416, 0.4332937002182007, 3.249791383743286, -0.7722397446632385, -2.1348605155944824, 1.4393705129623413, 1.1081113815307617, 3.735917568206787, -3.2781691551208496, -0.4316781163215637, -0.6917053461074829, -0.7528301477432251, 3.6062374114990234, 0.1875547170639038, -2.65922212600708, 0.3121439218521118, -1.2333475351333618, -1.9046502113342285, -0.30287647247314453, 1.8079774379730225, -0.069374218583107, -1.1960625648498535, -3.0943377017974854, 2.1906769275665283, 6.1313605308532715, -0.05777141451835632, 2.4795401096343994, -0.7635809183120728, 0.5665091276168823, 4.671366214752197, 4.1946702003479, -2.2408063411712646, -0.181992769241333, 4.263777256011963, 4.874861240386963, 0.8438509702682495, -0.12860660254955292, 2.820810079574585, 2.403367757797241, -4.583349227905273, 2.133857250213623, 2.3844857215881348, 0.7599159479141235, -1.7465176582336426, 0.06835561990737915, -1.2351861000061035, -0.6598871946334839, 3.0854694843292236, -1.6227343082427979, 2.7255451679229736, 0.9413447976112366, -2.566969633102417, 4.132905960083008, 0.8472841382026672, -2.3490991592407227, 0.059817224740982056, 1.4262454509735107, 0.8196982741355896, 5.626326084136963, -5.465865135192871, -0.5988397002220154, 2.1602044105529785, -1.5061228275299072, -3.3243751525878906, 1.7682565450668335, -0.5388520956039429, -3.440516471862793, -2.036484479904175, 3.4810357093811035, 3.329441785812378, -2.6801977157592773, 0.640442967414856, -2.3734922409057617, 4.357824325561523, -1.30615234375, -4.3010478019714355, -0.5394425392150879, 3.720165967941284, 2.6643478870391846, 2.6867892742156982, -0.2185673713684082, 1.9222971200942993, -0.6700413823127747, 0.041406601667404175, 0.8058525323867798, 0.4619053602218628, -0.02848154306411743, -1.3682299852371216, -0.05441516637802124, 5.090564727783203, -0.17045627534389496, -0.9790452718734741, -1.698549747467041, 2.80214262008667, -0.6063101291656494, -3.3908870220184326, -2.2310221195220947, -0.019788473844528198, 1.171166181564331, -0.8946681022644043, 1.8312207460403442, -3.283254861831665, 1.4540729522705078, 1.777500867843628, -1.9729377031326294, -0.16268907487392426, 2.2030584812164307, 5.916299343109131, 2.2982535362243652, 0.3968655467033386, 2.5985264778137207, -0.08153724670410156, 2.045872926712036, 6.187135696411133, -3.679335117340088, 5.310199737548828, -3.66156268119812, -0.6615539789199829, 4.353387355804443, 3.7562625408172607, -3.867725372314453, 1.643338918685913, -0.05662430822849274, -3.710667133331299, -1.2737257480621338, 0.5018657445907593, 5.5746941566467285, -0.5176969766616821, 1.5578384399414062, 0.14092841744422913, 4.609714984893799, -4.1316070556640625, -2.685596227645874, -1.1620244979858398, -0.996201753616333, 4.583761692047119, -0.9350566864013672, 4.180122375488281, -3.580104351043701, -1.0775099992752075, -0.5650293231010437, -3.0040531158447266, 6.162425518035889, 0.49308934807777405, 1.465262770652771, -1.5904525518417358, -2.975269317626953, 2.800182819366455, -0.06180253624916077]",0
66,9606.ENSP00000355601,"[5.582386493682861, 0.011136431246995926, 3.0795722007751465, -0.6633133292198181, -2.5875561237335205, 2.0780086517333984, -1.0735992193222046, 0.8225189447402954, -1.764542579650879, -0.5141413807868958, 3.118476390838623, -1.0696392059326172, 0.49510324001312256, 0.6195276975631714, -1.496590495109558, 1.9814828634262085, -0.325590044260025, 3.8327066898345947, -1.6404317617416382, 2.28110671043396, 1.66736900806427, -0.2834004759788513, -1.689485788345337, -0.4849125146865845, -0.7305040955543518, -4.57108211517334, 0.6984038352966309, 0.9308387637138367, 0.0690806657075882, -5.853602409362793, 2.08742094039917, -3.6148183345794678, -2.765113353729248, 1.4139232635498047, 4.4699296951293945, -1.007108449935913, 1.117609977722168, -0.08893582224845886, -4.431039810180664, 0.286453515291214, 0.4019709527492523, 0.32931581139564514, -2.997596025466919, 1.5008094310760498, 1.032122254371643, -5.403071403503418, 4.013318061828613, -3.0413215160369873, -1.5593159198760986, -1.1194510459899902, 2.69781231880188, 2.3221921920776367, 1.4736688137054443, 2.2551894187927246, -2.650108575820923, -4.016674995422363, 3.2306275367736816, -2.416921377182007, 1.012311577796936, -1.495651125907898, -3.5371692180633545, 2.020233631134033, 1.7907544374465942, -1.3346986770629883, -1.5403577089309692, -0.6845589280128479, 0.31037646532058716, -5.56284761428833, -2.3965868949890137, 1.4896280765533447, -0.49464151263237, -2.610462188720703, 1.4110623598098755, -0.2414036989212036, -2.4117980003356934, 3.443206310272217, 0.07537756860256195, -2.4165477752685547, -2.787407875061035, -1.471937656402588, 1.8820087909698486, 1.7727161645889282, -0.8981619477272034, -3.426330327987671, -0.0840756893157959, 0.09766742587089539, 2.4437782764434814, -0.8523167967796326, -2.6305689811706543, 1.1587893962860107, 0.3073646128177643, 5.31245756149292, 3.4387364387512207, -1.5203831195831299, 0.726658284664154, 2.0337343215942383, -1.3324323892593384, -2.5707554817199707, 1.494282603263855, 1.999051809310913, 3.304175615310669, 3.256073474884033, -1.9687342643737793, 3.255795478820801, -0.055555835366249084, -0.2539525628089905, -2.2638816833496094, 0.518524706363678, 4.1114888191223145, 0.14488783478736877, -0.6770370602607727, 0.13429255783557892, -1.9355387687683105, -5.882704257965088, -0.2871255576610565, -2.1545920372009277, 3.205105781555176, -1.233311653137207, -0.65036940574646, 3.216815948486328, 1.8129732608795166, -0.37330102920532227, 1.6593751907348633, 1.687116026878357, 1.0470280647277832, 1.284071445465088, -0.17848250269889832, 0.03169243037700653, 1.556753158569336, 1.9745792150497437, 4.038280487060547, -0.4519311785697937, 1.2106046676635742, -0.3921296298503876, -3.1993215084075928, 2.647980213165283, 0.5799177289009094, -1.7017136812210083, 0.7281218767166138, 0.104558065533638, -0.3142722547054291, -1.5619914531707764, -0.8427756428718567, -5.983421325683594, 2.9720659255981445, 1.2207825183868408, -2.1596405506134033, -2.053203821182251, 2.096653938293457, 3.456293821334839, -0.17027410864830017, 0.2064279168844223, -0.09971827268600464, -0.7092255353927612, -0.3669086694717407, 2.1709511280059814, 0.28490209579467773, 0.8804984092712402, -0.15990963578224182, 0.7624155282974243, -1.859574794769287, -0.06426291167736053, 0.4203934073448181, -4.261225700378418, 1.4009443521499634, 2.0623269081115723, 0.5064523220062256, -1.329056739807129, 2.5947659015655518, 2.464473009109497, 1.246747612953186, -3.374718189239502, -0.8675658702850342, -3.666698932647705, -2.7365763187408447, -1.1319739818572998, 1.08722984790802, 2.954200267791748, 1.038340449333191, -1.6926534175872803, 2.2820184230804443, 2.9184296131134033, -4.061366081237793, -2.0587897300720215, -0.6346535682678223, -1.3005657196044922, 1.8893814086914062, -2.9668526649475098, 1.448466181755066, -1.214255690574646, 2.073800802230835, 1.2722482681274414, -2.396928071975708, -1.509324312210083, 1.3107796907424927, -3.8788609504699707, 0.3475158214569092, 0.4560934603214264, 3.1723086833953857, -0.3542209565639496]",0
67,9606.ENSP00000387435,"[0.3503657579421997, -0.8166072368621826, 0.4047304689884186, -0.8004916906356812, 0.7800555229187012, -0.7686640024185181, -2.120067834854126, 0.8504242897033691, 0.27314239740371704, -1.8139017820358276, 0.4828278124332428, -0.5597884654998779, -0.35930418968200684, 2.59254789352417, 1.043152928352356, 1.4964234828948975, -1.5365455150604248, 0.544293224811554, -0.4168412685394287, 0.8448898792266846, -1.2784208059310913, -0.5599873065948486, -1.0463312864303589, 1.9264317750930786, 0.01678749918937683, -3.990773916244507, -0.7825692892074585, -0.24525438249111176, -1.2076616287231445, -3.6568307876586914, 0.03456637263298035, -2.787357807159424, 0.5791401267051697, -1.0556586980819702, 0.5162246823310852, 1.212141990661621, -3.396831512451172, 0.16878536343574524, 0.19754661619663239, 1.181190848350525, -0.19697372615337372, -0.5797001123428345, -1.4136441946029663, 1.0906046628952026, -0.2181037962436676, -1.5905808210372925, -1.213670015335083, -2.6730782985687256, 0.24802957475185394, 2.1087751388549805, 0.2466021031141281, 1.3844671249389648, 1.045186996459961, 2.2658936977386475, 0.10265679657459259, 1.3385332822799683, 1.700144648551941, -0.8987401723861694, -2.446478843688965, -1.2472848892211914, -0.9718395471572876, 1.296720027923584, 0.3199229836463928, 2.4647152423858643, -0.21743452548980713, -0.2637772858142853, 3.384103536605835, 0.6991475820541382, -2.617615222930908, -0.5474280714988708, 1.0458067655563354, -1.7777501344680786, 2.761171817779541, -1.8814053535461426, -0.20048001408576965, 2.0829126834869385, -0.16092424094676971, -0.5117190480232239, 0.16909994184970856, 0.9935029745101929, 0.4106716811656952, -1.1258078813552856, -1.0223212242126465, 1.072968602180481, 0.8212153911590576, 0.9267441630363464, 0.7309877872467041, -1.1811790466308594, -1.465606689453125, -0.2431029975414276, 1.4070369005203247, -0.6416265964508057, 1.0801681280136108, -0.8542574048042297, -1.3605765104293823, 1.6172254085540771, 1.3089195489883423, -3.887399911880493, 2.2041854858398438, 0.6513484120368958, 1.6116983890533447, -1.5991036891937256, -1.0924837589263916, 0.5955597162246704, 0.5244969129562378, -0.3024033308029175, -1.7841627597808838, -0.035026028752326965, -0.08003801107406616, 3.404576063156128, -2.7825424671173096, 0.3697870969772339, 0.5984516143798828, -0.18755829334259033, 0.36925208568573, -1.232201337814331, -0.1852087527513504, -2.0248496532440186, -1.8284423351287842, -0.07345303893089294, 2.4204046726226807, -0.41215550899505615, 0.45772117376327515, -0.6656379699707031, 2.3721063137054443, 0.35223519802093506, -1.6627237796783447, -1.9246400594711304, 0.79393470287323, 1.7803806066513062, 1.3178033828735352, 0.349602609872818, 0.35781025886535645, 0.049735695123672485, -1.8960238695144653, 0.5944186449050903, -0.31803038716316223, 0.889461874961853, 0.4751659333705902, -1.6943941116333008, 0.5691365599632263, 0.23429854214191437, -0.21830147504806519, -1.6551154851913452, -0.8930578827857971, 0.5890098810195923, -0.9840455055236816, -1.1781328916549683, 0.3428856432437897, 0.9401755332946777, 1.0452733039855957, -2.098562240600586, -0.7618931531906128, 0.441581666469574, -1.1372241973876953, 0.5303210020065308, -2.251222848892212, -0.1266034096479416, 1.0985556840896606, 0.8084888458251953, -2.2585818767547607, -0.03781960904598236, -0.4301353693008423, -0.3558177351951599, 1.5751036405563354, 0.158319890499115, 1.8919670581817627, -0.35187414288520813, 1.6130235195159912, 0.13180023431777954, 0.264657199382782, -1.617926836013794, -2.8278555870056152, 0.6169727444648743, -1.79579496383667, -0.509687602519989, 0.19976496696472168, 3.3151021003723145, 1.297933578491211, 1.076344609260559, 1.7296286821365356, 1.7278131246566772, -2.7409651279449463, -0.4032922685146332, 1.416222333908081, -1.387373924255371, 0.9582483768463135, 0.9810408353805542, 1.2737644910812378, -0.5554370880126953, 0.09052444994449615, 0.6089364886283875, 0.5803722739219666, 0.7796127200126648, 2.757412910461426, -1.3018733263015747, -2.5950071811676025, -1.6732032299041748, 2.3119280338287354, -0.4595566391944885]",0
68,9606.ENSP00000360522,"[5.818792819976807, 2.987234115600586, -0.40531256794929504, -3.47623872756958, -3.7031145095825195, -1.375437617301941, -3.411609411239624, 2.228628158569336, -0.4015413522720337, -6.520762920379639, 3.0268893241882324, 1.6805845499038696, -1.17146635055542, 0.5707583427429199, 3.8617422580718994, 1.417125940322876, 0.2312038540840149, -2.6171534061431885, -2.3654189109802246, 3.8976542949676514, 1.909123182296753, 1.0099208354949951, 2.9818124771118164, 0.5134108066558838, 2.107640266418457, -5.363382339477539, 1.5983606576919556, -0.5239921808242798, -0.6580029726028442, -5.000093460083008, 1.4711477756500244, -6.5963969230651855, 0.20032820105552673, 0.3927158713340759, 2.4689600467681885, 5.711263179779053, -3.472043037414551, 0.6357322335243225, -0.9032776355743408, -1.3329360485076904, -0.8049889802932739, 2.0528526306152344, 4.304856300354004, 0.14663851261138916, -2.1186068058013916, -6.08527946472168, 1.7802046537399292, -4.384127140045166, 0.052898943424224854, 3.8023457527160645, -1.4675146341323853, 4.3366618156433105, -0.33189404010772705, 3.6223275661468506, -1.2783498764038086, -0.4858008921146393, 2.155183792114258, -0.2817683815956116, -3.8331222534179688, -1.7786829471588135, -5.747260093688965, -0.8057396411895752, -0.7363075613975525, -2.52701735496521, 0.7030694484710693, -5.177140712738037, -2.063556432723999, -5.494452476501465, -2.340545892715454, -3.349031686782837, 0.600755512714386, 1.8239690065383911, 6.452472686767578, -2.209059238433838, -1.2294280529022217, 4.484451770782471, -0.4830930829048157, -5.880893230438232, -0.9799195528030396, 0.12481069564819336, 2.5161046981811523, 1.3990979194641113, -0.6169423460960388, -1.7212148904800415, -3.014773368835449, 1.3851956129074097, -0.010836988687515259, -2.6681571006774902, 3.0002312660217285, 0.7550541162490845, -0.6992216110229492, 2.3242645263671875, 1.2390320301055908, 2.314476728439331, 4.390929698944092, 2.346137046813965, -0.44717589020729065, -2.489617347717285, 1.1322975158691406, 1.5894445180892944, 2.951218843460083, 1.7201694250106812, -5.0138020515441895, 1.7930281162261963, -1.1375848054885864, -2.2927803993225098, 3.746907949447632, 0.42465728521347046, 2.307297468185425, 2.5752477645874023, -3.6072945594787598, -1.652273416519165, 3.423297166824341, 0.037492215633392334, 0.6689992547035217, -3.1277482509613037, 0.922510027885437, -0.9064750671386719, -6.42770528793335, 1.7317922115325928, 3.1984429359436035, -0.2155262976884842, 5.851073741912842, 4.239490509033203, -0.6625460386276245, -0.9206639528274536, -1.6469700336456299, 0.8074171543121338, 1.0665088891983032, 2.5713043212890625, 5.035436153411865, -2.324277400970459, 2.49556040763855, -1.6054699420928955, 1.0690778493881226, -0.9513869285583496, 0.79290771484375, 2.4868016242980957, 3.6232941150665283, -0.3410436511039734, -2.5830764770507812, -4.880441188812256, -2.2741942405700684, -3.1134448051452637, 1.9002429246902466, -3.6618082523345947, -2.949333667755127, -1.7134885787963867, 2.3641035556793213, 3.418501615524292, -3.710348129272461, 3.8406755924224854, -2.06974720954895, -2.9557626247406006, -1.5778707265853882, 3.8222897052764893, 0.569504976272583, 2.102477788925171, -0.917901873588562, 0.7882035970687866, -0.5592744946479797, -3.402432441711426, 0.8779783248901367, -2.814013957977295, -3.0734076499938965, -0.44652658700942993, 4.250243663787842, -5.230682373046875, 3.6438686847686768, 1.4739927053451538, -0.7297837734222412, 0.657486081123352, -1.0311055183410645, 0.5214778184890747, -2.7304110527038574, -1.3106029033660889, -2.203679323196411, 0.08711183071136475, -0.8181579113006592, 1.7259330749511719, 5.303122043609619, 4.589267730712891, -1.7352116107940674, -2.0877323150634766, 0.9647356271743774, -3.277515172958374, -0.9115325212478638, -1.9379734992980957, 4.920107364654541, -2.6816208362579346, 3.0409655570983887, 0.4348224997520447, -2.2327723503112793, 2.1411476135253906, 3.500938653945923, -5.114321231842041, -4.213442802429199, -2.3850533962249756, 1.8499581813812256, 2.4757163524627686]",0
69,9606.ENSP00000242786,"[1.7815089225769043, -1.250849723815918, 1.0090676546096802, 2.9107954502105713, -0.5981844067573547, -0.0033806264400482178, -2.5767343044281006, 0.7885701656341553, -0.14571204781532288, -2.1520471572875977, 2.7905220985412598, 0.6777908802032471, -1.2252734899520874, -0.31984561681747437, -2.6676671504974365, -0.10977289080619812, -0.07829791307449341, 2.74839448928833, 0.786616325378418, 1.7047735452651978, 0.6312176585197449, -0.7459828853607178, -0.6851933598518372, -1.0029507875442505, 0.9761598110198975, -4.052055835723877, -0.5505325198173523, -0.03644779324531555, 1.3924827575683594, -1.6282026767730713, -2.038404703140259, -2.623795747756958, -1.1419543027877808, 0.516844630241394, 3.787781238555908, -0.35402393341064453, -3.5952272415161133, -0.12271678447723389, -1.9398475885391235, -0.5829029083251953, -1.8763208389282227, -2.045135021209717, -0.13798600435256958, 1.268673062324524, 1.2201650142669678, -2.134770631790161, 2.5239028930664062, -4.228734016418457, -4.211670398712158, -0.5927971601486206, 0.2832897901535034, 2.736118793487549, 0.33166149258613586, 0.6625857353210449, 0.6052577495574951, -1.5156396627426147, 1.3556487560272217, 0.24762111902236938, -0.8688511848449707, -0.32522809505462646, -1.8709821701049805, 0.38599729537963867, 1.5709803104400635, 0.8462105989456177, -1.7482538223266602, -0.9294115900993347, 3.1536364555358887, -0.9492185115814209, -3.152391195297241, 1.5753705501556396, 1.9916549921035767, 1.611119270324707, -0.6162238121032715, -0.6284139156341553, -1.6624096632003784, 4.069762229919434, -0.24646669626235962, 0.5615074634552002, -1.6295888423919678, 1.671076774597168, 1.8729045391082764, -0.2984861731529236, -1.2850532531738281, -0.8993104100227356, 1.9816555976867676, 1.0563158988952637, -2.5965042114257812, -0.8224959373474121, -0.7379758358001709, 2.495820999145508, -2.453063488006592, 3.0613293647766113, 1.2599093914031982, -1.7437036037445068, -0.04492190480232239, 1.0544849634170532, -0.8437080979347229, -0.04898253083229065, 2.6718289852142334, 0.13743352890014648, 1.137296438217163, 1.524572491645813, -1.7693551778793335, 2.333198070526123, -0.48867881298065186, 0.488640695810318, -2.0030710697174072, -0.91862553358078, -1.2329277992248535, 2.344196081161499, -2.588332176208496, -0.6035847663879395, 2.563457727432251, -0.4598124623298645, -1.3643269538879395, -0.3167313039302826, 1.6028047800064087, 1.6695371866226196, -2.8126630783081055, 1.142440676689148, 2.04807448387146, 0.6365605592727661, 0.7965033054351807, 0.003919512033462524, 1.2690889835357666, 0.46489617228507996, -1.4970710277557373, -2.9784750938415527, 3.683382987976074, 0.06726984679698944, 2.3731136322021484, 2.1060643196105957, 2.0146050453186035, 1.1312909126281738, -2.4142634868621826, 1.7159581184387207, -1.9140799045562744, -2.2178499698638916, -2.49200701713562, 0.6551897525787354, 1.9457364082336426, -1.0742977857589722, -1.6847563982009888, -1.5135947465896606, 0.6337957978248596, 1.0127995014190674, -1.849877953529358, 0.311256468296051, 1.360381841659546, 1.1702136993408203, 0.9085665941238403, -1.9825773239135742, -0.6463879942893982, 2.1665046215057373, -2.305246114730835, 1.155949354171753, -0.01183292269706726, -1.2327046394348145, 3.303525924682617, 0.06826037168502808, -0.4388766288757324, 1.2867529392242432, 1.3790249824523926, -0.19150376319885254, 3.247304916381836, -0.4184371829032898, 3.145346164703369, -2.557187557220459, 0.033245548605918884, 3.430359363555908, 1.9086873531341553, -2.204468011856079, -0.0933120846748352, 0.42426520586013794, -1.6811699867248535, -0.2670995593070984, 0.1434231400489807, 1.5279498100280762, 1.8053191900253296, 0.6791125535964966, 3.178687572479248, 2.766942024230957, -0.8795329928398132, -0.08223970234394073, -3.00655460357666, -0.7500196099281311, 2.3511273860931396, -1.065286636352539, 2.3549787998199463, -1.0399292707443237, 2.083494186401367, 0.3390875458717346, -2.404270648956299, 2.452422857284546, 2.1284449100494385, -0.744560956954956, 0.6649926900863647, -2.3401899337768555, 1.1616970300674438, -0.9694527983665466]",0
70,9606.ENSP00000323328,"[-0.0707583874464035, -0.6653805375099182, 0.7986878156661987, 1.574233055114746, 0.034597158432006836, 1.0815081596374512, -0.6180554628372192, 0.3801068067550659, -0.6979180574417114, 0.7815264463424683, 0.27178314328193665, -0.5202648639678955, -0.26543378829956055, 0.1351354718208313, -0.8859943151473999, 0.8381389379501343, 0.14371591806411743, 1.2898015975952148, 0.1283661127090454, -0.256766676902771, -1.2944767475128174, -1.2466785907745361, -0.30388161540031433, -0.6769204139709473, -0.313671350479126, -0.048811689019203186, 0.25225508213043213, 0.2015652358531952, 0.10703876614570618, 0.7674716114997864, -0.9760702252388, -1.6753000020980835, -0.855510950088501, 0.3199726939201355, -0.1242087185382843, 0.2061183750629425, -1.4407521486282349, -0.26506900787353516, -0.05444617569446564, -0.9855433702468872, 0.44441425800323486, -0.3404272794723511, -0.44408658146858215, 0.7600324153900146, -0.8183012008666992, -0.8304535150527954, 0.238869309425354, -1.135082483291626, -0.27819883823394775, -0.5260141491889954, 1.1035563945770264, -0.4537579119205475, -1.0065163373947144, 0.41717594861984253, -0.333199143409729, -0.2910533547401428, -0.5389103293418884, -0.9264078140258789, -1.0072293281555176, 0.48412656784057617, -0.24824124574661255, 0.580411434173584, 0.8076534271240234, 1.4953938722610474, -0.23519885540008545, 0.3708854913711548, 0.5526838302612305, -0.12227331101894379, -0.8798152208328247, 1.0400762557983398, -0.07407830655574799, -1.3958874940872192, 0.28258541226387024, 0.8593316078186035, -1.160907506942749, 0.8881471753120422, 1.1526027917861938, 0.9794211983680725, -0.07194621860980988, 1.5287102460861206, 0.41074997186660767, 0.2895231246948242, 0.6880216002464294, -1.186941385269165, -0.27189141511917114, -0.9514514207839966, -1.1251437664031982, 0.7865005731582642, -0.5989565253257751, 0.478179395198822, -0.7127863168716431, 0.5879390239715576, 0.001509249210357666, -0.4908400774002075, -0.348749577999115, -0.32428112626075745, -0.8197699785232544, 1.1613528728485107, 0.12182649970054626, -0.8605318069458008, -1.5090978145599365, -0.3313184380531311, 1.2803899049758911, -0.05490392819046974, 0.7640109062194824, 0.7872292995452881, 0.06364336609840393, -0.039504826068878174, -1.0535115003585815, 1.1587425470352173, -1.6104061603546143, 1.416866660118103, 0.7699704766273499, 0.8665674328804016, 0.6915258169174194, 0.596479058265686, -0.011136606335639954, -0.0010783672332763672, -0.321073979139328, -0.3092125356197357, 0.1181950569152832, 0.6110286712646484, -0.11181382834911346, 0.6774879693984985, -0.10461503267288208, 0.3628416061401367, 0.21982645988464355, -1.4040178060531616, -1.195784330368042, -0.9945123791694641, 0.010743975639343262, 1.232297420501709, 1.601010799407959, 0.9946527481079102, -0.6176019906997681, 0.028403639793395996, -1.2969419956207275, -1.1618127822875977, 0.2481842339038849, 0.39727091789245605, 0.08781859278678894, 0.646681547164917, 1.3784534931182861, -0.31264907121658325, -0.07523545622825623, 1.2051453590393066, 0.9801079034805298, 0.340906023979187, -0.6681643128395081, 1.6877180337905884, 0.765850841999054, -1.1837222576141357, -0.5130658149719238, 0.15872950851917267, -0.13923847675323486, 0.4002113342285156, 0.04808953404426575, -1.2025139331817627, 1.2007114887237549, 1.1963913440704346, 0.16047945618629456, 0.5027564167976379, -0.015319079160690308, -0.008633702993392944, 1.548034906387329, -0.020302504301071167, 0.1490047574043274, 0.08634522557258606, 0.6200358867645264, 1.1705020666122437, 0.690078854560852, -1.136780858039856, 0.853130578994751, -0.4350760877132416, -0.5553709268569946, -0.0066968947649002075, 0.679439127445221, 0.2865831255912781, 1.024669885635376, 0.2544941306114197, -0.023959681391716003, -0.5839133858680725, -0.9250845909118652, -0.8334823250770569, -0.9581749439239502, -0.9783592820167542, 1.0949302911758423, 0.7890679836273193, 0.6150000095367432, -0.6701350212097168, 0.3725358843803406, 0.41712287068367004, -0.014063119888305664, -0.2786003351211548, 1.8461356163024902, -0.323628693819046, -0.9247600436210632, -0.5837146043777466, -0.4957052767276764, -1.120901107788086]",0
71,9606.ENSP00000334145,"[2.6859779357910156, -1.3930675983428955, 2.8486757278442383, 0.8106890916824341, -0.951389729976654, 0.5971711874008179, -3.78505802154541, 0.34267258644104004, 1.6427152156829834, -4.00583553314209, 2.980595111846924, -2.5630180835723877, 0.5220271348953247, -1.083819031715393, 0.4352421760559082, 0.4691704213619232, -2.948908805847168, -0.677445650100708, -0.8553937673568726, 4.681723117828369, 0.1678536832332611, -1.3050861358642578, 0.3284919857978821, -0.12394462525844574, -0.7369070649147034, -4.457479476928711, -1.672170877456665, 0.3014815151691437, 0.1840653419494629, -2.8669865131378174, -2.394468307495117, 0.1414770483970642, -1.6844208240509033, 2.1608963012695312, 4.257488250732422, -0.12629419565200806, -4.924116134643555, -1.0304105281829834, -4.183645725250244, -2.5290417671203613, -4.084015369415283, -2.478308916091919, -4.224567890167236, 0.06830878555774689, -1.8266395330429077, -0.6101396083831787, 5.741610527038574, -4.563864231109619, -2.331058979034424, 0.029808983206748962, 0.8030683994293213, 4.58826208114624, 0.6387141942977905, -1.3354854583740234, 1.011366844177246, -2.1701040267944336, 2.089948892593384, -3.1568539142608643, 2.628220558166504, -3.4502553939819336, -3.4398083686828613, -0.3236311078071594, 0.18847665190696716, 1.6026653051376343, -2.580813407897949, -3.576409101486206, 3.5505080223083496, -2.3632307052612305, -4.298360824584961, 0.44148629903793335, 0.9632050395011902, 1.1167092323303223, 2.334470748901367, -3.7508013248443604, -1.5496149063110352, 4.368122100830078, -0.9709288477897644, -0.19733519852161407, -2.191951274871826, 0.9435372352600098, 0.23907263576984406, 1.0535941123962402, 0.055474281311035156, -1.0116212368011475, 1.929341435432434, 0.20918673276901245, -1.9243141412734985, 0.9436399340629578, 0.07172131538391113, 0.41501563787460327, 0.8011549711227417, 1.3557052612304688, -0.6691790819168091, -0.10694468021392822, -2.8113582134246826, 2.4844226837158203, -2.660893201828003, -3.8015081882476807, 4.06524133682251, 2.0709991455078125, 3.4098336696624756, 2.00662899017334, -2.3304762840270996, 3.8555970191955566, 0.9235140085220337, -1.0959804058074951, -1.9560946226119995, 1.280657410621643, 1.1088712215423584, 1.327702522277832, -0.6623305678367615, 0.2085828334093094, 3.615432024002075, -0.37546542286872864, 0.5293160676956177, 0.020889639854431152, 3.120131015777588, -4.459995746612549, -3.695873260498047, 0.6743584871292114, 4.489916801452637, -3.108823776245117, -0.11524572968482971, 1.9997599124908447, -0.5291689038276672, 0.5961389541625977, -1.518776297569275, -0.20018452405929565, -0.20293471217155457, -1.6835600137710571, 0.8170588612556458, -1.20267915725708, -1.1191565990447998, 0.7587664723396301, -0.41490504145622253, -0.8582465648651123, -0.7435334324836731, -1.8475451469421387, -0.8159671425819397, -0.6692945957183838, 3.232377529144287, 0.23513823747634888, 1.0837159156799316, -3.6737985610961914, -0.39915019273757935, 2.4050376415252686, -4.569172382354736, -1.1686941385269165, -0.35030728578567505, 1.3687565326690674, 0.3229677975177765, -0.15338009595870972, -3.9855473041534424, -0.3051685690879822, -2.990077495574951, 0.890371561050415, -0.7288329601287842, 2.201183557510376, 1.6256839036941528, 1.1440502405166626, 1.1758806705474854, -1.354971170425415, -1.6422033309936523, -3.4736275672912598, 2.1858201026916504, 2.1062793731689453, 3.16243577003479, -0.649323582649231, 0.8239338994026184, -0.6948983073234558, 4.721502304077148, -3.8267085552215576, -0.06747284531593323, 0.2848663330078125, -2.2420499324798584, -1.791099190711975, -0.24670878052711487, 2.8271923065185547, 1.2799001932144165, 2.3718340396881104, 2.9943912029266357, 0.5745525360107422, -0.16943934559822083, -1.9505202770233154, -1.426491618156433, 0.1391558200120926, 0.24224063754081726, -1.3309314250946045, 2.6318180561065674, -3.026841402053833, 1.9448140859603882, 1.1432490348815918, -3.5410313606262207, 1.1086246967315674, 3.946549892425537, -1.5898189544677734, 2.0249080657958984, -3.058345317840576, 0.15195009112358093, -1.8355276584625244]",0
72,9606.ENSP00000215637,"[1.7422149181365967, 0.5291261672973633, 0.3862069845199585, 0.33302831649780273, -1.161267876625061, -0.8096097707748413, -3.0435402393341064, 0.8097739815711975, 1.0474224090576172, -1.269622564315796, 0.532444417476654, 1.1069955825805664, -0.19979359209537506, 0.712676465511322, 0.10592751950025558, -1.1271790266036987, -1.8486099243164062, 0.31467702984809875, -1.0005128383636475, 3.4962046146392822, -1.8112382888793945, -1.374176263809204, -0.9150828123092651, -1.0000501871109009, 2.0646800994873047, -1.5293152332305908, 2.3775484561920166, 0.9217926263809204, -2.4919917583465576, -1.1252961158752441, 0.17481651902198792, -3.401566743850708, 0.8354111909866333, -0.7950670719146729, 1.803238868713379, 0.49774861335754395, -1.3385288715362549, 0.8215850591659546, -0.08075124025344849, 1.499353051185608, -0.6003855466842651, -3.042483329772949, 1.3483777046203613, 1.6075193881988525, 0.1439908742904663, -1.2037601470947266, 0.7673094868659973, -2.682230234146118, -3.504786491394043, 2.121040105819702, 0.9125480651855469, 1.7959486246109009, -0.3599483072757721, 1.6467727422714233, -0.8587809801101685, 0.15231949090957642, 1.1112143993377686, -0.5674623250961304, 0.5030401945114136, -4.089503288269043, -2.0483038425445557, 0.4588572680950165, -0.4199981689453125, 3.2602310180664062, -1.6974678039550781, -2.826103448867798, -0.9906875491142273, -1.6319729089736938, -2.6650123596191406, -0.18063050508499146, -0.4404543340206146, 0.2690334916114807, 0.877572774887085, -1.5524837970733643, -1.760805368423462, 2.5881786346435547, 0.05510178208351135, -0.029513031244277954, -1.4091628789901733, -1.4571316242218018, 0.4690592288970947, 2.661132574081421, -1.3027188777923584, -1.2042418718338013, 3.857804536819458, 0.4667597711086273, -1.924137830734253, -1.5868574380874634, -0.06664973497390747, 1.8606326580047607, -1.631526231765747, 2.6418516635894775, 3.895779609680176, 0.8022886514663696, -0.2952500879764557, 1.6498600244522095, -1.282293677330017, -1.7347817420959473, 3.029144763946533, 1.943732500076294, 0.6447628736495972, -0.19424457848072052, 0.3603208363056183, 2.244777202606201, -1.1909294128417969, -0.185703843832016, 0.8424774408340454, -0.2508547902107239, 0.3451772928237915, 3.628816604614258, -3.2924582958221436, 0.26506057381629944, 2.7200801372528076, -0.27332043647766113, -1.2237722873687744, -2.370569944381714, 0.0718768835067749, -1.4297682046890259, -3.4748995304107666, 0.7732429504394531, 3.2415807247161865, 0.22781500220298767, 0.7188373804092407, -1.2830307483673096, 0.5675044655799866, -1.8697025775909424, -1.8276485204696655, -1.9273079633712769, 0.8334810137748718, -0.3275108337402344, -0.2587626874446869, -0.14717631042003632, 3.8221242427825928, -0.23775017261505127, -2.8750903606414795, -0.8514541387557983, -0.849052369594574, 1.9132188558578491, 0.1426563560962677, 0.8238767981529236, 3.279435396194458, -1.910746455192566, -1.1411176919937134, -1.74397611618042, 0.33329319953918457, -1.991064190864563, -1.903037190437317, 1.035645842552185, -0.7368210554122925, 0.06603778153657913, 0.30323436856269836, 0.40147119760513306, 1.9570741653442383, -0.01960413157939911, 0.43925201892852783, -0.7997305989265442, 1.8343197107315063, -0.5893312096595764, 3.3613648414611816, 1.1444847583770752, -0.504589319229126, -0.04171248525381088, -1.1851615905761719, -1.7141172885894775, 3.691972255706787, -1.7633988857269287, 4.631147861480713, -3.861478805541992, 0.9011829495429993, 3.7000887393951416, 1.8965115547180176, -1.2970274686813354, -1.3511850833892822, -1.7353675365447998, -0.7136842012405396, -0.7938622832298279, -1.7569729089736938, 1.216861367225647, 0.6612224578857422, 1.216662883758545, 2.9267096519470215, 4.571671009063721, -1.262015700340271, -0.5327276587486267, 0.29995810985565186, -0.9083622097969055, 1.231740951538086, -0.5797767639160156, 1.1319254636764526, -2.189995050430298, 2.3995018005371094, -0.8175138235092163, -1.9331762790679932, 2.9979662895202637, 1.945181131362915, -0.19558297097682953, -0.841734766960144, -2.1626815795898438, 1.8426108360290527, 0.2494610995054245]",0
73,9606.ENSP00000264606,"[6.853320121765137, 1.3333370685577393, -0.14504626393318176, 0.5812939405441284, -7.629552841186523, 0.7510101199150085, 3.373596668243408, 5.9334492683410645, -1.285893440246582, 5.297301769256592, 2.146606206893921, -0.6412447690963745, -4.481080055236816, 7.072493553161621, 3.112630844116211, -0.596653163433075, 0.5812582969665527, 2.9299426078796387, 0.48270994424819946, -1.0064433813095093, 1.305814504623413, 0.3180224597454071, -4.8089776039123535, 3.913041591644287, -3.957759380340576, 0.42622143030166626, 0.33871757984161377, 2.8338115215301514, -1.3028405904769897, -3.3149731159210205, -3.8180155754089355, -1.7106492519378662, -4.536174774169922, 2.1440443992614746, -0.3974485397338867, -4.877363681793213, 0.11309508979320526, -1.8942421674728394, -2.337977886199951, -2.276198625564575, -4.2716965675354, -6.38719367980957, -4.299948692321777, 5.087284088134766, 2.8802595138549805, -7.149752616882324, 5.923652172088623, -6.879554271697998, -1.237189531326294, -0.16866452991962433, -2.426957607269287, -0.9559116363525391, 3.8611860275268555, 2.4264512062072754, 0.8377753496170044, -4.880319118499756, 4.133861541748047, -0.9640501737594604, 5.426569938659668, -2.339404344558716, -4.134529113769531, 0.9016140103340149, 3.180724620819092, 2.5655975341796875, -3.6021568775177, 0.7455356121063232, 1.1713398694992065, -3.270275831222534, -7.756851673126221, -0.34634774923324585, -2.8018746376037598, -10.532095909118652, 1.0721149444580078, 0.3707570433616638, -3.5850117206573486, -0.3997461199760437, 2.2224843502044678, 1.2876578569412231, -0.14563895761966705, 0.7665532827377319, 0.3119613528251648, 5.824214458465576, -2.770803928375244, -1.1220693588256836, -3.196495532989502, 0.5646088719367981, 2.0446560382843018, -3.705646276473999, -3.698455572128296, 6.415243148803711, -2.780945062637329, 2.6008617877960205, 4.552369117736816, 2.7312309741973877, 2.8699533939361572, -0.4948412775993347, -0.5332772135734558, -0.9885877966880798, 0.6254651546478271, 7.198832035064697, 1.367301344871521, 2.441413164138794, -1.366477370262146, 5.030473232269287, 0.12066707015037537, 3.158802032470703, -3.8216283321380615, 2.353767156600952, 2.187098979949951, 0.2940065264701843, -6.115564823150635, -2.393040895462036, -2.7152905464172363, -2.5399670600891113, -3.115232467651367, 1.3644201755523682, 0.39772462844848633, -3.656669855117798, 4.058471202850342, 2.387627124786377, 1.4100769758224487, -5.499269485473633, -1.4674948453903198, -4.558960914611816, 2.1031975746154785, -4.090705394744873, 1.2896970510482788, -0.11909341812133789, 6.426707744598389, 0.06381656229496002, 4.721895217895508, -1.1491056680679321, -3.1102569103240967, -0.8240000605583191, -3.8158681392669678, -1.6307588815689087, 1.3032031059265137, -1.4507088661193848, -0.5418004393577576, -0.3191264271736145, 1.0548312664031982, -1.7441548109054565, 3.292424201965332, -4.204765796661377, 3.1204307079315186, 0.42936229705810547, -4.136043548583984, -2.376909017562866, 3.6586906909942627, 7.48492956161499, 0.15376943349838257, -0.26341331005096436, -0.4431147575378418, -1.277287483215332, -1.108446478843689, 5.840799331665039, 1.429356575012207, 3.1642909049987793, 0.9008797407150269, 6.963627338409424, -1.8774904012680054, 3.5380971431732178, 2.921969413757324, -4.782024383544922, 1.7922612428665161, -0.5916887521743774, -2.452401876449585, -3.101438522338867, 2.254166841506958, 9.224595069885254, 0.019109904766082764, 0.9442841410636902, 4.6618781089782715, 5.129278182983398, -4.525393009185791, -6.2985734939575195, 0.567956805229187, 1.8565726280212402, 2.089491128921509, -1.5612667798995972, 0.9463499784469604, -0.7008311748504639, -3.3759467601776123, -7.836348533630371, 1.2431162595748901, -8.05711555480957, -0.4155779778957367, -4.540472507476807, 0.24761372804641724, -5.15625524520874, 3.8872439861297607, 3.852944850921631, -4.8525214195251465, -2.8677501678466797, 5.367303848266602, -1.9916201829910278, -1.9929885864257812, 0.9921303391456604, 4.634137153625488, 0.36575135588645935]",0
