Entry,Entry Name,Protein names,Gene Names,name,Gene Ontology (biological process),Gene Ontology (cellular component),Gene Ontology (GO),Gene Ontology (molecular function),Gene Ontology IDs
O95466,FMNL1_HUMAN,Formin-like protein 1 (CLL-associated antigen KW-13) (Leukocyte formin),FMNL1 C17orf1 C17orf1B FMNL FRL1,9606.ENSP00000329219,actin filament severing [GO:0051014]; cell migration [GO:0016477]; cortical actin cytoskeleton organization [GO:0030866]; regulation of cell shape [GO:0008360],bleb [GO:0032059]; cell cortex [GO:0005938]; cytosol [GO:0005829]; extracellular exosome [GO:0070062]; membrane [GO:0016020]; phagocytic vesicle [GO:0045335]; plasma membrane [GO:0005886],bleb [GO:0032059]; cell cortex [GO:0005938]; cytosol [GO:0005829]; extracellular exosome [GO:0070062]; membrane [GO:0016020]; phagocytic vesicle [GO:0045335]; plasma membrane [GO:0005886]; actin filament binding [GO:0051015]; GTPase activating protein binding [GO:0032794]; small GTPase binding [GO:0031267]; actin filament severing [GO:0051014]; cell migration [GO:0016477]; cortical actin cytoskeleton organization [GO:0030866]; regulation of cell shape [GO:0008360],actin filament binding [GO:0051015]; GTPase activating protein binding [GO:0032794]; small GTPase binding [GO:0031267],GO:0005829; GO:0005886; GO:0005938; GO:0008360; GO:0016020; GO:0016477; GO:0030866; GO:0031267; GO:0032059; GO:0032794; GO:0045335; GO:0051014; GO:0051015; GO:0070062
P04156,PRIO_HUMAN,Major prion protein (PrP) (ASCR) (PrP27-30) (PrP33-35C) (CD antigen CD230),PRNP ALTPRP PRIP PRP,9606.ENSP00000399376,cellular response to amyloid-beta [GO:1904646]; cellular response to copper ion [GO:0071280]; cellular response to xenobiotic stimulus [GO:0071466]; dendritic spine maintenance [GO:0097062]; intracellular copper ion homeostasis [GO:0006878]; intracellular signal transduction [GO:0035556]; learning or memory [GO:0007611]; long-term memory [GO:0007616]; negative regulation of activated T cell proliferation [GO:0046007]; negative regulation of amyloid precursor protein catabolic process [GO:1902992]; negative regulation of amyloid-beta formation [GO:1902430]; negative regulation of apoptotic process [GO:0043066]; negative regulation of calcineurin-NFAT signaling cascade [GO:0070885]; negative regulation of dendritic spine maintenance [GO:1902951]; negative regulation of interleukin-17 production [GO:0032700]; negative regulation of interleukin-2 production [GO:0032703]; negative regulation of long-term synaptic potentiation [GO:1900272]; negative regulation of protein processing [GO:0010955]; negative regulation of T cell receptor signaling pathway [GO:0050860]; negative regulation of transcription by RNA polymerase II [GO:0000122]; negative regulation of type II interferon production [GO:0032689]; neuron projection maintenance [GO:1990535]; positive regulation of calcium-mediated signaling [GO:0050850]; positive regulation of glutamate receptor signaling pathway [GO:1900451]; positive regulation of neuron apoptotic process [GO:0043525]; positive regulation of protein localization to plasma membrane [GO:1903078]; positive regulation of protein targeting to membrane [GO:0090314]; protein destabilization [GO:0031648]; protein homooligomerization [GO:0051260]; regulation of calcium ion import across plasma membrane [GO:1905664]; regulation of cell cycle [GO:0051726]; regulation of glutamate receptor signaling pathway [GO:1900449]; regulation of potassium ion transmembrane transport [GO:1901379]; response to amyloid-beta [GO:1904645]; response to cadmium ion [GO:0046686]; response to oxidative stress [GO:0006979],cell surface [GO:0009986]; cytoplasm [GO:0005737]; cytosol [GO:0005829]; dendrite [GO:0030425]; endoplasmic reticulum [GO:0005783]; external side of plasma membrane [GO:0009897]; extracellular exosome [GO:0070062]; extrinsic component of membrane [GO:0019898]; Golgi apparatus [GO:0005794]; inclusion body [GO:0016234]; membrane raft [GO:0045121]; nuclear membrane [GO:0031965]; plasma membrane [GO:0005886]; postsynapse [GO:0098794]; postsynaptic density [GO:0014069]; terminal bouton [GO:0043195],cell surface [GO:0009986]; cytoplasm [GO:0005737]; cytosol [GO:0005829]; dendrite [GO:0030425]; endoplasmic reticulum [GO:0005783]; external side of plasma membrane [GO:0009897]; extracellular exosome [GO:0070062]; extrinsic component of membrane [GO:0019898]; Golgi apparatus [GO:0005794]; inclusion body [GO:0016234]; membrane raft [GO:0045121]; nuclear membrane [GO:0031965]; plasma membrane [GO:0005886]; postsynapse [GO:0098794]; postsynaptic density [GO:0014069]; terminal bouton [GO:0043195]; amyloid-beta binding [GO:0001540]; aspartic-type endopeptidase inhibitor activity [GO:0019828]; ATP-dependent protein binding [GO:0043008]; copper ion binding [GO:0005507]; cupric ion binding [GO:1903135]; cuprous ion binding [GO:1903136]; glycosaminoglycan binding [GO:0005539]; identical protein binding [GO:0042802]; lamin binding [GO:0005521]; microtubule binding [GO:0008017]; molecular adaptor activity [GO:0060090]; molecular condensate scaffold activity [GO:0140693]; molecular function activator activity [GO:0140677]; protease binding [GO:0002020]; protein-containing complex binding [GO:0044877]; protein-folding chaperone binding [GO:0051087]; signaling receptor activity [GO:0038023]; transmembrane transporter binding [GO:0044325]; tubulin binding [GO:0015631]; type 5 metabotropic glutamate receptor binding [GO:0031802]; cellular response to amyloid-beta [GO:1904646]; cellular response to copper ion [GO:0071280]; cellular response to xenobiotic stimulus [GO:0071466]; dendritic spine maintenance [GO:0097062]; intracellular copper ion homeostasis [GO:0006878]; intracellular signal transduction [GO:0035556]; learning or memory [GO:0007611]; long-term memory [GO:0007616]; negative regulation of activated T cell proliferation [GO:0046007]; negative regulation of amyloid precursor protein catabolic process [GO:1902992]; negative regulation of amyloid-beta formation [GO:1902430]; negative regulation of apoptotic process [GO:0043066]; negative regulation of calcineurin-NFAT signaling cascade [GO:0070885]; negative regulation of dendritic spine maintenance [GO:1902951]; negative regulation of interleukin-17 production [GO:0032700]; negative regulation of interleukin-2 production [GO:0032703]; negative regulation of long-term synaptic potentiation [GO:1900272]; negative regulation of protein processing [GO:0010955]; negative regulation of T cell receptor signaling pathway [GO:0050860]; negative regulation of transcription by RNA polymerase II [GO:0000122]; negative regulation of type II interferon production [GO:0032689]; neuron projection maintenance [GO:1990535]; positive regulation of calcium-mediated signaling [GO:0050850]; positive regulation of glutamate receptor signaling pathway [GO:1900451]; positive regulation of neuron apoptotic process [GO:0043525]; positive regulation of protein localization to plasma membrane [GO:1903078]; positive regulation of protein targeting to membrane [GO:0090314]; protein destabilization [GO:0031648]; protein homooligomerization [GO:0051260]; regulation of calcium ion import across plasma membrane [GO:1905664]; regulation of cell cycle [GO:0051726]; regulation of glutamate receptor signaling pathway [GO:1900449]; regulation of potassium ion transmembrane transport [GO:1901379]; response to amyloid-beta [GO:1904645]; response to cadmium ion [GO:0046686]; response to oxidative stress [GO:0006979],amyloid-beta binding [GO:0001540]; aspartic-type endopeptidase inhibitor activity [GO:0019828]; ATP-dependent protein binding [GO:0043008]; copper ion binding [GO:0005507]; cupric ion binding [GO:1903135]; cuprous ion binding [GO:1903136]; glycosaminoglycan binding [GO:0005539]; identical protein binding [GO:0042802]; lamin binding [GO:0005521]; microtubule binding [GO:0008017]; molecular adaptor activity [GO:0060090]; molecular condensate scaffold activity [GO:0140693]; molecular function activator activity [GO:0140677]; protease binding [GO:0002020]; protein-containing complex binding [GO:0044877]; protein-folding chaperone binding [GO:0051087]; signaling receptor activity [GO:0038023]; transmembrane transporter binding [GO:0044325]; tubulin binding [GO:0015631]; type 5 metabotropic glutamate receptor binding [GO:0031802],GO:0000122; GO:0001540; GO:0002020; GO:0005507; GO:0005521; GO:0005539; GO:0005737; GO:0005783; GO:0005794; GO:0005829; GO:0005886; GO:0006878; GO:0006979; GO:0007611; GO:0007616; GO:0008017; GO:0009897; GO:0009986; GO:0010955; GO:0014069; GO:0015631; GO:0016234; GO:0019828; GO:0019898; GO:0030425; GO:0031648; GO:0031802; GO:0031965; GO:0032689; GO:0032700; GO:0032703; GO:0035556; GO:0038023; GO:0042802; GO:0043008; GO:0043066; GO:0043195; GO:0043525; GO:0044325; GO:0044877; GO:0045121; GO:0046007; GO:0046686; GO:0050850; GO:0050860; GO:0051087; GO:0051260; GO:0051726; GO:0060090; GO:0070062; GO:0070885; GO:0071280; GO:0071466; GO:0090314; GO:0097062; GO:0098794; GO:0140677; GO:0140693; GO:1900272; GO:1900449; GO:1900451; GO:1901379; GO:1902430; GO:1902951; GO:1902992; GO:1903078; GO:1903135; GO:1903136; GO:1904645; GO:1904646; GO:1905664; GO:1990535
P09651,ROA1_HUMAN,"Heterogeneous nuclear ribonucleoprotein A1 (hnRNP A1) (Helix-destabilizing protein) (Single-strand RNA-binding protein) (hnRNP core protein A1) [Cleaved into: Heterogeneous nuclear ribonucleoprotein A1, N-terminally processed]",HNRNPA1 HNRPA1,9606.ENSP00000341826,"alternative mRNA splicing, via spliceosome [GO:0000380]; cellular response to glucose starvation [GO:0042149]; cellular response to sodium arsenite [GO:1903936]; import into nucleus [GO:0051170]; mRNA splicing, via spliceosome [GO:0000398]; mRNA transport [GO:0051028]; negative regulation of telomere maintenance via telomerase [GO:0032211]; nuclear export [GO:0051168]; positive regulation of telomere maintenance via telomerase [GO:0032212]; regulation of alternative mRNA splicing, via spliceosome [GO:0000381]; regulation of RNA splicing [GO:0043484]; RNA export from nucleus [GO:0006405]",catalytic step 2 spliceosome [GO:0071013]; cytoplasm [GO:0005737]; cytosol [GO:0005829]; extracellular exosome [GO:0070062]; membrane [GO:0016020]; nucleoplasm [GO:0005654]; nucleus [GO:0005634]; ribonucleoprotein complex [GO:1990904]; spliceosomal complex [GO:0005681]; synapse [GO:0045202],"catalytic step 2 spliceosome [GO:0071013]; cytoplasm [GO:0005737]; cytosol [GO:0005829]; extracellular exosome [GO:0070062]; membrane [GO:0016020]; nucleoplasm [GO:0005654]; nucleus [GO:0005634]; ribonucleoprotein complex [GO:1990904]; spliceosomal complex [GO:0005681]; synapse [GO:0045202]; DNA binding [GO:0003677]; G-rich strand telomeric DNA binding [GO:0098505]; identical protein binding [GO:0042802]; miRNA binding [GO:0035198]; mRNA 3'-UTR binding [GO:0003730]; pre-mRNA binding [GO:0036002]; protein domain specific binding [GO:0019904]; RNA binding [GO:0003723]; single-stranded DNA binding [GO:0003697]; single-stranded RNA binding [GO:0003727]; telomeric repeat-containing RNA binding [GO:0061752]; alternative mRNA splicing, via spliceosome [GO:0000380]; cellular response to glucose starvation [GO:0042149]; cellular response to sodium arsenite [GO:1903936]; import into nucleus [GO:0051170]; mRNA splicing, via spliceosome [GO:0000398]; mRNA transport [GO:0051028]; negative regulation of telomere maintenance via telomerase [GO:0032211]; nuclear export [GO:0051168]; positive regulation of telomere maintenance via telomerase [GO:0032212]; regulation of alternative mRNA splicing, via spliceosome [GO:0000381]; regulation of RNA splicing [GO:0043484]; RNA export from nucleus [GO:0006405]",DNA binding [GO:0003677]; G-rich strand telomeric DNA binding [GO:0098505]; identical protein binding [GO:0042802]; miRNA binding [GO:0035198]; mRNA 3'-UTR binding [GO:0003730]; pre-mRNA binding [GO:0036002]; protein domain specific binding [GO:0019904]; RNA binding [GO:0003723]; single-stranded DNA binding [GO:0003697]; single-stranded RNA binding [GO:0003727]; telomeric repeat-containing RNA binding [GO:0061752],GO:0000380; GO:0000381; GO:0000398; GO:0003677; GO:0003697; GO:0003723; GO:0003727; GO:0003730; GO:0005634; GO:0005654; GO:0005681; GO:0005737; GO:0005829; GO:0006405; GO:0016020; GO:0019904; GO:0032211; GO:0032212; GO:0035198; GO:0036002; GO:0042149; GO:0042802; GO:0043484; GO:0045202; GO:0051028; GO:0051168; GO:0051170; GO:0061752; GO:0070062; GO:0071013; GO:0098505; GO:1903936; GO:1990904
P10636,TAU_HUMAN,Microtubule-associated protein tau (Neurofibrillary tangle protein) (Paired helical filament-tau) (PHF-tau),MAPT MAPTL MTBT1 TAU,9606.ENSP00000340820,amyloid fibril formation [GO:1990000]; astrocyte activation [GO:0048143]; axon development [GO:0061564]; axonal transport [GO:0098930]; axonal transport of mitochondrion [GO:0019896]; cell-cell signaling [GO:0007267]; cellular response to brain-derived neurotrophic factor stimulus [GO:1990416]; cellular response to heat [GO:0034605]; cellular response to nerve growth factor stimulus [GO:1990090]; cellular response to reactive oxygen species [GO:0034614]; central nervous system neuron development [GO:0021954]; cytoplasmic microtubule organization [GO:0031122]; DNA damage response [GO:0006974]; generation of neurons [GO:0048699]; intracellular distribution of mitochondria [GO:0048312]; learning or memory [GO:0007611]; memory [GO:0007613]; microglial cell activation [GO:0001774]; microtubule cytoskeleton organization [GO:0000226]; microtubule polymerization [GO:0046785]; negative regulation of establishment of protein localization to mitochondrion [GO:1903748]; negative regulation of gene expression [GO:0010629]; negative regulation of mitochondrial fission [GO:0090258]; negative regulation of mitochondrial membrane potential [GO:0010917]; neurofibrillary tangle assembly [GO:1902988]; neuron projection development [GO:0031175]; plus-end-directed organelle transport along microtubule [GO:0072386]; positive regulation of axon extension [GO:0045773]; positive regulation of microtubule polymerization [GO:0031116]; positive regulation of protein localization [GO:1903829]; positive regulation of protein localization to synapse [GO:1902474]; positive regulation of superoxide anion generation [GO:0032930]; protein homooligomerization [GO:0051260]; protein polymerization [GO:0051258]; regulation of autophagy [GO:0010506]; regulation of calcium-mediated signaling [GO:0050848]; regulation of cellular response to heat [GO:1900034]; regulation of chromosome organization [GO:0033044]; regulation of long-term synaptic depression [GO:1900452]; regulation of microtubule cytoskeleton organization [GO:0070507]; regulation of microtubule polymerization [GO:0031113]; regulation of microtubule polymerization or depolymerization [GO:0031110]; regulation of microtubule-based movement [GO:0060632]; regulation of mitochondrial fission [GO:0090140]; regulation of synaptic plasticity [GO:0048167]; response to lead ion [GO:0010288]; rRNA metabolic process [GO:0016072]; stress granule assembly [GO:0034063]; supramolecular fiber organization [GO:0097435]; synapse assembly [GO:0007416]; synapse organization [GO:0050808],axolemma [GO:0030673]; axon [GO:0030424]; axon cytoplasm [GO:1904115]; cell body [GO:0044297]; cytoplasm [GO:0005737]; cytoplasmic ribonucleoprotein granule [GO:0036464]; cytosol [GO:0005829]; dendrite [GO:0030425]; dendritic spine [GO:0043197]; extracellular region [GO:0005576]; glial cell projection [GO:0097386]; growth cone [GO:0030426]; main axon [GO:0044304]; membrane raft [GO:0045121]; microtubule [GO:0005874]; microtubule cytoskeleton [GO:0015630]; mitochondrion [GO:0005739]; neurofibrillary tangle [GO:0097418]; neuron projection [GO:0043005]; neuronal cell body [GO:0043025]; nuclear periphery [GO:0034399]; nucleus [GO:0005634]; plasma membrane [GO:0005886]; somatodendritic compartment [GO:0036477]; tubulin complex [GO:0045298],axolemma [GO:0030673]; axon [GO:0030424]; axon cytoplasm [GO:1904115]; cell body [GO:0044297]; cytoplasm [GO:0005737]; cytoplasmic ribonucleoprotein granule [GO:0036464]; cytosol [GO:0005829]; dendrite [GO:0030425]; dendritic spine [GO:0043197]; extracellular region [GO:0005576]; glial cell projection [GO:0097386]; growth cone [GO:0030426]; main axon [GO:0044304]; membrane raft [GO:0045121]; microtubule [GO:0005874]; microtubule cytoskeleton [GO:0015630]; mitochondrion [GO:0005739]; neurofibrillary tangle [GO:0097418]; neuron projection [GO:0043005]; neuronal cell body [GO:0043025]; nuclear periphery [GO:0034399]; nucleus [GO:0005634]; plasma membrane [GO:0005886]; somatodendritic compartment [GO:0036477]; tubulin complex [GO:0045298]; actin binding [GO:0003779]; apolipoprotein binding [GO:0034185]; DNA binding [GO:0003677]; double-stranded DNA binding [GO:0003690]; dynactin binding [GO:0034452]; enzyme binding [GO:0019899]; enzyme inhibitor activity [GO:0004857]; histone-dependent DNA binding [GO:0099077]; Hsp90 protein binding [GO:0051879]; identical protein binding [GO:0042802]; lipoprotein particle binding [GO:0071813]; microtubule binding [GO:0008017]; microtubule lateral binding [GO:0099609]; minor groove of adenine-thymine-rich DNA binding [GO:0003680]; phosphatidylinositol binding [GO:0035091]; phosphatidylinositol bisphosphate binding [GO:1902936]; protein kinase binding [GO:0019901]; protein phosphatase 2A binding [GO:0051721]; protein-folding chaperone binding [GO:0051087]; protein-macromolecule adaptor activity [GO:0030674]; RNA binding [GO:0003723]; sequence-specific DNA binding [GO:0043565]; SH3 domain binding [GO:0017124]; single-stranded DNA binding [GO:0003697]; amyloid fibril formation [GO:1990000]; astrocyte activation [GO:0048143]; axon development [GO:0061564]; axonal transport [GO:0098930]; axonal transport of mitochondrion [GO:0019896]; cell-cell signaling [GO:0007267]; cellular response to brain-derived neurotrophic factor stimulus [GO:1990416]; cellular response to heat [GO:0034605]; cellular response to nerve growth factor stimulus [GO:1990090]; cellular response to reactive oxygen species [GO:0034614]; central nervous system neuron development [GO:0021954]; cytoplasmic microtubule organization [GO:0031122]; DNA damage response [GO:0006974]; generation of neurons [GO:0048699]; intracellular distribution of mitochondria [GO:0048312]; learning or memory [GO:0007611]; memory [GO:0007613]; microglial cell activation [GO:0001774]; microtubule cytoskeleton organization [GO:0000226]; microtubule polymerization [GO:0046785]; negative regulation of establishment of protein localization to mitochondrion [GO:1903748]; negative regulation of gene expression [GO:0010629]; negative regulation of mitochondrial fission [GO:0090258]; negative regulation of mitochondrial membrane potential [GO:0010917]; neurofibrillary tangle assembly [GO:1902988]; neuron projection development [GO:0031175]; plus-end-directed organelle transport along microtubule [GO:0072386]; positive regulation of axon extension [GO:0045773]; positive regulation of microtubule polymerization [GO:0031116]; positive regulation of protein localization [GO:1903829]; positive regulation of protein localization to synapse [GO:1902474]; positive regulation of superoxide anion generation [GO:0032930]; protein homooligomerization [GO:0051260]; protein polymerization [GO:0051258]; regulation of autophagy [GO:0010506]; regulation of calcium-mediated signaling [GO:0050848]; regulation of cellular response to heat [GO:1900034]; regulation of chromosome organization [GO:0033044]; regulation of long-term synaptic depression [GO:1900452]; regulation of microtubule cytoskeleton organization [GO:0070507]; regulation of microtubule polymerization [GO:0031113]; regulation of microtubule polymerization or depolymerization [GO:0031110]; regulation of microtubule-based movement [GO:0060632]; regulation of mitochondrial fission [GO:0090140]; regulation of synaptic plasticity [GO:0048167]; response to lead ion [GO:0010288]; rRNA metabolic process [GO:0016072]; stress granule assembly [GO:0034063]; supramolecular fiber organization [GO:0097435]; synapse assembly [GO:0007416]; synapse organization [GO:0050808],actin binding [GO:0003779]; apolipoprotein binding [GO:0034185]; DNA binding [GO:0003677]; double-stranded DNA binding [GO:0003690]; dynactin binding [GO:0034452]; enzyme binding [GO:0019899]; enzyme inhibitor activity [GO:0004857]; histone-dependent DNA binding [GO:0099077]; Hsp90 protein binding [GO:0051879]; identical protein binding [GO:0042802]; lipoprotein particle binding [GO:0071813]; microtubule binding [GO:0008017]; microtubule lateral binding [GO:0099609]; minor groove of adenine-thymine-rich DNA binding [GO:0003680]; phosphatidylinositol binding [GO:0035091]; phosphatidylinositol bisphosphate binding [GO:1902936]; protein kinase binding [GO:0019901]; protein phosphatase 2A binding [GO:0051721]; protein-folding chaperone binding [GO:0051087]; protein-macromolecule adaptor activity [GO:0030674]; RNA binding [GO:0003723]; sequence-specific DNA binding [GO:0043565]; SH3 domain binding [GO:0017124]; single-stranded DNA binding [GO:0003697],GO:0000226; GO:0001774; GO:0003677; GO:0003680; GO:0003690; GO:0003697; GO:0003723; GO:0003779; GO:0004857; GO:0005576; GO:0005634; GO:0005737; GO:0005739; GO:0005829; GO:0005874; GO:0005886; GO:0006974; GO:0007267; GO:0007416; GO:0007611; GO:0007613; GO:0008017; GO:0010288; GO:0010506; GO:0010629; GO:0010917; GO:0015630; GO:0016072; GO:0017124; GO:0019896; GO:0019899; GO:0019901; GO:0021954; GO:0030424; GO:0030425; GO:0030426; GO:0030673; GO:0030674; GO:0031110; GO:0031113; GO:0031116; GO:0031122; GO:0031175; GO:0032930; GO:0033044; GO:0034063; GO:0034185; GO:0034399; GO:0034452; GO:0034605; GO:0034614; GO:0035091; GO:0036464; GO:0036477; GO:0042802; GO:0043005; GO:0043025; GO:0043197; GO:0043565; GO:0044297; GO:0044304; GO:0045121; GO:0045298; GO:0045773; GO:0046785; GO:0048143; GO:0048167; GO:0048312; GO:0048699; GO:0050808; GO:0050848; GO:0051087; GO:0051258; GO:0051260; GO:0051721; GO:0051879; GO:0060632; GO:0061564; GO:0070507; GO:0071813; GO:0072386; GO:0090140; GO:0090258; GO:0097386; GO:0097418; GO:0097435; GO:0098930; GO:0099077; GO:0099609; GO:1900034; GO:1900452; GO:1902474; GO:1902936; GO:1902988; GO:1903748; GO:1903829; GO:1904115; GO:1990000; GO:1990090; GO:1990416
P14136,GFAP_HUMAN,Glial fibrillary acidic protein (GFAP),GFAP,9606.ENSP00000253408,astrocyte development [GO:0014002]; Bergmann glial cell differentiation [GO:0060020]; D-aspartate import across plasma membrane [GO:0070779]; enteric nervous system development [GO:0048484]; extracellular matrix organization [GO:0030198]; gene expression [GO:0010467]; intermediate filament organization [GO:0045109]; intracellular protein transport [GO:0006886]; long-term synaptic potentiation [GO:0060291]; negative regulation of neuron projection development [GO:0010977]; neural crest cell migration [GO:0001755]; neuron projection regeneration [GO:0031102]; positive regulation of Schwann cell proliferation [GO:0010625]; regulation of chaperone-mediated autophagy [GO:1904714]; regulation of neurotransmitter uptake [GO:0051580]; regulation of protein-containing complex assembly [GO:0043254]; Schwann cell proliferation [GO:0014010],astrocyte end-foot [GO:0097450]; cell body [GO:0044297]; cell projection [GO:0042995]; cytoplasm [GO:0005737]; cytoplasmic side of lysosomal membrane [GO:0098574]; cytosol [GO:0005829]; intermediate filament [GO:0005882]; intermediate filament cytoskeleton [GO:0045111],astrocyte end-foot [GO:0097450]; cell body [GO:0044297]; cell projection [GO:0042995]; cytoplasm [GO:0005737]; cytoplasmic side of lysosomal membrane [GO:0098574]; cytosol [GO:0005829]; intermediate filament [GO:0005882]; intermediate filament cytoskeleton [GO:0045111]; identical protein binding [GO:0042802]; integrin binding [GO:0005178]; kinase binding [GO:0019900]; structural constituent of cytoskeleton [GO:0005200]; astrocyte development [GO:0014002]; Bergmann glial cell differentiation [GO:0060020]; D-aspartate import across plasma membrane [GO:0070779]; enteric nervous system development [GO:0048484]; extracellular matrix organization [GO:0030198]; gene expression [GO:0010467]; intermediate filament organization [GO:0045109]; intracellular protein transport [GO:0006886]; long-term synaptic potentiation [GO:0060291]; negative regulation of neuron projection development [GO:0010977]; neural crest cell migration [GO:0001755]; neuron projection regeneration [GO:0031102]; positive regulation of Schwann cell proliferation [GO:0010625]; regulation of chaperone-mediated autophagy [GO:1904714]; regulation of neurotransmitter uptake [GO:0051580]; regulation of protein-containing complex assembly [GO:0043254]; Schwann cell proliferation [GO:0014010],identical protein binding [GO:0042802]; integrin binding [GO:0005178]; kinase binding [GO:0019900]; structural constituent of cytoskeleton [GO:0005200],GO:0001755; GO:0005178; GO:0005200; GO:0005737; GO:0005829; GO:0005882; GO:0006886; GO:0010467; GO:0010625; GO:0010977; GO:0014002; GO:0014010; GO:0019900; GO:0030198; GO:0031102; GO:0042802; GO:0042995; GO:0043254; GO:0044297; GO:0045109; GO:0045111; GO:0048484; GO:0051580; GO:0060020; GO:0060291; GO:0070779; GO:0097450; GO:0098574; GO:1904714
P22626,ROA2_HUMAN,Heterogeneous nuclear ribonucleoproteins A2/B1 (hnRNP A2/B1),HNRNPA2B1 HNRPA2B1,9606.ENSP00000346694,"DNA geometric change [GO:0032392]; miRNA transport [GO:1990428]; mRNA export from nucleus [GO:0006406]; mRNA processing [GO:0006397]; mRNA splicing, via spliceosome [GO:0000398]; mRNA transport [GO:0051028]; positive regulation of telomere maintenance via telomere lengthening [GO:1904358]; primary miRNA processing [GO:0031053]; RNA transport [GO:0050658]","Cajal body [GO:0015030]; catalytic step 2 spliceosome [GO:0071013]; chromosome, telomeric region [GO:0000781]; cytoplasm [GO:0005737]; extracellular exosome [GO:0070062]; membrane [GO:0016020]; nuclear matrix [GO:0016363]; nucleoplasm [GO:0005654]; nucleus [GO:0005634]; ribonucleoprotein complex [GO:1990904]; spliceosomal complex [GO:0005681]","Cajal body [GO:0015030]; catalytic step 2 spliceosome [GO:0071013]; chromosome, telomeric region [GO:0000781]; cytoplasm [GO:0005737]; extracellular exosome [GO:0070062]; membrane [GO:0016020]; nuclear matrix [GO:0016363]; nucleoplasm [GO:0005654]; nucleus [GO:0005634]; ribonucleoprotein complex [GO:1990904]; spliceosomal complex [GO:0005681]; DNA polymerase binding [GO:0070182]; G-rich strand telomeric DNA binding [GO:0098505]; identical protein binding [GO:0042802]; miRNA binding [GO:0035198]; molecular condensate scaffold activity [GO:0140693]; mRNA 3'-UTR binding [GO:0003730]; N6-methyladenosine-containing RNA reader activity [GO:1990247]; RNA binding [GO:0003723]; single-stranded telomeric DNA binding [GO:0043047]; DNA geometric change [GO:0032392]; miRNA transport [GO:1990428]; mRNA export from nucleus [GO:0006406]; mRNA processing [GO:0006397]; mRNA splicing, via spliceosome [GO:0000398]; mRNA transport [GO:0051028]; positive regulation of telomere maintenance via telomere lengthening [GO:1904358]; primary miRNA processing [GO:0031053]; RNA transport [GO:0050658]",DNA polymerase binding [GO:0070182]; G-rich strand telomeric DNA binding [GO:0098505]; identical protein binding [GO:0042802]; miRNA binding [GO:0035198]; molecular condensate scaffold activity [GO:0140693]; mRNA 3'-UTR binding [GO:0003730]; N6-methyladenosine-containing RNA reader activity [GO:1990247]; RNA binding [GO:0003723]; single-stranded telomeric DNA binding [GO:0043047],GO:0000398; GO:0000781; GO:0003723; GO:0003730; GO:0005634; GO:0005654; GO:0005681; GO:0005737; GO:0006397; GO:0006406; GO:0015030; GO:0016020; GO:0016363; GO:0031053; GO:0032392; GO:0035198; GO:0042802; GO:0043047; GO:0050658; GO:0051028; GO:0070062; GO:0070182; GO:0071013; GO:0098505; GO:0140693; GO:1904358; GO:1990247; GO:1990428; GO:1990904
P26368,U2AF2_HUMAN,Splicing factor U2AF 65 kDa subunit (U2 auxiliary factor 65 kDa subunit) (hU2AF(65)) (hU2AF65) (U2 snRNP auxiliary factor large subunit),U2AF2 U2AF65,9606.ENSP00000307863,"mRNA processing [GO:0006397]; mRNA splicing, via spliceosome [GO:0000398]; negative regulation of mRNA splicing, via spliceosome [GO:0048025]; negative regulation of protein ubiquitination [GO:0031397]; positive regulation of RNA splicing [GO:0033120]; spliceosomal complex assembly [GO:0000245]",commitment complex [GO:0000243]; nuclear speck [GO:0016607]; nucleoplasm [GO:0005654]; nucleus [GO:0005634]; spliceosomal complex [GO:0005681]; U2-type prespliceosome [GO:0071004]; U2AF complex [GO:0089701],"commitment complex [GO:0000243]; nuclear speck [GO:0016607]; nucleoplasm [GO:0005654]; nucleus [GO:0005634]; spliceosomal complex [GO:0005681]; U2-type prespliceosome [GO:0071004]; U2AF complex [GO:0089701]; C2H2 zinc finger domain binding [GO:0070742]; enzyme binding [GO:0019899]; molecular function inhibitor activity [GO:0140678]; poly-pyrimidine tract binding [GO:0008187]; pre-mRNA 3'-splice site binding [GO:0030628]; RNA binding [GO:0003723]; mRNA processing [GO:0006397]; mRNA splicing, via spliceosome [GO:0000398]; negative regulation of mRNA splicing, via spliceosome [GO:0048025]; negative regulation of protein ubiquitination [GO:0031397]; positive regulation of RNA splicing [GO:0033120]; spliceosomal complex assembly [GO:0000245]",C2H2 zinc finger domain binding [GO:0070742]; enzyme binding [GO:0019899]; molecular function inhibitor activity [GO:0140678]; poly-pyrimidine tract binding [GO:0008187]; pre-mRNA 3'-splice site binding [GO:0030628]; RNA binding [GO:0003723],GO:0000243; GO:0000245; GO:0000398; GO:0003723; GO:0005634; GO:0005654; GO:0005681; GO:0006397; GO:0008187; GO:0016607; GO:0019899; GO:0030628; GO:0031397; GO:0033120; GO:0048025; GO:0070742; GO:0071004; GO:0089701; GO:0140678
P26599,PTBP1_HUMAN,Polypyrimidine tract-binding protein 1 (PTB) (57 kDa RNA-binding protein PPTB-1) (Heterogeneous nuclear ribonucleoprotein I) (hnRNP I),PTBP1 PTB,9606.ENSP00000349428,"IRES-dependent viral translational initiation [GO:0075522]; mRNA processing [GO:0006397]; negative regulation of mRNA splicing, via spliceosome [GO:0048025]; negative regulation of muscle cell differentiation [GO:0051148]; negative regulation of neuron differentiation [GO:0045665]; negative regulation of RNA splicing [GO:0033119]; neurogenesis [GO:0022008]; positive regulation of calcineurin-NFAT signaling cascade [GO:0070886]; positive regulation of transcription by RNA polymerase II [GO:0045944]; regulation of alternative mRNA splicing, via spliceosome [GO:0000381]; regulation of cell differentiation [GO:0045595]; regulation of RNA splicing [GO:0043484]; RNA splicing [GO:0008380]",extracellular exosome [GO:0070062]; membrane [GO:0016020]; nucleolus [GO:0005730]; nucleoplasm [GO:0005654]; nucleus [GO:0005634],"extracellular exosome [GO:0070062]; membrane [GO:0016020]; nucleolus [GO:0005730]; nucleoplasm [GO:0005654]; nucleus [GO:0005634]; mRNA binding [GO:0003729]; poly-pyrimidine tract binding [GO:0008187]; pre-mRNA binding [GO:0036002]; RNA binding [GO:0003723]; IRES-dependent viral translational initiation [GO:0075522]; mRNA processing [GO:0006397]; negative regulation of mRNA splicing, via spliceosome [GO:0048025]; negative regulation of muscle cell differentiation [GO:0051148]; negative regulation of neuron differentiation [GO:0045665]; negative regulation of RNA splicing [GO:0033119]; neurogenesis [GO:0022008]; positive regulation of calcineurin-NFAT signaling cascade [GO:0070886]; positive regulation of transcription by RNA polymerase II [GO:0045944]; regulation of alternative mRNA splicing, via spliceosome [GO:0000381]; regulation of cell differentiation [GO:0045595]; regulation of RNA splicing [GO:0043484]; RNA splicing [GO:0008380]",mRNA binding [GO:0003729]; poly-pyrimidine tract binding [GO:0008187]; pre-mRNA binding [GO:0036002]; RNA binding [GO:0003723],GO:0000381; GO:0003723; GO:0003729; GO:0005634; GO:0005654; GO:0005730; GO:0006397; GO:0008187; GO:0008380; GO:0016020; GO:0022008; GO:0033119; GO:0036002; GO:0043484; GO:0045595; GO:0045665; GO:0045944; GO:0048025; GO:0051148; GO:0070062; GO:0070886; GO:0075522
P28799,GRN_HUMAN,Progranulin (PGRN) (Acrogranin) (Epithelin precursor) (Glycoprotein of 88 Kda) (GP88) (Glycoprotein 88) (Granulin precursor) (PC cell-derived growth factor) (PCDGF) (Proepithelin) (PEPI) [Cleaved into: Paragranulin; Granulin-1 (Granulin G); Granulin-2 (Granulin F); Granulin-3 (Epithelin-2) (Granulin B); Granulin-4 (Epithelin-1) (Granulin A); Granulin-5 (Granulin C); Granulin-6 (Granulin D); Granulin-7 (Granulin E)],GRN,9606.ENSP00000053867,astrocyte activation involved in immune response [GO:0002265]; blastocyst hatching [GO:0001835]; embryo implantation [GO:0007566]; epithelial cell proliferation [GO:0050673]; locomotory exploration behavior [GO:0035641]; lysosomal lumen acidification [GO:0007042]; lysosomal protein catabolic process [GO:1905146]; lysosomal transport [GO:0007041]; lysosome organization [GO:0007040]; maintenance of synapse structure [GO:0099558]; microglial cell activation involved in immune response [GO:0002282]; negative regulation of microglial cell activation [GO:1903979]; negative regulation of neuron apoptotic process [GO:0043524]; negative regulation of neutrophil activation [GO:1902564]; negative regulation of respiratory burst involved in inflammatory response [GO:0060266]; positive regulation of angiogenesis [GO:0045766]; positive regulation of aspartic-type peptidase activity [GO:1905247]; positive regulation of axon regeneration [GO:0048680]; positive regulation of cell migration [GO:0030335]; positive regulation of defense response to bacterium [GO:1900426]; positive regulation of endothelial cell migration [GO:0010595]; positive regulation of epithelial cell proliferation [GO:0050679]; positive regulation of inflammatory response to wounding [GO:0106016]; positive regulation of lysosome organization [GO:1905673]; positive regulation of neuron apoptotic process [GO:0043525]; positive regulation of protein folding [GO:1903334]; positive regulation of trophectodermal cell proliferation [GO:1904075]; protein stabilization [GO:0050821]; regulation of inflammatory response [GO:0050727]; retina development in camera-type eye [GO:0060041]; signal transduction [GO:0007165]; trophectodermal cell proliferation [GO:0001834],azurophil granule lumen [GO:0035578]; cerebellar climbing fiber to Purkinje cell synapse [GO:0150053]; endoplasmic reticulum [GO:0005783]; endosome [GO:0005768]; extracellular exosome [GO:0070062]; extracellular region [GO:0005576]; extracellular space [GO:0005615]; Golgi apparatus [GO:0005794]; late endosome [GO:0005770]; lysosomal membrane [GO:0005765]; lysosome [GO:0005764]; membrane [GO:0016020]; plasma membrane [GO:0005886]; trans-Golgi network [GO:0005802],azurophil granule lumen [GO:0035578]; cerebellar climbing fiber to Purkinje cell synapse [GO:0150053]; endoplasmic reticulum [GO:0005783]; endosome [GO:0005768]; extracellular exosome [GO:0070062]; extracellular region [GO:0005576]; extracellular space [GO:0005615]; Golgi apparatus [GO:0005794]; late endosome [GO:0005770]; lysosomal membrane [GO:0005765]; lysosome [GO:0005764]; membrane [GO:0016020]; plasma membrane [GO:0005886]; trans-Golgi network [GO:0005802]; cytokine activity [GO:0005125]; growth factor activity [GO:0008083]; protein-folding chaperone binding [GO:0051087]; RNA binding [GO:0003723]; astrocyte activation involved in immune response [GO:0002265]; blastocyst hatching [GO:0001835]; embryo implantation [GO:0007566]; epithelial cell proliferation [GO:0050673]; locomotory exploration behavior [GO:0035641]; lysosomal lumen acidification [GO:0007042]; lysosomal protein catabolic process [GO:1905146]; lysosomal transport [GO:0007041]; lysosome organization [GO:0007040]; maintenance of synapse structure [GO:0099558]; microglial cell activation involved in immune response [GO:0002282]; negative regulation of microglial cell activation [GO:1903979]; negative regulation of neuron apoptotic process [GO:0043524]; negative regulation of neutrophil activation [GO:1902564]; negative regulation of respiratory burst involved in inflammatory response [GO:0060266]; positive regulation of angiogenesis [GO:0045766]; positive regulation of aspartic-type peptidase activity [GO:1905247]; positive regulation of axon regeneration [GO:0048680]; positive regulation of cell migration [GO:0030335]; positive regulation of defense response to bacterium [GO:1900426]; positive regulation of endothelial cell migration [GO:0010595]; positive regulation of epithelial cell proliferation [GO:0050679]; positive regulation of inflammatory response to wounding [GO:0106016]; positive regulation of lysosome organization [GO:1905673]; positive regulation of neuron apoptotic process [GO:0043525]; positive regulation of protein folding [GO:1903334]; positive regulation of trophectodermal cell proliferation [GO:1904075]; protein stabilization [GO:0050821]; regulation of inflammatory response [GO:0050727]; retina development in camera-type eye [GO:0060041]; signal transduction [GO:0007165]; trophectodermal cell proliferation [GO:0001834],cytokine activity [GO:0005125]; growth factor activity [GO:0008083]; protein-folding chaperone binding [GO:0051087]; RNA binding [GO:0003723],GO:0001834; GO:0001835; GO:0002265; GO:0002282; GO:0003723; GO:0005125; GO:0005576; GO:0005615; GO:0005764; GO:0005765; GO:0005768; GO:0005770; GO:0005783; GO:0005794; GO:0005802; GO:0005886; GO:0007040; GO:0007041; GO:0007042; GO:0007165; GO:0007566; GO:0008083; GO:0010595; GO:0016020; GO:0030335; GO:0035578; GO:0035641; GO:0043524; GO:0043525; GO:0045766; GO:0048680; GO:0050673; GO:0050679; GO:0050727; GO:0050821; GO:0051087; GO:0060041; GO:0060266; GO:0070062; GO:0099558; GO:0106016; GO:0150053; GO:1900426; GO:1902564; GO:1903334; GO:1903979; GO:1904075; GO:1905146; GO:1905247; GO:1905673
P31483,TIA1_HUMAN,Cytotoxic granule associated RNA binding protein TIA1 (Nucleolysin TIA-1 isoform p40) (RNA-binding protein TIA-1) (T-cell-restricted intracellular antigen-1) (TIA-1) (p40-TIA-1),TIA1,9606.ENSP00000401371,"apoptotic process [GO:0006915]; mRNA processing [GO:0006397]; negative regulation of cytokine production [GO:0001818]; negative regulation of translation [GO:0017148]; positive regulation of epithelial cell apoptotic process [GO:1904037]; protein localization to cytoplasmic stress granule [GO:1903608]; regulation of alternative mRNA splicing, via spliceosome [GO:0000381]; regulation of mRNA splicing, via spliceosome [GO:0048024]; RNA splicing [GO:0008380]; stress granule assembly [GO:0034063]",cytoplasm [GO:0005737]; cytoplasmic stress granule [GO:0010494]; cytosol [GO:0005829]; nuclear stress granule [GO:0097165]; nucleoplasm [GO:0005654]; nucleus [GO:0005634]; ribonucleoprotein complex [GO:1990904],"cytoplasm [GO:0005737]; cytoplasmic stress granule [GO:0010494]; cytosol [GO:0005829]; nuclear stress granule [GO:0097165]; nucleoplasm [GO:0005654]; nucleus [GO:0005634]; ribonucleoprotein complex [GO:1990904]; mRNA 3'-UTR AU-rich region binding [GO:0035925]; mRNA 3'-UTR binding [GO:0003730]; poly(A) binding [GO:0008143]; RNA binding [GO:0003723]; apoptotic process [GO:0006915]; mRNA processing [GO:0006397]; negative regulation of cytokine production [GO:0001818]; negative regulation of translation [GO:0017148]; positive regulation of epithelial cell apoptotic process [GO:1904037]; protein localization to cytoplasmic stress granule [GO:1903608]; regulation of alternative mRNA splicing, via spliceosome [GO:0000381]; regulation of mRNA splicing, via spliceosome [GO:0048024]; RNA splicing [GO:0008380]; stress granule assembly [GO:0034063]",mRNA 3'-UTR AU-rich region binding [GO:0035925]; mRNA 3'-UTR binding [GO:0003730]; poly(A) binding [GO:0008143]; RNA binding [GO:0003723],GO:0000381; GO:0001818; GO:0003723; GO:0003730; GO:0005634; GO:0005654; GO:0005737; GO:0005829; GO:0006397; GO:0006915; GO:0008143; GO:0008380; GO:0010494; GO:0017148; GO:0034063; GO:0035925; GO:0048024; GO:0097165; GO:1903608; GO:1904037; GO:1990904
P35637,FUS_HUMAN,RNA-binding protein FUS (75 kDa DNA-pairing protein) (Oncogene FUS) (Oncogene TLS) (POMp75) (Translocated in liposarcoma protein),FUS TLS,9606.ENSP00000254108,amyloid fibril formation [GO:1990000]; membraneless organelle assembly [GO:0140694]; mRNA stabilization [GO:0048255]; positive regulation of double-strand break repair via homologous recombination [GO:1905168]; protein homooligomerization [GO:0051260]; regulation of DNA-templated transcription [GO:0006355]; regulation of RNA splicing [GO:0043484]; regulation of transcription by RNA polymerase II [GO:0006357]; RNA splicing [GO:0008380],GABA-ergic synapse [GO:0098982]; glutamatergic synapse [GO:0098978]; nucleoplasm [GO:0005654]; nucleus [GO:0005634]; postsynaptic cytosol [GO:0099524]; presynaptic cytosol [GO:0099523],GABA-ergic synapse [GO:0098982]; glutamatergic synapse [GO:0098978]; nucleoplasm [GO:0005654]; nucleus [GO:0005634]; postsynaptic cytosol [GO:0099524]; presynaptic cytosol [GO:0099523]; chromatin binding [GO:0003682]; DNA binding [GO:0003677]; identical protein binding [GO:0042802]; molecular condensate scaffold activity [GO:0140693]; mRNA 3'-UTR binding [GO:0003730]; RNA binding [GO:0003723]; transcription coactivator activity [GO:0003713]; transcription coregulator activity [GO:0003712]; zinc ion binding [GO:0008270]; amyloid fibril formation [GO:1990000]; membraneless organelle assembly [GO:0140694]; mRNA stabilization [GO:0048255]; positive regulation of double-strand break repair via homologous recombination [GO:1905168]; protein homooligomerization [GO:0051260]; regulation of DNA-templated transcription [GO:0006355]; regulation of RNA splicing [GO:0043484]; regulation of transcription by RNA polymerase II [GO:0006357]; RNA splicing [GO:0008380],chromatin binding [GO:0003682]; DNA binding [GO:0003677]; identical protein binding [GO:0042802]; molecular condensate scaffold activity [GO:0140693]; mRNA 3'-UTR binding [GO:0003730]; RNA binding [GO:0003723]; transcription coactivator activity [GO:0003713]; transcription coregulator activity [GO:0003712]; zinc ion binding [GO:0008270],GO:0003677; GO:0003682; GO:0003712; GO:0003713; GO:0003723; GO:0003730; GO:0005634; GO:0005654; GO:0006355; GO:0006357; GO:0008270; GO:0008380; GO:0042802; GO:0043484; GO:0048255; GO:0051260; GO:0098978; GO:0098982; GO:0099523; GO:0099524; GO:0140693; GO:0140694; GO:1905168; GO:1990000
P41002,CCNF_HUMAN,Cyclin-F (F-box only protein 1),CCNF FBX1 FBXO1,9606.ENSP00000380256,cell division [GO:0051301]; G1/S transition of mitotic cell cycle [GO:0000082]; negative regulation of centrosome duplication [GO:0010826]; placenta development [GO:0001890]; protein ubiquitination [GO:0016567]; re-entry into mitotic cell cycle [GO:0000320]; regulation of cell cycle [GO:0051726]; SCF-dependent proteasomal ubiquitin-dependent protein catabolic process [GO:0031146],centriole [GO:0005814]; centrosome [GO:0005813]; cyclin-dependent protein kinase holoenzyme complex [GO:0000307]; cytoplasm [GO:0005737]; cytosol [GO:0005829]; microtubule organizing center [GO:0005815]; nucleoplasm [GO:0005654]; nucleus [GO:0005634]; perinuclear region of cytoplasm [GO:0048471]; SCF ubiquitin ligase complex [GO:0019005],centriole [GO:0005814]; centrosome [GO:0005813]; cyclin-dependent protein kinase holoenzyme complex [GO:0000307]; cytoplasm [GO:0005737]; cytosol [GO:0005829]; microtubule organizing center [GO:0005815]; nucleoplasm [GO:0005654]; nucleus [GO:0005634]; perinuclear region of cytoplasm [GO:0048471]; SCF ubiquitin ligase complex [GO:0019005]; anaphase-promoting complex binding [GO:0010997]; cyclin-dependent protein serine/threonine kinase regulator activity [GO:0016538]; ubiquitin-like ligase-substrate adaptor activity [GO:1990756]; cell division [GO:0051301]; G1/S transition of mitotic cell cycle [GO:0000082]; negative regulation of centrosome duplication [GO:0010826]; placenta development [GO:0001890]; protein ubiquitination [GO:0016567]; re-entry into mitotic cell cycle [GO:0000320]; regulation of cell cycle [GO:0051726]; SCF-dependent proteasomal ubiquitin-dependent protein catabolic process [GO:0031146],anaphase-promoting complex binding [GO:0010997]; cyclin-dependent protein serine/threonine kinase regulator activity [GO:0016538]; ubiquitin-like ligase-substrate adaptor activity [GO:1990756],GO:0000082; GO:0000307; GO:0000320; GO:0001890; GO:0005634; GO:0005654; GO:0005737; GO:0005813; GO:0005814; GO:0005815; GO:0005829; GO:0010826; GO:0010997; GO:0016538; GO:0016567; GO:0019005; GO:0031146; GO:0048471; GO:0051301; GO:0051726; GO:1990756
P43243,MATR3_HUMAN,Matrin-3,MATR3 KIAA0723,9606.ENSP00000354346,activation of innate immune response [GO:0002218]; blastocyst formation [GO:0001825]; heart valve development [GO:0003170]; innate immune response [GO:0045087]; post-transcriptional regulation of gene expression [GO:0010608]; ventricular septum development [GO:0003281],membrane [GO:0016020]; nuclear inner membrane [GO:0005637]; nuclear matrix [GO:0016363]; nucleus [GO:0005634],membrane [GO:0016020]; nuclear inner membrane [GO:0005637]; nuclear matrix [GO:0016363]; nucleus [GO:0005634]; identical protein binding [GO:0042802]; miRNA binding [GO:0035198]; RNA binding [GO:0003723]; structural molecule activity [GO:0005198]; zinc ion binding [GO:0008270]; activation of innate immune response [GO:0002218]; blastocyst formation [GO:0001825]; heart valve development [GO:0003170]; innate immune response [GO:0045087]; post-transcriptional regulation of gene expression [GO:0010608]; ventricular septum development [GO:0003281],identical protein binding [GO:0042802]; miRNA binding [GO:0035198]; RNA binding [GO:0003723]; structural molecule activity [GO:0005198]; zinc ion binding [GO:0008270],GO:0001825; GO:0002218; GO:0003170; GO:0003281; GO:0003723; GO:0005198; GO:0005634; GO:0005637; GO:0008270; GO:0010608; GO:0016020; GO:0016363; GO:0035198; GO:0042802; GO:0045087
P49768,PSN1_HUMAN,Presenilin-1 (PS-1) (EC 3.4.23.-) (Protein S182) [Cleaved into: Presenilin-1 NTF subunit; Presenilin-1 CTF subunit; Presenilin-1 CTF12 (PS1-CTF12)],PSEN1 AD3 PS1 PSNL1,9606.ENSP00000326366,"amyloid precursor protein catabolic process [GO:0042987]; amyloid precursor protein metabolic process [GO:0042982]; amyloid-beta formation [GO:0034205]; apoptotic signaling pathway [GO:0097190]; astrocyte activation [GO:0048143]; astrocyte activation involved in immune response [GO:0002265]; autophagosome assembly [GO:0000045]; blood vessel development [GO:0001568]; brain morphogenesis [GO:0048854]; Cajal-Retzius cell differentiation [GO:0021870]; calcium ion homeostasis [GO:0055074]; cell fate specification [GO:0001708]; cell-cell adhesion [GO:0098609]; cellular response to amyloid-beta [GO:1904646]; cerebellum development [GO:0021549]; cerebral cortex cell migration [GO:0021795]; choline transport [GO:0015871]; DNA damage response [GO:0006974]; dorsal/ventral neural tube patterning [GO:0021904]; embryonic limb morphogenesis [GO:0030326]; endoplasmic reticulum calcium ion homeostasis [GO:0032469]; epithelial cell proliferation [GO:0050673]; heart looping [GO:0001947]; hematopoietic progenitor cell differentiation [GO:0002244]; intracellular signal transduction [GO:0035556]; L-glutamate import across plasma membrane [GO:0098712]; learning or memory [GO:0007611]; locomotion [GO:0040011]; membrane protein ectodomain proteolysis [GO:0006509]; memory [GO:0007613]; mitochondrial transport [GO:0006839]; myeloid dendritic cell differentiation [GO:0043011]; negative regulation of apoptotic process [GO:0043066]; negative regulation of apoptotic signaling pathway [GO:2001234]; negative regulation of axonogenesis [GO:0050771]; negative regulation of epidermal growth factor receptor signaling pathway [GO:0042059]; negative regulation of gene expression [GO:0010629]; negative regulation of neuron apoptotic process [GO:0043524]; negative regulation of transcription by RNA polymerase II [GO:0000122]; negative regulation of ubiquitin-dependent protein catabolic process [GO:2000059]; neural retina development [GO:0003407]; neuron apoptotic process [GO:0051402]; neuron cellular homeostasis [GO:0070050]; neuron development [GO:0048666]; neuron migration [GO:0001764]; neuron projection maintenance [GO:1990535]; Notch receptor processing [GO:0007220]; Notch signaling pathway [GO:0007219]; positive regulation of amyloid fibril formation [GO:1905908]; positive regulation of apoptotic process [GO:0043065]; positive regulation of coagulation [GO:0050820]; positive regulation of dendritic spine development [GO:0060999]; positive regulation of DNA-templated transcription [GO:0045893]; positive regulation of gene expression [GO:0010628]; positive regulation of glycolytic process [GO:0045821]; positive regulation of L-glutamate import across plasma membrane [GO:0002038]; positive regulation of proteasomal ubiquitin-dependent protein catabolic process [GO:0032436]; positive regulation of receptor recycling [GO:0001921]; positive regulation of tumor necrosis factor production [GO:0032760]; post-embryonic development [GO:0009791]; protein catabolic process at postsynapse [GO:0140249]; protein processing [GO:0016485]; protein transport [GO:0015031]; regulation of canonical Wnt signaling pathway [GO:0060828]; regulation of gene expression [GO:0010468]; regulation of neuron projection development [GO:0010975]; regulation of postsynapse organization [GO:0099175]; regulation of resting membrane potential [GO:0060075]; regulation of synaptic plasticity [GO:0048167]; regulation of synaptic transmission, glutamatergic [GO:0051966]; regulation of synaptic vesicle cycle [GO:0098693]; response to oxidative stress [GO:0006979]; sequestering of calcium ion [GO:0051208]; skeletal system morphogenesis [GO:0048705]; skin morphogenesis [GO:0043589]; smooth endoplasmic reticulum calcium ion homeostasis [GO:0051563]; somitogenesis [GO:0001756]; synapse organization [GO:0050808]; synaptic vesicle targeting [GO:0016080]; T cell activation involved in immune response [GO:0002286]; T cell receptor signaling pathway [GO:0050852]; thymus development [GO:0048538]",aggresome [GO:0016235]; azurophil granule membrane [GO:0035577]; cell cortex [GO:0005938]; cell junction [GO:0030054]; cell surface [GO:0009986]; centrosome [GO:0005813]; ciliary rootlet [GO:0035253]; dendrite [GO:0030425]; dendritic shaft [GO:0043198]; early endosome membrane [GO:0031901]; endoplasmic reticulum [GO:0005783]; endoplasmic reticulum membrane [GO:0005789]; gamma-secretase complex [GO:0070765]; glutamatergic synapse [GO:0098978]; Golgi apparatus [GO:0005794]; Golgi membrane [GO:0000139]; growth cone [GO:0030426]; kinetochore [GO:0000776]; membrane [GO:0016020]; membrane raft [GO:0045121]; mitochondrial inner membrane [GO:0005743]; mitochondrion [GO:0005739]; neuromuscular junction [GO:0031594]; neuron projection [GO:0043005]; neuronal cell body [GO:0043025]; nuclear membrane [GO:0031965]; nuclear outer membrane [GO:0005640]; nucleoplasm [GO:0005654]; nucleus [GO:0005634]; plasma membrane [GO:0005886]; postsynapse [GO:0098794]; presynaptic membrane [GO:0042734]; protein-containing complex [GO:0032991]; rough endoplasmic reticulum [GO:0005791]; sarcolemma [GO:0042383]; smooth endoplasmic reticulum [GO:0005790]; synaptic vesicle [GO:0008021],"aggresome [GO:0016235]; azurophil granule membrane [GO:0035577]; cell cortex [GO:0005938]; cell junction [GO:0030054]; cell surface [GO:0009986]; centrosome [GO:0005813]; ciliary rootlet [GO:0035253]; dendrite [GO:0030425]; dendritic shaft [GO:0043198]; early endosome membrane [GO:0031901]; endoplasmic reticulum [GO:0005783]; endoplasmic reticulum membrane [GO:0005789]; gamma-secretase complex [GO:0070765]; glutamatergic synapse [GO:0098978]; Golgi apparatus [GO:0005794]; Golgi membrane [GO:0000139]; growth cone [GO:0030426]; kinetochore [GO:0000776]; membrane [GO:0016020]; membrane raft [GO:0045121]; mitochondrial inner membrane [GO:0005743]; mitochondrion [GO:0005739]; neuromuscular junction [GO:0031594]; neuron projection [GO:0043005]; neuronal cell body [GO:0043025]; nuclear membrane [GO:0031965]; nuclear outer membrane [GO:0005640]; nucleoplasm [GO:0005654]; nucleus [GO:0005634]; plasma membrane [GO:0005886]; postsynapse [GO:0098794]; presynaptic membrane [GO:0042734]; protein-containing complex [GO:0032991]; rough endoplasmic reticulum [GO:0005791]; sarcolemma [GO:0042383]; smooth endoplasmic reticulum [GO:0005790]; synaptic vesicle [GO:0008021]; aspartic endopeptidase activity, intramembrane cleaving [GO:0042500]; aspartic-type endopeptidase activity [GO:0004190]; ATPase binding [GO:0051117]; beta-catenin binding [GO:0008013]; cadherin binding [GO:0045296]; calcium channel activity [GO:0005262]; endopeptidase activity [GO:0004175]; growth factor receptor binding [GO:0070851]; molecular adaptor activity [GO:0060090]; PDZ domain binding [GO:0030165]; amyloid precursor protein catabolic process [GO:0042987]; amyloid precursor protein metabolic process [GO:0042982]; amyloid-beta formation [GO:0034205]; apoptotic signaling pathway [GO:0097190]; astrocyte activation [GO:0048143]; astrocyte activation involved in immune response [GO:0002265]; autophagosome assembly [GO:0000045]; blood vessel development [GO:0001568]; brain morphogenesis [GO:0048854]; Cajal-Retzius cell differentiation [GO:0021870]; calcium ion homeostasis [GO:0055074]; cell fate specification [GO:0001708]; cell-cell adhesion [GO:0098609]; cellular response to amyloid-beta [GO:1904646]; cerebellum development [GO:0021549]; cerebral cortex cell migration [GO:0021795]; choline transport [GO:0015871]; DNA damage response [GO:0006974]; dorsal/ventral neural tube patterning [GO:0021904]; embryonic limb morphogenesis [GO:0030326]; endoplasmic reticulum calcium ion homeostasis [GO:0032469]; epithelial cell proliferation [GO:0050673]; heart looping [GO:0001947]; hematopoietic progenitor cell differentiation [GO:0002244]; intracellular signal transduction [GO:0035556]; L-glutamate import across plasma membrane [GO:0098712]; learning or memory [GO:0007611]; locomotion [GO:0040011]; membrane protein ectodomain proteolysis [GO:0006509]; memory [GO:0007613]; mitochondrial transport [GO:0006839]; myeloid dendritic cell differentiation [GO:0043011]; negative regulation of apoptotic process [GO:0043066]; negative regulation of apoptotic signaling pathway [GO:2001234]; negative regulation of axonogenesis [GO:0050771]; negative regulation of epidermal growth factor receptor signaling pathway [GO:0042059]; negative regulation of gene expression [GO:0010629]; negative regulation of neuron apoptotic process [GO:0043524]; negative regulation of transcription by RNA polymerase II [GO:0000122]; negative regulation of ubiquitin-dependent protein catabolic process [GO:2000059]; neural retina development [GO:0003407]; neuron apoptotic process [GO:0051402]; neuron cellular homeostasis [GO:0070050]; neuron development [GO:0048666]; neuron migration [GO:0001764]; neuron projection maintenance [GO:1990535]; Notch receptor processing [GO:0007220]; Notch signaling pathway [GO:0007219]; positive regulation of amyloid fibril formation [GO:1905908]; positive regulation of apoptotic process [GO:0043065]; positive regulation of coagulation [GO:0050820]; positive regulation of dendritic spine development [GO:0060999]; positive regulation of DNA-templated transcription [GO:0045893]; positive regulation of gene expression [GO:0010628]; positive regulation of glycolytic process [GO:0045821]; positive regulation of L-glutamate import across plasma membrane [GO:0002038]; positive regulation of proteasomal ubiquitin-dependent protein catabolic process [GO:0032436]; positive regulation of receptor recycling [GO:0001921]; positive regulation of tumor necrosis factor production [GO:0032760]; post-embryonic development [GO:0009791]; protein catabolic process at postsynapse [GO:0140249]; protein processing [GO:0016485]; protein transport [GO:0015031]; regulation of canonical Wnt signaling pathway [GO:0060828]; regulation of gene expression [GO:0010468]; regulation of neuron projection development [GO:0010975]; regulation of postsynapse organization [GO:0099175]; regulation of resting membrane potential [GO:0060075]; regulation of synaptic plasticity [GO:0048167]; regulation of synaptic transmission, glutamatergic [GO:0051966]; regulation of synaptic vesicle cycle [GO:0098693]; response to oxidative stress [GO:0006979]; sequestering of calcium ion [GO:0051208]; skeletal system morphogenesis [GO:0048705]; skin morphogenesis [GO:0043589]; smooth endoplasmic reticulum calcium ion homeostasis [GO:0051563]; somitogenesis [GO:0001756]; synapse organization [GO:0050808]; synaptic vesicle targeting [GO:0016080]; T cell activation involved in immune response [GO:0002286]; T cell receptor signaling pathway [GO:0050852]; thymus development [GO:0048538]","aspartic endopeptidase activity, intramembrane cleaving [GO:0042500]; aspartic-type endopeptidase activity [GO:0004190]; ATPase binding [GO:0051117]; beta-catenin binding [GO:0008013]; cadherin binding [GO:0045296]; calcium channel activity [GO:0005262]; endopeptidase activity [GO:0004175]; growth factor receptor binding [GO:0070851]; molecular adaptor activity [GO:0060090]; PDZ domain binding [GO:0030165]",GO:0000045; GO:0000122; GO:0000139; GO:0000776; GO:0001568; GO:0001708; GO:0001756; GO:0001764; GO:0001921; GO:0001947; GO:0002038; GO:0002244; GO:0002265; GO:0002286; GO:0003407; GO:0004175; GO:0004190; GO:0005262; GO:0005634; GO:0005640; GO:0005654; GO:0005739; GO:0005743; GO:0005783; GO:0005789; GO:0005790; GO:0005791; GO:0005794; GO:0005813; GO:0005886; GO:0005938; GO:0006509; GO:0006839; GO:0006974; GO:0006979; GO:0007219; GO:0007220; GO:0007611; GO:0007613; GO:0008013; GO:0008021; GO:0009791; GO:0009986; GO:0010468; GO:0010628; GO:0010629; GO:0010975; GO:0015031; GO:0015871; GO:0016020; GO:0016080; GO:0016235; GO:0016485; GO:0021549; GO:0021795; GO:0021870; GO:0021904; GO:0030054; GO:0030165; GO:0030326; GO:0030425; GO:0030426; GO:0031594; GO:0031901; GO:0031965; GO:0032436; GO:0032469; GO:0032760; GO:0032991; GO:0034205; GO:0035253; GO:0035556; GO:0035577; GO:0040011; GO:0042059; GO:0042383; GO:0042500; GO:0042734; GO:0042982; GO:0042987; GO:0043005; GO:0043011; GO:0043025; GO:0043065; GO:0043066; GO:0043198; GO:0043524; GO:0043589; GO:0045121; GO:0045296; GO:0045821; GO:0045893; GO:0048143; GO:0048167; GO:0048538; GO:0048666; GO:0048705; GO:0048854; GO:0050673; GO:0050771; GO:0050808; GO:0050820; GO:0050852; GO:0051117; GO:0051208; GO:0051402; GO:0051563; GO:0051966; GO:0055074; GO:0060075; GO:0060090; GO:0060828; GO:0060999; GO:0070050; GO:0070765; GO:0070851; GO:0097190; GO:0098609; GO:0098693; GO:0098712; GO:0098794; GO:0098978; GO:0099175; GO:0140249; GO:1904646; GO:1905908; GO:1990535; GO:2000059; GO:2001234
P50995,ANX11_HUMAN,Annexin A11 (56 kDa autoantigen) (Annexin XI) (Annexin-11) (Calcyclin-associated annexin 50) (CAP-50),ANXA11 ANX11,9606.ENSP00000398610,cytokinetic process [GO:0032506]; phagocytosis [GO:0006909]; response to calcium ion [GO:0051592],azurophil granule [GO:0042582]; cytoplasm [GO:0005737]; cytosol [GO:0005829]; extracellular exosome [GO:0070062]; extracellular matrix [GO:0031012]; melanosome [GO:0042470]; membrane [GO:0016020]; midbody [GO:0030496]; nuclear envelope [GO:0005635]; nucleoplasm [GO:0005654]; nucleus [GO:0005634]; phagocytic vesicle [GO:0045335]; plasma membrane [GO:0005886]; specific granule [GO:0042581]; spindle [GO:0005819]; vesicle membrane [GO:0012506],azurophil granule [GO:0042582]; cytoplasm [GO:0005737]; cytosol [GO:0005829]; extracellular exosome [GO:0070062]; extracellular matrix [GO:0031012]; melanosome [GO:0042470]; membrane [GO:0016020]; midbody [GO:0030496]; nuclear envelope [GO:0005635]; nucleoplasm [GO:0005654]; nucleus [GO:0005634]; phagocytic vesicle [GO:0045335]; plasma membrane [GO:0005886]; specific granule [GO:0042581]; spindle [GO:0005819]; vesicle membrane [GO:0012506]; calcium ion binding [GO:0005509]; calcium-dependent phospholipid binding [GO:0005544]; calcium-dependent protein binding [GO:0048306]; MHC class II protein complex binding [GO:0023026]; phosphatidylethanolamine binding [GO:0008429]; phosphatidylserine binding [GO:0001786]; RNA binding [GO:0003723]; S100 protein binding [GO:0044548]; cytokinetic process [GO:0032506]; phagocytosis [GO:0006909]; response to calcium ion [GO:0051592],calcium ion binding [GO:0005509]; calcium-dependent phospholipid binding [GO:0005544]; calcium-dependent protein binding [GO:0048306]; MHC class II protein complex binding [GO:0023026]; phosphatidylethanolamine binding [GO:0008429]; phosphatidylserine binding [GO:0001786]; RNA binding [GO:0003723]; S100 protein binding [GO:0044548],GO:0001786; GO:0003723; GO:0005509; GO:0005544; GO:0005634; GO:0005635; GO:0005654; GO:0005737; GO:0005819; GO:0005829; GO:0005886; GO:0006909; GO:0008429; GO:0012506; GO:0016020; GO:0023026; GO:0030496; GO:0031012; GO:0032506; GO:0042470; GO:0042581; GO:0042582; GO:0044548; GO:0045335; GO:0048306; GO:0051592; GO:0070062
P55072,TERA_HUMAN,Transitional endoplasmic reticulum ATPase (TER ATPase) (EC 3.6.4.6) (15S Mg(2+)-ATPase p97 subunit) (Valosin-containing protein) (VCP),VCP HEL-220 HEL-S-70,9606.ENSP00000351777,"aggresome assembly [GO:0070842]; ATP metabolic process [GO:0046034]; autophagosome maturation [GO:0097352]; autophagy [GO:0006914]; cellular response to arsenite ion [GO:1903843]; cellular response to heat [GO:0034605]; cellular response to misfolded protein [GO:0071218]; cytoplasm protein quality control [GO:0140455]; DNA damage response [GO:0006974]; DNA repair [GO:0006281]; double-strand break repair [GO:0006302]; endoplasmic reticulum stress-induced pre-emptive quality control [GO:0061857]; endoplasmic reticulum to Golgi vesicle-mediated transport [GO:0006888]; endoplasmic reticulum unfolded protein response [GO:0030968]; endosome to lysosome transport via multivesicular body sorting pathway [GO:0032510]; ERAD pathway [GO:0036503]; establishment of protein localization [GO:0045184]; flavin adenine dinucleotide catabolic process [GO:0072389]; interstrand cross-link repair [GO:0036297]; macroautophagy [GO:0016236]; mitotic spindle disassembly [GO:0051228]; NAD+ metabolic process [GO:0019674]; negative regulation of hippo signaling [GO:0035331]; negative regulation of protein localization to chromatin [GO:0120186]; negative regulation of smoothened signaling pathway [GO:0045879]; positive regulation of ATP biosynthetic process [GO:2001171]; positive regulation of canonical Wnt signaling pathway [GO:0090263]; positive regulation of mitochondrial membrane potential [GO:0010918]; positive regulation of non-canonical NF-kappaB signal transduction [GO:1901224]; positive regulation of oxidative phosphorylation [GO:1903862]; positive regulation of proteasomal ubiquitin-dependent protein catabolic process [GO:0032436]; positive regulation of protein catabolic process [GO:0045732]; positive regulation of protein K63-linked deubiquitination [GO:1903006]; positive regulation of protein-containing complex assembly [GO:0031334]; proteasomal protein catabolic process [GO:0010498]; proteasome-mediated ubiquitin-dependent protein catabolic process [GO:0043161]; protein ubiquitination [GO:0016567]; protein-DNA covalent cross-linking repair [GO:0106300]; regulation of aerobic respiration [GO:1903715]; regulation of apoptotic process [GO:0042981]; regulation of protein localization to chromatin [GO:1905634]; regulation of synapse organization [GO:0050807]; retrograde protein transport, ER to cytosol [GO:0030970]; stress granule disassembly [GO:0035617]; translesion synthesis [GO:0019985]; ubiquitin-dependent protein catabolic process [GO:0006511]; viral genome replication [GO:0019079]",ATPase complex [GO:1904949]; azurophil granule lumen [GO:0035578]; ciliary basal body [GO:0036064]; ciliary tip [GO:0097542]; ciliary transition zone [GO:0035869]; cytoplasm [GO:0005737]; cytoplasmic stress granule [GO:0010494]; cytoplasmic ubiquitin ligase complex [GO:0000153]; cytosol [GO:0005829]; Derlin-1 retrotranslocation complex [GO:0036513]; endoplasmic reticulum [GO:0005783]; endoplasmic reticulum membrane [GO:0005789]; extracellular exosome [GO:0070062]; extracellular region [GO:0005576]; ficolin-1-rich granule lumen [GO:1904813]; glutamatergic synapse [GO:0098978]; intracellular membrane-bounded organelle [GO:0043231]; lipid droplet [GO:0005811]; nucleoplasm [GO:0005654]; nucleus [GO:0005634]; perinuclear region of cytoplasm [GO:0048471]; proteasome complex [GO:0000502]; protein-containing complex [GO:0032991]; secretory granule lumen [GO:0034774]; site of double-strand break [GO:0035861]; VCP-NPL4-UFD1 AAA ATPase complex [GO:0034098]; VCP-NSFL1C complex [GO:1990730],"ATPase complex [GO:1904949]; azurophil granule lumen [GO:0035578]; ciliary basal body [GO:0036064]; ciliary tip [GO:0097542]; ciliary transition zone [GO:0035869]; cytoplasm [GO:0005737]; cytoplasmic stress granule [GO:0010494]; cytoplasmic ubiquitin ligase complex [GO:0000153]; cytosol [GO:0005829]; Derlin-1 retrotranslocation complex [GO:0036513]; endoplasmic reticulum [GO:0005783]; endoplasmic reticulum membrane [GO:0005789]; extracellular exosome [GO:0070062]; extracellular region [GO:0005576]; ficolin-1-rich granule lumen [GO:1904813]; glutamatergic synapse [GO:0098978]; intracellular membrane-bounded organelle [GO:0043231]; lipid droplet [GO:0005811]; nucleoplasm [GO:0005654]; nucleus [GO:0005634]; perinuclear region of cytoplasm [GO:0048471]; proteasome complex [GO:0000502]; protein-containing complex [GO:0032991]; secretory granule lumen [GO:0034774]; site of double-strand break [GO:0035861]; VCP-NPL4-UFD1 AAA ATPase complex [GO:0034098]; VCP-NSFL1C complex [GO:1990730]; ADP binding [GO:0043531]; ATP binding [GO:0005524]; ATP hydrolysis activity [GO:0016887]; BAT3 complex binding [GO:1904288]; deubiquitinase activator activity [GO:0035800]; identical protein binding [GO:0042802]; K48-linked polyubiquitin modification-dependent protein binding [GO:0036435]; lipid binding [GO:0008289]; MHC class I protein binding [GO:0042288]; polyubiquitin modification-dependent protein binding [GO:0031593]; protein domain specific binding [GO:0019904]; protein phosphatase binding [GO:0019903]; RNA binding [GO:0003723]; ubiquitin protein ligase binding [GO:0031625]; ubiquitin-like protein ligase binding [GO:0044389]; ubiquitin-modified protein reader activity [GO:0140036]; ubiquitin-specific protease binding [GO:1990381]; aggresome assembly [GO:0070842]; ATP metabolic process [GO:0046034]; autophagosome maturation [GO:0097352]; autophagy [GO:0006914]; cellular response to arsenite ion [GO:1903843]; cellular response to heat [GO:0034605]; cellular response to misfolded protein [GO:0071218]; cytoplasm protein quality control [GO:0140455]; DNA damage response [GO:0006974]; DNA repair [GO:0006281]; double-strand break repair [GO:0006302]; endoplasmic reticulum stress-induced pre-emptive quality control [GO:0061857]; endoplasmic reticulum to Golgi vesicle-mediated transport [GO:0006888]; endoplasmic reticulum unfolded protein response [GO:0030968]; endosome to lysosome transport via multivesicular body sorting pathway [GO:0032510]; ERAD pathway [GO:0036503]; establishment of protein localization [GO:0045184]; flavin adenine dinucleotide catabolic process [GO:0072389]; interstrand cross-link repair [GO:0036297]; macroautophagy [GO:0016236]; mitotic spindle disassembly [GO:0051228]; NAD+ metabolic process [GO:0019674]; negative regulation of hippo signaling [GO:0035331]; negative regulation of protein localization to chromatin [GO:0120186]; negative regulation of smoothened signaling pathway [GO:0045879]; positive regulation of ATP biosynthetic process [GO:2001171]; positive regulation of canonical Wnt signaling pathway [GO:0090263]; positive regulation of mitochondrial membrane potential [GO:0010918]; positive regulation of non-canonical NF-kappaB signal transduction [GO:1901224]; positive regulation of oxidative phosphorylation [GO:1903862]; positive regulation of proteasomal ubiquitin-dependent protein catabolic process [GO:0032436]; positive regulation of protein catabolic process [GO:0045732]; positive regulation of protein K63-linked deubiquitination [GO:1903006]; positive regulation of protein-containing complex assembly [GO:0031334]; proteasomal protein catabolic process [GO:0010498]; proteasome-mediated ubiquitin-dependent protein catabolic process [GO:0043161]; protein ubiquitination [GO:0016567]; protein-DNA covalent cross-linking repair [GO:0106300]; regulation of aerobic respiration [GO:1903715]; regulation of apoptotic process [GO:0042981]; regulation of protein localization to chromatin [GO:1905634]; regulation of synapse organization [GO:0050807]; retrograde protein transport, ER to cytosol [GO:0030970]; stress granule disassembly [GO:0035617]; translesion synthesis [GO:0019985]; ubiquitin-dependent protein catabolic process [GO:0006511]; viral genome replication [GO:0019079]",ADP binding [GO:0043531]; ATP binding [GO:0005524]; ATP hydrolysis activity [GO:0016887]; BAT3 complex binding [GO:1904288]; deubiquitinase activator activity [GO:0035800]; identical protein binding [GO:0042802]; K48-linked polyubiquitin modification-dependent protein binding [GO:0036435]; lipid binding [GO:0008289]; MHC class I protein binding [GO:0042288]; polyubiquitin modification-dependent protein binding [GO:0031593]; protein domain specific binding [GO:0019904]; protein phosphatase binding [GO:0019903]; RNA binding [GO:0003723]; ubiquitin protein ligase binding [GO:0031625]; ubiquitin-like protein ligase binding [GO:0044389]; ubiquitin-modified protein reader activity [GO:0140036]; ubiquitin-specific protease binding [GO:1990381],GO:0000153; GO:0000502; GO:0003723; GO:0005524; GO:0005576; GO:0005634; GO:0005654; GO:0005737; GO:0005783; GO:0005789; GO:0005811; GO:0005829; GO:0006281; GO:0006302; GO:0006511; GO:0006888; GO:0006914; GO:0006974; GO:0008289; GO:0010494; GO:0010498; GO:0010918; GO:0016236; GO:0016567; GO:0016887; GO:0019079; GO:0019674; GO:0019903; GO:0019904; GO:0019985; GO:0030968; GO:0030970; GO:0031334; GO:0031593; GO:0031625; GO:0032436; GO:0032510; GO:0032991; GO:0034098; GO:0034605; GO:0034774; GO:0035331; GO:0035578; GO:0035617; GO:0035800; GO:0035861; GO:0035869; GO:0036064; GO:0036297; GO:0036435; GO:0036503; GO:0036513; GO:0042288; GO:0042802; GO:0042981; GO:0043161; GO:0043231; GO:0043531; GO:0044389; GO:0045184; GO:0045732; GO:0045879; GO:0046034; GO:0048471; GO:0050807; GO:0051228; GO:0061857; GO:0070062; GO:0070842; GO:0071218; GO:0072389; GO:0090263; GO:0097352; GO:0097542; GO:0098978; GO:0106300; GO:0120186; GO:0140036; GO:0140455; GO:1901224; GO:1903006; GO:1903715; GO:1903843; GO:1903862; GO:1904288; GO:1904813; GO:1904949; GO:1905634; GO:1990381; GO:1990730; GO:2001171
P62995,TRA2B_HUMAN,"Transformer-2 protein homolog beta (TRA-2 beta) (TRA2-beta) (hTRA2-beta) (Splicing factor, arginine/serine-rich 10) (Transformer-2 protein homolog B)",TRA2B SFRS10,9606.ENSP00000416959,"cellular response to glucose stimulus [GO:0071333]; cerebral cortex regionalization [GO:0021796]; embryonic brain development [GO:1990403]; mRNA splicing, via spliceosome [GO:0000398]; positive regulation of mRNA splicing, via spliceosome [GO:0048026]; regulation of alternative mRNA splicing, via spliceosome [GO:0000381]; regulation of RNA splicing [GO:0043484]; RNA splicing, via transesterification reactions [GO:0000375]",nuclear inner membrane [GO:0005637]; nucleoplasm [GO:0005654]; nucleus [GO:0005634]; protein-containing complex [GO:0032991]; spliceosomal complex [GO:0005681],"nuclear inner membrane [GO:0005637]; nucleoplasm [GO:0005654]; nucleus [GO:0005634]; protein-containing complex [GO:0032991]; spliceosomal complex [GO:0005681]; identical protein binding [GO:0042802]; mRNA binding [GO:0003729]; pre-mRNA binding [GO:0036002]; protein domain specific binding [GO:0019904]; RNA binding [GO:0003723]; cellular response to glucose stimulus [GO:0071333]; cerebral cortex regionalization [GO:0021796]; embryonic brain development [GO:1990403]; mRNA splicing, via spliceosome [GO:0000398]; positive regulation of mRNA splicing, via spliceosome [GO:0048026]; regulation of alternative mRNA splicing, via spliceosome [GO:0000381]; regulation of RNA splicing [GO:0043484]; RNA splicing, via transesterification reactions [GO:0000375]",identical protein binding [GO:0042802]; mRNA binding [GO:0003729]; pre-mRNA binding [GO:0036002]; protein domain specific binding [GO:0019904]; RNA binding [GO:0003723],GO:0000375; GO:0000381; GO:0000398; GO:0003723; GO:0003729; GO:0005634; GO:0005637; GO:0005654; GO:0005681; GO:0019904; GO:0021796; GO:0032991; GO:0036002; GO:0042802; GO:0043484; GO:0048026; GO:0071333; GO:1990403
P68366,TBA4A_HUMAN,Tubulin alpha-4A chain (EC 3.6.5.-) (Alpha-tubulin 1) (Testis-specific alpha-tubulin) (Tubulin H2-alpha) (Tubulin alpha-1 chain),TUBA4A TUBA1,9606.ENSP00000248437,microtubule cytoskeleton organization [GO:0000226]; mitotic cell cycle [GO:0000278],cilium [GO:0005929]; cytoplasm [GO:0005737]; cytoskeleton [GO:0005856]; cytosol [GO:0005829]; extracellular exosome [GO:0070062]; extracellular region [GO:0005576]; microtubule [GO:0005874]; microtubule cytoskeleton [GO:0015630],cilium [GO:0005929]; cytoplasm [GO:0005737]; cytoskeleton [GO:0005856]; cytosol [GO:0005829]; extracellular exosome [GO:0070062]; extracellular region [GO:0005576]; microtubule [GO:0005874]; microtubule cytoskeleton [GO:0015630]; GTP binding [GO:0005525]; hydrolase activity [GO:0016787]; metal ion binding [GO:0046872]; protein kinase binding [GO:0019901]; structural constituent of cytoskeleton [GO:0005200]; microtubule cytoskeleton organization [GO:0000226]; mitotic cell cycle [GO:0000278],GTP binding [GO:0005525]; hydrolase activity [GO:0016787]; metal ion binding [GO:0046872]; protein kinase binding [GO:0019901]; structural constituent of cytoskeleton [GO:0005200],GO:0000226; GO:0000278; GO:0005200; GO:0005525; GO:0005576; GO:0005737; GO:0005829; GO:0005856; GO:0005874; GO:0005929; GO:0015630; GO:0016787; GO:0019901; GO:0046872; GO:0070062
Q08170,SRSF4_HUMAN,"Serine/arginine-rich splicing factor 4 (Pre-mRNA-splicing factor SRP75) (SRP001LB) (Splicing factor, arginine/serine-rich 4)",SRSF4 SFRS4 SRP75,9606.ENSP00000362900,"mRNA processing [GO:0006397]; negative regulation of mRNA splicing, via spliceosome [GO:0048025]; regulation of alternative mRNA splicing, via spliceosome [GO:0000381]; response to insulin [GO:0032868]; RNA splicing [GO:0008380]; RNA splicing, via transesterification reactions [GO:0000375]",nuclear speck [GO:0016607]; nucleoplasm [GO:0005654]; nucleus [GO:0005634],"nuclear speck [GO:0016607]; nucleoplasm [GO:0005654]; nucleus [GO:0005634]; mRNA binding [GO:0003729]; RNA binding [GO:0003723]; sequence-specific mRNA binding [GO:1990825]; mRNA processing [GO:0006397]; negative regulation of mRNA splicing, via spliceosome [GO:0048025]; regulation of alternative mRNA splicing, via spliceosome [GO:0000381]; response to insulin [GO:0032868]; RNA splicing [GO:0008380]; RNA splicing, via transesterification reactions [GO:0000375]",mRNA binding [GO:0003729]; RNA binding [GO:0003723]; sequence-specific mRNA binding [GO:1990825],GO:0000375; GO:0000381; GO:0003723; GO:0003729; GO:0005634; GO:0005654; GO:0006397; GO:0008380; GO:0016607; GO:0032868; GO:0048025; GO:1990825
Q13127,REST_HUMAN,RE1-silencing transcription factor (Neural-restrictive silencer factor) (X2 box repressor),REST NRSF XBR,9606.ENSP00000311816,"auditory receptor cell stereocilium organization [GO:0060088]; cardiac muscle cell myoblast differentiation [GO:0060379]; cellular response to electrical stimulus [GO:0071257]; cellular response to glucocorticoid stimulus [GO:0071385]; cellular response to stress [GO:0033554]; chromatin remodeling [GO:0006338]; detection of mechanical stimulus involved in sensory perception of sound [GO:0050910]; hematopoietic progenitor cell differentiation [GO:0002244]; host-mediated suppression of viral transcription [GO:0043922]; modification of synaptic structure [GO:0099563]; negative regulation of aldosterone biosynthetic process [GO:0032348]; negative regulation of amniotic stem cell differentiation [GO:2000798]; negative regulation of calcium ion-dependent exocytosis [GO:0045955]; negative regulation of cortisol biosynthetic process [GO:2000065]; negative regulation of dense core granule biogenesis [GO:2000706]; negative regulation of DNA-templated transcription [GO:0045892]; negative regulation of gene expression [GO:0010629]; negative regulation of insulin secretion [GO:0046676]; negative regulation of mesenchymal stem cell differentiation [GO:2000740]; negative regulation of miRNA transcription [GO:1902894]; negative regulation of neurogenesis [GO:0050768]; negative regulation of neuron differentiation [GO:0045665]; negative regulation of transcription by RNA polymerase II [GO:0000122]; nervous system process [GO:0050877]; neuromuscular process controlling balance [GO:0050885]; neuronal stem cell population maintenance [GO:0097150]; positive regulation of DNA-templated transcription [GO:0045893]; positive regulation of gene expression [GO:0010628]; positive regulation of neuron differentiation [GO:0045666]; positive regulation of programmed cell death [GO:0043068]; positive regulation of stem cell population maintenance [GO:1902459]; positive regulation of transcription by RNA polymerase II [GO:0045944]; regulation of alternative mRNA splicing, via spliceosome [GO:0000381]; regulation of DNA-templated transcription [GO:0006355]; regulation of osteoblast differentiation [GO:0045667]; response to hypoxia [GO:0001666]; response to ischemia [GO:0002931]; somatic stem cell population maintenance [GO:0035019]",cytoplasm [GO:0005737]; cytosol [GO:0005829]; nucleoplasm [GO:0005654]; nucleus [GO:0005634]; transcription repressor complex [GO:0017053],"cytoplasm [GO:0005737]; cytosol [GO:0005829]; nucleoplasm [GO:0005654]; nucleus [GO:0005634]; transcription repressor complex [GO:0017053]; chromatin binding [GO:0003682]; DNA-binding transcription factor activity [GO:0003700]; DNA-binding transcription repressor activity, RNA polymerase II-specific [GO:0001227]; identical protein binding [GO:0042802]; RNA polymerase II cis-regulatory region sequence-specific DNA binding [GO:0000978]; RNA polymerase II core promoter sequence-specific DNA binding [GO:0000979]; RNA polymerase II-specific DNA-binding transcription factor binding [GO:0061629]; transcription cis-regulatory region binding [GO:0000976]; zinc ion binding [GO:0008270]; auditory receptor cell stereocilium organization [GO:0060088]; cardiac muscle cell myoblast differentiation [GO:0060379]; cellular response to electrical stimulus [GO:0071257]; cellular response to glucocorticoid stimulus [GO:0071385]; cellular response to stress [GO:0033554]; chromatin remodeling [GO:0006338]; detection of mechanical stimulus involved in sensory perception of sound [GO:0050910]; hematopoietic progenitor cell differentiation [GO:0002244]; host-mediated suppression of viral transcription [GO:0043922]; modification of synaptic structure [GO:0099563]; negative regulation of aldosterone biosynthetic process [GO:0032348]; negative regulation of amniotic stem cell differentiation [GO:2000798]; negative regulation of calcium ion-dependent exocytosis [GO:0045955]; negative regulation of cortisol biosynthetic process [GO:2000065]; negative regulation of dense core granule biogenesis [GO:2000706]; negative regulation of DNA-templated transcription [GO:0045892]; negative regulation of gene expression [GO:0010629]; negative regulation of insulin secretion [GO:0046676]; negative regulation of mesenchymal stem cell differentiation [GO:2000740]; negative regulation of miRNA transcription [GO:1902894]; negative regulation of neurogenesis [GO:0050768]; negative regulation of neuron differentiation [GO:0045665]; negative regulation of transcription by RNA polymerase II [GO:0000122]; nervous system process [GO:0050877]; neuromuscular process controlling balance [GO:0050885]; neuronal stem cell population maintenance [GO:0097150]; positive regulation of DNA-templated transcription [GO:0045893]; positive regulation of gene expression [GO:0010628]; positive regulation of neuron differentiation [GO:0045666]; positive regulation of programmed cell death [GO:0043068]; positive regulation of stem cell population maintenance [GO:1902459]; positive regulation of transcription by RNA polymerase II [GO:0045944]; regulation of alternative mRNA splicing, via spliceosome [GO:0000381]; regulation of DNA-templated transcription [GO:0006355]; regulation of osteoblast differentiation [GO:0045667]; response to hypoxia [GO:0001666]; response to ischemia [GO:0002931]; somatic stem cell population maintenance [GO:0035019]","chromatin binding [GO:0003682]; DNA-binding transcription factor activity [GO:0003700]; DNA-binding transcription repressor activity, RNA polymerase II-specific [GO:0001227]; identical protein binding [GO:0042802]; RNA polymerase II cis-regulatory region sequence-specific DNA binding [GO:0000978]; RNA polymerase II core promoter sequence-specific DNA binding [GO:0000979]; RNA polymerase II-specific DNA-binding transcription factor binding [GO:0061629]; transcription cis-regulatory region binding [GO:0000976]; zinc ion binding [GO:0008270]",GO:0000122; GO:0000381; GO:0000976; GO:0000978; GO:0000979; GO:0001227; GO:0001666; GO:0002244; GO:0002931; GO:0003682; GO:0003700; GO:0005634; GO:0005654; GO:0005737; GO:0005829; GO:0006338; GO:0006355; GO:0008270; GO:0010628; GO:0010629; GO:0017053; GO:0032348; GO:0033554; GO:0035019; GO:0042802; GO:0043068; GO:0043922; GO:0045665; GO:0045666; GO:0045667; GO:0045892; GO:0045893; GO:0045944; GO:0045955; GO:0046676; GO:0050768; GO:0050877; GO:0050885; GO:0050910; GO:0060088; GO:0060379; GO:0061629; GO:0071257; GO:0071385; GO:0097150; GO:0099563; GO:1902459; GO:1902894; GO:2000065; GO:2000706; GO:2000740; GO:2000798
Q13148,TADBP_HUMAN,TAR DNA-binding protein 43 (TDP-43),TARDBP TDP43,9606.ENSP00000240185,3'-UTR-mediated mRNA destabilization [GO:0061158]; 3'-UTR-mediated mRNA stabilization [GO:0070935]; amyloid fibril formation [GO:1990000]; host-mediated suppression of viral transcription [GO:0043922]; mRNA processing [GO:0006397]; negative regulation of gene expression [GO:0010629]; negative regulation of protein phosphorylation [GO:0001933]; nuclear inner membrane organization [GO:0071765]; positive regulation of insulin secretion [GO:0032024]; positive regulation of protein import into nucleus [GO:0042307]; regulation of apoptotic process [GO:0042981]; regulation of cell cycle [GO:0051726]; regulation of circadian rhythm [GO:0042752]; regulation of gene expression [GO:0010468]; regulation of protein stability [GO:0031647]; response to endoplasmic reticulum stress [GO:0034976]; rhythmic process [GO:0048511]; RNA splicing [GO:0008380],chromatin [GO:0000785]; cytoplasmic stress granule [GO:0010494]; interchromatin granule [GO:0035061]; mitochondrion [GO:0005739]; nuclear speck [GO:0016607]; nucleoplasm [GO:0005654]; nucleus [GO:0005634]; perichromatin fibrils [GO:0005726],chromatin [GO:0000785]; cytoplasmic stress granule [GO:0010494]; interchromatin granule [GO:0035061]; mitochondrion [GO:0005739]; nuclear speck [GO:0016607]; nucleoplasm [GO:0005654]; nucleus [GO:0005634]; perichromatin fibrils [GO:0005726]; DNA binding [GO:0003677]; double-stranded DNA binding [GO:0003690]; identical protein binding [GO:0042802]; lipid binding [GO:0008289]; molecular condensate scaffold activity [GO:0140693]; mRNA 3'-UTR binding [GO:0003730]; pre-mRNA intronic binding [GO:0097157]; RNA binding [GO:0003723]; RNA polymerase II cis-regulatory region sequence-specific DNA binding [GO:0000978]; 3'-UTR-mediated mRNA destabilization [GO:0061158]; 3'-UTR-mediated mRNA stabilization [GO:0070935]; amyloid fibril formation [GO:1990000]; host-mediated suppression of viral transcription [GO:0043922]; mRNA processing [GO:0006397]; negative regulation of gene expression [GO:0010629]; negative regulation of protein phosphorylation [GO:0001933]; nuclear inner membrane organization [GO:0071765]; positive regulation of insulin secretion [GO:0032024]; positive regulation of protein import into nucleus [GO:0042307]; regulation of apoptotic process [GO:0042981]; regulation of cell cycle [GO:0051726]; regulation of circadian rhythm [GO:0042752]; regulation of gene expression [GO:0010468]; regulation of protein stability [GO:0031647]; response to endoplasmic reticulum stress [GO:0034976]; rhythmic process [GO:0048511]; RNA splicing [GO:0008380],DNA binding [GO:0003677]; double-stranded DNA binding [GO:0003690]; identical protein binding [GO:0042802]; lipid binding [GO:0008289]; molecular condensate scaffold activity [GO:0140693]; mRNA 3'-UTR binding [GO:0003730]; pre-mRNA intronic binding [GO:0097157]; RNA binding [GO:0003723]; RNA polymerase II cis-regulatory region sequence-specific DNA binding [GO:0000978],GO:0000785; GO:0000978; GO:0001933; GO:0003677; GO:0003690; GO:0003723; GO:0003730; GO:0005634; GO:0005654; GO:0005726; GO:0005739; GO:0006397; GO:0008289; GO:0008380; GO:0010468; GO:0010494; GO:0010629; GO:0016607; GO:0031647; GO:0032024; GO:0034976; GO:0035061; GO:0042307; GO:0042752; GO:0042802; GO:0042981; GO:0043922; GO:0048511; GO:0051726; GO:0061158; GO:0070935; GO:0071765; GO:0097157; GO:0140693; GO:1990000
Q13242,SRSF9_HUMAN,"Serine/arginine-rich splicing factor 9 (Pre-mRNA-splicing factor SRp30C) (Splicing factor, arginine/serine-rich 9)",SRSF9 SFRS9 SRP30C,9606.ENSP00000229390,"mRNA processing [GO:0006397]; mRNA splice site recognition [GO:0006376]; negative regulation of mRNA splicing, via spliceosome [GO:0048025]; regulation of alternative mRNA splicing, via spliceosome [GO:0000381]",nuclear speck [GO:0016607]; nucleolus [GO:0005730]; nucleoplasm [GO:0005654],"nuclear speck [GO:0016607]; nucleolus [GO:0005730]; nucleoplasm [GO:0005654]; mRNA binding [GO:0003729]; protein domain specific binding [GO:0019904]; RNA binding [GO:0003723]; mRNA processing [GO:0006397]; mRNA splice site recognition [GO:0006376]; negative regulation of mRNA splicing, via spliceosome [GO:0048025]; regulation of alternative mRNA splicing, via spliceosome [GO:0000381]",mRNA binding [GO:0003729]; protein domain specific binding [GO:0019904]; RNA binding [GO:0003723],GO:0000381; GO:0003723; GO:0003729; GO:0005654; GO:0005730; GO:0006376; GO:0006397; GO:0016607; GO:0019904; GO:0048025
Q13247,SRSF6_HUMAN,"Serine/arginine-rich splicing factor 6 (Pre-mRNA-splicing factor SRP55) (Splicing factor, arginine/serine-rich 6)",SRSF6 SFRS6 SRP55,9606.ENSP00000244020,"alternative mRNA splicing, via spliceosome [GO:0000380]; mRNA splice site recognition [GO:0006376]; negative regulation of keratinocyte differentiation [GO:0045617]; negative regulation of mRNA splicing, via spliceosome [GO:0048025]; negative regulation of type B pancreatic cell apoptotic process [GO:2000675]; positive regulation of epithelial cell proliferation involved in lung morphogenesis [GO:0060501]; regulation of alternative mRNA splicing, via spliceosome [GO:0000381]; regulation of keratinocyte proliferation [GO:0010837]; regulation of wound healing [GO:0061041]; response to insulin [GO:0032868]",nuclear speck [GO:0016607]; nucleoplasm [GO:0005654],"nuclear speck [GO:0016607]; nucleoplasm [GO:0005654]; mRNA binding [GO:0003729]; pre-mRNA binding [GO:0036002]; RNA binding [GO:0003723]; alternative mRNA splicing, via spliceosome [GO:0000380]; mRNA splice site recognition [GO:0006376]; negative regulation of keratinocyte differentiation [GO:0045617]; negative regulation of mRNA splicing, via spliceosome [GO:0048025]; negative regulation of type B pancreatic cell apoptotic process [GO:2000675]; positive regulation of epithelial cell proliferation involved in lung morphogenesis [GO:0060501]; regulation of alternative mRNA splicing, via spliceosome [GO:0000381]; regulation of keratinocyte proliferation [GO:0010837]; regulation of wound healing [GO:0061041]; response to insulin [GO:0032868]",mRNA binding [GO:0003729]; pre-mRNA binding [GO:0036002]; RNA binding [GO:0003723],GO:0000380; GO:0000381; GO:0003723; GO:0003729; GO:0005654; GO:0006376; GO:0010837; GO:0016607; GO:0032868; GO:0036002; GO:0045617; GO:0048025; GO:0060501; GO:0061041; GO:2000675
Q13501,SQSTM_HUMAN,Sequestosome-1 (EBI3-associated protein of 60 kDa) (EBIAP) (p60) (Phosphotyrosine-independent ligand for the Lck SH2 domain of 62 kDa) (Ubiquitin-binding protein p62) (p62),SQSTM1 ORCA OSIL,9606.ENSP00000374455,aggrephagy [GO:0035973]; apoptotic process [GO:0006915]; autophagy [GO:0006914]; autophagy of mitochondrion [GO:0000422]; brown fat cell proliferation [GO:0070342]; cell differentiation [GO:0030154]; cellular response to stress [GO:0033554]; endosomal transport [GO:0016197]; endosome organization [GO:0007032]; energy homeostasis [GO:0097009]; immune system process [GO:0002376]; intracellular protein localization [GO:0008104]; intracellular signal transduction [GO:0035556]; macroautophagy [GO:0016236]; membraneless organelle assembly [GO:0140694]; mitophagy [GO:0000423]; negative regulation of ferroptosis [GO:0110076]; negative regulation of protein ubiquitination [GO:0031397]; negative regulation of toll-like receptor 4 signaling pathway [GO:0034144]; negative regulation of transcription by RNA polymerase II [GO:0000122]; pexophagy [GO:0000425]; positive regulation of apoptotic process [GO:0043065]; positive regulation of autophagy [GO:0010508]; positive regulation of long-term synaptic potentiation [GO:1900273]; positive regulation of protein localization to plasma membrane [GO:1903078]; positive regulation of transcription by RNA polymerase II [GO:0045944]; protein catabolic process [GO:0030163]; protein import into nucleus [GO:0006606]; protein localization to perinuclear region of cytoplasm [GO:1905719]; protein targeting to vacuole involved in autophagy [GO:0071211]; regulation of canonical NF-kappaB signal transduction [GO:0043122]; regulation of mitochondrion organization [GO:0010821]; regulation of protein complex stability [GO:0061635]; regulation of Ras protein signal transduction [GO:0046578]; response to ischemia [GO:0002931]; response to mitochondrial depolarisation [GO:0098780]; temperature homeostasis [GO:0001659]; transcription by RNA polymerase II [GO:0006366]; ubiquitin-dependent protein catabolic process [GO:0006511],aggresome [GO:0016235]; amphisome [GO:0044753]; autolysosome [GO:0044754]; autophagosome [GO:0005776]; cytoplasm [GO:0005737]; cytosol [GO:0005829]; endoplasmic reticulum [GO:0005783]; extracellular exosome [GO:0070062]; glutamatergic synapse [GO:0098978]; inclusion body [GO:0016234]; intracellular membraneless organelle [GO:0043232]; late endosome [GO:0005770]; Lewy body [GO:0097413]; mitochondrion [GO:0005739]; nucleoplasm [GO:0005654]; P-body [GO:0000932]; phagophore assembly site [GO:0000407]; PML body [GO:0016605]; sarcomere [GO:0030017]; sperm midpiece [GO:0097225],aggresome [GO:0016235]; amphisome [GO:0044753]; autolysosome [GO:0044754]; autophagosome [GO:0005776]; cytoplasm [GO:0005737]; cytosol [GO:0005829]; endoplasmic reticulum [GO:0005783]; extracellular exosome [GO:0070062]; glutamatergic synapse [GO:0098978]; inclusion body [GO:0016234]; intracellular membraneless organelle [GO:0043232]; late endosome [GO:0005770]; Lewy body [GO:0097413]; mitochondrion [GO:0005739]; nucleoplasm [GO:0005654]; P-body [GO:0000932]; phagophore assembly site [GO:0000407]; PML body [GO:0016605]; sarcomere [GO:0030017]; sperm midpiece [GO:0097225]; enzyme binding [GO:0019899]; identical protein binding [GO:0042802]; ionotropic glutamate receptor binding [GO:0035255]; K63-linked polyubiquitin modification-dependent protein binding [GO:0070530]; molecular condensate scaffold activity [GO:0140693]; molecular sequestering activity [GO:0140313]; protein kinase binding [GO:0019901]; protein kinase C binding [GO:0005080]; protein sequestering activity [GO:0140311]; protein-containing complex binding [GO:0044877]; protein-macromolecule adaptor activity [GO:0030674]; receptor tyrosine kinase binding [GO:0030971]; SH2 domain binding [GO:0042169]; signaling adaptor activity [GO:0035591]; signaling receptor activity [GO:0038023]; ubiquitin binding [GO:0043130]; ubiquitin protein ligase binding [GO:0031625]; ubiquitin-modified protein reader activity [GO:0140036]; zinc ion binding [GO:0008270]; aggrephagy [GO:0035973]; apoptotic process [GO:0006915]; autophagy [GO:0006914]; autophagy of mitochondrion [GO:0000422]; brown fat cell proliferation [GO:0070342]; cell differentiation [GO:0030154]; cellular response to stress [GO:0033554]; endosomal transport [GO:0016197]; endosome organization [GO:0007032]; energy homeostasis [GO:0097009]; immune system process [GO:0002376]; intracellular protein localization [GO:0008104]; intracellular signal transduction [GO:0035556]; macroautophagy [GO:0016236]; membraneless organelle assembly [GO:0140694]; mitophagy [GO:0000423]; negative regulation of ferroptosis [GO:0110076]; negative regulation of protein ubiquitination [GO:0031397]; negative regulation of toll-like receptor 4 signaling pathway [GO:0034144]; negative regulation of transcription by RNA polymerase II [GO:0000122]; pexophagy [GO:0000425]; positive regulation of apoptotic process [GO:0043065]; positive regulation of autophagy [GO:0010508]; positive regulation of long-term synaptic potentiation [GO:1900273]; positive regulation of protein localization to plasma membrane [GO:1903078]; positive regulation of transcription by RNA polymerase II [GO:0045944]; protein catabolic process [GO:0030163]; protein import into nucleus [GO:0006606]; protein localization to perinuclear region of cytoplasm [GO:1905719]; protein targeting to vacuole involved in autophagy [GO:0071211]; regulation of canonical NF-kappaB signal transduction [GO:0043122]; regulation of mitochondrion organization [GO:0010821]; regulation of protein complex stability [GO:0061635]; regulation of Ras protein signal transduction [GO:0046578]; response to ischemia [GO:0002931]; response to mitochondrial depolarisation [GO:0098780]; temperature homeostasis [GO:0001659]; transcription by RNA polymerase II [GO:0006366]; ubiquitin-dependent protein catabolic process [GO:0006511],enzyme binding [GO:0019899]; identical protein binding [GO:0042802]; ionotropic glutamate receptor binding [GO:0035255]; K63-linked polyubiquitin modification-dependent protein binding [GO:0070530]; molecular condensate scaffold activity [GO:0140693]; molecular sequestering activity [GO:0140313]; protein kinase binding [GO:0019901]; protein kinase C binding [GO:0005080]; protein sequestering activity [GO:0140311]; protein-containing complex binding [GO:0044877]; protein-macromolecule adaptor activity [GO:0030674]; receptor tyrosine kinase binding [GO:0030971]; SH2 domain binding [GO:0042169]; signaling adaptor activity [GO:0035591]; signaling receptor activity [GO:0038023]; ubiquitin binding [GO:0043130]; ubiquitin protein ligase binding [GO:0031625]; ubiquitin-modified protein reader activity [GO:0140036]; zinc ion binding [GO:0008270],GO:0000122; GO:0000407; GO:0000422; GO:0000423; GO:0000425; GO:0000932; GO:0001659; GO:0002376; GO:0002931; GO:0005080; GO:0005654; GO:0005737; GO:0005739; GO:0005770; GO:0005776; GO:0005783; GO:0005829; GO:0006366; GO:0006511; GO:0006606; GO:0006914; GO:0006915; GO:0007032; GO:0008104; GO:0008270; GO:0010508; GO:0010821; GO:0016197; GO:0016234; GO:0016235; GO:0016236; GO:0016605; GO:0019899; GO:0019901; GO:0030017; GO:0030154; GO:0030163; GO:0030674; GO:0030971; GO:0031397; GO:0031625; GO:0033554; GO:0034144; GO:0035255; GO:0035556; GO:0035591; GO:0035973; GO:0038023; GO:0042169; GO:0042802; GO:0043065; GO:0043122; GO:0043130; GO:0043232; GO:0044753; GO:0044754; GO:0044877; GO:0045944; GO:0046578; GO:0061635; GO:0070062; GO:0070342; GO:0070530; GO:0071211; GO:0097009; GO:0097225; GO:0097413; GO:0098780; GO:0098978; GO:0110076; GO:0140036; GO:0140311; GO:0140313; GO:0140693; GO:0140694; GO:1900273; GO:1903078; GO:1905719
Q15904,VAS1_HUMAN,V-type proton ATPase subunit S1 (V-ATPase subunit S1) (Protein XAP-3) (V-ATPase Ac45 subunit) (V-ATPase S1 accessory protein) (Vacuolar proton pump subunit S1),ATP6AP1 ATP6IP1 ATP6S1 VATPS1 XAP3,9606.ENSP00000358777,cellular response to increased oxygen levels [GO:0036295]; endosomal lumen acidification [GO:0048388]; endosome to plasma membrane protein transport [GO:0099638]; Golgi lumen acidification [GO:0061795]; intracellular iron ion homeostasis [GO:0006879]; intracellular pH reduction [GO:0051452]; lysosomal lumen acidification [GO:0007042]; osteoclast development [GO:0036035]; proton transmembrane transport [GO:1902600]; regulation of cellular pH [GO:0030641]; synaptic vesicle lumen acidification [GO:0097401]; vacuolar acidification [GO:0007035],clathrin-coated vesicle membrane [GO:0030665]; endoplasmic reticulum membrane [GO:0005789]; endoplasmic reticulum-Golgi intermediate compartment membrane [GO:0033116]; endosome membrane [GO:0010008]; extracellular exosome [GO:0070062]; Golgi membrane [GO:0000139]; lysosomal membrane [GO:0005765]; membrane [GO:0016020]; plasma membrane [GO:0005886]; proton-transporting two-sector ATPase complex [GO:0016469]; proton-transporting V-type ATPase complex [GO:0033176]; synaptic vesicle membrane [GO:0030672],clathrin-coated vesicle membrane [GO:0030665]; endoplasmic reticulum membrane [GO:0005789]; endoplasmic reticulum-Golgi intermediate compartment membrane [GO:0033116]; endosome membrane [GO:0010008]; extracellular exosome [GO:0070062]; Golgi membrane [GO:0000139]; lysosomal membrane [GO:0005765]; membrane [GO:0016020]; plasma membrane [GO:0005886]; proton-transporting two-sector ATPase complex [GO:0016469]; proton-transporting V-type ATPase complex [GO:0033176]; synaptic vesicle membrane [GO:0030672]; ATPase activator activity [GO:0001671]; small GTPase binding [GO:0031267]; transporter activator activity [GO:0141109]; cellular response to increased oxygen levels [GO:0036295]; endosomal lumen acidification [GO:0048388]; endosome to plasma membrane protein transport [GO:0099638]; Golgi lumen acidification [GO:0061795]; intracellular iron ion homeostasis [GO:0006879]; intracellular pH reduction [GO:0051452]; lysosomal lumen acidification [GO:0007042]; osteoclast development [GO:0036035]; proton transmembrane transport [GO:1902600]; regulation of cellular pH [GO:0030641]; synaptic vesicle lumen acidification [GO:0097401]; vacuolar acidification [GO:0007035],ATPase activator activity [GO:0001671]; small GTPase binding [GO:0031267]; transporter activator activity [GO:0141109],GO:0000139; GO:0001671; GO:0005765; GO:0005789; GO:0005886; GO:0006879; GO:0007035; GO:0007042; GO:0010008; GO:0016020; GO:0016469; GO:0030641; GO:0030665; GO:0030672; GO:0031267; GO:0033116; GO:0033176; GO:0036035; GO:0036295; GO:0048388; GO:0051452; GO:0061795; GO:0070062; GO:0097401; GO:0099638; GO:0141109; GO:1902600
Q16629,SRSF7_HUMAN,"Serine/arginine-rich splicing factor 7 (Splicing factor 9G8) (Splicing factor, arginine/serine-rich 7)",SRSF7 SFRS7,9606.ENSP00000325905,"cellular response to leukemia inhibitory factor [GO:1990830]; mRNA processing [GO:0006397]; mRNA transport [GO:0051028]; negative regulation of mRNA splicing, via spliceosome [GO:0048025]; regulation of alternative mRNA splicing, via spliceosome [GO:0000381]; RNA splicing [GO:0008380]",cytoplasm [GO:0005737]; extracellular exosome [GO:0070062]; nuclear speck [GO:0016607]; nucleoplasm [GO:0005654]; nucleus [GO:0005634],"cytoplasm [GO:0005737]; extracellular exosome [GO:0070062]; nuclear speck [GO:0016607]; nucleoplasm [GO:0005654]; nucleus [GO:0005634]; mRNA binding [GO:0003729]; protein domain specific binding [GO:0019904]; RNA binding [GO:0003723]; zinc ion binding [GO:0008270]; cellular response to leukemia inhibitory factor [GO:1990830]; mRNA processing [GO:0006397]; mRNA transport [GO:0051028]; negative regulation of mRNA splicing, via spliceosome [GO:0048025]; regulation of alternative mRNA splicing, via spliceosome [GO:0000381]; RNA splicing [GO:0008380]",mRNA binding [GO:0003729]; protein domain specific binding [GO:0019904]; RNA binding [GO:0003723]; zinc ion binding [GO:0008270],GO:0000381; GO:0003723; GO:0003729; GO:0005634; GO:0005654; GO:0005737; GO:0006397; GO:0008270; GO:0008380; GO:0016607; GO:0019904; GO:0048025; GO:0051028; GO:0070062; GO:1990830
Q5SZQ8,CELF3_HUMAN,CUGBP Elav-like family member 3 (CELF-3) (Bruno-like protein 1) (CAG repeat protein 4) (CUG-BP- and ETR-3-like factor 3) (ELAV-type RNA-binding protein 1) (ETR-1) (Expanded repeat domain protein CAG/CTG 4) (RNA-binding protein BRUNOL-1) (Trinucleotide repeat-containing gene 4 protein),CELF3 BRUNOL1 CAGH4 ERDA4 TNRC4,9606.ENSP00000290583,"flagellated sperm motility [GO:0030317]; lncRNA transcription [GO:0140742]; mRNA splice site recognition [GO:0006376]; nuclear body organization [GO:0030575]; positive regulation of mRNA splicing, via spliceosome [GO:0048026]; regulation of alternative mRNA splicing, via spliceosome [GO:0000381]; RNA splicing [GO:0008380]; spermatogenesis [GO:0007283]",cytoplasm [GO:0005737]; nuclear body [GO:0016604]; nucleus [GO:0005634]; ribonucleoprotein complex [GO:1990904],"cytoplasm [GO:0005737]; nuclear body [GO:0016604]; nucleus [GO:0005634]; ribonucleoprotein complex [GO:1990904]; 7SK snRNA binding [GO:0097322]; mRNA binding [GO:0003729]; pre-mRNA binding [GO:0036002]; RNA binding [GO:0003723]; flagellated sperm motility [GO:0030317]; lncRNA transcription [GO:0140742]; mRNA splice site recognition [GO:0006376]; nuclear body organization [GO:0030575]; positive regulation of mRNA splicing, via spliceosome [GO:0048026]; regulation of alternative mRNA splicing, via spliceosome [GO:0000381]; RNA splicing [GO:0008380]; spermatogenesis [GO:0007283]",7SK snRNA binding [GO:0097322]; mRNA binding [GO:0003729]; pre-mRNA binding [GO:0036002]; RNA binding [GO:0003723],GO:0000381; GO:0003723; GO:0003729; GO:0005634; GO:0005737; GO:0006376; GO:0007283; GO:0008380; GO:0016604; GO:0030317; GO:0030575; GO:0036002; GO:0048026; GO:0097322; GO:0140742; GO:1990904
Q86U42,PABP2_HUMAN,Polyadenylate-binding protein 2 (PABP-2) (Poly(A)-binding protein 2) (Nuclear poly(A)-binding protein 1) (Poly(A)-binding protein II) (PABII) (Polyadenylate-binding nuclear protein 1),PABPN1 PAB2 PABP2,9606.ENSP00000216727,cellular response to lipopolysaccharide [GO:0071222]; MAPK cascade [GO:0000165]; mRNA processing [GO:0006397]; muscle contraction [GO:0006936]; poly(A)+ mRNA export from nucleus [GO:0016973]; positive regulation of polynucleotide adenylyltransferase activity [GO:1904247]; RNA processing [GO:0006396],cytoplasm [GO:0005737]; nuclear inclusion body [GO:0042405]; nuclear speck [GO:0016607]; nucleoplasm [GO:0005654]; nucleus [GO:0005634]; ribonucleoprotein complex [GO:1990904],cytoplasm [GO:0005737]; nuclear inclusion body [GO:0042405]; nuclear speck [GO:0016607]; nucleoplasm [GO:0005654]; nucleus [GO:0005634]; ribonucleoprotein complex [GO:1990904]; poly(A) binding [GO:0008143]; RNA binding [GO:0003723]; RNA polymerase binding [GO:0070063]; cellular response to lipopolysaccharide [GO:0071222]; MAPK cascade [GO:0000165]; mRNA processing [GO:0006397]; muscle contraction [GO:0006936]; poly(A)+ mRNA export from nucleus [GO:0016973]; positive regulation of polynucleotide adenylyltransferase activity [GO:1904247]; RNA processing [GO:0006396],poly(A) binding [GO:0008143]; RNA binding [GO:0003723]; RNA polymerase binding [GO:0070063],GO:0000165; GO:0003723; GO:0005634; GO:0005654; GO:0005737; GO:0006396; GO:0006397; GO:0006936; GO:0008143; GO:0016607; GO:0016973; GO:0042405; GO:0070063; GO:0071222; GO:1904247; GO:1990904
Q8NHG7,SVIP_HUMAN,Small VCP/p97-interacting protein,SVIP,9606.ENSP00000346130,"negative regulation of ERAD pathway [GO:1904293]; negative regulation of protein-containing complex assembly [GO:0031333]; negative regulation of retrograde protein transport, ER to cytosol [GO:1904153]; negative regulation of VCP-NPL4-UFD1 AAA ATPase complex assembly [GO:1904240]; positive regulation of autophagy [GO:0010508]; positive regulation of protein lipidation [GO:1903061]",endoplasmic reticulum membrane [GO:0005789]; extracellular exosome [GO:0070062]; Golgi membrane [GO:0000139]; lysosomal membrane [GO:0005765]; membrane [GO:0016020]; plasma membrane [GO:0005886]; secretory granule membrane [GO:0030667]; smooth endoplasmic reticulum membrane [GO:0030868]; tertiary granule membrane [GO:0070821],"endoplasmic reticulum membrane [GO:0005789]; extracellular exosome [GO:0070062]; Golgi membrane [GO:0000139]; lysosomal membrane [GO:0005765]; membrane [GO:0016020]; plasma membrane [GO:0005886]; secretory granule membrane [GO:0030667]; smooth endoplasmic reticulum membrane [GO:0030868]; tertiary granule membrane [GO:0070821]; ATPase binding [GO:0051117]; negative regulation of ERAD pathway [GO:1904293]; negative regulation of protein-containing complex assembly [GO:0031333]; negative regulation of retrograde protein transport, ER to cytosol [GO:1904153]; negative regulation of VCP-NPL4-UFD1 AAA ATPase complex assembly [GO:1904240]; positive regulation of autophagy [GO:0010508]; positive regulation of protein lipidation [GO:1903061]",ATPase binding [GO:0051117],GO:0000139; GO:0005765; GO:0005789; GO:0005886; GO:0010508; GO:0016020; GO:0030667; GO:0030868; GO:0031333; GO:0051117; GO:0070062; GO:0070821; GO:1903061; GO:1904153; GO:1904240; GO:1904293
Q8WYQ3,CHC10_HUMAN,"Coiled-coil-helix-coiled-coil-helix domain-containing protein 10, mitochondrial (Protein N27C7-4)",CHCHD10 C22orf16,9606.ENSP00000384973,inner mitochondrial membrane organization [GO:0007007]; mitochondrial membrane organization [GO:0007006]; mitochondrion organization [GO:0007005],MICOS complex [GO:0061617]; mitochondrial intermembrane space [GO:0005758]; mitochondrion [GO:0005739]; nucleus [GO:0005634],MICOS complex [GO:0061617]; mitochondrial intermembrane space [GO:0005758]; mitochondrion [GO:0005739]; nucleus [GO:0005634]; inner mitochondrial membrane organization [GO:0007007]; mitochondrial membrane organization [GO:0007006]; mitochondrion organization [GO:0007005],,GO:0005634; GO:0005739; GO:0005758; GO:0007005; GO:0007006; GO:0007007; GO:0061617
Q96CV9,OPTN_HUMAN,Optineurin (E3-14.7K-interacting protein) (FIP-2) (Huntingtin yeast partner L) (Huntingtin-interacting protein 7) (HIP-7) (Huntingtin-interacting protein L) (NEMO-related protein) (Optic neuropathy-inducing protein) (Transcription factor IIIA-interacting protein) (TFIIIA-IntP),OPTN FIP2 GLC1E HIP7 HYPL NRP,9606.ENSP00000368022,cell death [GO:0008219]; cellular response to unfolded protein [GO:0034620]; defense response to Gram-negative bacterium [GO:0050829]; Golgi organization [GO:0007030]; Golgi ribbon formation [GO:0090161]; Golgi to plasma membrane protein transport [GO:0043001]; innate immune response [GO:0045087]; negative regulation of canonical NF-kappaB signal transduction [GO:0043124]; negative regulation of receptor recycling [GO:0001920]; positive regulation of autophagy [GO:0010508]; positive regulation of xenophagy [GO:1904417]; protein localization to Golgi apparatus [GO:0034067]; regulation of canonical NF-kappaB signal transduction [GO:0043122]; signal transduction [GO:0007165]; type 2 mitophagy [GO:0061734],autophagosome [GO:0005776]; cytoplasm [GO:0005737]; cytosol [GO:0005829]; Golgi apparatus [GO:0005794]; Golgi membrane [GO:0000139]; nucleoplasm [GO:0005654]; nucleus [GO:0005634]; perinuclear region of cytoplasm [GO:0048471]; recycling endosome membrane [GO:0055038]; trans-Golgi network [GO:0005802],autophagosome [GO:0005776]; cytoplasm [GO:0005737]; cytosol [GO:0005829]; Golgi apparatus [GO:0005794]; Golgi membrane [GO:0000139]; nucleoplasm [GO:0005654]; nucleus [GO:0005634]; perinuclear region of cytoplasm [GO:0048471]; recycling endosome membrane [GO:0055038]; trans-Golgi network [GO:0005802]; identical protein binding [GO:0042802]; K63-linked polyubiquitin modification-dependent protein binding [GO:0070530]; polyubiquitin modification-dependent protein binding [GO:0031593]; protein-macromolecule adaptor activity [GO:0030674]; zinc ion binding [GO:0008270]; cell death [GO:0008219]; cellular response to unfolded protein [GO:0034620]; defense response to Gram-negative bacterium [GO:0050829]; Golgi organization [GO:0007030]; Golgi ribbon formation [GO:0090161]; Golgi to plasma membrane protein transport [GO:0043001]; innate immune response [GO:0045087]; negative regulation of canonical NF-kappaB signal transduction [GO:0043124]; negative regulation of receptor recycling [GO:0001920]; positive regulation of autophagy [GO:0010508]; positive regulation of xenophagy [GO:1904417]; protein localization to Golgi apparatus [GO:0034067]; regulation of canonical NF-kappaB signal transduction [GO:0043122]; signal transduction [GO:0007165]; type 2 mitophagy [GO:0061734],identical protein binding [GO:0042802]; K63-linked polyubiquitin modification-dependent protein binding [GO:0070530]; polyubiquitin modification-dependent protein binding [GO:0031593]; protein-macromolecule adaptor activity [GO:0030674]; zinc ion binding [GO:0008270],GO:0000139; GO:0001920; GO:0005634; GO:0005654; GO:0005737; GO:0005776; GO:0005794; GO:0005802; GO:0005829; GO:0007030; GO:0007165; GO:0008219; GO:0008270; GO:0010508; GO:0030674; GO:0031593; GO:0034067; GO:0034620; GO:0042802; GO:0043001; GO:0043122; GO:0043124; GO:0045087; GO:0048471; GO:0050829; GO:0055038; GO:0061734; GO:0070530; GO:0090161; GO:1904417
Q96LT7,CI072_HUMAN,Guanine nucleotide exchange factor C9orf72,C9orf72 DENND9 DENNL72,9606.ENSP00000482753,autophagosome-lysosome fusion [GO:0061909]; autophagy [GO:0006914]; axon extension [GO:0048675]; endocytosis [GO:0006897]; late endosome to lysosome transport [GO:1902774]; negative regulation of exocytosis [GO:0045920]; negative regulation of immune response [GO:0050777]; negative regulation of protein phosphorylation [GO:0001933]; positive regulation of macroautophagy [GO:0016239]; regulation of actin filament organization [GO:0110053]; regulation of autophagosome assembly [GO:2000785]; regulation of autophagy [GO:0010506]; regulation of protein localization [GO:0032880]; regulation of synaptic vesicle cycle [GO:0098693]; regulation of TORC1 signaling [GO:1903432]; stress granule assembly [GO:0034063],autolysosome [GO:0044754]; autophagosome [GO:0005776]; axonal growth cone [GO:0044295]; cytoplasm [GO:0005737]; cytoplasmic stress granule [GO:0010494]; cytosol [GO:0005829]; dendrite [GO:0030425]; endosome [GO:0005768]; extracellular space [GO:0005615]; Flemming body [GO:0090543]; glutamatergic synapse [GO:0098978]; guanyl-nucleotide exchange factor complex [GO:0032045]; hippocampal mossy fiber to CA3 synapse [GO:0098686]; lysosome [GO:0005764]; main axon [GO:0044304]; nuclear membrane [GO:0031965]; nucleus [GO:0005634]; P-body [GO:0000932]; perikaryon [GO:0043204]; postsynapse [GO:0098794]; presynaptic cytosol [GO:0099523],autolysosome [GO:0044754]; autophagosome [GO:0005776]; axonal growth cone [GO:0044295]; cytoplasm [GO:0005737]; cytoplasmic stress granule [GO:0010494]; cytosol [GO:0005829]; dendrite [GO:0030425]; endosome [GO:0005768]; extracellular space [GO:0005615]; Flemming body [GO:0090543]; glutamatergic synapse [GO:0098978]; guanyl-nucleotide exchange factor complex [GO:0032045]; hippocampal mossy fiber to CA3 synapse [GO:0098686]; lysosome [GO:0005764]; main axon [GO:0044304]; nuclear membrane [GO:0031965]; nucleus [GO:0005634]; P-body [GO:0000932]; perikaryon [GO:0043204]; postsynapse [GO:0098794]; presynaptic cytosol [GO:0099523]; GTPase activator activity [GO:0005096]; guanyl-nucleotide exchange factor activity [GO:0005085]; small GTPase binding [GO:0031267]; autophagosome-lysosome fusion [GO:0061909]; autophagy [GO:0006914]; axon extension [GO:0048675]; endocytosis [GO:0006897]; late endosome to lysosome transport [GO:1902774]; negative regulation of exocytosis [GO:0045920]; negative regulation of immune response [GO:0050777]; negative regulation of protein phosphorylation [GO:0001933]; positive regulation of macroautophagy [GO:0016239]; regulation of actin filament organization [GO:0110053]; regulation of autophagosome assembly [GO:2000785]; regulation of autophagy [GO:0010506]; regulation of protein localization [GO:0032880]; regulation of synaptic vesicle cycle [GO:0098693]; regulation of TORC1 signaling [GO:1903432]; stress granule assembly [GO:0034063],GTPase activator activity [GO:0005096]; guanyl-nucleotide exchange factor activity [GO:0005085]; small GTPase binding [GO:0031267],GO:0000932; GO:0001933; GO:0005085; GO:0005096; GO:0005615; GO:0005634; GO:0005737; GO:0005764; GO:0005768; GO:0005776; GO:0005829; GO:0006897; GO:0006914; GO:0010494; GO:0010506; GO:0016239; GO:0030425; GO:0031267; GO:0031965; GO:0032045; GO:0032880; GO:0034063; GO:0043204; GO:0044295; GO:0044304; GO:0044754; GO:0045920; GO:0048675; GO:0050777; GO:0061909; GO:0090543; GO:0098686; GO:0098693; GO:0098794; GO:0098978; GO:0099523; GO:0110053; GO:1902774; GO:1903432; GO:2000785
Q99523,SORT_HUMAN,Sortilin (100 kDa NT receptor) (Glycoprotein 95) (Gp95) (Neurotensin receptor 3) (NT3) (NTR3),SORT1,9606.ENSP00000256637,D-glucose import [GO:0046323]; endocytosis [GO:0006897]; endosome to lysosome transport [GO:0008333]; endosome transport via multivesicular body sorting pathway [GO:0032509]; extrinsic apoptotic signaling pathway via death domain receptors [GO:0008625]; G protein-coupled receptor signaling pathway [GO:0007186]; Golgi to endosome transport [GO:0006895]; Golgi to lysosome transport [GO:0090160]; maintenance of synapse structure [GO:0099558]; myotube differentiation [GO:0014902]; negative regulation of fat cell differentiation [GO:0045599]; neuropeptide signaling pathway [GO:0007218]; neurotrophin TRK receptor signaling pathway [GO:0048011]; ossification [GO:0001503]; plasma membrane to endosome transport [GO:0048227]; protein targeting to lysosome [GO:0006622]; regulation of gene expression [GO:0010468]; response to insulin [GO:0032868]; vesicle organization [GO:0016050],cell surface [GO:0009986]; cerebellar climbing fiber to Purkinje cell synapse [GO:0150053]; clathrin-coated pit [GO:0005905]; clathrin-coated vesicle [GO:0030136]; cytoplasmic vesicle [GO:0031410]; cytosol [GO:0005829]; early endosome [GO:0005769]; endoplasmic reticulum membrane [GO:0005789]; endosome membrane [GO:0010008]; Golgi apparatus [GO:0005794]; Golgi cisterna membrane [GO:0032580]; lysosomal membrane [GO:0005765]; lysosome [GO:0005764]; membrane [GO:0016020]; nuclear membrane [GO:0031965]; perinuclear region of cytoplasm [GO:0048471]; plasma membrane [GO:0005886]; trans-Golgi network transport vesicle [GO:0030140],"cell surface [GO:0009986]; cerebellar climbing fiber to Purkinje cell synapse [GO:0150053]; clathrin-coated pit [GO:0005905]; clathrin-coated vesicle [GO:0030136]; cytoplasmic vesicle [GO:0031410]; cytosol [GO:0005829]; early endosome [GO:0005769]; endoplasmic reticulum membrane [GO:0005789]; endosome membrane [GO:0010008]; Golgi apparatus [GO:0005794]; Golgi cisterna membrane [GO:0032580]; lysosomal membrane [GO:0005765]; lysosome [GO:0005764]; membrane [GO:0016020]; nuclear membrane [GO:0031965]; perinuclear region of cytoplasm [GO:0048471]; plasma membrane [GO:0005886]; trans-Golgi network transport vesicle [GO:0030140]; enzyme binding [GO:0019899]; nerve growth factor binding [GO:0048406]; nerve growth factor receptor activity [GO:0010465]; neurotensin receptor activity, non-G protein-coupled [GO:0030379]; retromer complex binding [GO:1905394]; D-glucose import [GO:0046323]; endocytosis [GO:0006897]; endosome to lysosome transport [GO:0008333]; endosome transport via multivesicular body sorting pathway [GO:0032509]; extrinsic apoptotic signaling pathway via death domain receptors [GO:0008625]; G protein-coupled receptor signaling pathway [GO:0007186]; Golgi to endosome transport [GO:0006895]; Golgi to lysosome transport [GO:0090160]; maintenance of synapse structure [GO:0099558]; myotube differentiation [GO:0014902]; negative regulation of fat cell differentiation [GO:0045599]; neuropeptide signaling pathway [GO:0007218]; neurotrophin TRK receptor signaling pathway [GO:0048011]; ossification [GO:0001503]; plasma membrane to endosome transport [GO:0048227]; protein targeting to lysosome [GO:0006622]; regulation of gene expression [GO:0010468]; response to insulin [GO:0032868]; vesicle organization [GO:0016050]","enzyme binding [GO:0019899]; nerve growth factor binding [GO:0048406]; nerve growth factor receptor activity [GO:0010465]; neurotensin receptor activity, non-G protein-coupled [GO:0030379]; retromer complex binding [GO:1905394]",GO:0001503; GO:0005764; GO:0005765; GO:0005769; GO:0005789; GO:0005794; GO:0005829; GO:0005886; GO:0005905; GO:0006622; GO:0006895; GO:0006897; GO:0007186; GO:0007218; GO:0008333; GO:0008625; GO:0009986; GO:0010008; GO:0010465; GO:0010468; GO:0014902; GO:0016020; GO:0016050; GO:0019899; GO:0030136; GO:0030140; GO:0030379; GO:0031410; GO:0031965; GO:0032509; GO:0032580; GO:0032868; GO:0045599; GO:0046323; GO:0048011; GO:0048227; GO:0048406; GO:0048471; GO:0090160; GO:0099558; GO:0150053; GO:1905394
Q9BZC1,CELF4_HUMAN,CUGBP Elav-like family member 4 (CELF-4) (Bruno-like protein 4) (CUG-BP- and ETR-3-like factor 4) (RNA-binding protein BRUNOL-4),CELF4 BRUNOL4,9606.ENSP00000410584,"alternative mRNA splicing, via spliceosome [GO:0000380]; embryo development ending in birth or egg hatching [GO:0009792]; excitatory postsynaptic potential [GO:0060079]; germ cell development [GO:0007281]; in utero embryonic development [GO:0001701]; mRNA splice site recognition [GO:0006376]; negative regulation of excitatory postsynaptic potential [GO:0090394]; negative regulation of mRNA splicing, via spliceosome [GO:0048025]; positive regulation of mRNA splicing, via spliceosome [GO:0048026]; regulation of alternative mRNA splicing, via spliceosome [GO:0000381]; regulation of retina development in camera-type eye [GO:1902866]",cytoplasm [GO:0005737]; nucleoplasm [GO:0005654]; nucleus [GO:0005634]; postsynapse [GO:0098794]; ribonucleoprotein complex [GO:1990904],"cytoplasm [GO:0005737]; nucleoplasm [GO:0005654]; nucleus [GO:0005634]; postsynapse [GO:0098794]; ribonucleoprotein complex [GO:1990904]; BRE binding [GO:0042835]; mRNA binding [GO:0003729]; mRNA regulatory element binding translation repressor activity [GO:0000900]; pre-mRNA binding [GO:0036002]; alternative mRNA splicing, via spliceosome [GO:0000380]; embryo development ending in birth or egg hatching [GO:0009792]; excitatory postsynaptic potential [GO:0060079]; germ cell development [GO:0007281]; in utero embryonic development [GO:0001701]; mRNA splice site recognition [GO:0006376]; negative regulation of excitatory postsynaptic potential [GO:0090394]; negative regulation of mRNA splicing, via spliceosome [GO:0048025]; positive regulation of mRNA splicing, via spliceosome [GO:0048026]; regulation of alternative mRNA splicing, via spliceosome [GO:0000381]; regulation of retina development in camera-type eye [GO:1902866]",BRE binding [GO:0042835]; mRNA binding [GO:0003729]; mRNA regulatory element binding translation repressor activity [GO:0000900]; pre-mRNA binding [GO:0036002],GO:0000380; GO:0000381; GO:0000900; GO:0001701; GO:0003729; GO:0005634; GO:0005654; GO:0005737; GO:0006376; GO:0007281; GO:0009792; GO:0036002; GO:0042835; GO:0048025; GO:0048026; GO:0060079; GO:0090394; GO:0098794; GO:1902866; GO:1990904
Q9NQC7,CYLD_HUMAN,Ubiquitin carboxyl-terminal hydrolase CYLD (EC 3.4.19.12) (Deubiquitinating enzyme CYLD) (Ubiquitin thioesterase CYLD) (Ubiquitin-specific-processing protease CYLD),CYLD CYLD1 KIAA0849 HSPC057,9606.ENSP00000392025,"CD4-positive or CD8-positive, alpha-beta T cell lineage commitment [GO:0043369]; homeostasis of number of cells [GO:0048872]; innate immune response [GO:0045087]; necroptotic process [GO:0070266]; negative regulation of canonical NF-kappaB signal transduction [GO:0043124]; negative regulation of canonical Wnt signaling pathway [GO:0090090]; negative regulation of inflammatory response [GO:0050728]; negative regulation of interleukin-18-mediated signaling pathway [GO:2000493]; negative regulation of JNK cascade [GO:0046329]; negative regulation of NF-kappaB transcription factor activity [GO:0032088]; negative regulation of non-canonical NF-kappaB signal transduction [GO:1901223]; negative regulation of p38MAPK cascade [GO:1903753]; negative regulation of type I interferon production [GO:0032480]; nucleotide-binding domain, leucine rich repeat containing receptor signaling pathway [GO:0035872]; positive regulation of extrinsic apoptotic signaling pathway [GO:2001238]; positive regulation of protein localization [GO:1903829]; positive regulation of T cell differentiation [GO:0045582]; positive regulation of T cell receptor signaling pathway [GO:0050862]; protein deubiquitination [GO:0016579]; protein K63-linked deubiquitination [GO:0070536]; protein linear deubiquitination [GO:1990108]; proteolysis [GO:0006508]; regulation of B cell differentiation [GO:0045577]; regulation of cilium assembly [GO:1902017]; regulation of inflammatory response [GO:0050727]; regulation of intrinsic apoptotic signaling pathway [GO:2001242]; regulation of microtubule cytoskeleton organization [GO:0070507]; regulation of mitotic cell cycle [GO:0007346]; regulation of necroptotic process [GO:0060544]; regulation of tumor necrosis factor-mediated signaling pathway [GO:0010803]; ripoptosome assembly involved in necroptotic process [GO:1901026]; Wnt signaling pathway [GO:0016055]",centriolar satellite [GO:0034451]; centrosome [GO:0005813]; ciliary basal body [GO:0036064]; ciliary tip [GO:0097542]; ciliary transition zone [GO:0035869]; cytosol [GO:0005829]; microtubule [GO:0005874]; nucleoplasm [GO:0005654]; perinuclear region of cytoplasm [GO:0048471]; plasma membrane [GO:0005886]; sperm midpiece [GO:0097225]; sperm principal piece [GO:0097228]; spindle [GO:0005819],"centriolar satellite [GO:0034451]; centrosome [GO:0005813]; ciliary basal body [GO:0036064]; ciliary tip [GO:0097542]; ciliary transition zone [GO:0035869]; cytosol [GO:0005829]; microtubule [GO:0005874]; nucleoplasm [GO:0005654]; perinuclear region of cytoplasm [GO:0048471]; plasma membrane [GO:0005886]; sperm midpiece [GO:0097225]; sperm principal piece [GO:0097228]; spindle [GO:0005819]; cysteine-type deubiquitinase activity [GO:0004843]; K48-linked deubiquitinase activity [GO:1990380]; K63-linked deubiquitinase activity [GO:0061578]; Met1-linked polyubiquitin deubiquitinase activity [GO:0061815]; proline-rich region binding [GO:0070064]; protein kinase binding [GO:0019901]; zinc ion binding [GO:0008270]; CD4-positive or CD8-positive, alpha-beta T cell lineage commitment [GO:0043369]; homeostasis of number of cells [GO:0048872]; innate immune response [GO:0045087]; necroptotic process [GO:0070266]; negative regulation of canonical NF-kappaB signal transduction [GO:0043124]; negative regulation of canonical Wnt signaling pathway [GO:0090090]; negative regulation of inflammatory response [GO:0050728]; negative regulation of interleukin-18-mediated signaling pathway [GO:2000493]; negative regulation of JNK cascade [GO:0046329]; negative regulation of NF-kappaB transcription factor activity [GO:0032088]; negative regulation of non-canonical NF-kappaB signal transduction [GO:1901223]; negative regulation of p38MAPK cascade [GO:1903753]; negative regulation of type I interferon production [GO:0032480]; nucleotide-binding domain, leucine rich repeat containing receptor signaling pathway [GO:0035872]; positive regulation of extrinsic apoptotic signaling pathway [GO:2001238]; positive regulation of protein localization [GO:1903829]; positive regulation of T cell differentiation [GO:0045582]; positive regulation of T cell receptor signaling pathway [GO:0050862]; protein deubiquitination [GO:0016579]; protein K63-linked deubiquitination [GO:0070536]; protein linear deubiquitination [GO:1990108]; proteolysis [GO:0006508]; regulation of B cell differentiation [GO:0045577]; regulation of cilium assembly [GO:1902017]; regulation of inflammatory response [GO:0050727]; regulation of intrinsic apoptotic signaling pathway [GO:2001242]; regulation of microtubule cytoskeleton organization [GO:0070507]; regulation of mitotic cell cycle [GO:0007346]; regulation of necroptotic process [GO:0060544]; regulation of tumor necrosis factor-mediated signaling pathway [GO:0010803]; ripoptosome assembly involved in necroptotic process [GO:1901026]; Wnt signaling pathway [GO:0016055]",cysteine-type deubiquitinase activity [GO:0004843]; K48-linked deubiquitinase activity [GO:1990380]; K63-linked deubiquitinase activity [GO:0061578]; Met1-linked polyubiquitin deubiquitinase activity [GO:0061815]; proline-rich region binding [GO:0070064]; protein kinase binding [GO:0019901]; zinc ion binding [GO:0008270],GO:0004843; GO:0005654; GO:0005813; GO:0005819; GO:0005829; GO:0005874; GO:0005886; GO:0006508; GO:0007346; GO:0008270; GO:0010803; GO:0016055; GO:0016579; GO:0019901; GO:0032088; GO:0032480; GO:0034451; GO:0035869; GO:0035872; GO:0036064; GO:0043124; GO:0043369; GO:0045087; GO:0045577; GO:0045582; GO:0046329; GO:0048471; GO:0048872; GO:0050727; GO:0050728; GO:0050862; GO:0060544; GO:0061578; GO:0061815; GO:0070064; GO:0070266; GO:0070507; GO:0070536; GO:0090090; GO:0097225; GO:0097228; GO:0097542; GO:1901026; GO:1901223; GO:1902017; GO:1903753; GO:1903829; GO:1990108; GO:1990380; GO:2000493; GO:2001238; GO:2001242
Q9NUM4,T106B_HUMAN,Transmembrane protein 106B,TMEM106B,9606.ENSP00000379901,dendrite morphogenesis [GO:0048813]; lysosomal lumen acidification [GO:0007042]; lysosomal protein catabolic process [GO:1905146]; lysosomal transport [GO:0007041]; lysosome localization [GO:0032418]; lysosome organization [GO:0007040]; neuron cellular homeostasis [GO:0070050]; positive regulation of dendrite development [GO:1900006]; regulation of lysosome organization [GO:1905671],endosome [GO:0005768]; late endosome membrane [GO:0031902]; lysosomal membrane [GO:0005765]; lysosome [GO:0005764]; plasma membrane [GO:0005886],endosome [GO:0005768]; late endosome membrane [GO:0031902]; lysosomal membrane [GO:0005765]; lysosome [GO:0005764]; plasma membrane [GO:0005886]; ATPase binding [GO:0051117]; dendrite morphogenesis [GO:0048813]; lysosomal lumen acidification [GO:0007042]; lysosomal protein catabolic process [GO:1905146]; lysosomal transport [GO:0007041]; lysosome localization [GO:0032418]; lysosome organization [GO:0007040]; neuron cellular homeostasis [GO:0070050]; positive regulation of dendrite development [GO:1900006]; regulation of lysosome organization [GO:1905671],ATPase binding [GO:0051117],GO:0005764; GO:0005765; GO:0005768; GO:0005886; GO:0007040; GO:0007041; GO:0007042; GO:0031902; GO:0032418; GO:0048813; GO:0051117; GO:0070050; GO:1900006; GO:1905146; GO:1905671
Q9NZC2,TREM2_HUMAN,Triggering receptor expressed on myeloid cells 2 (TREM-2) (Triggering receptor expressed on monocytes 2),TREM2,9606.ENSP00000362205,"amyloid-beta clearance [GO:0097242]; amyloid-beta clearance by cellular catabolic process [GO:0150094]; apoptotic cell clearance [GO:0043277]; astrocyte activation [GO:0048143]; cellular response to amyloid-beta [GO:1904646]; cellular response to glucose stimulus [GO:0071333]; cellular response to hypoxia [GO:0071456]; cellular response to lipid [GO:0071396]; cellular response to lipoprotein particle stimulus [GO:0071402]; cellular response to lipoteichoic acid [GO:0071223]; cellular response to oxidised low-density lipoprotein particle stimulus [GO:0140052]; cellular response to peptidoglycan [GO:0071224]; complement-mediated synapse pruning [GO:0150062]; CXCL12-activated CXCR4 signaling pathway [GO:0038160]; defense response to Gram-negative bacterium [GO:0050829]; dendritic cell differentiation [GO:0097028]; dendritic spine maintenance [GO:0097062]; detection of lipopolysaccharide [GO:0032497]; detection of lipoteichoic acid [GO:0070392]; detection of peptidoglycan [GO:0032499]; excitatory synapse pruning [GO:1905805]; humoral immune response [GO:0006959]; import into cell [GO:0098657]; lipid homeostasis [GO:0055088]; memory [GO:0007613]; microglial cell activation [GO:0001774]; microglial cell activation involved in immune response [GO:0002282]; microglial cell proliferation [GO:0061518]; negative regulation of amyloid fibril formation [GO:1905907]; negative regulation of astrocyte activation [GO:0061889]; negative regulation of autophagic cell death [GO:1904093]; negative regulation of autophagy [GO:0010507]; negative regulation of canonical NF-kappaB signal transduction [GO:0043124]; negative regulation of cell activation [GO:0050866]; negative regulation of cholesterol storage [GO:0010887]; negative regulation of cytokine production involved in inflammatory response [GO:1900016]; negative regulation of fat cell proliferation [GO:0070345]; negative regulation of glial cell apoptotic process [GO:0034351]; negative regulation of inflammatory response to antigenic stimulus [GO:0002862]; negative regulation of interleukin-1 beta production [GO:0032691]; negative regulation of macrophage colony-stimulating factor signaling pathway [GO:1902227]; negative regulation of neuroinflammatory response [GO:0150079]; negative regulation of NLRP3 inflammasome complex assembly [GO:1900226]; negative regulation of p38MAPK cascade [GO:1903753]; negative regulation of phosphatidylinositol 3-kinase/protein kinase B signal transduction [GO:0051898]; negative regulation of toll-like receptor 2 signaling pathway [GO:0034136]; negative regulation of toll-like receptor 4 signaling pathway [GO:0034144]; negative regulation of triglyceride storage [GO:0010891]; negative regulation of tumor necrosis factor production [GO:0032720]; osteoclast differentiation [GO:0030316]; phagocytosis, engulfment [GO:0006911]; phagocytosis, recognition [GO:0006910]; positive regulation of amyloid-beta clearance [GO:1900223]; positive regulation of antigen processing and presentation of peptide antigen via MHC class II [GO:0002588]; positive regulation of ATP biosynthetic process [GO:2001171]; positive regulation of C-C chemokine receptor CCR7 signaling pathway [GO:1903082]; positive regulation of calcium-mediated signaling [GO:0050850]; positive regulation of CAMKK-AMPK signaling cascade [GO:1905291]; positive regulation of CD40 signaling pathway [GO:2000350]; positive regulation of chemotaxis [GO:0050921]; positive regulation of cholesterol efflux [GO:0010875]; positive regulation of complement activation, classical pathway [GO:0045960]; positive regulation of engulfment of apoptotic cell [GO:1901076]; positive regulation of ERK1 and ERK2 cascade [GO:0070374]; positive regulation of establishment of protein localization [GO:1904951]; positive regulation of gene expression [GO:0010628]; positive regulation of high-density lipoprotein particle clearance [GO:0010983]; positive regulation of interleukin-10 production [GO:0032733]; positive regulation of intracellular signal transduction [GO:1902533]; positive regulation of low-density lipoprotein particle clearance [GO:1905581]; positive regulation of macrophage fusion [GO:0034241]; positive regulation of microglial cell activation [GO:1903980]; positive regulation of microglial cell migration [GO:1904141]; positive regulation of non-canonical NF-kappaB signal transduction [GO:1901224]; positive regulation of osteoclast differentiation [GO:0045672]; positive regulation of phagocytosis [GO:0050766]; positive regulation of phagocytosis, engulfment [GO:0060100]; positive regulation of phosphatidylinositol 3-kinase/protein kinase B signal transduction [GO:0051897]; positive regulation of potassium ion transport [GO:0043268]; positive regulation of proteasomal protein catabolic process [GO:1901800]; positive regulation of protein localization to plasma membrane [GO:1903078]; positive regulation of protein secretion [GO:0050714]; positive regulation of synapse pruning [GO:1905808]; positive regulation of TOR signaling [GO:0032008]; pyroptotic inflammatory response [GO:0070269]; regulation of cytokine production involved in inflammatory response [GO:1900015]; regulation of gene expression [GO:0010468]; regulation of hippocampal neuron apoptotic process [GO:0110089]; regulation of innate immune response [GO:0045088]; regulation of interleukin-6 production [GO:0032675]; regulation of lipid metabolic process [GO:0019216]; regulation of macrophage inflammatory protein 1 alpha production [GO:0071640]; regulation of oxidative stress-induced neuron intrinsic apoptotic signaling pathway [GO:1903376]; regulation of plasma membrane bounded cell projection organization [GO:0120035]; regulation of resting membrane potential [GO:0060075]; regulation of toll-like receptor 6 signaling pathway [GO:0034151]; regulation of TOR signaling [GO:0032006]; respiratory burst after phagocytosis [GO:0045728]; response to axon injury [GO:0048678]; response to ischemia [GO:0002931]; signal transduction [GO:0007165]; social behavior [GO:0035176]; T cell activation via T cell receptor contact with antigen bound to MHC molecule on antigen presenting cell [GO:0002291]",extracellular region [GO:0005576]; membrane [GO:0016020]; plasma membrane [GO:0005886]; plasma membrane raft [GO:0044853]; semaphorin receptor complex [GO:0002116],"extracellular region [GO:0005576]; membrane [GO:0016020]; plasma membrane [GO:0005886]; plasma membrane raft [GO:0044853]; semaphorin receptor complex [GO:0002116]; amyloid-beta binding [GO:0001540]; apolipoprotein A-I binding [GO:0034186]; apolipoprotein binding [GO:0034185]; beta-catenin binding [GO:0008013]; high-density lipoprotein particle binding [GO:0008035]; kinase activator activity [GO:0019209]; lipid binding [GO:0008289]; lipopolysaccharide binding [GO:0001530]; lipoprotein particle binding [GO:0071813]; lipoteichoic acid binding [GO:0070891]; low-density lipoprotein particle binding [GO:0030169]; peptidoglycan binding [GO:0042834]; phosphatidylethanolamine binding [GO:0008429]; phosphatidylserine binding [GO:0001786]; phospholipid binding [GO:0005543]; protein tyrosine kinase binding [GO:1990782]; protein-containing complex binding [GO:0044877]; scaffold protein binding [GO:0097110]; semaphorin receptor activity [GO:0017154]; semaphorin receptor binding [GO:0030215]; signaling receptor activity [GO:0038023]; sulfatide binding [GO:0120146]; transmembrane signaling receptor activity [GO:0004888]; very-low-density lipoprotein particle binding [GO:0034189]; amyloid-beta clearance [GO:0097242]; amyloid-beta clearance by cellular catabolic process [GO:0150094]; apoptotic cell clearance [GO:0043277]; astrocyte activation [GO:0048143]; cellular response to amyloid-beta [GO:1904646]; cellular response to glucose stimulus [GO:0071333]; cellular response to hypoxia [GO:0071456]; cellular response to lipid [GO:0071396]; cellular response to lipoprotein particle stimulus [GO:0071402]; cellular response to lipoteichoic acid [GO:0071223]; cellular response to oxidised low-density lipoprotein particle stimulus [GO:0140052]; cellular response to peptidoglycan [GO:0071224]; complement-mediated synapse pruning [GO:0150062]; CXCL12-activated CXCR4 signaling pathway [GO:0038160]; defense response to Gram-negative bacterium [GO:0050829]; dendritic cell differentiation [GO:0097028]; dendritic spine maintenance [GO:0097062]; detection of lipopolysaccharide [GO:0032497]; detection of lipoteichoic acid [GO:0070392]; detection of peptidoglycan [GO:0032499]; excitatory synapse pruning [GO:1905805]; humoral immune response [GO:0006959]; import into cell [GO:0098657]; lipid homeostasis [GO:0055088]; memory [GO:0007613]; microglial cell activation [GO:0001774]; microglial cell activation involved in immune response [GO:0002282]; microglial cell proliferation [GO:0061518]; negative regulation of amyloid fibril formation [GO:1905907]; negative regulation of astrocyte activation [GO:0061889]; negative regulation of autophagic cell death [GO:1904093]; negative regulation of autophagy [GO:0010507]; negative regulation of canonical NF-kappaB signal transduction [GO:0043124]; negative regulation of cell activation [GO:0050866]; negative regulation of cholesterol storage [GO:0010887]; negative regulation of cytokine production involved in inflammatory response [GO:1900016]; negative regulation of fat cell proliferation [GO:0070345]; negative regulation of glial cell apoptotic process [GO:0034351]; negative regulation of inflammatory response to antigenic stimulus [GO:0002862]; negative regulation of interleukin-1 beta production [GO:0032691]; negative regulation of macrophage colony-stimulating factor signaling pathway [GO:1902227]; negative regulation of neuroinflammatory response [GO:0150079]; negative regulation of NLRP3 inflammasome complex assembly [GO:1900226]; negative regulation of p38MAPK cascade [GO:1903753]; negative regulation of phosphatidylinositol 3-kinase/protein kinase B signal transduction [GO:0051898]; negative regulation of toll-like receptor 2 signaling pathway [GO:0034136]; negative regulation of toll-like receptor 4 signaling pathway [GO:0034144]; negative regulation of triglyceride storage [GO:0010891]; negative regulation of tumor necrosis factor production [GO:0032720]; osteoclast differentiation [GO:0030316]; phagocytosis, engulfment [GO:0006911]; phagocytosis, recognition [GO:0006910]; positive regulation of amyloid-beta clearance [GO:1900223]; positive regulation of antigen processing and presentation of peptide antigen via MHC class II [GO:0002588]; positive regulation of ATP biosynthetic process [GO:2001171]; positive regulation of C-C chemokine receptor CCR7 signaling pathway [GO:1903082]; positive regulation of calcium-mediated signaling [GO:0050850]; positive regulation of CAMKK-AMPK signaling cascade [GO:1905291]; positive regulation of CD40 signaling pathway [GO:2000350]; positive regulation of chemotaxis [GO:0050921]; positive regulation of cholesterol efflux [GO:0010875]; positive regulation of complement activation, classical pathway [GO:0045960]; positive regulation of engulfment of apoptotic cell [GO:1901076]; positive regulation of ERK1 and ERK2 cascade [GO:0070374]; positive regulation of establishment of protein localization [GO:1904951]; positive regulation of gene expression [GO:0010628]; positive regulation of high-density lipoprotein particle clearance [GO:0010983]; positive regulation of interleukin-10 production [GO:0032733]; positive regulation of intracellular signal transduction [GO:1902533]; positive regulation of low-density lipoprotein particle clearance [GO:1905581]; positive regulation of macrophage fusion [GO:0034241]; positive regulation of microglial cell activation [GO:1903980]; positive regulation of microglial cell migration [GO:1904141]; positive regulation of non-canonical NF-kappaB signal transduction [GO:1901224]; positive regulation of osteoclast differentiation [GO:0045672]; positive regulation of phagocytosis [GO:0050766]; positive regulation of phagocytosis, engulfment [GO:0060100]; positive regulation of phosphatidylinositol 3-kinase/protein kinase B signal transduction [GO:0051897]; positive regulation of potassium ion transport [GO:0043268]; positive regulation of proteasomal protein catabolic process [GO:1901800]; positive regulation of protein localization to plasma membrane [GO:1903078]; positive regulation of protein secretion [GO:0050714]; positive regulation of synapse pruning [GO:1905808]; positive regulation of TOR signaling [GO:0032008]; pyroptotic inflammatory response [GO:0070269]; regulation of cytokine production involved in inflammatory response [GO:1900015]; regulation of gene expression [GO:0010468]; regulation of hippocampal neuron apoptotic process [GO:0110089]; regulation of innate immune response [GO:0045088]; regulation of interleukin-6 production [GO:0032675]; regulation of lipid metabolic process [GO:0019216]; regulation of macrophage inflammatory protein 1 alpha production [GO:0071640]; regulation of oxidative stress-induced neuron intrinsic apoptotic signaling pathway [GO:1903376]; regulation of plasma membrane bounded cell projection organization [GO:0120035]; regulation of resting membrane potential [GO:0060075]; regulation of toll-like receptor 6 signaling pathway [GO:0034151]; regulation of TOR signaling [GO:0032006]; respiratory burst after phagocytosis [GO:0045728]; response to axon injury [GO:0048678]; response to ischemia [GO:0002931]; signal transduction [GO:0007165]; social behavior [GO:0035176]; T cell activation via T cell receptor contact with antigen bound to MHC molecule on antigen presenting cell [GO:0002291]",amyloid-beta binding [GO:0001540]; apolipoprotein A-I binding [GO:0034186]; apolipoprotein binding [GO:0034185]; beta-catenin binding [GO:0008013]; high-density lipoprotein particle binding [GO:0008035]; kinase activator activity [GO:0019209]; lipid binding [GO:0008289]; lipopolysaccharide binding [GO:0001530]; lipoprotein particle binding [GO:0071813]; lipoteichoic acid binding [GO:0070891]; low-density lipoprotein particle binding [GO:0030169]; peptidoglycan binding [GO:0042834]; phosphatidylethanolamine binding [GO:0008429]; phosphatidylserine binding [GO:0001786]; phospholipid binding [GO:0005543]; protein tyrosine kinase binding [GO:1990782]; protein-containing complex binding [GO:0044877]; scaffold protein binding [GO:0097110]; semaphorin receptor activity [GO:0017154]; semaphorin receptor binding [GO:0030215]; signaling receptor activity [GO:0038023]; sulfatide binding [GO:0120146]; transmembrane signaling receptor activity [GO:0004888]; very-low-density lipoprotein particle binding [GO:0034189],GO:0001530; GO:0001540; GO:0001774; GO:0001786; GO:0002116; GO:0002282; GO:0002291; GO:0002588; GO:0002862; GO:0002931; GO:0004888; GO:0005543; GO:0005576; GO:0005886; GO:0006910; GO:0006911; GO:0006959; GO:0007165; GO:0007613; GO:0008013; GO:0008035; GO:0008289; GO:0008429; GO:0010468; GO:0010507; GO:0010628; GO:0010875; GO:0010887; GO:0010891; GO:0010983; GO:0016020; GO:0017154; GO:0019209; GO:0019216; GO:0030169; GO:0030215; GO:0030316; GO:0032006; GO:0032008; GO:0032497; GO:0032499; GO:0032675; GO:0032691; GO:0032720; GO:0032733; GO:0034136; GO:0034144; GO:0034151; GO:0034185; GO:0034186; GO:0034189; GO:0034241; GO:0034351; GO:0035176; GO:0038023; GO:0038160; GO:0042834; GO:0043124; GO:0043268; GO:0043277; GO:0044853; GO:0044877; GO:0045088; GO:0045672; GO:0045728; GO:0045960; GO:0048143; GO:0048678; GO:0050714; GO:0050766; GO:0050829; GO:0050850; GO:0050866; GO:0050921; GO:0051897; GO:0051898; GO:0055088; GO:0060075; GO:0060100; GO:0061518; GO:0061889; GO:0070269; GO:0070345; GO:0070374; GO:0070392; GO:0070891; GO:0071223; GO:0071224; GO:0071333; GO:0071396; GO:0071402; GO:0071456; GO:0071640; GO:0071813; GO:0097028; GO:0097062; GO:0097110; GO:0097242; GO:0098657; GO:0110089; GO:0120035; GO:0120146; GO:0140052; GO:0150062; GO:0150079; GO:0150094; GO:1900015; GO:1900016; GO:1900223; GO:1900226; GO:1901076; GO:1901224; GO:1901800; GO:1902227; GO:1902533; GO:1903078; GO:1903082; GO:1903376; GO:1903753; GO:1903980; GO:1904093; GO:1904141; GO:1904646; GO:1904951; GO:1905291; GO:1905581; GO:1905805; GO:1905808; GO:1905907; GO:1990782; GO:2000350; GO:2001171
Q9UHD2,TBK1_HUMAN,Serine/threonine-protein kinase TBK1 (EC 2.7.11.1) (NF-kappa-B-activating kinase) (T2K) (TANK-binding kinase 1),TBK1 NAK,9606.ENSP00000329967,activation of innate immune response [GO:0002218]; antiviral innate immune response [GO:0140374]; canonical NF-kappaB signal transduction [GO:0007249]; cGAS/STING signaling pathway [GO:0140896]; cytoplasmic pattern recognition receptor signaling pathway [GO:0002753]; defense response to Gram-positive bacterium [GO:0050830]; defense response to virus [GO:0051607]; dendritic cell proliferation [GO:0044565]; inflammatory response [GO:0006954]; innate immune response [GO:0045087]; macroautophagy [GO:0016236]; negative regulation of gene expression [GO:0010629]; negative regulation of TORC1 signaling [GO:1904262]; peptidyl-serine phosphorylation [GO:0018105]; peptidyl-threonine phosphorylation [GO:0018107]; positive regulation of autophagy [GO:0010508]; positive regulation of canonical NF-kappaB signal transduction [GO:0043123]; positive regulation of interferon-alpha production [GO:0032727]; positive regulation of interferon-beta production [GO:0032728]; positive regulation of macroautophagy [GO:0016239]; positive regulation of TORC1 signaling [GO:1904263]; positive regulation of TORC2 signaling [GO:1904515]; positive regulation of transcription by RNA polymerase II [GO:0045944]; positive regulation of type I interferon production [GO:0032481]; positive regulation of type I interferon-mediated signaling pathway [GO:0060340]; positive regulation of xenophagy [GO:1904417]; protein phosphorylation [GO:0006468]; regulation of type I interferon production [GO:0032479]; response to virus [GO:0009615]; T follicular helper cell differentiation [GO:0061470]; toll-like receptor 4 signaling pathway [GO:0034142]; type I interferon-mediated signaling pathway [GO:0060337],cytoplasm [GO:0005737]; cytosol [GO:0005829]; nucleoplasm [GO:0005654]; serine/threonine protein kinase complex [GO:1902554],cytoplasm [GO:0005737]; cytosol [GO:0005829]; nucleoplasm [GO:0005654]; serine/threonine protein kinase complex [GO:1902554]; ATP binding [GO:0005524]; identical protein binding [GO:0042802]; nucleic acid binding [GO:0003676]; phosphoprotein binding [GO:0051219]; protein kinase activity [GO:0004672]; protein phosphatase binding [GO:0019903]; protein serine kinase activity [GO:0106310]; protein serine/threonine kinase activity [GO:0004674]; RNA polymerase II-specific DNA-binding transcription factor binding [GO:0061629]; activation of innate immune response [GO:0002218]; antiviral innate immune response [GO:0140374]; canonical NF-kappaB signal transduction [GO:0007249]; cGAS/STING signaling pathway [GO:0140896]; cytoplasmic pattern recognition receptor signaling pathway [GO:0002753]; defense response to Gram-positive bacterium [GO:0050830]; defense response to virus [GO:0051607]; dendritic cell proliferation [GO:0044565]; inflammatory response [GO:0006954]; innate immune response [GO:0045087]; macroautophagy [GO:0016236]; negative regulation of gene expression [GO:0010629]; negative regulation of TORC1 signaling [GO:1904262]; peptidyl-serine phosphorylation [GO:0018105]; peptidyl-threonine phosphorylation [GO:0018107]; positive regulation of autophagy [GO:0010508]; positive regulation of canonical NF-kappaB signal transduction [GO:0043123]; positive regulation of interferon-alpha production [GO:0032727]; positive regulation of interferon-beta production [GO:0032728]; positive regulation of macroautophagy [GO:0016239]; positive regulation of TORC1 signaling [GO:1904263]; positive regulation of TORC2 signaling [GO:1904515]; positive regulation of transcription by RNA polymerase II [GO:0045944]; positive regulation of type I interferon production [GO:0032481]; positive regulation of type I interferon-mediated signaling pathway [GO:0060340]; positive regulation of xenophagy [GO:1904417]; protein phosphorylation [GO:0006468]; regulation of type I interferon production [GO:0032479]; response to virus [GO:0009615]; T follicular helper cell differentiation [GO:0061470]; toll-like receptor 4 signaling pathway [GO:0034142]; type I interferon-mediated signaling pathway [GO:0060337],ATP binding [GO:0005524]; identical protein binding [GO:0042802]; nucleic acid binding [GO:0003676]; phosphoprotein binding [GO:0051219]; protein kinase activity [GO:0004672]; protein phosphatase binding [GO:0019903]; protein serine kinase activity [GO:0106310]; protein serine/threonine kinase activity [GO:0004674]; RNA polymerase II-specific DNA-binding transcription factor binding [GO:0061629],GO:0002218; GO:0002753; GO:0003676; GO:0004672; GO:0004674; GO:0005524; GO:0005654; GO:0005737; GO:0005829; GO:0006468; GO:0006954; GO:0007249; GO:0009615; GO:0010508; GO:0010629; GO:0016236; GO:0016239; GO:0018105; GO:0018107; GO:0019903; GO:0032479; GO:0032481; GO:0032727; GO:0032728; GO:0034142; GO:0042802; GO:0043123; GO:0044565; GO:0045087; GO:0045944; GO:0050830; GO:0051219; GO:0051607; GO:0060337; GO:0060340; GO:0061470; GO:0061629; GO:0106310; GO:0140374; GO:0140896; GO:1902554; GO:1904262; GO:1904263; GO:1904417; GO:1904515
Q9UHD9,UBQL2_HUMAN,Ubiquilin-2 (Chap1) (DSK2 homolog) (Protein linking IAP with cytoskeleton 2) (PLIC-2) (hPLIC-2) (Ubiquitin-like product Chap1/Dsk2),UBQLN2 N4BP4 PLIC2 HRIHFB2157,9606.ENSP00000345195,autophagosome assembly [GO:0000045]; ERAD pathway [GO:0036503]; negative regulation of clathrin-dependent endocytosis [GO:1900186]; negative regulation of G protein-coupled receptor internalization [GO:1904021]; positive regulation of ERAD pathway [GO:1904294]; regulation of autophagosome assembly [GO:2000785]; regulation of macroautophagy [GO:0016241]; ubiquitin-dependent protein catabolic process [GO:0006511],autophagosome [GO:0005776]; cytoplasm [GO:0005737]; cytoplasmic vesicle [GO:0031410]; cytosol [GO:0005829]; nucleus [GO:0005634]; plasma membrane [GO:0005886],autophagosome [GO:0005776]; cytoplasm [GO:0005737]; cytoplasmic vesicle [GO:0031410]; cytosol [GO:0005829]; nucleus [GO:0005634]; plasma membrane [GO:0005886]; identical protein binding [GO:0042802]; molecular condensate scaffold activity [GO:0140693]; polyubiquitin modification-dependent protein binding [GO:0031593]; autophagosome assembly [GO:0000045]; ERAD pathway [GO:0036503]; negative regulation of clathrin-dependent endocytosis [GO:1900186]; negative regulation of G protein-coupled receptor internalization [GO:1904021]; positive regulation of ERAD pathway [GO:1904294]; regulation of autophagosome assembly [GO:2000785]; regulation of macroautophagy [GO:0016241]; ubiquitin-dependent protein catabolic process [GO:0006511],identical protein binding [GO:0042802]; molecular condensate scaffold activity [GO:0140693]; polyubiquitin modification-dependent protein binding [GO:0031593],GO:0000045; GO:0005634; GO:0005737; GO:0005776; GO:0005829; GO:0005886; GO:0006511; GO:0016241; GO:0031410; GO:0031593; GO:0036503; GO:0042802; GO:0140693; GO:1900186; GO:1904021; GO:1904294; GO:2000785
Q9UHG2,PCS1N_HUMAN,ProSAAS (Proprotein convertase subtilisin/kexin type 1 inhibitor) (Proprotein convertase 1 inhibitor) (pro-SAAS) [Cleaved into: KEP; Big SAAS (b-SAAS); Little SAAS (l-SAAS) (N-proSAAS); Big PEN-LEN (b-PEN-LEN) (SAAS CT(1-49)); PEN; Little LEN (l-LEN); Big LEN (b-LEN) (SAAS CT(25-40))],PCSK1N,9606.ENSP00000218230,neuropeptide signaling pathway [GO:0007218]; peptide hormone processing [GO:0016486]; response to cold [GO:0009409]; response to dietary excess [GO:0002021],extracellular space [GO:0005615]; secretory granule [GO:0030141]; trans-Golgi network [GO:0005802],extracellular space [GO:0005615]; secretory granule [GO:0030141]; trans-Golgi network [GO:0005802]; endopeptidase inhibitor activity [GO:0004866]; serine-type endopeptidase inhibitor activity [GO:0004867]; signaling receptor binding [GO:0005102]; neuropeptide signaling pathway [GO:0007218]; peptide hormone processing [GO:0016486]; response to cold [GO:0009409]; response to dietary excess [GO:0002021],endopeptidase inhibitor activity [GO:0004866]; serine-type endopeptidase inhibitor activity [GO:0004867]; signaling receptor binding [GO:0005102],GO:0002021; GO:0004866; GO:0004867; GO:0005102; GO:0005615; GO:0005802; GO:0007218; GO:0009409; GO:0016486; GO:0030141
Q9UQN3,CHM2B_HUMAN,Charged multivesicular body protein 2b (CHMP2.5) (Chromatin-modifying protein 2b) (CHMP2b) (Vacuolar protein sorting-associated protein 2-2) (Vps2-2) (hVps2-2),CHMP2B CGI-84,9606.ENSP00000263780,autophagosome maturation [GO:0097352]; autophagy [GO:0006914]; cognition [GO:0050890]; endosome organization [GO:0007032]; endosome transport via multivesicular body sorting pathway [GO:0032509]; ESCRT III complex disassembly [GO:1904903]; late endosome to lysosome transport [GO:1902774]; late endosome to vacuole transport [GO:0045324]; macroautophagy [GO:0016236]; membrane fission [GO:0090148]; midbody abscission [GO:0061952]; mitotic metaphase chromosome alignment [GO:0007080]; modulation of chemical synaptic transmission [GO:0050804]; multivesicular body assembly [GO:0036258]; multivesicular body sorting pathway [GO:0071985]; multivesicular body-lysosome fusion [GO:0061763]; neuron cellular homeostasis [GO:0070050]; nuclear membrane reassembly [GO:0031468]; nucleus organization [GO:0006997]; plasma membrane repair [GO:0001778]; protein transport [GO:0015031]; regulation of centrosome duplication [GO:0010824]; regulation of mitotic spindle assembly [GO:1901673]; regulation of modification of postsynaptic structure [GO:0099159]; regulation of postsynapse organization [GO:0099175]; ubiquitin-dependent protein catabolic process via the multivesicular body sorting pathway [GO:0043162]; vesicle fusion with vacuole [GO:0051469]; viral budding from plasma membrane [GO:0046761]; viral budding via host ESCRT complex [GO:0039702]; viral release from host cell [GO:0019076],amphisome membrane [GO:1904930]; autophagosome membrane [GO:0000421]; cytoplasm [GO:0005737]; cytosol [GO:0005829]; ESCRT III complex [GO:0000815]; extracellular exosome [GO:0070062]; glutamatergic synapse [GO:0098978]; kinetochore [GO:0000776]; kinetochore microtubule [GO:0005828]; lysosomal membrane [GO:0005765]; midbody [GO:0030496]; multivesicular body [GO:0005771]; multivesicular body membrane [GO:0032585]; nuclear pore [GO:0005643]; plasma membrane [GO:0005886]; postsynaptic density [GO:0014069],amphisome membrane [GO:1904930]; autophagosome membrane [GO:0000421]; cytoplasm [GO:0005737]; cytosol [GO:0005829]; ESCRT III complex [GO:0000815]; extracellular exosome [GO:0070062]; glutamatergic synapse [GO:0098978]; kinetochore [GO:0000776]; kinetochore microtubule [GO:0005828]; lysosomal membrane [GO:0005765]; midbody [GO:0030496]; multivesicular body [GO:0005771]; multivesicular body membrane [GO:0032585]; nuclear pore [GO:0005643]; plasma membrane [GO:0005886]; postsynaptic density [GO:0014069]; cadherin binding [GO:0045296]; protein domain specific binding [GO:0019904]; autophagosome maturation [GO:0097352]; autophagy [GO:0006914]; cognition [GO:0050890]; endosome organization [GO:0007032]; endosome transport via multivesicular body sorting pathway [GO:0032509]; ESCRT III complex disassembly [GO:1904903]; late endosome to lysosome transport [GO:1902774]; late endosome to vacuole transport [GO:0045324]; macroautophagy [GO:0016236]; membrane fission [GO:0090148]; midbody abscission [GO:0061952]; mitotic metaphase chromosome alignment [GO:0007080]; modulation of chemical synaptic transmission [GO:0050804]; multivesicular body assembly [GO:0036258]; multivesicular body sorting pathway [GO:0071985]; multivesicular body-lysosome fusion [GO:0061763]; neuron cellular homeostasis [GO:0070050]; nuclear membrane reassembly [GO:0031468]; nucleus organization [GO:0006997]; plasma membrane repair [GO:0001778]; protein transport [GO:0015031]; regulation of centrosome duplication [GO:0010824]; regulation of mitotic spindle assembly [GO:1901673]; regulation of modification of postsynaptic structure [GO:0099159]; regulation of postsynapse organization [GO:0099175]; ubiquitin-dependent protein catabolic process via the multivesicular body sorting pathway [GO:0043162]; vesicle fusion with vacuole [GO:0051469]; viral budding from plasma membrane [GO:0046761]; viral budding via host ESCRT complex [GO:0039702]; viral release from host cell [GO:0019076],cadherin binding [GO:0045296]; protein domain specific binding [GO:0019904],GO:0000421; GO:0000776; GO:0000815; GO:0001778; GO:0005643; GO:0005737; GO:0005765; GO:0005771; GO:0005828; GO:0005829; GO:0005886; GO:0006914; GO:0006997; GO:0007032; GO:0007080; GO:0010824; GO:0014069; GO:0015031; GO:0016236; GO:0019076; GO:0019904; GO:0030496; GO:0031468; GO:0032509; GO:0032585; GO:0036258; GO:0039702; GO:0043162; GO:0045296; GO:0045324; GO:0046761; GO:0050804; GO:0050890; GO:0051469; GO:0061763; GO:0061952; GO:0070050; GO:0070062; GO:0071985; GO:0090148; GO:0097352; GO:0098978; GO:0099159; GO:0099175; GO:1901673; GO:1902774; GO:1904903; GO:1904930
