Entry,Entry Name,Protein names,Gene Names,name,Gene Ontology (biological process),Gene Ontology (cellular component),Gene Ontology (GO),Gene Ontology (molecular function),Gene Ontology IDs
O15232,MATN3_HUMAN,Matrilin-3,MATN3,9606.ENSP00000383894,cartilage development [GO:0051216]; extracellular matrix organization [GO:0030198]; skeletal system development [GO:0001501],endoplasmic reticulum lumen [GO:0005788]; extracellular matrix [GO:0031012]; extracellular region [GO:0005576]; matrilin complex [GO:0120216],endoplasmic reticulum lumen [GO:0005788]; extracellular matrix [GO:0031012]; extracellular region [GO:0005576]; matrilin complex [GO:0120216]; calcium ion binding [GO:0005509]; extracellular matrix structural constituent [GO:0005201]; cartilage development [GO:0051216]; extracellular matrix organization [GO:0030198]; skeletal system development [GO:0001501],calcium ion binding [GO:0005509]; extracellular matrix structural constituent [GO:0005201],GO:0001501; GO:0005201; GO:0005509; GO:0005576; GO:0005788; GO:0030198; GO:0031012; GO:0051216; GO:0120216
O75096,LRP4_HUMAN,Low-density lipoprotein receptor-related protein 4 (LRP-4) (Multiple epidermal growth factor-like domains 7),LRP4 KIAA0816 LRP10 MEGF7,9606.ENSP00000367888,amyloid-beta clearance by cellular catabolic process [GO:0150094]; dendrite morphogenesis [GO:0048813]; dorsal/ventral pattern formation [GO:0009953]; embryonic digit morphogenesis [GO:0042733]; endocytosis [GO:0006897]; enzyme-linked receptor protein signaling pathway [GO:0007167]; generation of neurons [GO:0048699]; hair follicle development [GO:0001942]; kidney development [GO:0001822]; limb development [GO:0060173]; negative regulation of axonogenesis [GO:0050771]; negative regulation of canonical Wnt signaling pathway [GO:0090090]; negative regulation of ossification [GO:0030279]; odontogenesis of dentin-containing tooth [GO:0042475]; positive regulation of presynaptic membrane organization [GO:1901631]; positive regulation of Rac protein signal transduction [GO:0035022]; positive regulation of skeletal muscle acetylcholine-gated channel clustering [GO:1904395]; postsynaptic membrane assembly [GO:0097104]; presynaptic membrane assembly [GO:0097105]; proximal/distal pattern formation [GO:0009954]; Rac protein signal transduction [GO:0016601]; regulation of postsynapse assembly [GO:0150052]; skeletal muscle acetylcholine-gated channel clustering [GO:0071340]; synapse organization [GO:0050808]; synaptic assembly at neuromuscular junction [GO:0051124]; Wnt signaling pathway [GO:0016055],cell surface [GO:0009986]; dendrite [GO:0030425]; neuromuscular junction [GO:0031594]; neuronal cell body [GO:0043025]; plasma membrane [GO:0005886]; plasma membrane raft [GO:0044853]; postsynaptic density [GO:0014069]; synaptic membrane [GO:0097060],cell surface [GO:0009986]; dendrite [GO:0030425]; neuromuscular junction [GO:0031594]; neuronal cell body [GO:0043025]; plasma membrane [GO:0005886]; plasma membrane raft [GO:0044853]; postsynaptic density [GO:0014069]; synaptic membrane [GO:0097060]; apolipoprotein binding [GO:0034185]; calcium ion binding [GO:0005509]; coreceptor activity [GO:0015026]; protein homodimerization activity [GO:0042803]; receptor tyrosine kinase binding [GO:0030971]; scaffold protein binding [GO:0097110]; amyloid-beta clearance by cellular catabolic process [GO:0150094]; dendrite morphogenesis [GO:0048813]; dorsal/ventral pattern formation [GO:0009953]; embryonic digit morphogenesis [GO:0042733]; endocytosis [GO:0006897]; enzyme-linked receptor protein signaling pathway [GO:0007167]; generation of neurons [GO:0048699]; hair follicle development [GO:0001942]; kidney development [GO:0001822]; limb development [GO:0060173]; negative regulation of axonogenesis [GO:0050771]; negative regulation of canonical Wnt signaling pathway [GO:0090090]; negative regulation of ossification [GO:0030279]; odontogenesis of dentin-containing tooth [GO:0042475]; positive regulation of presynaptic membrane organization [GO:1901631]; positive regulation of Rac protein signal transduction [GO:0035022]; positive regulation of skeletal muscle acetylcholine-gated channel clustering [GO:1904395]; postsynaptic membrane assembly [GO:0097104]; presynaptic membrane assembly [GO:0097105]; proximal/distal pattern formation [GO:0009954]; Rac protein signal transduction [GO:0016601]; regulation of postsynapse assembly [GO:0150052]; skeletal muscle acetylcholine-gated channel clustering [GO:0071340]; synapse organization [GO:0050808]; synaptic assembly at neuromuscular junction [GO:0051124]; Wnt signaling pathway [GO:0016055],apolipoprotein binding [GO:0034185]; calcium ion binding [GO:0005509]; coreceptor activity [GO:0015026]; protein homodimerization activity [GO:0042803]; receptor tyrosine kinase binding [GO:0030971]; scaffold protein binding [GO:0097110],GO:0001822; GO:0001942; GO:0005509; GO:0005886; GO:0006897; GO:0007167; GO:0009953; GO:0009954; GO:0009986; GO:0014069; GO:0015026; GO:0016055; GO:0016601; GO:0030279; GO:0030425; GO:0030971; GO:0031594; GO:0034185; GO:0035022; GO:0042475; GO:0042733; GO:0042803; GO:0043025; GO:0044853; GO:0048699; GO:0048813; GO:0050771; GO:0050808; GO:0051124; GO:0060173; GO:0071340; GO:0090090; GO:0097060; GO:0097104; GO:0097105; GO:0097110; GO:0150052; GO:0150094; GO:1901631; GO:1904395
O94811,TPPP_HUMAN,Tubulin polymerization-promoting protein (TPPP) (EC 3.6.5.-) (25 kDa brain-specific protein) (TPPP/p25) (p24) (p25-alpha),TPPP TPPP1,9606.ENSP00000353785,astral microtubule organization [GO:0030953]; cell division [GO:0051301]; microtubule bundle formation [GO:0001578]; microtubule nucleation by microtubule organizing center [GO:0051418]; microtubule polymerization [GO:0046785]; myelin assembly [GO:0032288]; negative regulation of tubulin deacetylation [GO:1904428]; oligodendrocyte development [GO:0014003]; oligodendrocyte differentiation [GO:0048709]; positive regulation of myelination [GO:0031643]; positive regulation of protein polymerization [GO:0032273]; positive regulation of protein-containing complex assembly [GO:0031334]; regulation of microtubule cytoskeleton organization [GO:0070507],cytoplasm [GO:0005737]; cytosol [GO:0005829]; microtubule [GO:0005874]; microtubule organizing center [GO:0005815]; mitochondrion [GO:0005739]; mitotic spindle [GO:0072686]; nucleus [GO:0005634]; perinuclear region of cytoplasm [GO:0048471]; postsynaptic Golgi apparatus [GO:0150051],cytoplasm [GO:0005737]; cytosol [GO:0005829]; microtubule [GO:0005874]; microtubule organizing center [GO:0005815]; mitochondrion [GO:0005739]; mitotic spindle [GO:0072686]; nucleus [GO:0005634]; perinuclear region of cytoplasm [GO:0048471]; postsynaptic Golgi apparatus [GO:0150051]; GTPase activity [GO:0003924]; magnesium ion binding [GO:0000287]; microtubule binding [GO:0008017]; protein homodimerization activity [GO:0042803]; tubulin binding [GO:0015631]; astral microtubule organization [GO:0030953]; cell division [GO:0051301]; microtubule bundle formation [GO:0001578]; microtubule nucleation by microtubule organizing center [GO:0051418]; microtubule polymerization [GO:0046785]; myelin assembly [GO:0032288]; negative regulation of tubulin deacetylation [GO:1904428]; oligodendrocyte development [GO:0014003]; oligodendrocyte differentiation [GO:0048709]; positive regulation of myelination [GO:0031643]; positive regulation of protein polymerization [GO:0032273]; positive regulation of protein-containing complex assembly [GO:0031334]; regulation of microtubule cytoskeleton organization [GO:0070507],GTPase activity [GO:0003924]; magnesium ion binding [GO:0000287]; microtubule binding [GO:0008017]; protein homodimerization activity [GO:0042803]; tubulin binding [GO:0015631],GO:0000287; GO:0001578; GO:0003924; GO:0005634; GO:0005737; GO:0005739; GO:0005815; GO:0005829; GO:0005874; GO:0008017; GO:0014003; GO:0015631; GO:0030953; GO:0031334; GO:0031643; GO:0032273; GO:0032288; GO:0042803; GO:0046785; GO:0048471; GO:0048709; GO:0051301; GO:0051418; GO:0070507; GO:0072686; GO:0150051; GO:1904428
O94905,ERLN2_HUMAN,Erlin-2 (Endoplasmic reticulum lipid raft-associated protein 2) (Stomatin-prohibitin-flotillin-HflC/K domain-containing protein 2) (SPFH domain-containing protein 2),ERLIN2 C8orf2 SPFH2 UNQ2441/PRO5003/PRO9924,9606.ENSP00000428112,cholesterol metabolic process [GO:0008203]; ERAD pathway [GO:0036503]; negative regulation of cholesterol biosynthetic process [GO:0045541]; negative regulation of fatty acid biosynthetic process [GO:0045717]; regulation of cholesterol biosynthetic process [GO:0045540]; SREBP signaling pathway [GO:0032933],cytosol [GO:0005829]; endoplasmic reticulum [GO:0005783]; endoplasmic reticulum membrane [GO:0005789]; membrane raft [GO:0045121]; plasma membrane [GO:0005886]; protein-containing complex [GO:0032991],cytosol [GO:0005829]; endoplasmic reticulum [GO:0005783]; endoplasmic reticulum membrane [GO:0005789]; membrane raft [GO:0045121]; plasma membrane [GO:0005886]; protein-containing complex [GO:0032991]; cholesterol binding [GO:0015485]; ubiquitin protein ligase binding [GO:0031625]; cholesterol metabolic process [GO:0008203]; ERAD pathway [GO:0036503]; negative regulation of cholesterol biosynthetic process [GO:0045541]; negative regulation of fatty acid biosynthetic process [GO:0045717]; regulation of cholesterol biosynthetic process [GO:0045540]; SREBP signaling pathway [GO:0032933],cholesterol binding [GO:0015485]; ubiquitin protein ligase binding [GO:0031625],GO:0005783; GO:0005789; GO:0005829; GO:0005886; GO:0008203; GO:0015485; GO:0031625; GO:0032933; GO:0032991; GO:0036503; GO:0045121; GO:0045540; GO:0045541; GO:0045717
O95180,CAC1H_HUMAN,Voltage-dependent T-type calcium channel subunit alpha-1H (Low-voltage-activated calcium channel alpha1 3.2 subunit) (Voltage-gated calcium channel subunit alpha Cav3.2),CACNA1H,9606.ENSP00000334198,aldosterone biosynthetic process [GO:0032342]; calcium ion import [GO:0070509]; calcium ion import across plasma membrane [GO:0098703]; cellular response to hormone stimulus [GO:0032870]; cellular response to potassium ion [GO:0035865]; cortisol biosynthetic process [GO:0034651]; inorganic cation transmembrane transport [GO:0098662]; muscle contraction [GO:0006936]; muscle organ development [GO:0007517]; myoblast fusion [GO:0007520]; positive regulation of acrosome reaction [GO:2000344]; regulation of heart contraction [GO:0008016]; regulation of membrane potential [GO:0042391],membrane [GO:0016020]; plasma membrane [GO:0005886]; voltage-gated calcium channel complex [GO:0005891],membrane [GO:0016020]; plasma membrane [GO:0005886]; voltage-gated calcium channel complex [GO:0005891]; high voltage-gated calcium channel activity [GO:0008331]; low voltage-gated calcium channel activity [GO:0008332]; metal ion binding [GO:0046872]; scaffold protein binding [GO:0097110]; voltage-gated calcium channel activity [GO:0005245]; voltage-gated monoatomic ion channel activity [GO:0005244]; aldosterone biosynthetic process [GO:0032342]; calcium ion import [GO:0070509]; calcium ion import across plasma membrane [GO:0098703]; cellular response to hormone stimulus [GO:0032870]; cellular response to potassium ion [GO:0035865]; cortisol biosynthetic process [GO:0034651]; inorganic cation transmembrane transport [GO:0098662]; muscle contraction [GO:0006936]; muscle organ development [GO:0007517]; myoblast fusion [GO:0007520]; positive regulation of acrosome reaction [GO:2000344]; regulation of heart contraction [GO:0008016]; regulation of membrane potential [GO:0042391],high voltage-gated calcium channel activity [GO:0008331]; low voltage-gated calcium channel activity [GO:0008332]; metal ion binding [GO:0046872]; scaffold protein binding [GO:0097110]; voltage-gated calcium channel activity [GO:0005245]; voltage-gated monoatomic ion channel activity [GO:0005244],GO:0005244; GO:0005245; GO:0005886; GO:0005891; GO:0006936; GO:0007517; GO:0007520; GO:0008016; GO:0008331; GO:0008332; GO:0016020; GO:0032342; GO:0032870; GO:0034651; GO:0035865; GO:0042391; GO:0046872; GO:0070509; GO:0097110; GO:0098662; GO:0098703; GO:2000344
O95292,VAPB_HUMAN,Vesicle-associated membrane protein-associated protein B/C (VAMP-B/VAMP-C) (VAMP-associated protein B/C) (VAP-B/VAP-C),VAPB UNQ484/PRO983,9606.ENSP00000417175,cholesterol transport [GO:0030301]; COPII-coated vesicle budding [GO:0090114]; endoplasmic reticulum membrane organization [GO:0090158]; endoplasmic reticulum organization [GO:0007029]; endoplasmic reticulum to Golgi vesicle-mediated transport [GO:0006888]; endoplasmic reticulum unfolded protein response [GO:0030968]; endoplasmic reticulum-plasma membrane tethering [GO:0061817]; host-mediated activation of viral genome replication [GO:0044829]; host-mediated perturbation of viral RNA genome replication [GO:0044830]; host-mediated suppression of viral genome replication [GO:0044828]; intracellular calcium ion homeostasis [GO:0006874]; IRE1-mediated unfolded protein response [GO:0036498]; negative regulation by virus of viral protein levels in host cell [GO:0046725]; positive regulation of viral genome replication [GO:0045070]; suppression of viral release by host [GO:0044790]; viral release from host cell [GO:0019076],cytoplasm [GO:0005737]; endoplasmic reticulum [GO:0005783]; endoplasmic reticulum membrane [GO:0005789]; glutamatergic synapse [GO:0098978]; Golgi apparatus [GO:0005794]; plasma membrane [GO:0005886]; postsynapse [GO:0098794]; presynapse [GO:0098793],cytoplasm [GO:0005737]; endoplasmic reticulum [GO:0005783]; endoplasmic reticulum membrane [GO:0005789]; glutamatergic synapse [GO:0098978]; Golgi apparatus [GO:0005794]; plasma membrane [GO:0005886]; postsynapse [GO:0098794]; presynapse [GO:0098793]; beta-tubulin binding [GO:0048487]; cadherin binding [GO:0045296]; enzyme binding [GO:0019899]; FFAT motif binding [GO:0033149]; microtubule binding [GO:0008017]; protein heterodimerization activity [GO:0046982]; protein homodimerization activity [GO:0042803]; protein-membrane adaptor activity [GO:0043495]; cholesterol transport [GO:0030301]; COPII-coated vesicle budding [GO:0090114]; endoplasmic reticulum membrane organization [GO:0090158]; endoplasmic reticulum organization [GO:0007029]; endoplasmic reticulum to Golgi vesicle-mediated transport [GO:0006888]; endoplasmic reticulum unfolded protein response [GO:0030968]; endoplasmic reticulum-plasma membrane tethering [GO:0061817]; host-mediated activation of viral genome replication [GO:0044829]; host-mediated perturbation of viral RNA genome replication [GO:0044830]; host-mediated suppression of viral genome replication [GO:0044828]; intracellular calcium ion homeostasis [GO:0006874]; IRE1-mediated unfolded protein response [GO:0036498]; negative regulation by virus of viral protein levels in host cell [GO:0046725]; positive regulation of viral genome replication [GO:0045070]; suppression of viral release by host [GO:0044790]; viral release from host cell [GO:0019076],beta-tubulin binding [GO:0048487]; cadherin binding [GO:0045296]; enzyme binding [GO:0019899]; FFAT motif binding [GO:0033149]; microtubule binding [GO:0008017]; protein heterodimerization activity [GO:0046982]; protein homodimerization activity [GO:0042803]; protein-membrane adaptor activity [GO:0043495],GO:0005737; GO:0005783; GO:0005789; GO:0005794; GO:0005886; GO:0006874; GO:0006888; GO:0007029; GO:0008017; GO:0019076; GO:0019899; GO:0030301; GO:0030968; GO:0033149; GO:0036498; GO:0042803; GO:0043495; GO:0044790; GO:0044828; GO:0044829; GO:0044830; GO:0045070; GO:0045296; GO:0046725; GO:0046982; GO:0048487; GO:0061817; GO:0090114; GO:0090158; GO:0098793; GO:0098794; GO:0098978
O95470,SGPL1_HUMAN,Sphingosine-1-phosphate lyase 1 (S1PL) (SP-lyase 1) (SPL 1) (hSPL) (EC 4.1.2.27) (Sphingosine-1-phosphate aldolase),SGPL1 KIAA1252,9606.ENSP00000362298,androgen metabolic process [GO:0008209]; apoptotic signaling pathway [GO:0097190]; ceramide metabolic process [GO:0006672]; estrogen metabolic process [GO:0008210]; face morphogenesis [GO:0060325]; fatty acid metabolic process [GO:0006631]; fibroblast migration [GO:0010761]; hemopoiesis [GO:0030097]; kidney development [GO:0001822]; Leydig cell differentiation [GO:0033327]; luteinization [GO:0001553]; platelet-derived growth factor receptor signaling pathway [GO:0048008]; post-embryonic development [GO:0009791]; regulation of multicellular organism growth [GO:0040014]; roof of mouth development [GO:0060021]; skeletal system morphogenesis [GO:0048705]; spermatogenesis [GO:0007283]; sphingolipid catabolic process [GO:0030149]; vasculogenesis [GO:0001570],endoplasmic reticulum [GO:0005783]; endoplasmic reticulum membrane [GO:0005789],endoplasmic reticulum [GO:0005783]; endoplasmic reticulum membrane [GO:0005789]; pyridoxal phosphate binding [GO:0030170]; sphinganine-1-phosphate aldolase activity [GO:0008117]; androgen metabolic process [GO:0008209]; apoptotic signaling pathway [GO:0097190]; ceramide metabolic process [GO:0006672]; estrogen metabolic process [GO:0008210]; face morphogenesis [GO:0060325]; fatty acid metabolic process [GO:0006631]; fibroblast migration [GO:0010761]; hemopoiesis [GO:0030097]; kidney development [GO:0001822]; Leydig cell differentiation [GO:0033327]; luteinization [GO:0001553]; platelet-derived growth factor receptor signaling pathway [GO:0048008]; post-embryonic development [GO:0009791]; regulation of multicellular organism growth [GO:0040014]; roof of mouth development [GO:0060021]; skeletal system morphogenesis [GO:0048705]; spermatogenesis [GO:0007283]; sphingolipid catabolic process [GO:0030149]; vasculogenesis [GO:0001570],pyridoxal phosphate binding [GO:0030170]; sphinganine-1-phosphate aldolase activity [GO:0008117],GO:0001553; GO:0001570; GO:0001822; GO:0005783; GO:0005789; GO:0006631; GO:0006672; GO:0007283; GO:0008117; GO:0008209; GO:0008210; GO:0009791; GO:0010761; GO:0030097; GO:0030149; GO:0030170; GO:0033327; GO:0040014; GO:0048008; GO:0048705; GO:0060021; GO:0060325; GO:0097190
P01574,IFNB_HUMAN,Interferon beta (IFN-beta) (Fibroblast interferon),IFNB1 IFB IFNB,9606.ENSP00000369581,adaptive immune response [GO:0002250]; B cell activation involved in immune response [GO:0002312]; B cell proliferation [GO:0042100]; cell surface receptor signaling pathway [GO:0007166]; cell surface receptor signaling pathway via JAK-STAT [GO:0007259]; cell surface receptor signaling pathway via STAT [GO:0097696]; cellular response to exogenous dsRNA [GO:0071360]; cellular response to interferon-beta [GO:0035458]; cellular response to virus [GO:0098586]; cytokine-mediated signaling pathway [GO:0019221]; defense response to virus [GO:0051607]; humoral immune response [GO:0006959]; innate immune response [GO:0045087]; natural killer cell activation [GO:0030101]; natural killer cell activation involved in immune response [GO:0002323]; negative regulation of Lewy body formation [GO:0140123]; negative regulation of T cell differentiation [GO:0045581]; negative regulation of T-helper 2 cell cytokine production [GO:2000552]; negative regulation of viral genome replication [GO:0045071]; neuron cellular homeostasis [GO:0070050]; positive regulation of apoptotic signaling pathway [GO:2001235]; positive regulation of autophagy [GO:0010508]; positive regulation of innate immune response [GO:0045089]; positive regulation of transcription by RNA polymerase II [GO:0045944]; regulation of MHC class I biosynthetic process [GO:0045343]; response to exogenous dsRNA [GO:0043330]; response to virus [GO:0009615]; T cell activation involved in immune response [GO:0002286]; type I interferon-mediated signaling pathway [GO:0060337],extracellular region [GO:0005576]; extracellular space [GO:0005615],extracellular region [GO:0005576]; extracellular space [GO:0005615]; chloramphenicol O-acetyltransferase activity [GO:0008811]; cytokine activity [GO:0005125]; cytokine receptor binding [GO:0005126]; type I interferon receptor binding [GO:0005132]; adaptive immune response [GO:0002250]; B cell activation involved in immune response [GO:0002312]; B cell proliferation [GO:0042100]; cell surface receptor signaling pathway [GO:0007166]; cell surface receptor signaling pathway via JAK-STAT [GO:0007259]; cell surface receptor signaling pathway via STAT [GO:0097696]; cellular response to exogenous dsRNA [GO:0071360]; cellular response to interferon-beta [GO:0035458]; cellular response to virus [GO:0098586]; cytokine-mediated signaling pathway [GO:0019221]; defense response to virus [GO:0051607]; humoral immune response [GO:0006959]; innate immune response [GO:0045087]; natural killer cell activation [GO:0030101]; natural killer cell activation involved in immune response [GO:0002323]; negative regulation of Lewy body formation [GO:0140123]; negative regulation of T cell differentiation [GO:0045581]; negative regulation of T-helper 2 cell cytokine production [GO:2000552]; negative regulation of viral genome replication [GO:0045071]; neuron cellular homeostasis [GO:0070050]; positive regulation of apoptotic signaling pathway [GO:2001235]; positive regulation of autophagy [GO:0010508]; positive regulation of innate immune response [GO:0045089]; positive regulation of transcription by RNA polymerase II [GO:0045944]; regulation of MHC class I biosynthetic process [GO:0045343]; response to exogenous dsRNA [GO:0043330]; response to virus [GO:0009615]; T cell activation involved in immune response [GO:0002286]; type I interferon-mediated signaling pathway [GO:0060337],chloramphenicol O-acetyltransferase activity [GO:0008811]; cytokine activity [GO:0005125]; cytokine receptor binding [GO:0005126]; type I interferon receptor binding [GO:0005132],GO:0002250; GO:0002286; GO:0002312; GO:0002323; GO:0005125; GO:0005126; GO:0005132; GO:0005576; GO:0005615; GO:0006959; GO:0007166; GO:0007259; GO:0008811; GO:0009615; GO:0010508; GO:0019221; GO:0030101; GO:0035458; GO:0042100; GO:0043330; GO:0045071; GO:0045087; GO:0045089; GO:0045343; GO:0045581; GO:0045944; GO:0051607; GO:0060337; GO:0070050; GO:0071360; GO:0097696; GO:0098586; GO:0140123; GO:2000552; GO:2001235
P01903,DRA_HUMAN,"HLA class II histocompatibility antigen, DR alpha chain (MHC class II antigen DRA)",HLA-DRA HLA-DRA1,9606.ENSP00000378786,"adaptive immune response [GO:0002250]; antigen processing and presentation of endogenous peptide antigen via MHC class II [GO:0002491]; antigen processing and presentation of exogenous peptide antigen via MHC class II [GO:0019886]; antigen processing and presentation of peptide or polysaccharide antigen via MHC class II [GO:0002504]; cognition [GO:0050890]; immune response [GO:0006955]; myeloid dendritic cell antigen processing and presentation [GO:0002469]; peptide antigen assembly with MHC class II protein complex [GO:0002503]; positive regulation of CD4-positive, alpha-beta T cell activation [GO:2000516]; positive regulation of CD4-positive, CD25-positive, alpha-beta regulatory T cell differentiation [GO:0032831]; positive regulation of immune response [GO:0050778]; positive regulation of memory T cell differentiation [GO:0043382]; positive regulation of T cell activation [GO:0050870]; positive regulation of T cell mediated cytotoxicity [GO:0001916]; regulation of T-helper cell differentiation [GO:0045622]",autolysosome membrane [GO:0120281]; cell surface [GO:0009986]; clathrin-coated endocytic vesicle membrane [GO:0030669]; early endosome membrane [GO:0031901]; endocytic vesicle membrane [GO:0030666]; ER to Golgi transport vesicle membrane [GO:0012507]; extracellular exosome [GO:0070062]; Golgi membrane [GO:0000139]; immunological synapse [GO:0001772]; late endosome membrane [GO:0031902]; lumenal side of endoplasmic reticulum membrane [GO:0098553]; lysosomal membrane [GO:0005765]; lysosome [GO:0005764]; MHC class II protein complex [GO:0042613]; plasma membrane [GO:0005886]; trans-Golgi network membrane [GO:0032588]; transport vesicle membrane [GO:0030658],"autolysosome membrane [GO:0120281]; cell surface [GO:0009986]; clathrin-coated endocytic vesicle membrane [GO:0030669]; early endosome membrane [GO:0031901]; endocytic vesicle membrane [GO:0030666]; ER to Golgi transport vesicle membrane [GO:0012507]; extracellular exosome [GO:0070062]; Golgi membrane [GO:0000139]; immunological synapse [GO:0001772]; late endosome membrane [GO:0031902]; lumenal side of endoplasmic reticulum membrane [GO:0098553]; lysosomal membrane [GO:0005765]; lysosome [GO:0005764]; MHC class II protein complex [GO:0042613]; plasma membrane [GO:0005886]; trans-Golgi network membrane [GO:0032588]; transport vesicle membrane [GO:0030658]; MHC class II protein complex binding [GO:0023026]; peptide antigen binding [GO:0042605]; polysaccharide binding [GO:0030247]; T cell receptor binding [GO:0042608]; adaptive immune response [GO:0002250]; antigen processing and presentation of endogenous peptide antigen via MHC class II [GO:0002491]; antigen processing and presentation of exogenous peptide antigen via MHC class II [GO:0019886]; antigen processing and presentation of peptide or polysaccharide antigen via MHC class II [GO:0002504]; cognition [GO:0050890]; immune response [GO:0006955]; myeloid dendritic cell antigen processing and presentation [GO:0002469]; peptide antigen assembly with MHC class II protein complex [GO:0002503]; positive regulation of CD4-positive, alpha-beta T cell activation [GO:2000516]; positive regulation of CD4-positive, CD25-positive, alpha-beta regulatory T cell differentiation [GO:0032831]; positive regulation of immune response [GO:0050778]; positive regulation of memory T cell differentiation [GO:0043382]; positive regulation of T cell activation [GO:0050870]; positive regulation of T cell mediated cytotoxicity [GO:0001916]; regulation of T-helper cell differentiation [GO:0045622]",MHC class II protein complex binding [GO:0023026]; peptide antigen binding [GO:0042605]; polysaccharide binding [GO:0030247]; T cell receptor binding [GO:0042608],GO:0000139; GO:0001772; GO:0001916; GO:0002250; GO:0002469; GO:0002491; GO:0002503; GO:0002504; GO:0005764; GO:0005765; GO:0005886; GO:0006955; GO:0009986; GO:0012507; GO:0019886; GO:0023026; GO:0030247; GO:0030658; GO:0030666; GO:0030669; GO:0031901; GO:0031902; GO:0032588; GO:0032831; GO:0042605; GO:0042608; GO:0042613; GO:0043382; GO:0045622; GO:0050778; GO:0050870; GO:0050890; GO:0070062; GO:0098553; GO:0120281; GO:2000516
P01911,DRB1_HUMAN,"HLA class II histocompatibility antigen, DRB1 beta chain (Human leukocyte antigen DRB1) (HLA-DRB1)",HLA-DRB1,9606.ENSP00000353099,"antigen processing and presentation of endogenous peptide antigen via MHC class II [GO:0002491]; antigen processing and presentation of exogenous peptide antigen via MHC class II [GO:0019886]; detection of bacterium [GO:0016045]; epidermis development [GO:0008544]; humoral immune response [GO:0006959]; immune response [GO:0006955]; inflammatory response to antigenic stimulus [GO:0002437]; macrophage differentiation [GO:0030225]; myeloid dendritic cell antigen processing and presentation [GO:0002469]; negative regulation of inflammatory response to antigenic stimulus [GO:0002862]; negative regulation of T cell proliferation [GO:0042130]; negative regulation of type II interferon production [GO:0032689]; peptide antigen assembly with MHC class II protein complex [GO:0002503]; positive regulation of CD4-positive, alpha-beta T cell activation [GO:2000516]; positive regulation of CD4-positive, CD25-positive, alpha-beta regulatory T cell differentiation [GO:0032831]; positive regulation of immune response [GO:0050778]; positive regulation of insulin secretion involved in cellular response to glucose stimulus [GO:0035774]; positive regulation of memory T cell differentiation [GO:0043382]; positive regulation of monocyte differentiation [GO:0045657]; positive regulation of T cell activation [GO:0050870]; positive regulation of T cell mediated cytotoxicity [GO:0001916]; positive regulation of T cell mediated immune response to tumor cell [GO:0002842]; protein tetramerization [GO:0051262]; regulation of interleukin-10 production [GO:0032653]; regulation of interleukin-4 production [GO:0032673]; regulation of T-helper cell differentiation [GO:0045622]; signal transduction [GO:0007165]; T cell receptor signaling pathway [GO:0050852]; T-helper 1 type immune response [GO:0042088]",autolysosome membrane [GO:0120281]; cell surface [GO:0009986]; clathrin-coated endocytic vesicle membrane [GO:0030669]; endocytic vesicle membrane [GO:0030666]; ER to Golgi transport vesicle membrane [GO:0012507]; external side of plasma membrane [GO:0009897]; extracellular exosome [GO:0070062]; extracellular space [GO:0005615]; Golgi membrane [GO:0000139]; immunological synapse [GO:0001772]; intermediate filament [GO:0005882]; late endosome membrane [GO:0031902]; lumenal side of endoplasmic reticulum membrane [GO:0098553]; lysosomal membrane [GO:0005765]; membrane [GO:0016020]; MHC class II protein complex [GO:0042613]; plasma membrane [GO:0005886]; trans-Golgi network membrane [GO:0032588]; transport vesicle membrane [GO:0030658],"autolysosome membrane [GO:0120281]; cell surface [GO:0009986]; clathrin-coated endocytic vesicle membrane [GO:0030669]; endocytic vesicle membrane [GO:0030666]; ER to Golgi transport vesicle membrane [GO:0012507]; external side of plasma membrane [GO:0009897]; extracellular exosome [GO:0070062]; extracellular space [GO:0005615]; Golgi membrane [GO:0000139]; immunological synapse [GO:0001772]; intermediate filament [GO:0005882]; late endosome membrane [GO:0031902]; lumenal side of endoplasmic reticulum membrane [GO:0098553]; lysosomal membrane [GO:0005765]; membrane [GO:0016020]; MHC class II protein complex [GO:0042613]; plasma membrane [GO:0005886]; trans-Golgi network membrane [GO:0032588]; transport vesicle membrane [GO:0030658]; CD4 receptor binding [GO:0042609]; MHC class II protein complex binding [GO:0023026]; peptide antigen binding [GO:0042605]; polysaccharide binding [GO:0030247]; structural constituent of cytoskeleton [GO:0005200]; T cell receptor binding [GO:0042608]; antigen processing and presentation of endogenous peptide antigen via MHC class II [GO:0002491]; antigen processing and presentation of exogenous peptide antigen via MHC class II [GO:0019886]; detection of bacterium [GO:0016045]; epidermis development [GO:0008544]; humoral immune response [GO:0006959]; immune response [GO:0006955]; inflammatory response to antigenic stimulus [GO:0002437]; macrophage differentiation [GO:0030225]; myeloid dendritic cell antigen processing and presentation [GO:0002469]; negative regulation of inflammatory response to antigenic stimulus [GO:0002862]; negative regulation of T cell proliferation [GO:0042130]; negative regulation of type II interferon production [GO:0032689]; peptide antigen assembly with MHC class II protein complex [GO:0002503]; positive regulation of CD4-positive, alpha-beta T cell activation [GO:2000516]; positive regulation of CD4-positive, CD25-positive, alpha-beta regulatory T cell differentiation [GO:0032831]; positive regulation of immune response [GO:0050778]; positive regulation of insulin secretion involved in cellular response to glucose stimulus [GO:0035774]; positive regulation of memory T cell differentiation [GO:0043382]; positive regulation of monocyte differentiation [GO:0045657]; positive regulation of T cell activation [GO:0050870]; positive regulation of T cell mediated cytotoxicity [GO:0001916]; positive regulation of T cell mediated immune response to tumor cell [GO:0002842]; protein tetramerization [GO:0051262]; regulation of interleukin-10 production [GO:0032653]; regulation of interleukin-4 production [GO:0032673]; regulation of T-helper cell differentiation [GO:0045622]; signal transduction [GO:0007165]; T cell receptor signaling pathway [GO:0050852]; T-helper 1 type immune response [GO:0042088]",CD4 receptor binding [GO:0042609]; MHC class II protein complex binding [GO:0023026]; peptide antigen binding [GO:0042605]; polysaccharide binding [GO:0030247]; structural constituent of cytoskeleton [GO:0005200]; T cell receptor binding [GO:0042608],GO:0000139; GO:0001772; GO:0001916; GO:0002437; GO:0002469; GO:0002491; GO:0002503; GO:0002842; GO:0002862; GO:0005200; GO:0005615; GO:0005765; GO:0005882; GO:0005886; GO:0006955; GO:0006959; GO:0007165; GO:0008544; GO:0009897; GO:0009986; GO:0012507; GO:0016020; GO:0016045; GO:0019886; GO:0023026; GO:0030225; GO:0030247; GO:0030658; GO:0030666; GO:0030669; GO:0031902; GO:0032588; GO:0032653; GO:0032673; GO:0032689; GO:0032831; GO:0035774; GO:0042088; GO:0042130; GO:0042605; GO:0042608; GO:0042609; GO:0042613; GO:0043382; GO:0045622; GO:0045657; GO:0050778; GO:0050852; GO:0050870; GO:0051262; GO:0070062; GO:0098553; GO:0120281; GO:2000516
P01920,DQB1_HUMAN,"HLA class II histocompatibility antigen, DQ beta 1 chain (MHC class II antigen DQB1)",HLA-DQB1 HLA-DQB,9606.ENSP00000364080,adaptive immune response [GO:0002250]; antigen processing and presentation of exogenous peptide antigen via MHC class II [GO:0019886]; humoral immune response [GO:0006959]; immune response [GO:0006955]; peptide antigen assembly with MHC class II protein complex [GO:0002503]; positive regulation of immune response [GO:0050778]; positive regulation of T cell activation [GO:0050870]; T cell receptor signaling pathway [GO:0050852],clathrin-coated endocytic vesicle membrane [GO:0030669]; endocytic vesicle membrane [GO:0030666]; ER to Golgi transport vesicle membrane [GO:0012507]; Golgi membrane [GO:0000139]; late endosome membrane [GO:0031902]; lumenal side of endoplasmic reticulum membrane [GO:0098553]; lysosomal membrane [GO:0005765]; membrane [GO:0016020]; MHC class II protein complex [GO:0042613]; plasma membrane [GO:0005886]; trans-Golgi network membrane [GO:0032588]; transport vesicle membrane [GO:0030658],clathrin-coated endocytic vesicle membrane [GO:0030669]; endocytic vesicle membrane [GO:0030666]; ER to Golgi transport vesicle membrane [GO:0012507]; Golgi membrane [GO:0000139]; late endosome membrane [GO:0031902]; lumenal side of endoplasmic reticulum membrane [GO:0098553]; lysosomal membrane [GO:0005765]; membrane [GO:0016020]; MHC class II protein complex [GO:0042613]; plasma membrane [GO:0005886]; trans-Golgi network membrane [GO:0032588]; transport vesicle membrane [GO:0030658]; MHC class II protein complex binding [GO:0023026]; MHC class II receptor activity [GO:0032395]; peptide antigen binding [GO:0042605]; adaptive immune response [GO:0002250]; antigen processing and presentation of exogenous peptide antigen via MHC class II [GO:0019886]; humoral immune response [GO:0006959]; immune response [GO:0006955]; peptide antigen assembly with MHC class II protein complex [GO:0002503]; positive regulation of immune response [GO:0050778]; positive regulation of T cell activation [GO:0050870]; T cell receptor signaling pathway [GO:0050852],MHC class II protein complex binding [GO:0023026]; MHC class II receptor activity [GO:0032395]; peptide antigen binding [GO:0042605],GO:0000139; GO:0002250; GO:0002503; GO:0005765; GO:0005886; GO:0006955; GO:0006959; GO:0012507; GO:0016020; GO:0019886; GO:0023026; GO:0030658; GO:0030666; GO:0030669; GO:0031902; GO:0032395; GO:0032588; GO:0042605; GO:0042613; GO:0050778; GO:0050852; GO:0050870; GO:0098553
P02686,MBP_HUMAN,Myelin basic protein (MBP) (Myelin A1 protein) (Myelin membrane encephalitogenic protein),MBP,9606.ENSP00000380958,axon ensheathment [GO:0008366]; central nervous system development [GO:0007417]; chemical synaptic transmission [GO:0007268]; immune response [GO:0006955]; membrane organization [GO:0061024]; myelin assembly [GO:0032288]; myelination [GO:0042552]; response to toxic substance [GO:0009636]; sensory perception of sound [GO:0007605],cell periphery [GO:0071944]; cell surface [GO:0009986]; compact myelin [GO:0043218]; cytosol [GO:0005829]; internode region of axon [GO:0033269]; myelin sheath [GO:0043209]; neuronal cell body [GO:0043025]; nucleus [GO:0005634]; protein-containing complex [GO:0032991]; synapse [GO:0045202],cell periphery [GO:0071944]; cell surface [GO:0009986]; compact myelin [GO:0043218]; cytosol [GO:0005829]; internode region of axon [GO:0033269]; myelin sheath [GO:0043209]; neuronal cell body [GO:0043025]; nucleus [GO:0005634]; protein-containing complex [GO:0032991]; synapse [GO:0045202]; calmodulin binding [GO:0005516]; lipid binding [GO:0008289]; protease binding [GO:0002020]; structural constituent of myelin sheath [GO:0019911]; axon ensheathment [GO:0008366]; central nervous system development [GO:0007417]; chemical synaptic transmission [GO:0007268]; immune response [GO:0006955]; membrane organization [GO:0061024]; myelin assembly [GO:0032288]; myelination [GO:0042552]; response to toxic substance [GO:0009636]; sensory perception of sound [GO:0007605],calmodulin binding [GO:0005516]; lipid binding [GO:0008289]; protease binding [GO:0002020]; structural constituent of myelin sheath [GO:0019911],GO:0002020; GO:0005516; GO:0005634; GO:0005829; GO:0006955; GO:0007268; GO:0007417; GO:0007605; GO:0008289; GO:0008366; GO:0009636; GO:0009986; GO:0019911; GO:0032288; GO:0032991; GO:0033269; GO:0042552; GO:0043025; GO:0043209; GO:0043218; GO:0045202; GO:0061024; GO:0071944
P04439,HLAA_HUMAN,"HLA class I histocompatibility antigen, A alpha chain (Human leukocyte antigen A) (HLA-A)",HLA-A HLAA,9606.ENSP00000379873,"antibacterial humoral response [GO:0019731]; antigen processing and presentation of endogenous peptide antigen via MHC class I [GO:0019885]; antigen processing and presentation of endogenous peptide antigen via MHC class I via ER pathway, TAP-dependent [GO:0002485]; antigen processing and presentation of endogenous peptide antigen via MHC class I via ER pathway, TAP-independent [GO:0002486]; antigen processing and presentation of endogenous peptide antigen via MHC class Ib [GO:0002476]; antigen processing and presentation of exogenous peptide antigen via MHC class I [GO:0042590]; CD8-positive, alpha-beta T cell activation [GO:0036037]; defense response to Gram-positive bacterium [GO:0050830]; detection of bacterium [GO:0016045]; immune response [GO:0006955]; innate immune response [GO:0045087]; peptide antigen assembly with MHC class I protein complex [GO:0002502]; positive regulation of CD8-positive, alpha-beta T cell activation [GO:2001187]; positive regulation of CD8-positive, alpha-beta T cell proliferation [GO:2000566]; positive regulation of memory T cell activation [GO:2000568]; positive regulation of T cell cytokine production [GO:0002726]; positive regulation of T cell mediated cytotoxicity [GO:0001916]; positive regulation of type II interferon production [GO:0032729]; protection from natural killer cell mediated cytotoxicity [GO:0042270]; T cell mediated cytotoxicity [GO:0001913]; T cell mediated cytotoxicity directed against tumor cell target [GO:0002419]; T cell receptor signaling pathway [GO:0050852]",cell surface [GO:0009986]; early endosome membrane [GO:0031901]; endoplasmic reticulum [GO:0005783]; endoplasmic reticulum exit site [GO:0070971]; endoplasmic reticulum membrane [GO:0005789]; ER to Golgi transport vesicle membrane [GO:0012507]; external side of plasma membrane [GO:0009897]; extracellular exosome [GO:0070062]; extracellular space [GO:0005615]; Golgi apparatus [GO:0005794]; Golgi medial cisterna [GO:0005797]; Golgi membrane [GO:0000139]; lumenal side of endoplasmic reticulum membrane [GO:0098553]; membrane [GO:0016020]; MHC class I peptide loading complex [GO:0042824]; MHC class I protein complex [GO:0042612]; phagocytic vesicle membrane [GO:0030670]; plasma membrane [GO:0005886]; recycling endosome membrane [GO:0055038],"cell surface [GO:0009986]; early endosome membrane [GO:0031901]; endoplasmic reticulum [GO:0005783]; endoplasmic reticulum exit site [GO:0070971]; endoplasmic reticulum membrane [GO:0005789]; ER to Golgi transport vesicle membrane [GO:0012507]; external side of plasma membrane [GO:0009897]; extracellular exosome [GO:0070062]; extracellular space [GO:0005615]; Golgi apparatus [GO:0005794]; Golgi medial cisterna [GO:0005797]; Golgi membrane [GO:0000139]; lumenal side of endoplasmic reticulum membrane [GO:0098553]; membrane [GO:0016020]; MHC class I peptide loading complex [GO:0042824]; MHC class I protein complex [GO:0042612]; phagocytic vesicle membrane [GO:0030670]; plasma membrane [GO:0005886]; recycling endosome membrane [GO:0055038]; beta-2-microglobulin binding [GO:0030881]; CD8 receptor binding [GO:0042610]; peptide antigen binding [GO:0042605]; RNA binding [GO:0003723]; signaling receptor binding [GO:0005102]; T cell receptor binding [GO:0042608]; TAP binding [GO:0046977]; TAP complex binding [GO:0062061]; antibacterial humoral response [GO:0019731]; antigen processing and presentation of endogenous peptide antigen via MHC class I [GO:0019885]; antigen processing and presentation of endogenous peptide antigen via MHC class I via ER pathway, TAP-dependent [GO:0002485]; antigen processing and presentation of endogenous peptide antigen via MHC class I via ER pathway, TAP-independent [GO:0002486]; antigen processing and presentation of endogenous peptide antigen via MHC class Ib [GO:0002476]; antigen processing and presentation of exogenous peptide antigen via MHC class I [GO:0042590]; CD8-positive, alpha-beta T cell activation [GO:0036037]; defense response to Gram-positive bacterium [GO:0050830]; detection of bacterium [GO:0016045]; immune response [GO:0006955]; innate immune response [GO:0045087]; peptide antigen assembly with MHC class I protein complex [GO:0002502]; positive regulation of CD8-positive, alpha-beta T cell activation [GO:2001187]; positive regulation of CD8-positive, alpha-beta T cell proliferation [GO:2000566]; positive regulation of memory T cell activation [GO:2000568]; positive regulation of T cell cytokine production [GO:0002726]; positive regulation of T cell mediated cytotoxicity [GO:0001916]; positive regulation of type II interferon production [GO:0032729]; protection from natural killer cell mediated cytotoxicity [GO:0042270]; T cell mediated cytotoxicity [GO:0001913]; T cell mediated cytotoxicity directed against tumor cell target [GO:0002419]; T cell receptor signaling pathway [GO:0050852]",beta-2-microglobulin binding [GO:0030881]; CD8 receptor binding [GO:0042610]; peptide antigen binding [GO:0042605]; RNA binding [GO:0003723]; signaling receptor binding [GO:0005102]; T cell receptor binding [GO:0042608]; TAP binding [GO:0046977]; TAP complex binding [GO:0062061],GO:0000139; GO:0001913; GO:0001916; GO:0002419; GO:0002476; GO:0002485; GO:0002486; GO:0002502; GO:0002726; GO:0003723; GO:0005102; GO:0005615; GO:0005783; GO:0005789; GO:0005794; GO:0005797; GO:0005886; GO:0006955; GO:0009897; GO:0009986; GO:0012507; GO:0016020; GO:0016045; GO:0019731; GO:0019885; GO:0030670; GO:0030881; GO:0031901; GO:0032729; GO:0036037; GO:0042270; GO:0042590; GO:0042605; GO:0042608; GO:0042610; GO:0042612; GO:0042824; GO:0045087; GO:0046977; GO:0050830; GO:0050852; GO:0055038; GO:0062061; GO:0070062; GO:0070971; GO:0098553; GO:2000566; GO:2000568; GO:2001187
P05109,S10A8_HUMAN,Protein S100-A8 (Calgranulin-A) (Calprotectin L1L subunit) (Cystic fibrosis antigen) (CFAG) (Leukocyte L1 complex light chain) (Migration inhibitory factor-related protein 8) (MRP-8) (p8) (S100 calcium-binding protein A8) (Urinary stone protein band A),S100A8 CAGA CFAG MRP8,9606.ENSP00000357721,apoptotic process [GO:0006915]; astrocyte development [GO:0014002]; autocrine signaling [GO:0035425]; autophagy [GO:0006914]; chronic inflammatory response [GO:0002544]; defense response to bacterium [GO:0042742]; defense response to fungus [GO:0050832]; endothelial cell migration [GO:0043542]; inflammatory response [GO:0006954]; innate immune response [GO:0045087]; leukocyte migration involved in inflammatory response [GO:0002523]; neutrophil aggregation [GO:0070488]; neutrophil chemotaxis [GO:0030593]; peptide secretion [GO:0002790]; peptidyl-cysteine S-nitrosylation [GO:0018119]; positive regulation of cell growth [GO:0030307]; positive regulation of inflammatory response [GO:0050729]; positive regulation of intrinsic apoptotic signaling pathway [GO:2001244]; positive regulation of peptide secretion [GO:0002793]; regulation of cytoskeleton organization [GO:0051493]; regulation of toll-like receptor signaling pathway [GO:0034121]; response to ethanol [GO:0045471]; response to lipopolysaccharide [GO:0032496]; response to zinc ion [GO:0010043],calprotectin complex [GO:1990660]; cytoplasm [GO:0005737]; cytoskeleton [GO:0005856]; cytosol [GO:0005829]; extracellular exosome [GO:0070062]; extracellular matrix [GO:0031012]; extracellular region [GO:0005576]; extracellular space [GO:0005615]; intermediate filament cytoskeleton [GO:0045111]; nucleus [GO:0005634]; plasma membrane [GO:0005886]; S100A8 complex [GO:1990661]; secretory granule lumen [GO:0034774],calprotectin complex [GO:1990660]; cytoplasm [GO:0005737]; cytoskeleton [GO:0005856]; cytosol [GO:0005829]; extracellular exosome [GO:0070062]; extracellular matrix [GO:0031012]; extracellular region [GO:0005576]; extracellular space [GO:0005615]; intermediate filament cytoskeleton [GO:0045111]; nucleus [GO:0005634]; plasma membrane [GO:0005886]; S100A8 complex [GO:1990661]; secretory granule lumen [GO:0034774]; arachidonate binding [GO:0050544]; calcium ion binding [GO:0005509]; calcium-dependent protein binding [GO:0048306]; microtubule binding [GO:0008017]; RAGE receptor binding [GO:0050786]; Toll-like receptor 4 binding [GO:0035662]; zinc ion binding [GO:0008270]; apoptotic process [GO:0006915]; astrocyte development [GO:0014002]; autocrine signaling [GO:0035425]; autophagy [GO:0006914]; chronic inflammatory response [GO:0002544]; defense response to bacterium [GO:0042742]; defense response to fungus [GO:0050832]; endothelial cell migration [GO:0043542]; inflammatory response [GO:0006954]; innate immune response [GO:0045087]; leukocyte migration involved in inflammatory response [GO:0002523]; neutrophil aggregation [GO:0070488]; neutrophil chemotaxis [GO:0030593]; peptide secretion [GO:0002790]; peptidyl-cysteine S-nitrosylation [GO:0018119]; positive regulation of cell growth [GO:0030307]; positive regulation of inflammatory response [GO:0050729]; positive regulation of intrinsic apoptotic signaling pathway [GO:2001244]; positive regulation of peptide secretion [GO:0002793]; regulation of cytoskeleton organization [GO:0051493]; regulation of toll-like receptor signaling pathway [GO:0034121]; response to ethanol [GO:0045471]; response to lipopolysaccharide [GO:0032496]; response to zinc ion [GO:0010043],arachidonate binding [GO:0050544]; calcium ion binding [GO:0005509]; calcium-dependent protein binding [GO:0048306]; microtubule binding [GO:0008017]; RAGE receptor binding [GO:0050786]; Toll-like receptor 4 binding [GO:0035662]; zinc ion binding [GO:0008270],GO:0002523; GO:0002544; GO:0002790; GO:0002793; GO:0005509; GO:0005576; GO:0005615; GO:0005634; GO:0005737; GO:0005829; GO:0005856; GO:0005886; GO:0006914; GO:0006915; GO:0006954; GO:0008017; GO:0008270; GO:0010043; GO:0014002; GO:0018119; GO:0030307; GO:0030593; GO:0031012; GO:0032496; GO:0034121; GO:0034774; GO:0035425; GO:0035662; GO:0042742; GO:0043542; GO:0045087; GO:0045111; GO:0045471; GO:0048306; GO:0050544; GO:0050729; GO:0050786; GO:0050832; GO:0051493; GO:0070062; GO:0070488; GO:1990660; GO:1990661; GO:2001244
P06702,S10A9_HUMAN,Protein S100-A9 (Calgranulin-B) (Calprotectin L1H subunit) (Leukocyte L1 complex heavy chain) (Migration inhibitory factor-related protein 14) (MRP-14) (p14) (S100 calcium-binding protein A9),S100A9 CAGB CFAG MRP14,9606.ENSP00000357727,antimicrobial humoral immune response mediated by antimicrobial peptide [GO:0061844]; apoptotic process [GO:0006915]; astrocyte development [GO:0014002]; autocrine signaling [GO:0035425]; autophagy [GO:0006914]; cell-cell signaling [GO:0007267]; chronic inflammatory response [GO:0002544]; defense response to bacterium [GO:0042742]; defense response to fungus [GO:0050832]; endothelial cell migration [GO:0043542]; inflammatory response [GO:0006954]; innate immune response [GO:0045087]; leukocyte migration involved in inflammatory response [GO:0002523]; neutrophil aggregation [GO:0070488]; neutrophil chemotaxis [GO:0030593]; peptidyl-cysteine S-trans-nitrosylation [GO:0035606]; positive regulation of cell growth [GO:0030307]; positive regulation of inflammatory response [GO:0050729]; positive regulation of intrinsic apoptotic signaling pathway [GO:2001244]; positive regulation of neuron projection development [GO:0010976]; regulation of cytoskeleton organization [GO:0051493]; regulation of respiratory burst involved in inflammatory response [GO:0060264]; regulation of toll-like receptor signaling pathway [GO:0034121],calprotectin complex [GO:1990660]; cytoplasm [GO:0005737]; cytoskeleton [GO:0005856]; cytosol [GO:0005829]; extracellular exosome [GO:0070062]; extracellular matrix [GO:0031012]; extracellular region [GO:0005576]; extracellular space [GO:0005615]; nucleus [GO:0005634]; plasma membrane [GO:0005886]; S100A9 complex [GO:1990662]; secretory granule lumen [GO:0034774],calprotectin complex [GO:1990660]; cytoplasm [GO:0005737]; cytoskeleton [GO:0005856]; cytosol [GO:0005829]; extracellular exosome [GO:0070062]; extracellular matrix [GO:0031012]; extracellular region [GO:0005576]; extracellular space [GO:0005615]; nucleus [GO:0005634]; plasma membrane [GO:0005886]; S100A9 complex [GO:1990662]; secretory granule lumen [GO:0034774]; antioxidant activity [GO:0016209]; arachidonate binding [GO:0050544]; calcium ion binding [GO:0005509]; calcium-dependent protein binding [GO:0048306]; microtubule binding [GO:0008017]; RAGE receptor binding [GO:0050786]; Toll-like receptor 4 binding [GO:0035662]; zinc ion binding [GO:0008270]; antimicrobial humoral immune response mediated by antimicrobial peptide [GO:0061844]; apoptotic process [GO:0006915]; astrocyte development [GO:0014002]; autocrine signaling [GO:0035425]; autophagy [GO:0006914]; cell-cell signaling [GO:0007267]; chronic inflammatory response [GO:0002544]; defense response to bacterium [GO:0042742]; defense response to fungus [GO:0050832]; endothelial cell migration [GO:0043542]; inflammatory response [GO:0006954]; innate immune response [GO:0045087]; leukocyte migration involved in inflammatory response [GO:0002523]; neutrophil aggregation [GO:0070488]; neutrophil chemotaxis [GO:0030593]; peptidyl-cysteine S-trans-nitrosylation [GO:0035606]; positive regulation of cell growth [GO:0030307]; positive regulation of inflammatory response [GO:0050729]; positive regulation of intrinsic apoptotic signaling pathway [GO:2001244]; positive regulation of neuron projection development [GO:0010976]; regulation of cytoskeleton organization [GO:0051493]; regulation of respiratory burst involved in inflammatory response [GO:0060264]; regulation of toll-like receptor signaling pathway [GO:0034121],antioxidant activity [GO:0016209]; arachidonate binding [GO:0050544]; calcium ion binding [GO:0005509]; calcium-dependent protein binding [GO:0048306]; microtubule binding [GO:0008017]; RAGE receptor binding [GO:0050786]; Toll-like receptor 4 binding [GO:0035662]; zinc ion binding [GO:0008270],GO:0002523; GO:0002544; GO:0005509; GO:0005576; GO:0005615; GO:0005634; GO:0005737; GO:0005829; GO:0005856; GO:0005886; GO:0006914; GO:0006915; GO:0006954; GO:0007267; GO:0008017; GO:0008270; GO:0010976; GO:0014002; GO:0016209; GO:0030307; GO:0030593; GO:0031012; GO:0034121; GO:0034774; GO:0035425; GO:0035606; GO:0035662; GO:0042742; GO:0043542; GO:0045087; GO:0048306; GO:0050544; GO:0050729; GO:0050786; GO:0050832; GO:0051493; GO:0060264; GO:0061844; GO:0070062; GO:0070488; GO:1990660; GO:1990662; GO:2001244
P08575,PTPRC_HUMAN,Receptor-type tyrosine-protein phosphatase C (EC 3.1.3.48) (Leukocyte common antigen) (L-CA) (T200) (CD antigen CD45),PTPRC CD45,9606.ENSP00000411355,alpha-beta T cell proliferation [GO:0046633]; B cell differentiation [GO:0030183]; B cell proliferation [GO:0042100]; B cell receptor signaling pathway [GO:0050853]; bone marrow development [GO:0048539]; cell cycle phase transition [GO:0044770]; cell surface receptor signaling pathway [GO:0007166]; defense response to virus [GO:0051607]; dephosphorylation [GO:0016311]; DN2 thymocyte differentiation [GO:1904155]; extrinsic apoptotic signaling pathway [GO:0097191]; gamma-delta T cell differentiation [GO:0042492]; hematopoietic progenitor cell differentiation [GO:0002244]; heterotypic cell-cell adhesion [GO:0034113]; leukocyte cell-cell adhesion [GO:0007159]; MAPK cascade [GO:0000165]; natural killer cell differentiation [GO:0001779]; negative regulation of cell adhesion involved in substrate-bound cell migration [GO:0006933]; negative regulation of cytokine-mediated signaling pathway [GO:0001960]; negative regulation of ERK1 and ERK2 cascade [GO:0070373]; negative regulation of interleukin-2 production [GO:0032703]; negative regulation of interleukin-4-mediated signaling pathway [GO:1902215]; negative regulation of microglial cell activation [GO:1903979]; negative regulation of protein kinase activity [GO:0006469]; negative regulation of receptor signaling pathway via JAK-STAT [GO:0046426]; negative regulation of T cell mediated cytotoxicity [GO:0001915]; negative regulation of transcription by RNA polymerase II [GO:0000122]; negative thymic T cell selection [GO:0045060]; plasma membrane raft distribution [GO:0044855]; positive regulation of alpha-beta T cell proliferation [GO:0046641]; positive regulation of antigen receptor-mediated signaling pathway [GO:0050857]; positive regulation of B cell proliferation [GO:0030890]; positive regulation of calcium-mediated signaling [GO:0050850]; positive regulation of ERK1 and ERK2 cascade [GO:0070374]; positive regulation of extrinsic apoptotic signaling pathway [GO:2001238]; positive regulation of Fc receptor mediated stimulatory signaling pathway [GO:0060369]; positive regulation of gamma-delta T cell differentiation [GO:0045588]; positive regulation of hematopoietic stem cell migration [GO:2000473]; positive regulation of humoral immune response mediated by circulating immunoglobulin [GO:0002925]; positive regulation of immunoglobulin production [GO:0002639]; positive regulation of interleukin-2 production [GO:0032743]; positive regulation of isotype switching to IgG isotypes [GO:0048304]; positive regulation of MAPK cascade [GO:0043410]; positive regulation of phagocytosis [GO:0050766]; positive regulation of protein kinase activity [GO:0045860]; positive regulation of stem cell proliferation [GO:2000648]; positive regulation of T cell mediated cytotoxicity [GO:0001916]; positive regulation of T cell proliferation [GO:0042102]; positive regulation of tumor necrosis factor production [GO:0032760]; positive thymic T cell selection [GO:0045059]; protein dephosphorylation [GO:0006470]; regulation of cell cycle [GO:0051726]; regulation of gene expression [GO:0010468]; regulation of interleukin-8 production [GO:0032677]; regulation of phagocytosis [GO:0050764]; regulation of T cell receptor signaling pathway [GO:0050856]; release of sequestered calcium ion into cytosol [GO:0051209]; response to aldosterone [GO:1904044]; response to gamma radiation [GO:0010332]; signal transduction [GO:0007165]; stem cell development [GO:0048864]; T cell activation [GO:0042110]; T cell differentiation [GO:0030217]; T cell receptor signaling pathway [GO:0050852],bleb [GO:0032059]; cell surface [GO:0009986]; cytoplasmic side of plasma membrane [GO:0009898]; external side of plasma membrane [GO:0009897]; extracellular exosome [GO:0070062]; focal adhesion [GO:0005925]; membrane [GO:0016020]; membrane microdomain [GO:0098857]; membrane raft [GO:0045121]; plasma membrane [GO:0005886]; secretory granule membrane [GO:0030667]; synapse [GO:0045202],bleb [GO:0032059]; cell surface [GO:0009986]; cytoplasmic side of plasma membrane [GO:0009898]; external side of plasma membrane [GO:0009897]; extracellular exosome [GO:0070062]; focal adhesion [GO:0005925]; membrane [GO:0016020]; membrane microdomain [GO:0098857]; membrane raft [GO:0045121]; plasma membrane [GO:0005886]; secretory granule membrane [GO:0030667]; synapse [GO:0045202]; ankyrin binding [GO:0030506]; heparan sulfate proteoglycan binding [GO:0043395]; heparin binding [GO:0008201]; protein kinase binding [GO:0019901]; protein tyrosine kinase inhibitor activity [GO:0030292]; protein tyrosine phosphatase activity [GO:0004725]; signaling receptor binding [GO:0005102]; spectrin binding [GO:0030507]; transmembrane receptor protein tyrosine phosphatase activity [GO:0005001]; alpha-beta T cell proliferation [GO:0046633]; B cell differentiation [GO:0030183]; B cell proliferation [GO:0042100]; B cell receptor signaling pathway [GO:0050853]; bone marrow development [GO:0048539]; cell cycle phase transition [GO:0044770]; cell surface receptor signaling pathway [GO:0007166]; defense response to virus [GO:0051607]; dephosphorylation [GO:0016311]; DN2 thymocyte differentiation [GO:1904155]; extrinsic apoptotic signaling pathway [GO:0097191]; gamma-delta T cell differentiation [GO:0042492]; hematopoietic progenitor cell differentiation [GO:0002244]; heterotypic cell-cell adhesion [GO:0034113]; leukocyte cell-cell adhesion [GO:0007159]; MAPK cascade [GO:0000165]; natural killer cell differentiation [GO:0001779]; negative regulation of cell adhesion involved in substrate-bound cell migration [GO:0006933]; negative regulation of cytokine-mediated signaling pathway [GO:0001960]; negative regulation of ERK1 and ERK2 cascade [GO:0070373]; negative regulation of interleukin-2 production [GO:0032703]; negative regulation of interleukin-4-mediated signaling pathway [GO:1902215]; negative regulation of microglial cell activation [GO:1903979]; negative regulation of protein kinase activity [GO:0006469]; negative regulation of receptor signaling pathway via JAK-STAT [GO:0046426]; negative regulation of T cell mediated cytotoxicity [GO:0001915]; negative regulation of transcription by RNA polymerase II [GO:0000122]; negative thymic T cell selection [GO:0045060]; plasma membrane raft distribution [GO:0044855]; positive regulation of alpha-beta T cell proliferation [GO:0046641]; positive regulation of antigen receptor-mediated signaling pathway [GO:0050857]; positive regulation of B cell proliferation [GO:0030890]; positive regulation of calcium-mediated signaling [GO:0050850]; positive regulation of ERK1 and ERK2 cascade [GO:0070374]; positive regulation of extrinsic apoptotic signaling pathway [GO:2001238]; positive regulation of Fc receptor mediated stimulatory signaling pathway [GO:0060369]; positive regulation of gamma-delta T cell differentiation [GO:0045588]; positive regulation of hematopoietic stem cell migration [GO:2000473]; positive regulation of humoral immune response mediated by circulating immunoglobulin [GO:0002925]; positive regulation of immunoglobulin production [GO:0002639]; positive regulation of interleukin-2 production [GO:0032743]; positive regulation of isotype switching to IgG isotypes [GO:0048304]; positive regulation of MAPK cascade [GO:0043410]; positive regulation of phagocytosis [GO:0050766]; positive regulation of protein kinase activity [GO:0045860]; positive regulation of stem cell proliferation [GO:2000648]; positive regulation of T cell mediated cytotoxicity [GO:0001916]; positive regulation of T cell proliferation [GO:0042102]; positive regulation of tumor necrosis factor production [GO:0032760]; positive thymic T cell selection [GO:0045059]; protein dephosphorylation [GO:0006470]; regulation of cell cycle [GO:0051726]; regulation of gene expression [GO:0010468]; regulation of interleukin-8 production [GO:0032677]; regulation of phagocytosis [GO:0050764]; regulation of T cell receptor signaling pathway [GO:0050856]; release of sequestered calcium ion into cytosol [GO:0051209]; response to aldosterone [GO:1904044]; response to gamma radiation [GO:0010332]; signal transduction [GO:0007165]; stem cell development [GO:0048864]; T cell activation [GO:0042110]; T cell differentiation [GO:0030217]; T cell receptor signaling pathway [GO:0050852],ankyrin binding [GO:0030506]; heparan sulfate proteoglycan binding [GO:0043395]; heparin binding [GO:0008201]; protein kinase binding [GO:0019901]; protein tyrosine kinase inhibitor activity [GO:0030292]; protein tyrosine phosphatase activity [GO:0004725]; signaling receptor binding [GO:0005102]; spectrin binding [GO:0030507]; transmembrane receptor protein tyrosine phosphatase activity [GO:0005001],GO:0000122; GO:0000165; GO:0001779; GO:0001915; GO:0001916; GO:0001960; GO:0002244; GO:0002639; GO:0002925; GO:0004725; GO:0005001; GO:0005102; GO:0005886; GO:0005925; GO:0006469; GO:0006470; GO:0006933; GO:0007159; GO:0007165; GO:0007166; GO:0008201; GO:0009897; GO:0009898; GO:0009986; GO:0010332; GO:0010468; GO:0016020; GO:0016311; GO:0019901; GO:0030183; GO:0030217; GO:0030292; GO:0030506; GO:0030507; GO:0030667; GO:0030890; GO:0032059; GO:0032677; GO:0032703; GO:0032743; GO:0032760; GO:0034113; GO:0042100; GO:0042102; GO:0042110; GO:0042492; GO:0043395; GO:0043410; GO:0044770; GO:0044855; GO:0045059; GO:0045060; GO:0045121; GO:0045202; GO:0045588; GO:0045860; GO:0046426; GO:0046633; GO:0046641; GO:0048304; GO:0048539; GO:0048864; GO:0050764; GO:0050766; GO:0050850; GO:0050852; GO:0050853; GO:0050856; GO:0050857; GO:0051209; GO:0051607; GO:0051726; GO:0060369; GO:0070062; GO:0070373; GO:0070374; GO:0097191; GO:0098857; GO:1902215; GO:1903979; GO:1904044; GO:1904155; GO:2000473; GO:2000648; GO:2001238
P09651,ROA1_HUMAN,"Heterogeneous nuclear ribonucleoprotein A1 (hnRNP A1) (Helix-destabilizing protein) (Single-strand RNA-binding protein) (hnRNP core protein A1) [Cleaved into: Heterogeneous nuclear ribonucleoprotein A1, N-terminally processed]",HNRNPA1 HNRPA1,9606.ENSP00000341826,"alternative mRNA splicing, via spliceosome [GO:0000380]; cellular response to glucose starvation [GO:0042149]; cellular response to sodium arsenite [GO:1903936]; import into nucleus [GO:0051170]; mRNA splicing, via spliceosome [GO:0000398]; mRNA transport [GO:0051028]; negative regulation of telomere maintenance via telomerase [GO:0032211]; nuclear export [GO:0051168]; positive regulation of telomere maintenance via telomerase [GO:0032212]; regulation of alternative mRNA splicing, via spliceosome [GO:0000381]; regulation of RNA splicing [GO:0043484]; RNA export from nucleus [GO:0006405]",catalytic step 2 spliceosome [GO:0071013]; cytoplasm [GO:0005737]; cytosol [GO:0005829]; extracellular exosome [GO:0070062]; membrane [GO:0016020]; nucleoplasm [GO:0005654]; nucleus [GO:0005634]; ribonucleoprotein complex [GO:1990904]; spliceosomal complex [GO:0005681]; synapse [GO:0045202],"catalytic step 2 spliceosome [GO:0071013]; cytoplasm [GO:0005737]; cytosol [GO:0005829]; extracellular exosome [GO:0070062]; membrane [GO:0016020]; nucleoplasm [GO:0005654]; nucleus [GO:0005634]; ribonucleoprotein complex [GO:1990904]; spliceosomal complex [GO:0005681]; synapse [GO:0045202]; DNA binding [GO:0003677]; G-rich strand telomeric DNA binding [GO:0098505]; identical protein binding [GO:0042802]; miRNA binding [GO:0035198]; mRNA 3'-UTR binding [GO:0003730]; pre-mRNA binding [GO:0036002]; protein domain specific binding [GO:0019904]; RNA binding [GO:0003723]; single-stranded DNA binding [GO:0003697]; single-stranded RNA binding [GO:0003727]; telomeric repeat-containing RNA binding [GO:0061752]; alternative mRNA splicing, via spliceosome [GO:0000380]; cellular response to glucose starvation [GO:0042149]; cellular response to sodium arsenite [GO:1903936]; import into nucleus [GO:0051170]; mRNA splicing, via spliceosome [GO:0000398]; mRNA transport [GO:0051028]; negative regulation of telomere maintenance via telomerase [GO:0032211]; nuclear export [GO:0051168]; positive regulation of telomere maintenance via telomerase [GO:0032212]; regulation of alternative mRNA splicing, via spliceosome [GO:0000381]; regulation of RNA splicing [GO:0043484]; RNA export from nucleus [GO:0006405]",DNA binding [GO:0003677]; G-rich strand telomeric DNA binding [GO:0098505]; identical protein binding [GO:0042802]; miRNA binding [GO:0035198]; mRNA 3'-UTR binding [GO:0003730]; pre-mRNA binding [GO:0036002]; protein domain specific binding [GO:0019904]; RNA binding [GO:0003723]; single-stranded DNA binding [GO:0003697]; single-stranded RNA binding [GO:0003727]; telomeric repeat-containing RNA binding [GO:0061752],GO:0000380; GO:0000381; GO:0000398; GO:0003677; GO:0003697; GO:0003723; GO:0003727; GO:0003730; GO:0005634; GO:0005654; GO:0005681; GO:0005737; GO:0005829; GO:0006405; GO:0016020; GO:0019904; GO:0032211; GO:0032212; GO:0035198; GO:0036002; GO:0042149; GO:0042802; GO:0043484; GO:0045202; GO:0051028; GO:0051168; GO:0051170; GO:0061752; GO:0070062; GO:0071013; GO:0098505; GO:1903936; GO:1990904
P10636,TAU_HUMAN,Microtubule-associated protein tau (Neurofibrillary tangle protein) (Paired helical filament-tau) (PHF-tau),MAPT MAPTL MTBT1 TAU,9606.ENSP00000340820,amyloid fibril formation [GO:1990000]; astrocyte activation [GO:0048143]; axon development [GO:0061564]; axonal transport [GO:0098930]; axonal transport of mitochondrion [GO:0019896]; cell-cell signaling [GO:0007267]; cellular response to brain-derived neurotrophic factor stimulus [GO:1990416]; cellular response to heat [GO:0034605]; cellular response to nerve growth factor stimulus [GO:1990090]; cellular response to reactive oxygen species [GO:0034614]; central nervous system neuron development [GO:0021954]; cytoplasmic microtubule organization [GO:0031122]; DNA damage response [GO:0006974]; generation of neurons [GO:0048699]; intracellular distribution of mitochondria [GO:0048312]; learning or memory [GO:0007611]; memory [GO:0007613]; microglial cell activation [GO:0001774]; microtubule cytoskeleton organization [GO:0000226]; microtubule polymerization [GO:0046785]; negative regulation of establishment of protein localization to mitochondrion [GO:1903748]; negative regulation of gene expression [GO:0010629]; negative regulation of mitochondrial fission [GO:0090258]; negative regulation of mitochondrial membrane potential [GO:0010917]; neurofibrillary tangle assembly [GO:1902988]; neuron projection development [GO:0031175]; plus-end-directed organelle transport along microtubule [GO:0072386]; positive regulation of axon extension [GO:0045773]; positive regulation of microtubule polymerization [GO:0031116]; positive regulation of protein localization [GO:1903829]; positive regulation of protein localization to synapse [GO:1902474]; positive regulation of superoxide anion generation [GO:0032930]; protein homooligomerization [GO:0051260]; protein polymerization [GO:0051258]; regulation of autophagy [GO:0010506]; regulation of calcium-mediated signaling [GO:0050848]; regulation of cellular response to heat [GO:1900034]; regulation of chromosome organization [GO:0033044]; regulation of long-term synaptic depression [GO:1900452]; regulation of microtubule cytoskeleton organization [GO:0070507]; regulation of microtubule polymerization [GO:0031113]; regulation of microtubule polymerization or depolymerization [GO:0031110]; regulation of microtubule-based movement [GO:0060632]; regulation of mitochondrial fission [GO:0090140]; regulation of synaptic plasticity [GO:0048167]; response to lead ion [GO:0010288]; rRNA metabolic process [GO:0016072]; stress granule assembly [GO:0034063]; supramolecular fiber organization [GO:0097435]; synapse assembly [GO:0007416]; synapse organization [GO:0050808],axolemma [GO:0030673]; axon [GO:0030424]; axon cytoplasm [GO:1904115]; cell body [GO:0044297]; cytoplasm [GO:0005737]; cytoplasmic ribonucleoprotein granule [GO:0036464]; cytosol [GO:0005829]; dendrite [GO:0030425]; dendritic spine [GO:0043197]; extracellular region [GO:0005576]; glial cell projection [GO:0097386]; growth cone [GO:0030426]; main axon [GO:0044304]; membrane raft [GO:0045121]; microtubule [GO:0005874]; microtubule cytoskeleton [GO:0015630]; mitochondrion [GO:0005739]; neurofibrillary tangle [GO:0097418]; neuron projection [GO:0043005]; neuronal cell body [GO:0043025]; nuclear periphery [GO:0034399]; nucleus [GO:0005634]; plasma membrane [GO:0005886]; somatodendritic compartment [GO:0036477]; tubulin complex [GO:0045298],axolemma [GO:0030673]; axon [GO:0030424]; axon cytoplasm [GO:1904115]; cell body [GO:0044297]; cytoplasm [GO:0005737]; cytoplasmic ribonucleoprotein granule [GO:0036464]; cytosol [GO:0005829]; dendrite [GO:0030425]; dendritic spine [GO:0043197]; extracellular region [GO:0005576]; glial cell projection [GO:0097386]; growth cone [GO:0030426]; main axon [GO:0044304]; membrane raft [GO:0045121]; microtubule [GO:0005874]; microtubule cytoskeleton [GO:0015630]; mitochondrion [GO:0005739]; neurofibrillary tangle [GO:0097418]; neuron projection [GO:0043005]; neuronal cell body [GO:0043025]; nuclear periphery [GO:0034399]; nucleus [GO:0005634]; plasma membrane [GO:0005886]; somatodendritic compartment [GO:0036477]; tubulin complex [GO:0045298]; actin binding [GO:0003779]; apolipoprotein binding [GO:0034185]; DNA binding [GO:0003677]; double-stranded DNA binding [GO:0003690]; dynactin binding [GO:0034452]; enzyme binding [GO:0019899]; enzyme inhibitor activity [GO:0004857]; histone-dependent DNA binding [GO:0099077]; Hsp90 protein binding [GO:0051879]; identical protein binding [GO:0042802]; lipoprotein particle binding [GO:0071813]; microtubule binding [GO:0008017]; microtubule lateral binding [GO:0099609]; minor groove of adenine-thymine-rich DNA binding [GO:0003680]; phosphatidylinositol binding [GO:0035091]; phosphatidylinositol bisphosphate binding [GO:1902936]; protein kinase binding [GO:0019901]; protein phosphatase 2A binding [GO:0051721]; protein-folding chaperone binding [GO:0051087]; protein-macromolecule adaptor activity [GO:0030674]; RNA binding [GO:0003723]; sequence-specific DNA binding [GO:0043565]; SH3 domain binding [GO:0017124]; single-stranded DNA binding [GO:0003697]; amyloid fibril formation [GO:1990000]; astrocyte activation [GO:0048143]; axon development [GO:0061564]; axonal transport [GO:0098930]; axonal transport of mitochondrion [GO:0019896]; cell-cell signaling [GO:0007267]; cellular response to brain-derived neurotrophic factor stimulus [GO:1990416]; cellular response to heat [GO:0034605]; cellular response to nerve growth factor stimulus [GO:1990090]; cellular response to reactive oxygen species [GO:0034614]; central nervous system neuron development [GO:0021954]; cytoplasmic microtubule organization [GO:0031122]; DNA damage response [GO:0006974]; generation of neurons [GO:0048699]; intracellular distribution of mitochondria [GO:0048312]; learning or memory [GO:0007611]; memory [GO:0007613]; microglial cell activation [GO:0001774]; microtubule cytoskeleton organization [GO:0000226]; microtubule polymerization [GO:0046785]; negative regulation of establishment of protein localization to mitochondrion [GO:1903748]; negative regulation of gene expression [GO:0010629]; negative regulation of mitochondrial fission [GO:0090258]; negative regulation of mitochondrial membrane potential [GO:0010917]; neurofibrillary tangle assembly [GO:1902988]; neuron projection development [GO:0031175]; plus-end-directed organelle transport along microtubule [GO:0072386]; positive regulation of axon extension [GO:0045773]; positive regulation of microtubule polymerization [GO:0031116]; positive regulation of protein localization [GO:1903829]; positive regulation of protein localization to synapse [GO:1902474]; positive regulation of superoxide anion generation [GO:0032930]; protein homooligomerization [GO:0051260]; protein polymerization [GO:0051258]; regulation of autophagy [GO:0010506]; regulation of calcium-mediated signaling [GO:0050848]; regulation of cellular response to heat [GO:1900034]; regulation of chromosome organization [GO:0033044]; regulation of long-term synaptic depression [GO:1900452]; regulation of microtubule cytoskeleton organization [GO:0070507]; regulation of microtubule polymerization [GO:0031113]; regulation of microtubule polymerization or depolymerization [GO:0031110]; regulation of microtubule-based movement [GO:0060632]; regulation of mitochondrial fission [GO:0090140]; regulation of synaptic plasticity [GO:0048167]; response to lead ion [GO:0010288]; rRNA metabolic process [GO:0016072]; stress granule assembly [GO:0034063]; supramolecular fiber organization [GO:0097435]; synapse assembly [GO:0007416]; synapse organization [GO:0050808],actin binding [GO:0003779]; apolipoprotein binding [GO:0034185]; DNA binding [GO:0003677]; double-stranded DNA binding [GO:0003690]; dynactin binding [GO:0034452]; enzyme binding [GO:0019899]; enzyme inhibitor activity [GO:0004857]; histone-dependent DNA binding [GO:0099077]; Hsp90 protein binding [GO:0051879]; identical protein binding [GO:0042802]; lipoprotein particle binding [GO:0071813]; microtubule binding [GO:0008017]; microtubule lateral binding [GO:0099609]; minor groove of adenine-thymine-rich DNA binding [GO:0003680]; phosphatidylinositol binding [GO:0035091]; phosphatidylinositol bisphosphate binding [GO:1902936]; protein kinase binding [GO:0019901]; protein phosphatase 2A binding [GO:0051721]; protein-folding chaperone binding [GO:0051087]; protein-macromolecule adaptor activity [GO:0030674]; RNA binding [GO:0003723]; sequence-specific DNA binding [GO:0043565]; SH3 domain binding [GO:0017124]; single-stranded DNA binding [GO:0003697],GO:0000226; GO:0001774; GO:0003677; GO:0003680; GO:0003690; GO:0003697; GO:0003723; GO:0003779; GO:0004857; GO:0005576; GO:0005634; GO:0005737; GO:0005739; GO:0005829; GO:0005874; GO:0005886; GO:0006974; GO:0007267; GO:0007416; GO:0007611; GO:0007613; GO:0008017; GO:0010288; GO:0010506; GO:0010629; GO:0010917; GO:0015630; GO:0016072; GO:0017124; GO:0019896; GO:0019899; GO:0019901; GO:0021954; GO:0030424; GO:0030425; GO:0030426; GO:0030673; GO:0030674; GO:0031110; GO:0031113; GO:0031116; GO:0031122; GO:0031175; GO:0032930; GO:0033044; GO:0034063; GO:0034185; GO:0034399; GO:0034452; GO:0034605; GO:0034614; GO:0035091; GO:0036464; GO:0036477; GO:0042802; GO:0043005; GO:0043025; GO:0043197; GO:0043565; GO:0044297; GO:0044304; GO:0045121; GO:0045298; GO:0045773; GO:0046785; GO:0048143; GO:0048167; GO:0048312; GO:0048699; GO:0050808; GO:0050848; GO:0051087; GO:0051258; GO:0051260; GO:0051721; GO:0051879; GO:0060632; GO:0061564; GO:0070507; GO:0071813; GO:0072386; GO:0090140; GO:0090258; GO:0097386; GO:0097418; GO:0097435; GO:0098930; GO:0099077; GO:0099609; GO:1900034; GO:1900452; GO:1902474; GO:1902936; GO:1902988; GO:1903748; GO:1903829; GO:1904115; GO:1990000; GO:1990090; GO:1990416
P15289,ARSA_HUMAN,Arylsulfatase A (ASA) (EC 3.1.6.8) (Cerebroside-sulfatase) [Cleaved into: Arylsulfatase A component B; Arylsulfatase A component C],ARSA,9606.ENSP00000216124,lipid metabolic process [GO:0006629],azurophil granule lumen [GO:0035578]; endoplasmic reticulum lumen [GO:0005788]; extracellular exosome [GO:0070062]; extracellular region [GO:0005576]; lysosomal lumen [GO:0043202]; lysosome [GO:0005764],azurophil granule lumen [GO:0035578]; endoplasmic reticulum lumen [GO:0005788]; extracellular exosome [GO:0070062]; extracellular region [GO:0005576]; lysosomal lumen [GO:0043202]; lysosome [GO:0005764]; arylsulfatase activity [GO:0004065]; calcium ion binding [GO:0005509]; cerebroside-sulfatase activity [GO:0004098]; sulfuric ester hydrolase activity [GO:0008484]; lipid metabolic process [GO:0006629],arylsulfatase activity [GO:0004065]; calcium ion binding [GO:0005509]; cerebroside-sulfatase activity [GO:0004098]; sulfuric ester hydrolase activity [GO:0008484],GO:0004065; GO:0004098; GO:0005509; GO:0005576; GO:0005764; GO:0005788; GO:0006629; GO:0008484; GO:0035578; GO:0043202; GO:0070062
P16871,IL7RA_HUMAN,Interleukin-7 receptor subunit alpha (IL-7 receptor subunit alpha) (IL-7R subunit alpha) (IL-7R-alpha) (IL-7RA) (CDw127) (CD antigen CD127),IL7R,9606.ENSP00000306157,B cell homeostasis [GO:0001782]; B cell proliferation [GO:0042100]; cell morphogenesis [GO:0000902]; cell surface receptor signaling pathway [GO:0007166]; cellular homeostasis [GO:0019725]; defense response to Gram-positive bacterium [GO:0050830]; gene expression [GO:0010467]; hemopoiesis [GO:0030097]; immune response [GO:0006955]; interleukin-7-mediated signaling pathway [GO:0038111]; lymph node development [GO:0048535]; negative regulation of T cell apoptotic process [GO:0070233]; negative regulation of T cell mediated cytotoxicity [GO:0001915]; positive regulation of cell population proliferation [GO:0008284]; positive regulation of gene expression [GO:0010628]; positive regulation of receptor signaling pathway via JAK-STAT [GO:0046427]; positive regulation of receptor signaling pathway via STAT [GO:1904894]; positive regulation of T cell differentiation in thymus [GO:0033089]; regulation of cell size [GO:0008361]; regulation of DNA recombination [GO:0000018]; signal transduction [GO:0007165]; T cell differentiation in thymus [GO:0033077]; T cell homeostasis [GO:0043029]; T cell mediated cytotoxicity [GO:0001913],clathrin-coated endocytic vesicle membrane [GO:0030669]; cytosol [GO:0005829]; external side of plasma membrane [GO:0009897]; extracellular region [GO:0005576]; nucleoplasm [GO:0005654]; plasma membrane [GO:0005886],clathrin-coated endocytic vesicle membrane [GO:0030669]; cytosol [GO:0005829]; external side of plasma membrane [GO:0009897]; extracellular region [GO:0005576]; nucleoplasm [GO:0005654]; plasma membrane [GO:0005886]; antigen binding [GO:0003823]; cytokine receptor activity [GO:0004896]; interleukin-7 receptor activity [GO:0004917]; B cell homeostasis [GO:0001782]; B cell proliferation [GO:0042100]; cell morphogenesis [GO:0000902]; cell surface receptor signaling pathway [GO:0007166]; cellular homeostasis [GO:0019725]; defense response to Gram-positive bacterium [GO:0050830]; gene expression [GO:0010467]; hemopoiesis [GO:0030097]; immune response [GO:0006955]; interleukin-7-mediated signaling pathway [GO:0038111]; lymph node development [GO:0048535]; negative regulation of T cell apoptotic process [GO:0070233]; negative regulation of T cell mediated cytotoxicity [GO:0001915]; positive regulation of cell population proliferation [GO:0008284]; positive regulation of gene expression [GO:0010628]; positive regulation of receptor signaling pathway via JAK-STAT [GO:0046427]; positive regulation of receptor signaling pathway via STAT [GO:1904894]; positive regulation of T cell differentiation in thymus [GO:0033089]; regulation of cell size [GO:0008361]; regulation of DNA recombination [GO:0000018]; signal transduction [GO:0007165]; T cell differentiation in thymus [GO:0033077]; T cell homeostasis [GO:0043029]; T cell mediated cytotoxicity [GO:0001913],antigen binding [GO:0003823]; cytokine receptor activity [GO:0004896]; interleukin-7 receptor activity [GO:0004917],GO:0000018; GO:0000902; GO:0001782; GO:0001913; GO:0001915; GO:0003823; GO:0004896; GO:0004917; GO:0005576; GO:0005654; GO:0005829; GO:0005886; GO:0006955; GO:0007165; GO:0007166; GO:0008284; GO:0008361; GO:0009897; GO:0010467; GO:0010628; GO:0019725; GO:0030097; GO:0030669; GO:0033077; GO:0033089; GO:0038111; GO:0042100; GO:0043029; GO:0046427; GO:0048535; GO:0050830; GO:0070233; GO:1904894
P19438,TNR1A_HUMAN,"Tumor necrosis factor receptor superfamily member 1A (Tumor necrosis factor receptor 1) (TNF-R1) (Tumor necrosis factor receptor type I) (TNF-RI) (TNFR-I) (p55) (p60) (CD antigen CD120a) [Cleaved into: Tumor necrosis factor receptor superfamily member 1A, membrane form; Tumor necrosis factor-binding protein 1 (TBPI)]",TNFRSF1A TNFAR TNFR1,9606.ENSP00000162749,aortic valve development [GO:0003176]; canonical NF-kappaB signal transduction [GO:0007249]; cell surface receptor signaling pathway via JAK-STAT [GO:0007259]; cellular response to mechanical stimulus [GO:0071260]; cytokine-mediated signaling pathway [GO:0019221]; defense response to bacterium [GO:0042742]; extrinsic apoptotic signaling pathway via death domain receptors [GO:0008625]; inflammatory response [GO:0006954]; intrinsic apoptotic signaling pathway in response to DNA damage [GO:0008630]; negative regulation of canonical NF-kappaB signal transduction [GO:0043124]; negative regulation of cardiac muscle hypertrophy [GO:0010614]; negative regulation of extracellular matrix constituent secretion [GO:0003332]; negative regulation of inflammatory response [GO:0050728]; positive regulation of amide metabolic process [GO:0034250]; positive regulation of apoptotic process involved in morphogenesis [GO:1902339]; positive regulation of canonical NF-kappaB signal transduction [GO:0043123]; positive regulation of execution phase of apoptosis [GO:1900119]; positive regulation of inflammatory response [GO:0050729]; positive regulation of lipid metabolic process [GO:0045834]; positive regulation of transcription by RNA polymerase II [GO:0045944]; prostaglandin metabolic process [GO:0006693]; protein localization to plasma membrane [GO:0072659]; protein polyubiquitination [GO:0000209]; pulmonary valve development [GO:0003177]; regulation of establishment of endothelial barrier [GO:1903140]; regulation of membrane lipid metabolic process [GO:1905038]; regulation of tumor necrosis factor-mediated signaling pathway [GO:0010803]; transcription by RNA polymerase II [GO:0006366]; tumor necrosis factor-mediated signaling pathway [GO:0033209],cell surface [GO:0009986]; extracellular region [GO:0005576]; extracellular space [GO:0005615]; Golgi membrane [GO:0000139]; membrane [GO:0016020]; membrane raft [GO:0045121]; plasma membrane [GO:0005886]; receptor complex [GO:0043235]; tumor necrosis factor receptor superfamily complex [GO:0002947],cell surface [GO:0009986]; extracellular region [GO:0005576]; extracellular space [GO:0005615]; Golgi membrane [GO:0000139]; membrane [GO:0016020]; membrane raft [GO:0045121]; plasma membrane [GO:0005886]; receptor complex [GO:0043235]; tumor necrosis factor receptor superfamily complex [GO:0002947]; signaling receptor activity [GO:0038023]; tumor necrosis factor binding [GO:0043120]; tumor necrosis factor receptor activity [GO:0005031]; aortic valve development [GO:0003176]; canonical NF-kappaB signal transduction [GO:0007249]; cell surface receptor signaling pathway via JAK-STAT [GO:0007259]; cellular response to mechanical stimulus [GO:0071260]; cytokine-mediated signaling pathway [GO:0019221]; defense response to bacterium [GO:0042742]; extrinsic apoptotic signaling pathway via death domain receptors [GO:0008625]; inflammatory response [GO:0006954]; intrinsic apoptotic signaling pathway in response to DNA damage [GO:0008630]; negative regulation of canonical NF-kappaB signal transduction [GO:0043124]; negative regulation of cardiac muscle hypertrophy [GO:0010614]; negative regulation of extracellular matrix constituent secretion [GO:0003332]; negative regulation of inflammatory response [GO:0050728]; positive regulation of amide metabolic process [GO:0034250]; positive regulation of apoptotic process involved in morphogenesis [GO:1902339]; positive regulation of canonical NF-kappaB signal transduction [GO:0043123]; positive regulation of execution phase of apoptosis [GO:1900119]; positive regulation of inflammatory response [GO:0050729]; positive regulation of lipid metabolic process [GO:0045834]; positive regulation of transcription by RNA polymerase II [GO:0045944]; prostaglandin metabolic process [GO:0006693]; protein localization to plasma membrane [GO:0072659]; protein polyubiquitination [GO:0000209]; pulmonary valve development [GO:0003177]; regulation of establishment of endothelial barrier [GO:1903140]; regulation of membrane lipid metabolic process [GO:1905038]; regulation of tumor necrosis factor-mediated signaling pathway [GO:0010803]; transcription by RNA polymerase II [GO:0006366]; tumor necrosis factor-mediated signaling pathway [GO:0033209],signaling receptor activity [GO:0038023]; tumor necrosis factor binding [GO:0043120]; tumor necrosis factor receptor activity [GO:0005031],GO:0000139; GO:0000209; GO:0002947; GO:0003176; GO:0003177; GO:0003332; GO:0005031; GO:0005576; GO:0005615; GO:0005886; GO:0006366; GO:0006693; GO:0006954; GO:0007249; GO:0007259; GO:0008625; GO:0008630; GO:0009986; GO:0010614; GO:0010803; GO:0016020; GO:0019221; GO:0033209; GO:0034250; GO:0038023; GO:0042742; GO:0043120; GO:0043123; GO:0043124; GO:0043235; GO:0045121; GO:0045834; GO:0045944; GO:0050728; GO:0050729; GO:0071260; GO:0072659; GO:1900119; GO:1902339; GO:1903140; GO:1905038
P19544,WT1_HUMAN,Wilms tumor protein (WT33),WT1,9606.ENSP00000368370,adrenal cortex formation [GO:0035802]; adrenal gland development [GO:0030325]; branching involved in ureteric bud morphogenesis [GO:0001658]; camera-type eye development [GO:0043010]; cardiac muscle cell fate commitment [GO:0060923]; cellular response to cAMP [GO:0071320]; cellular response to gonadotropin stimulus [GO:0071371]; diaphragm development [GO:0060539]; epithelial cell differentiation [GO:0030855]; germ cell development [GO:0007281]; glomerular basement membrane development [GO:0032836]; glomerulus development [GO:0032835]; gonad development [GO:0008406]; heart development [GO:0007507]; kidney development [GO:0001822]; male genitalia development [GO:0030539]; male gonad development [GO:0008584]; mesenchymal to epithelial transition [GO:0060231]; metanephric epithelium development [GO:0072207]; metanephric mesenchyme development [GO:0072075]; metanephric S-shaped body morphogenesis [GO:0072284]; negative regulation of apoptotic process [GO:0043066]; negative regulation of cell growth [GO:0030308]; negative regulation of cell population proliferation [GO:0008285]; negative regulation of DNA-templated transcription [GO:0045892]; negative regulation of female gonad development [GO:2000195]; negative regulation of gene expression via chromosomal CpG island methylation [GO:0044027]; negative regulation of metanephric glomerular mesangial cell proliferation [GO:0072302]; negative regulation of transcription by RNA polymerase II [GO:0000122]; negative regulation of translation [GO:0017148]; podocyte differentiation [GO:0072112]; positive regulation of apoptotic process [GO:0043065]; positive regulation of DNA-templated transcription [GO:0045893]; positive regulation of gene expression [GO:0010628]; positive regulation of heart growth [GO:0060421]; positive regulation of male gonad development [GO:2000020]; positive regulation of metanephric ureteric bud development [GO:2001076]; positive regulation of miRNA transcription [GO:1902895]; positive regulation of transcription by RNA polymerase II [GO:0045944]; posterior mesonephric tubule development [GO:0072166]; regulation of animal organ formation [GO:0003156]; regulation of DNA-templated transcription [GO:0006355]; regulation of transcription by RNA polymerase II [GO:0006357]; RNA splicing [GO:0008380]; sex determination [GO:0007530]; thorax and anterior abdomen determination [GO:0007356]; tissue development [GO:0009888]; ureteric bud development [GO:0001657]; vasculogenesis [GO:0001570]; visceral serous pericardium development [GO:0061032],cytoplasm [GO:0005737]; cytosol [GO:0005829]; nuclear speck [GO:0016607]; nucleolus [GO:0005730]; nucleoplasm [GO:0005654]; nucleus [GO:0005634],"cytoplasm [GO:0005737]; cytosol [GO:0005829]; nuclear speck [GO:0016607]; nucleolus [GO:0005730]; nucleoplasm [GO:0005654]; nucleus [GO:0005634]; C2H2 zinc finger domain binding [GO:0070742]; DNA-binding transcription activator activity, RNA polymerase II-specific [GO:0001228]; DNA-binding transcription factor activity [GO:0003700]; DNA-binding transcription factor activity, RNA polymerase II-specific [GO:0000981]; double-stranded methylated DNA binding [GO:0010385]; hemi-methylated DNA-binding [GO:0044729]; RNA binding [GO:0003723]; RNA polymerase II cis-regulatory region sequence-specific DNA binding [GO:0000978]; sequence-specific DNA binding [GO:0043565]; transcription cis-regulatory region binding [GO:0000976]; zinc ion binding [GO:0008270]; adrenal cortex formation [GO:0035802]; adrenal gland development [GO:0030325]; branching involved in ureteric bud morphogenesis [GO:0001658]; camera-type eye development [GO:0043010]; cardiac muscle cell fate commitment [GO:0060923]; cellular response to cAMP [GO:0071320]; cellular response to gonadotropin stimulus [GO:0071371]; diaphragm development [GO:0060539]; epithelial cell differentiation [GO:0030855]; germ cell development [GO:0007281]; glomerular basement membrane development [GO:0032836]; glomerulus development [GO:0032835]; gonad development [GO:0008406]; heart development [GO:0007507]; kidney development [GO:0001822]; male genitalia development [GO:0030539]; male gonad development [GO:0008584]; mesenchymal to epithelial transition [GO:0060231]; metanephric epithelium development [GO:0072207]; metanephric mesenchyme development [GO:0072075]; metanephric S-shaped body morphogenesis [GO:0072284]; negative regulation of apoptotic process [GO:0043066]; negative regulation of cell growth [GO:0030308]; negative regulation of cell population proliferation [GO:0008285]; negative regulation of DNA-templated transcription [GO:0045892]; negative regulation of female gonad development [GO:2000195]; negative regulation of gene expression via chromosomal CpG island methylation [GO:0044027]; negative regulation of metanephric glomerular mesangial cell proliferation [GO:0072302]; negative regulation of transcription by RNA polymerase II [GO:0000122]; negative regulation of translation [GO:0017148]; podocyte differentiation [GO:0072112]; positive regulation of apoptotic process [GO:0043065]; positive regulation of DNA-templated transcription [GO:0045893]; positive regulation of gene expression [GO:0010628]; positive regulation of heart growth [GO:0060421]; positive regulation of male gonad development [GO:2000020]; positive regulation of metanephric ureteric bud development [GO:2001076]; positive regulation of miRNA transcription [GO:1902895]; positive regulation of transcription by RNA polymerase II [GO:0045944]; posterior mesonephric tubule development [GO:0072166]; regulation of animal organ formation [GO:0003156]; regulation of DNA-templated transcription [GO:0006355]; regulation of transcription by RNA polymerase II [GO:0006357]; RNA splicing [GO:0008380]; sex determination [GO:0007530]; thorax and anterior abdomen determination [GO:0007356]; tissue development [GO:0009888]; ureteric bud development [GO:0001657]; vasculogenesis [GO:0001570]; visceral serous pericardium development [GO:0061032]","C2H2 zinc finger domain binding [GO:0070742]; DNA-binding transcription activator activity, RNA polymerase II-specific [GO:0001228]; DNA-binding transcription factor activity [GO:0003700]; DNA-binding transcription factor activity, RNA polymerase II-specific [GO:0000981]; double-stranded methylated DNA binding [GO:0010385]; hemi-methylated DNA-binding [GO:0044729]; RNA binding [GO:0003723]; RNA polymerase II cis-regulatory region sequence-specific DNA binding [GO:0000978]; sequence-specific DNA binding [GO:0043565]; transcription cis-regulatory region binding [GO:0000976]; zinc ion binding [GO:0008270]",GO:0000122; GO:0000976; GO:0000978; GO:0000981; GO:0001228; GO:0001570; GO:0001657; GO:0001658; GO:0001822; GO:0003156; GO:0003700; GO:0003723; GO:0005634; GO:0005654; GO:0005730; GO:0005737; GO:0005829; GO:0006355; GO:0006357; GO:0007281; GO:0007356; GO:0007507; GO:0007530; GO:0008270; GO:0008285; GO:0008380; GO:0008406; GO:0008584; GO:0009888; GO:0010385; GO:0010628; GO:0016607; GO:0017148; GO:0030308; GO:0030325; GO:0030539; GO:0030855; GO:0032835; GO:0032836; GO:0035802; GO:0043010; GO:0043065; GO:0043066; GO:0043565; GO:0044027; GO:0044729; GO:0045892; GO:0045893; GO:0045944; GO:0060231; GO:0060421; GO:0060539; GO:0060923; GO:0061032; GO:0070742; GO:0071320; GO:0071371; GO:0072075; GO:0072112; GO:0072166; GO:0072207; GO:0072284; GO:0072302; GO:1902895; GO:2000020; GO:2000195; GO:2001076
P20700,LMNB1_HUMAN,Lamin-B1,LMNB1 LMN2 LMNB,9606.ENSP00000261366,heterochromatin formation [GO:0031507]; nuclear envelope organization [GO:0006998]; nuclear migration [GO:0007097]; nuclear pore localization [GO:0051664]; protein localization to nuclear envelope [GO:0090435],lamin filament [GO:0005638]; membrane [GO:0016020]; nuclear envelope [GO:0005635]; nuclear inner membrane [GO:0005637]; nuclear lamina [GO:0005652]; nuclear matrix [GO:0016363]; nuclear membrane [GO:0031965]; nucleoplasm [GO:0005654]; nucleus [GO:0005634],lamin filament [GO:0005638]; membrane [GO:0016020]; nuclear envelope [GO:0005635]; nuclear inner membrane [GO:0005637]; nuclear lamina [GO:0005652]; nuclear matrix [GO:0016363]; nuclear membrane [GO:0031965]; nucleoplasm [GO:0005654]; nucleus [GO:0005634]; phospholipase binding [GO:0043274]; sequence-specific double-stranded DNA binding [GO:1990837]; structural constituent of cytoskeleton [GO:0005200]; structural constituent of nuclear lamina [GO:0160123]; heterochromatin formation [GO:0031507]; nuclear envelope organization [GO:0006998]; nuclear migration [GO:0007097]; nuclear pore localization [GO:0051664]; protein localization to nuclear envelope [GO:0090435],phospholipase binding [GO:0043274]; sequence-specific double-stranded DNA binding [GO:1990837]; structural constituent of cytoskeleton [GO:0005200]; structural constituent of nuclear lamina [GO:0160123],GO:0005200; GO:0005634; GO:0005635; GO:0005637; GO:0005638; GO:0005652; GO:0005654; GO:0006998; GO:0007097; GO:0016020; GO:0016363; GO:0031507; GO:0031965; GO:0043274; GO:0051664; GO:0090435; GO:0160123; GO:1990837
P21333,FLNA_HUMAN,Filamin-A (FLN-A) (Actin-binding protein 280) (ABP-280) (Alpha-filamin) (Endothelial actin-binding protein) (Filamin-1) (Non-muscle filamin),FLNA FLN FLN1,9606.ENSP00000358866,"actin crosslink formation [GO:0051764]; actin cytoskeleton organization [GO:0030036]; adenylate cyclase-inhibiting dopamine receptor signaling pathway [GO:0007195]; blood coagulation, intrinsic pathway [GO:0007597]; cerebral cortex development [GO:0021987]; cilium assembly [GO:0060271]; establishment of protein localization [GO:0045184]; establishment of Sertoli cell barrier [GO:0097368]; formation of radial glial scaffolds [GO:0021943]; megakaryocyte development [GO:0035855]; mitotic spindle assembly [GO:0090307]; mRNA transcription by RNA polymerase II [GO:0042789]; negative regulation of apoptotic process [GO:0043066]; negative regulation of DNA-binding transcription factor activity [GO:0043433]; negative regulation of protein catabolic process [GO:0042177]; negative regulation of transcription by RNA polymerase I [GO:0016479]; platelet aggregation [GO:0070527]; positive regulation of actin filament bundle assembly [GO:0032233]; positive regulation of canonical NF-kappaB signal transduction [GO:0043123]; positive regulation of integrin-mediated signaling pathway [GO:2001046]; positive regulation of neural precursor cell proliferation [GO:2000179]; positive regulation of neuron migration [GO:2001224]; positive regulation of platelet activation [GO:0010572]; positive regulation of potassium ion transmembrane transport [GO:1901381]; positive regulation of protein import into nucleus [GO:0042307]; positive regulation of substrate adhesion-dependent cell spreading [GO:1900026]; protein localization to bicellular tight junction [GO:1902396]; protein localization to cell surface [GO:0034394]; protein localization to plasma membrane [GO:0072659]; protein stabilization [GO:0050821]; receptor clustering [GO:0043113]; regulation of cell migration [GO:0030334]; regulation of membrane repolarization during atrial cardiac muscle cell action potential [GO:1905000]; regulation of membrane repolarization during cardiac muscle cell action potential [GO:1905031]; release of sequestered calcium ion into cytosol [GO:0051209]; semaphorin-plexin signaling pathway [GO:0071526]; tubulin deacetylation [GO:0090042]; wound healing, spreading of cells [GO:0044319]",actin cytoskeleton [GO:0015629]; actin filament [GO:0005884]; apical dendrite [GO:0097440]; cell-cell junction [GO:0005911]; cortical cytoskeleton [GO:0030863]; cytoplasm [GO:0005737]; cytosol [GO:0005829]; dendritic shaft [GO:0043198]; extracellular exosome [GO:0070062]; extracellular region [GO:0005576]; focal adhesion [GO:0005925]; glutamatergic synapse [GO:0098978]; glycoprotein Ib-IX-V complex [GO:1990779]; growth cone [GO:0030426]; membrane [GO:0016020]; Myb complex [GO:0031523]; nucleolus [GO:0005730]; nucleus [GO:0005634]; perikaryon [GO:0043204]; perinuclear region of cytoplasm [GO:0048471]; plasma membrane [GO:0005886]; podosome [GO:0002102]; postsynapse [GO:0098794]; Z disc [GO:0030018],"actin cytoskeleton [GO:0015629]; actin filament [GO:0005884]; apical dendrite [GO:0097440]; cell-cell junction [GO:0005911]; cortical cytoskeleton [GO:0030863]; cytoplasm [GO:0005737]; cytosol [GO:0005829]; dendritic shaft [GO:0043198]; extracellular exosome [GO:0070062]; extracellular region [GO:0005576]; focal adhesion [GO:0005925]; glutamatergic synapse [GO:0098978]; glycoprotein Ib-IX-V complex [GO:1990779]; growth cone [GO:0030426]; membrane [GO:0016020]; Myb complex [GO:0031523]; nucleolus [GO:0005730]; nucleus [GO:0005634]; perikaryon [GO:0043204]; perinuclear region of cytoplasm [GO:0048471]; plasma membrane [GO:0005886]; podosome [GO:0002102]; postsynapse [GO:0098794]; Z disc [GO:0030018]; actin filament binding [GO:0051015]; cadherin binding [GO:0045296]; DNA-binding transcription factor binding [GO:0140297]; Fc-gamma receptor I complex binding [GO:0034988]; G protein-coupled receptor binding [GO:0001664]; GTPase binding [GO:0051020]; kinase binding [GO:0019900]; potassium channel regulator activity [GO:0015459]; protein homodimerization activity [GO:0042803]; protein sequestering activity [GO:0140311]; RNA binding [GO:0003723]; SMAD binding [GO:0046332]; small GTPase binding [GO:0031267]; transmembrane transporter binding [GO:0044325]; actin crosslink formation [GO:0051764]; actin cytoskeleton organization [GO:0030036]; adenylate cyclase-inhibiting dopamine receptor signaling pathway [GO:0007195]; blood coagulation, intrinsic pathway [GO:0007597]; cerebral cortex development [GO:0021987]; cilium assembly [GO:0060271]; establishment of protein localization [GO:0045184]; establishment of Sertoli cell barrier [GO:0097368]; formation of radial glial scaffolds [GO:0021943]; megakaryocyte development [GO:0035855]; mitotic spindle assembly [GO:0090307]; mRNA transcription by RNA polymerase II [GO:0042789]; negative regulation of apoptotic process [GO:0043066]; negative regulation of DNA-binding transcription factor activity [GO:0043433]; negative regulation of protein catabolic process [GO:0042177]; negative regulation of transcription by RNA polymerase I [GO:0016479]; platelet aggregation [GO:0070527]; positive regulation of actin filament bundle assembly [GO:0032233]; positive regulation of canonical NF-kappaB signal transduction [GO:0043123]; positive regulation of integrin-mediated signaling pathway [GO:2001046]; positive regulation of neural precursor cell proliferation [GO:2000179]; positive regulation of neuron migration [GO:2001224]; positive regulation of platelet activation [GO:0010572]; positive regulation of potassium ion transmembrane transport [GO:1901381]; positive regulation of protein import into nucleus [GO:0042307]; positive regulation of substrate adhesion-dependent cell spreading [GO:1900026]; protein localization to bicellular tight junction [GO:1902396]; protein localization to cell surface [GO:0034394]; protein localization to plasma membrane [GO:0072659]; protein stabilization [GO:0050821]; receptor clustering [GO:0043113]; regulation of cell migration [GO:0030334]; regulation of membrane repolarization during atrial cardiac muscle cell action potential [GO:1905000]; regulation of membrane repolarization during cardiac muscle cell action potential [GO:1905031]; release of sequestered calcium ion into cytosol [GO:0051209]; semaphorin-plexin signaling pathway [GO:0071526]; tubulin deacetylation [GO:0090042]; wound healing, spreading of cells [GO:0044319]",actin filament binding [GO:0051015]; cadherin binding [GO:0045296]; DNA-binding transcription factor binding [GO:0140297]; Fc-gamma receptor I complex binding [GO:0034988]; G protein-coupled receptor binding [GO:0001664]; GTPase binding [GO:0051020]; kinase binding [GO:0019900]; potassium channel regulator activity [GO:0015459]; protein homodimerization activity [GO:0042803]; protein sequestering activity [GO:0140311]; RNA binding [GO:0003723]; SMAD binding [GO:0046332]; small GTPase binding [GO:0031267]; transmembrane transporter binding [GO:0044325],GO:0001664; GO:0002102; GO:0003723; GO:0005576; GO:0005634; GO:0005730; GO:0005737; GO:0005829; GO:0005884; GO:0005886; GO:0005911; GO:0005925; GO:0007195; GO:0007597; GO:0010572; GO:0015459; GO:0015629; GO:0016020; GO:0016479; GO:0019900; GO:0021943; GO:0021987; GO:0030018; GO:0030036; GO:0030334; GO:0030426; GO:0030863; GO:0031267; GO:0031523; GO:0032233; GO:0034394; GO:0034988; GO:0035855; GO:0042177; GO:0042307; GO:0042789; GO:0042803; GO:0043066; GO:0043113; GO:0043123; GO:0043198; GO:0043204; GO:0043433; GO:0044319; GO:0044325; GO:0045184; GO:0045296; GO:0046332; GO:0048471; GO:0050821; GO:0051015; GO:0051020; GO:0051209; GO:0051764; GO:0060271; GO:0070062; GO:0070527; GO:0071526; GO:0072659; GO:0090042; GO:0090307; GO:0097368; GO:0097440; GO:0098794; GO:0098978; GO:0140297; GO:0140311; GO:1900026; GO:1901381; GO:1902396; GO:1905000; GO:1905031; GO:1990779; GO:2000179; GO:2001046; GO:2001224
P25063,CD24_HUMAN,Signal transducer CD24 (Small cell lung carcinoma cluster 4 antigen) (CD antigen CD24),CD24 CD24A,9606.ENSP00000481841,B cell receptor transport into membrane raft [GO:0032597]; cell activation [GO:0001775]; cell migration [GO:0016477]; cell-cell adhesion [GO:0098609]; chemokine receptor transport out of membrane raft [GO:0032600]; cholesterol homeostasis [GO:0042632]; glomerular parietal epithelial cell differentiation [GO:0072139]; immune response-regulating cell surface receptor signaling pathway [GO:0002768]; intrinsic apoptotic signaling pathway [GO:0097193]; negative regulation of transforming growth factor beta3 production [GO:0032913]; podocyte differentiation [GO:0072112]; positive regulation of activated T cell proliferation [GO:0042104]; positive regulation of cytosolic calcium ion concentration [GO:0007204]; positive regulation of nephron tubule epithelial cell differentiation [GO:2000768]; regulation of cell-cell adhesion [GO:0022407]; regulation of cytokine-mediated signaling pathway [GO:0001959]; regulation of epithelial cell differentiation [GO:0030856]; regulation of MAPK cascade [GO:0043408]; respiratory burst [GO:0045730]; response to estrogen [GO:0043627]; response to hypoxia [GO:0001666]; response to molecule of bacterial origin [GO:0002237]; T cell costimulation [GO:0031295]; Wnt signaling pathway [GO:0016055],cell surface [GO:0009986]; external side of plasma membrane [GO:0009897]; membrane [GO:0016020]; membrane raft [GO:0045121],cell surface [GO:0009986]; external side of plasma membrane [GO:0009897]; membrane [GO:0016020]; membrane raft [GO:0045121]; protein kinase binding [GO:0019901]; protein tyrosine kinase activator activity [GO:0030296]; B cell receptor transport into membrane raft [GO:0032597]; cell activation [GO:0001775]; cell migration [GO:0016477]; cell-cell adhesion [GO:0098609]; chemokine receptor transport out of membrane raft [GO:0032600]; cholesterol homeostasis [GO:0042632]; glomerular parietal epithelial cell differentiation [GO:0072139]; immune response-regulating cell surface receptor signaling pathway [GO:0002768]; intrinsic apoptotic signaling pathway [GO:0097193]; negative regulation of transforming growth factor beta3 production [GO:0032913]; podocyte differentiation [GO:0072112]; positive regulation of activated T cell proliferation [GO:0042104]; positive regulation of cytosolic calcium ion concentration [GO:0007204]; positive regulation of nephron tubule epithelial cell differentiation [GO:2000768]; regulation of cell-cell adhesion [GO:0022407]; regulation of cytokine-mediated signaling pathway [GO:0001959]; regulation of epithelial cell differentiation [GO:0030856]; regulation of MAPK cascade [GO:0043408]; respiratory burst [GO:0045730]; response to estrogen [GO:0043627]; response to hypoxia [GO:0001666]; response to molecule of bacterial origin [GO:0002237]; T cell costimulation [GO:0031295]; Wnt signaling pathway [GO:0016055],protein kinase binding [GO:0019901]; protein tyrosine kinase activator activity [GO:0030296],GO:0001666; GO:0001775; GO:0001959; GO:0002237; GO:0002768; GO:0007204; GO:0009897; GO:0009986; GO:0016020; GO:0016055; GO:0016477; GO:0019901; GO:0022407; GO:0030296; GO:0030856; GO:0031295; GO:0032597; GO:0032600; GO:0032913; GO:0042104; GO:0042632; GO:0043408; GO:0043627; GO:0045121; GO:0045730; GO:0072112; GO:0072139; GO:0097193; GO:0098609; GO:2000768
P27169,PON1_HUMAN,Serum paraoxonase/arylesterase 1 (PON 1) (EC 3.1.1.2) (EC 3.1.1.81) (EC 3.1.8.1) (Aromatic esterase 1) (A-esterase 1) (K-45) (Serum aryldialkylphosphatase 1),PON1 PON,9606.ENSP00000222381,carboxylic acid catabolic process [GO:0046395]; cholesterol metabolic process [GO:0008203]; lactone catabolic process [GO:1901335]; organophosphate catabolic process [GO:0046434]; phosphatidylcholine metabolic process [GO:0046470]; positive regulation of cholesterol efflux [GO:0010875]; response to toxic substance [GO:0009636],blood microparticle [GO:0072562]; endoplasmic reticulum membrane [GO:0005789]; extracellular exosome [GO:0070062]; extracellular region [GO:0005576]; extracellular space [GO:0005615]; high-density lipoprotein particle [GO:0034364]; spherical high-density lipoprotein particle [GO:0034366],blood microparticle [GO:0072562]; endoplasmic reticulum membrane [GO:0005789]; extracellular exosome [GO:0070062]; extracellular region [GO:0005576]; extracellular space [GO:0005615]; high-density lipoprotein particle [GO:0034364]; spherical high-density lipoprotein particle [GO:0034366]; acyl-L-homoserine-lactone lactonohydrolase activity [GO:0102007]; aryldialkylphosphatase activity [GO:0004063]; arylesterase activity [GO:0004064]; calcium ion binding [GO:0005509]; phospholipid binding [GO:0005543]; protein homodimerization activity [GO:0042803]; carboxylic acid catabolic process [GO:0046395]; cholesterol metabolic process [GO:0008203]; lactone catabolic process [GO:1901335]; organophosphate catabolic process [GO:0046434]; phosphatidylcholine metabolic process [GO:0046470]; positive regulation of cholesterol efflux [GO:0010875]; response to toxic substance [GO:0009636],acyl-L-homoserine-lactone lactonohydrolase activity [GO:0102007]; aryldialkylphosphatase activity [GO:0004063]; arylesterase activity [GO:0004064]; calcium ion binding [GO:0005509]; phospholipid binding [GO:0005543]; protein homodimerization activity [GO:0042803],GO:0004063; GO:0004064; GO:0005509; GO:0005543; GO:0005576; GO:0005615; GO:0005789; GO:0008203; GO:0009636; GO:0010875; GO:0034364; GO:0034366; GO:0042803; GO:0046395; GO:0046434; GO:0046470; GO:0070062; GO:0072562; GO:0102007; GO:1901335
P27348,1433T_HUMAN,14-3-3 protein theta (14-3-3 protein T-cell) (14-3-3 protein tau) (Protein HS1),YWHAQ,9606.ENSP00000371267,intracellular protein localization [GO:0008104]; negative regulation of DNA-templated transcription [GO:0045892]; negative regulation of monoatomic ion transmembrane transport [GO:0034766]; protein targeting [GO:0006605]; signal transduction [GO:0007165]; small GTPase-mediated signal transduction [GO:0007264]; substantia nigra development [GO:0021762],cytoplasm [GO:0005737]; cytosol [GO:0005829]; extracellular exosome [GO:0070062]; focal adhesion [GO:0005925]; membrane [GO:0016020]; nucleus [GO:0005634]; protein-containing complex [GO:0032991]; synapse [GO:0045202],cytoplasm [GO:0005737]; cytosol [GO:0005829]; extracellular exosome [GO:0070062]; focal adhesion [GO:0005925]; membrane [GO:0016020]; nucleus [GO:0005634]; protein-containing complex [GO:0032991]; synapse [GO:0045202]; 14-3-3 protein binding [GO:0071889]; identical protein binding [GO:0042802]; protein domain specific binding [GO:0019904]; transmembrane transporter binding [GO:0044325]; intracellular protein localization [GO:0008104]; negative regulation of DNA-templated transcription [GO:0045892]; negative regulation of monoatomic ion transmembrane transport [GO:0034766]; protein targeting [GO:0006605]; signal transduction [GO:0007165]; small GTPase-mediated signal transduction [GO:0007264]; substantia nigra development [GO:0021762],14-3-3 protein binding [GO:0071889]; identical protein binding [GO:0042802]; protein domain specific binding [GO:0019904]; transmembrane transporter binding [GO:0044325],GO:0005634; GO:0005737; GO:0005829; GO:0005925; GO:0006605; GO:0007165; GO:0007264; GO:0008104; GO:0016020; GO:0019904; GO:0021762; GO:0032991; GO:0034766; GO:0042802; GO:0044325; GO:0045202; GO:0045892; GO:0070062; GO:0071889
P28715,ERCC5_HUMAN,DNA excision repair protein ERCC-5 (EC 3.1.-.-) (DNA repair protein complementing XP-G cells) (XPG) (Xeroderma pigmentosum group G-complementing protein),ERCC5 ERCM2 XPG XPGC,9606.ENSP00000498881,"base-excision repair, AP site formation [GO:0006285]; double-strand break repair via homologous recombination [GO:0000724]; negative regulation of apoptotic process [GO:0043066]; nucleotide-excision repair [GO:0006289]; response to UV [GO:0009411]; response to UV-C [GO:0010225]; transcription-coupled nucleotide-excision repair [GO:0006283]",chromosome [GO:0005694]; nucleoplasm [GO:0005654]; nucleotide-excision repair complex [GO:0000109]; nucleus [GO:0005634]; protein-containing complex [GO:0032991],"chromosome [GO:0005694]; nucleoplasm [GO:0005654]; nucleotide-excision repair complex [GO:0000109]; nucleus [GO:0005634]; protein-containing complex [GO:0032991]; bubble DNA binding [GO:0000405]; damaged DNA binding [GO:0003684]; DNA endonuclease activity [GO:0004520]; double-stranded DNA binding [GO:0003690]; endonuclease activity [GO:0004519]; enzyme activator activity [GO:0008047]; hydrolase activity, acting on ester bonds [GO:0016788]; metal ion binding [GO:0046872]; protein homodimerization activity [GO:0042803]; protein-containing complex binding [GO:0044877]; RNA polymerase II complex binding [GO:0000993]; single-stranded DNA binding [GO:0003697]; base-excision repair, AP site formation [GO:0006285]; double-strand break repair via homologous recombination [GO:0000724]; negative regulation of apoptotic process [GO:0043066]; nucleotide-excision repair [GO:0006289]; response to UV [GO:0009411]; response to UV-C [GO:0010225]; transcription-coupled nucleotide-excision repair [GO:0006283]","bubble DNA binding [GO:0000405]; damaged DNA binding [GO:0003684]; DNA endonuclease activity [GO:0004520]; double-stranded DNA binding [GO:0003690]; endonuclease activity [GO:0004519]; enzyme activator activity [GO:0008047]; hydrolase activity, acting on ester bonds [GO:0016788]; metal ion binding [GO:0046872]; protein homodimerization activity [GO:0042803]; protein-containing complex binding [GO:0044877]; RNA polymerase II complex binding [GO:0000993]; single-stranded DNA binding [GO:0003697]",GO:0000109; GO:0000405; GO:0000724; GO:0000993; GO:0003684; GO:0003690; GO:0003697; GO:0004519; GO:0004520; GO:0005634; GO:0005654; GO:0005694; GO:0006283; GO:0006285; GO:0006289; GO:0008047; GO:0009411; GO:0010225; GO:0016788; GO:0032991; GO:0042803; GO:0043066; GO:0044877; GO:0046872
P29144,TPP2_HUMAN,Tripeptidyl-peptidase 2 (TPP-2) (EC 3.4.14.10) (Tripeptidyl aminopeptidase) (Tripeptidyl-peptidase II) (TPP-II),TPP2,9606.ENSP00000365220,intracellular amino acid homeostasis [GO:0080144]; protein polyubiquitination [GO:0000209]; proteolysis [GO:0006508],cytoplasm [GO:0005737]; cytosol [GO:0005829]; nuclear body [GO:0016604]; nucleoplasm [GO:0005654],cytoplasm [GO:0005737]; cytosol [GO:0005829]; nuclear body [GO:0016604]; nucleoplasm [GO:0005654]; aminopeptidase activity [GO:0004177]; endopeptidase activity [GO:0004175]; identical protein binding [GO:0042802]; serine-type endopeptidase activity [GO:0004252]; tripeptidyl-peptidase activity [GO:0008240]; intracellular amino acid homeostasis [GO:0080144]; protein polyubiquitination [GO:0000209]; proteolysis [GO:0006508],aminopeptidase activity [GO:0004177]; endopeptidase activity [GO:0004175]; identical protein binding [GO:0042802]; serine-type endopeptidase activity [GO:0004252]; tripeptidyl-peptidase activity [GO:0008240],GO:0000209; GO:0004175; GO:0004177; GO:0004252; GO:0005654; GO:0005737; GO:0005829; GO:0006508; GO:0008240; GO:0016604; GO:0042802; GO:0080144
P31749,AKT1_HUMAN,RAC-alpha serine/threonine-protein kinase (EC 2.7.11.1) (Protein kinase B) (PKB) (Protein kinase B alpha) (PKB alpha) (Proto-oncogene c-Akt) (RAC-PK-alpha),AKT1 PKB RAC,9606.ENSP00000451828,activation-induced cell death of T cells [GO:0006924]; anoikis [GO:0043276]; apoptotic mitochondrial changes [GO:0008637]; behavioral response to pain [GO:0048266]; beta-arrestin-dependent dopamine receptor signaling pathway [GO:0160213]; cell differentiation [GO:0030154]; cell migration involved in sprouting angiogenesis [GO:0002042]; cell population proliferation [GO:0008283]; cellular response to decreased oxygen levels [GO:0036294]; cellular response to epidermal growth factor stimulus [GO:0071364]; cellular response to granulocyte macrophage colony-stimulating factor stimulus [GO:0097011]; cellular response to insulin stimulus [GO:0032869]; cellular response to nerve growth factor stimulus [GO:1990090]; cellular response to oxidised low-density lipoprotein particle stimulus [GO:0140052]; cellular response to peptide [GO:1901653]; cellular response to prostaglandin E stimulus [GO:0071380]; cellular response to rapamycin [GO:0072752]; cellular response to stress [GO:0033554]; cellular response to tumor necrosis factor [GO:0071356]; cellular response to vascular endothelial growth factor stimulus [GO:0035924]; complement receptor mediated signaling pathway [GO:0002430]; cytokine-mediated signaling pathway [GO:0019221]; epidermal growth factor receptor signaling pathway [GO:0007173]; establishment of protein localization to mitochondrion [GO:0072655]; excitatory postsynaptic potential [GO:0060079]; execution phase of apoptosis [GO:0097194]; fibroblast migration [GO:0010761]; G protein-coupled receptor signaling pathway [GO:0007186]; gene expression [GO:0010467]; glucose homeostasis [GO:0042593]; glucose metabolic process [GO:0006006]; glycogen biosynthetic process [GO:0005978]; inflammatory response [GO:0006954]; insulin receptor signaling pathway [GO:0008286]; insulin-like growth factor receptor signaling pathway [GO:0048009]; interleukin-18-mediated signaling pathway [GO:0035655]; intracellular signal transduction [GO:0035556]; labyrinthine layer blood vessel development [GO:0060716]; lipopolysaccharide-mediated signaling pathway [GO:0031663]; maintenance of protein location in mitochondrion [GO:0072656]; mammalian oogenesis stage [GO:0022605]; mammary gland epithelial cell differentiation [GO:0060644]; maternal placenta development [GO:0001893]; negative regulation of apoptotic process [GO:0043066]; negative regulation of autophagy [GO:0010507]; negative regulation of cGAS/STING signaling pathway [GO:0160049]; negative regulation of cilium assembly [GO:1902018]; negative regulation of extrinsic apoptotic signaling pathway in absence of ligand [GO:2001240]; negative regulation of fatty acid beta-oxidation [GO:0031999]; negative regulation of hydrogen peroxide-induced neuron intrinsic apoptotic signaling pathway [GO:1903384]; negative regulation of leukocyte cell-cell adhesion [GO:1903038]; negative regulation of long-chain fatty acid import across plasma membrane [GO:0010748]; negative regulation of lymphocyte migration [GO:2000402]; negative regulation of macroautophagy [GO:0016242]; negative regulation of Notch signaling pathway [GO:0045746]; negative regulation of oxidative stress-induced intrinsic apoptotic signaling pathway [GO:1902176]; negative regulation of PERK-mediated unfolded protein response [GO:1903898]; negative regulation of protein localization to lysosome [GO:0150033]; negative regulation of protein maturation [GO:1903318]; negative regulation of protein ubiquitination [GO:0031397]; negative regulation of proteolysis [GO:0045861]; negative regulation of release of cytochrome c from mitochondria [GO:0090201]; nitric oxide biosynthetic process [GO:0006809]; nitric oxide metabolic process [GO:0046209]; osteoblast differentiation [GO:0001649]; peptidyl-serine phosphorylation [GO:0018105]; peptidyl-threonine phosphorylation [GO:0018107]; peripheral nervous system myelin maintenance [GO:0032287]; phosphatidylinositol 3-kinase/protein kinase B signal transduction [GO:0043491]; phosphorylation [GO:0016310]; positive regulation of anaphase-promoting complex-dependent catabolic process [GO:1905786]; positive regulation of blood vessel endothelial cell migration [GO:0043536]; positive regulation of cell growth [GO:0030307]; positive regulation of cell migration [GO:0030335]; positive regulation of D-glucose import [GO:0046326]; positive regulation of endodeoxyribonuclease activity [GO:0032079]; positive regulation of endothelial cell migration [GO:0010595]; positive regulation of endothelial cell proliferation [GO:0001938]; positive regulation of fat cell differentiation [GO:0045600]; positive regulation of fibroblast migration [GO:0010763]; positive regulation of G1/S transition of mitotic cell cycle [GO:1900087]; positive regulation of gene expression [GO:0010628]; positive regulation of glucose metabolic process [GO:0010907]; positive regulation of glycogen biosynthetic process [GO:0045725]; positive regulation of lipid biosynthetic process [GO:0046889]; positive regulation of nitric oxide biosynthetic process [GO:0045429]; positive regulation of organ growth [GO:0046622]; positive regulation of peptidyl-serine phosphorylation [GO:0033138]; positive regulation of proteasomal ubiquitin-dependent protein catabolic process [GO:0032436]; positive regulation of protein localization to cell surface [GO:2000010]; positive regulation of protein localization to endoplasmic reticulum [GO:1905552]; positive regulation of protein localization to nucleus [GO:1900182]; positive regulation of protein localization to plasma membrane [GO:1903078]; positive regulation of protein metabolic process [GO:0051247]; positive regulation of smooth muscle cell proliferation [GO:0048661]; positive regulation of sodium ion transport [GO:0010765]; positive regulation of TORC1 signaling [GO:1904263]; positive regulation of TORC2 signaling [GO:1904515]; positive regulation of transcription by RNA polymerase II [GO:0045944]; proteasome-mediated ubiquitin-dependent protein catabolic process [GO:0043161]; protein autophosphorylation [GO:0046777]; protein import into nucleus [GO:0006606]; protein phosphorylation [GO:0006468]; protein ubiquitination [GO:0016567]; regulation of apoptotic process [GO:0042981]; regulation of cell migration [GO:0030334]; regulation of glycogen biosynthetic process [GO:0005979]; regulation of mRNA stability [GO:0043488]; regulation of myelination [GO:0031641]; regulation of neuron projection development [GO:0010975]; regulation of postsynapse organization [GO:0099175]; regulation of signal transduction by p53 class mediator [GO:1901796]; regulation of translation [GO:0006417]; regulation of tRNA methylation [GO:0110002]; regulation of type B pancreatic cell development [GO:2000074]; response to fluid shear stress [GO:0034405]; response to food [GO:0032094]; response to growth factor [GO:0070848]; response to growth hormone [GO:0060416]; response to heat [GO:0009408]; response to insulin-like growth factor stimulus [GO:1990418]; response to oxidative stress [GO:0006979]; response to UV-A [GO:0070141]; signal transduction [GO:0007165]; sphingosine-1-phosphate receptor signaling pathway [GO:0003376]; striated muscle cell differentiation [GO:0051146]; T cell costimulation [GO:0031295]; TOR signaling [GO:0031929]; vascular endothelial cell response to laminar fluid shear stress [GO:0097700],cell cortex [GO:0005938]; cell-cell junction [GO:0005911]; ciliary basal body [GO:0036064]; cilium [GO:0005929]; cytoplasm [GO:0005737]; cytosol [GO:0005829]; glutamatergic synapse [GO:0098978]; lamellipodium [GO:0030027]; membrane [GO:0016020]; microtubule cytoskeleton [GO:0015630]; mitochondrial intermembrane space [GO:0005758]; mitochondrion [GO:0005739]; nucleoplasm [GO:0005654]; nucleus [GO:0005634]; perinuclear theca [GO:0033011]; plasma membrane [GO:0005886]; postsynapse [GO:0098794]; protein-containing complex [GO:0032991]; sperm end piece [GO:0097229]; sperm glycocalyx [GO:0120238]; sperm principal piece [GO:0097228]; spindle [GO:0005819]; vesicle [GO:0031982],"cell cortex [GO:0005938]; cell-cell junction [GO:0005911]; ciliary basal body [GO:0036064]; cilium [GO:0005929]; cytoplasm [GO:0005737]; cytosol [GO:0005829]; glutamatergic synapse [GO:0098978]; lamellipodium [GO:0030027]; membrane [GO:0016020]; microtubule cytoskeleton [GO:0015630]; mitochondrial intermembrane space [GO:0005758]; mitochondrion [GO:0005739]; nucleoplasm [GO:0005654]; nucleus [GO:0005634]; perinuclear theca [GO:0033011]; plasma membrane [GO:0005886]; postsynapse [GO:0098794]; protein-containing complex [GO:0032991]; sperm end piece [GO:0097229]; sperm glycocalyx [GO:0120238]; sperm principal piece [GO:0097228]; spindle [GO:0005819]; vesicle [GO:0031982]; 14-3-3 protein binding [GO:0071889]; ATP binding [GO:0005524]; calmodulin binding [GO:0005516]; enzyme binding [GO:0019899]; identical protein binding [GO:0042802]; kinase activity [GO:0016301]; kinase binding [GO:0019900]; nitric-oxide synthase regulator activity [GO:0030235]; phosphatidylinositol-3,4,5-trisphosphate binding [GO:0005547]; phosphatidylinositol-3,4-bisphosphate binding [GO:0043325]; potassium channel activator activity [GO:0099104]; protein homodimerization activity [GO:0042803]; protein kinase activity [GO:0004672]; protein kinase binding [GO:0019901]; protein serine kinase activity [GO:0106310]; protein serine/threonine kinase activity [GO:0004674]; protein serine/threonine kinase inhibitor activity [GO:0030291]; protein serine/threonine/tyrosine kinase activity [GO:0004712]; TORC2 complex binding [GO:1904841]; activation-induced cell death of T cells [GO:0006924]; anoikis [GO:0043276]; apoptotic mitochondrial changes [GO:0008637]; behavioral response to pain [GO:0048266]; beta-arrestin-dependent dopamine receptor signaling pathway [GO:0160213]; cell differentiation [GO:0030154]; cell migration involved in sprouting angiogenesis [GO:0002042]; cell population proliferation [GO:0008283]; cellular response to decreased oxygen levels [GO:0036294]; cellular response to epidermal growth factor stimulus [GO:0071364]; cellular response to granulocyte macrophage colony-stimulating factor stimulus [GO:0097011]; cellular response to insulin stimulus [GO:0032869]; cellular response to nerve growth factor stimulus [GO:1990090]; cellular response to oxidised low-density lipoprotein particle stimulus [GO:0140052]; cellular response to peptide [GO:1901653]; cellular response to prostaglandin E stimulus [GO:0071380]; cellular response to rapamycin [GO:0072752]; cellular response to stress [GO:0033554]; cellular response to tumor necrosis factor [GO:0071356]; cellular response to vascular endothelial growth factor stimulus [GO:0035924]; complement receptor mediated signaling pathway [GO:0002430]; cytokine-mediated signaling pathway [GO:0019221]; epidermal growth factor receptor signaling pathway [GO:0007173]; establishment of protein localization to mitochondrion [GO:0072655]; excitatory postsynaptic potential [GO:0060079]; execution phase of apoptosis [GO:0097194]; fibroblast migration [GO:0010761]; G protein-coupled receptor signaling pathway [GO:0007186]; gene expression [GO:0010467]; glucose homeostasis [GO:0042593]; glucose metabolic process [GO:0006006]; glycogen biosynthetic process [GO:0005978]; inflammatory response [GO:0006954]; insulin receptor signaling pathway [GO:0008286]; insulin-like growth factor receptor signaling pathway [GO:0048009]; interleukin-18-mediated signaling pathway [GO:0035655]; intracellular signal transduction [GO:0035556]; labyrinthine layer blood vessel development [GO:0060716]; lipopolysaccharide-mediated signaling pathway [GO:0031663]; maintenance of protein location in mitochondrion [GO:0072656]; mammalian oogenesis stage [GO:0022605]; mammary gland epithelial cell differentiation [GO:0060644]; maternal placenta development [GO:0001893]; negative regulation of apoptotic process [GO:0043066]; negative regulation of autophagy [GO:0010507]; negative regulation of cGAS/STING signaling pathway [GO:0160049]; negative regulation of cilium assembly [GO:1902018]; negative regulation of extrinsic apoptotic signaling pathway in absence of ligand [GO:2001240]; negative regulation of fatty acid beta-oxidation [GO:0031999]; negative regulation of hydrogen peroxide-induced neuron intrinsic apoptotic signaling pathway [GO:1903384]; negative regulation of leukocyte cell-cell adhesion [GO:1903038]; negative regulation of long-chain fatty acid import across plasma membrane [GO:0010748]; negative regulation of lymphocyte migration [GO:2000402]; negative regulation of macroautophagy [GO:0016242]; negative regulation of Notch signaling pathway [GO:0045746]; negative regulation of oxidative stress-induced intrinsic apoptotic signaling pathway [GO:1902176]; negative regulation of PERK-mediated unfolded protein response [GO:1903898]; negative regulation of protein localization to lysosome [GO:0150033]; negative regulation of protein maturation [GO:1903318]; negative regulation of protein ubiquitination [GO:0031397]; negative regulation of proteolysis [GO:0045861]; negative regulation of release of cytochrome c from mitochondria [GO:0090201]; nitric oxide biosynthetic process [GO:0006809]; nitric oxide metabolic process [GO:0046209]; osteoblast differentiation [GO:0001649]; peptidyl-serine phosphorylation [GO:0018105]; peptidyl-threonine phosphorylation [GO:0018107]; peripheral nervous system myelin maintenance [GO:0032287]; phosphatidylinositol 3-kinase/protein kinase B signal transduction [GO:0043491]; phosphorylation [GO:0016310]; positive regulation of anaphase-promoting complex-dependent catabolic process [GO:1905786]; positive regulation of blood vessel endothelial cell migration [GO:0043536]; positive regulation of cell growth [GO:0030307]; positive regulation of cell migration [GO:0030335]; positive regulation of D-glucose import [GO:0046326]; positive regulation of endodeoxyribonuclease activity [GO:0032079]; positive regulation of endothelial cell migration [GO:0010595]; positive regulation of endothelial cell proliferation [GO:0001938]; positive regulation of fat cell differentiation [GO:0045600]; positive regulation of fibroblast migration [GO:0010763]; positive regulation of G1/S transition of mitotic cell cycle [GO:1900087]; positive regulation of gene expression [GO:0010628]; positive regulation of glucose metabolic process [GO:0010907]; positive regulation of glycogen biosynthetic process [GO:0045725]; positive regulation of lipid biosynthetic process [GO:0046889]; positive regulation of nitric oxide biosynthetic process [GO:0045429]; positive regulation of organ growth [GO:0046622]; positive regulation of peptidyl-serine phosphorylation [GO:0033138]; positive regulation of proteasomal ubiquitin-dependent protein catabolic process [GO:0032436]; positive regulation of protein localization to cell surface [GO:2000010]; positive regulation of protein localization to endoplasmic reticulum [GO:1905552]; positive regulation of protein localization to nucleus [GO:1900182]; positive regulation of protein localization to plasma membrane [GO:1903078]; positive regulation of protein metabolic process [GO:0051247]; positive regulation of smooth muscle cell proliferation [GO:0048661]; positive regulation of sodium ion transport [GO:0010765]; positive regulation of TORC1 signaling [GO:1904263]; positive regulation of TORC2 signaling [GO:1904515]; positive regulation of transcription by RNA polymerase II [GO:0045944]; proteasome-mediated ubiquitin-dependent protein catabolic process [GO:0043161]; protein autophosphorylation [GO:0046777]; protein import into nucleus [GO:0006606]; protein phosphorylation [GO:0006468]; protein ubiquitination [GO:0016567]; regulation of apoptotic process [GO:0042981]; regulation of cell migration [GO:0030334]; regulation of glycogen biosynthetic process [GO:0005979]; regulation of mRNA stability [GO:0043488]; regulation of myelination [GO:0031641]; regulation of neuron projection development [GO:0010975]; regulation of postsynapse organization [GO:0099175]; regulation of signal transduction by p53 class mediator [GO:1901796]; regulation of translation [GO:0006417]; regulation of tRNA methylation [GO:0110002]; regulation of type B pancreatic cell development [GO:2000074]; response to fluid shear stress [GO:0034405]; response to food [GO:0032094]; response to growth factor [GO:0070848]; response to growth hormone [GO:0060416]; response to heat [GO:0009408]; response to insulin-like growth factor stimulus [GO:1990418]; response to oxidative stress [GO:0006979]; response to UV-A [GO:0070141]; signal transduction [GO:0007165]; sphingosine-1-phosphate receptor signaling pathway [GO:0003376]; striated muscle cell differentiation [GO:0051146]; T cell costimulation [GO:0031295]; TOR signaling [GO:0031929]; vascular endothelial cell response to laminar fluid shear stress [GO:0097700]","14-3-3 protein binding [GO:0071889]; ATP binding [GO:0005524]; calmodulin binding [GO:0005516]; enzyme binding [GO:0019899]; identical protein binding [GO:0042802]; kinase activity [GO:0016301]; kinase binding [GO:0019900]; nitric-oxide synthase regulator activity [GO:0030235]; phosphatidylinositol-3,4,5-trisphosphate binding [GO:0005547]; phosphatidylinositol-3,4-bisphosphate binding [GO:0043325]; potassium channel activator activity [GO:0099104]; protein homodimerization activity [GO:0042803]; protein kinase activity [GO:0004672]; protein kinase binding [GO:0019901]; protein serine kinase activity [GO:0106310]; protein serine/threonine kinase activity [GO:0004674]; protein serine/threonine kinase inhibitor activity [GO:0030291]; protein serine/threonine/tyrosine kinase activity [GO:0004712]; TORC2 complex binding [GO:1904841]",GO:0001649; GO:0001893; GO:0001938; GO:0002042; GO:0002430; GO:0003376; GO:0004672; GO:0004674; GO:0004712; GO:0005516; GO:0005524; GO:0005547; GO:0005634; GO:0005654; GO:0005737; GO:0005739; GO:0005758; GO:0005819; GO:0005829; GO:0005886; GO:0005911; GO:0005929; GO:0005938; GO:0005978; GO:0005979; GO:0006006; GO:0006417; GO:0006468; GO:0006606; GO:0006809; GO:0006924; GO:0006954; GO:0006979; GO:0007165; GO:0007173; GO:0007186; GO:0008283; GO:0008286; GO:0008637; GO:0009408; GO:0010467; GO:0010507; GO:0010595; GO:0010628; GO:0010748; GO:0010761; GO:0010763; GO:0010765; GO:0010907; GO:0010975; GO:0015630; GO:0016020; GO:0016242; GO:0016301; GO:0016310; GO:0016567; GO:0018105; GO:0018107; GO:0019221; GO:0019899; GO:0019900; GO:0019901; GO:0022605; GO:0030027; GO:0030154; GO:0030235; GO:0030291; GO:0030307; GO:0030334; GO:0030335; GO:0031295; GO:0031397; GO:0031641; GO:0031663; GO:0031929; GO:0031982; GO:0031999; GO:0032079; GO:0032094; GO:0032287; GO:0032436; GO:0032869; GO:0032991; GO:0033011; GO:0033138; GO:0033554; GO:0034405; GO:0035556; GO:0035655; GO:0035924; GO:0036064; GO:0036294; GO:0042593; GO:0042802; GO:0042803; GO:0042981; GO:0043066; GO:0043161; GO:0043276; GO:0043325; GO:0043488; GO:0043491; GO:0043536; GO:0045429; GO:0045600; GO:0045725; GO:0045746; GO:0045861; GO:0045944; GO:0046209; GO:0046326; GO:0046622; GO:0046777; GO:0046889; GO:0048009; GO:0048266; GO:0048661; GO:0051146; GO:0051247; GO:0060079; GO:0060416; GO:0060644; GO:0060716; GO:0070141; GO:0070848; GO:0071356; GO:0071364; GO:0071380; GO:0071889; GO:0072655; GO:0072656; GO:0072752; GO:0090201; GO:0097011; GO:0097194; GO:0097228; GO:0097229; GO:0097700; GO:0098794; GO:0098978; GO:0099104; GO:0099175; GO:0106310; GO:0110002; GO:0120238; GO:0140052; GO:0150033; GO:0160049; GO:0160213; GO:1900087; GO:1900182; GO:1901653; GO:1901796; GO:1902018; GO:1902176; GO:1903038; GO:1903078; GO:1903318; GO:1903384; GO:1903898; GO:1904263; GO:1904515; GO:1904841; GO:1905552; GO:1905786; GO:1990090; GO:1990418; GO:2000010; GO:2000074; GO:2000402; GO:2001240
P33897,ABCD1_HUMAN,ATP-binding cassette sub-family D member 1 (EC 3.1.2.-) (EC 7.6.2.-) (Adrenoleukodystrophy protein) (ALDP),ABCD1 ALD,9606.ENSP00000218104,alpha-linolenic acid metabolic process [GO:0036109]; fatty acid beta-oxidation [GO:0006635]; fatty acid derivative biosynthetic process [GO:1901570]; fatty acid elongation [GO:0030497]; fatty acid homeostasis [GO:0055089]; linoleic acid metabolic process [GO:0043651]; long-chain fatty acid biosynthetic process [GO:0042759]; long-chain fatty acid catabolic process [GO:0042758]; long-chain fatty acid import into peroxisome [GO:0015910]; myelin maintenance [GO:0043217]; negative regulation of cytokine production involved in inflammatory response [GO:1900016]; negative regulation of reactive oxygen species biosynthetic process [GO:1903427]; neuron projection maintenance [GO:1990535]; peroxisomal membrane transport [GO:0015919]; peroxisome organization [GO:0007031]; positive regulation of fatty acid beta-oxidation [GO:0032000]; positive regulation of unsaturated fatty acid biosynthetic process [GO:2001280]; regulation of cellular response to oxidative stress [GO:1900407]; regulation of fatty acid beta-oxidation [GO:0031998]; regulation of mitochondrial depolarization [GO:0051900]; regulation of oxidative phosphorylation [GO:0002082]; sterol homeostasis [GO:0055092]; unsaturated fatty acid biosynthetic process [GO:0006636]; very long-chain fatty acid catabolic process [GO:0042760]; very long-chain fatty acid metabolic process [GO:0000038]; very long-chain fatty-acyl-CoA catabolic process [GO:0036113],cytoplasm [GO:0005737]; cytosol [GO:0005829]; endoplasmic reticulum membrane [GO:0005789]; lysosomal membrane [GO:0005765]; membrane [GO:0016020]; mitochondrial membrane [GO:0031966]; perinuclear region of cytoplasm [GO:0048471]; peroxisomal membrane [GO:0005778]; peroxisome [GO:0005777],cytoplasm [GO:0005737]; cytosol [GO:0005829]; endoplasmic reticulum membrane [GO:0005789]; lysosomal membrane [GO:0005765]; membrane [GO:0016020]; mitochondrial membrane [GO:0031966]; perinuclear region of cytoplasm [GO:0048471]; peroxisomal membrane [GO:0005778]; peroxisome [GO:0005777]; ABC-type fatty-acyl-CoA transporter activity [GO:0015607]; ADP binding [GO:0043531]; ATP binding [GO:0005524]; ATP hydrolysis activity [GO:0016887]; ATPase-coupled transmembrane transporter activity [GO:0042626]; enzyme binding [GO:0019899]; fatty acyl-CoA hydrolase activity [GO:0047617]; identical protein binding [GO:0042802]; long-chain fatty acid transmembrane transporter activity [GO:0005324]; protein homodimerization activity [GO:0042803]; very long-chain fatty acyl-CoA hydrolase activity [GO:0052817]; alpha-linolenic acid metabolic process [GO:0036109]; fatty acid beta-oxidation [GO:0006635]; fatty acid derivative biosynthetic process [GO:1901570]; fatty acid elongation [GO:0030497]; fatty acid homeostasis [GO:0055089]; linoleic acid metabolic process [GO:0043651]; long-chain fatty acid biosynthetic process [GO:0042759]; long-chain fatty acid catabolic process [GO:0042758]; long-chain fatty acid import into peroxisome [GO:0015910]; myelin maintenance [GO:0043217]; negative regulation of cytokine production involved in inflammatory response [GO:1900016]; negative regulation of reactive oxygen species biosynthetic process [GO:1903427]; neuron projection maintenance [GO:1990535]; peroxisomal membrane transport [GO:0015919]; peroxisome organization [GO:0007031]; positive regulation of fatty acid beta-oxidation [GO:0032000]; positive regulation of unsaturated fatty acid biosynthetic process [GO:2001280]; regulation of cellular response to oxidative stress [GO:1900407]; regulation of fatty acid beta-oxidation [GO:0031998]; regulation of mitochondrial depolarization [GO:0051900]; regulation of oxidative phosphorylation [GO:0002082]; sterol homeostasis [GO:0055092]; unsaturated fatty acid biosynthetic process [GO:0006636]; very long-chain fatty acid catabolic process [GO:0042760]; very long-chain fatty acid metabolic process [GO:0000038]; very long-chain fatty-acyl-CoA catabolic process [GO:0036113],ABC-type fatty-acyl-CoA transporter activity [GO:0015607]; ADP binding [GO:0043531]; ATP binding [GO:0005524]; ATP hydrolysis activity [GO:0016887]; ATPase-coupled transmembrane transporter activity [GO:0042626]; enzyme binding [GO:0019899]; fatty acyl-CoA hydrolase activity [GO:0047617]; identical protein binding [GO:0042802]; long-chain fatty acid transmembrane transporter activity [GO:0005324]; protein homodimerization activity [GO:0042803]; very long-chain fatty acyl-CoA hydrolase activity [GO:0052817],GO:0000038; GO:0002082; GO:0005324; GO:0005524; GO:0005737; GO:0005765; GO:0005777; GO:0005778; GO:0005789; GO:0005829; GO:0006635; GO:0006636; GO:0007031; GO:0015607; GO:0015910; GO:0015919; GO:0016020; GO:0016887; GO:0019899; GO:0030497; GO:0031966; GO:0031998; GO:0032000; GO:0036109; GO:0036113; GO:0042626; GO:0042758; GO:0042759; GO:0042760; GO:0042802; GO:0042803; GO:0043217; GO:0043531; GO:0043651; GO:0047617; GO:0048471; GO:0051900; GO:0052817; GO:0055089; GO:0055092; GO:1900016; GO:1900407; GO:1901570; GO:1903427; GO:1990535; GO:2001280
P39210,MPV17_HUMAN,Mitochondrial inner membrane protein Mpv17 (Protein Mpv17),MPV17,9606.ENSP00000369383,glomerular basement membrane development [GO:0032836]; inner ear development [GO:0048839]; regulation of mitochondrial DNA metabolic process [GO:1901858],cytoplasm [GO:0005737]; cytosol [GO:0005829]; mitochondrial inner membrane [GO:0005743]; mitochondrion [GO:0005739]; peroxisomal membrane [GO:0005778]; peroxisome [GO:0005777],cytoplasm [GO:0005737]; cytosol [GO:0005829]; mitochondrial inner membrane [GO:0005743]; mitochondrion [GO:0005739]; peroxisomal membrane [GO:0005778]; peroxisome [GO:0005777]; channel activity [GO:0015267]; glomerular basement membrane development [GO:0032836]; inner ear development [GO:0048839]; regulation of mitochondrial DNA metabolic process [GO:1901858],channel activity [GO:0015267],GO:0005737; GO:0005739; GO:0005743; GO:0005777; GO:0005778; GO:0005829; GO:0015267; GO:0032836; GO:0048839; GO:1901858
P41222,PTGDS_HUMAN,Prostaglandin-H2 D-isomerase (EC 5.3.99.2) (Beta-trace protein) (Cerebrin-28) (Glutathione-independent PGD synthase) (Lipocalin-type prostaglandin-D synthase) (L-PGDS) (Prostaglandin-D2 synthase) (PGD2 synthase) (PGDS) (PGDS2),PTGDS PDS,9606.ENSP00000360687,"cyclooxygenase pathway [GO:0019371]; gene expression [GO:0010467]; mast cell degranulation [GO:0043303]; negative regulation of male germ cell proliferation [GO:2000255]; prostaglandin biosynthetic process [GO:0001516]; prostanoid biosynthetic process [GO:0046457]; regulation of circadian sleep/wake cycle, sleep [GO:0045187]; response to glucocorticoid [GO:0051384]",endoplasmic reticulum membrane [GO:0005789]; extracellular exosome [GO:0070062]; extracellular region [GO:0005576]; extracellular space [GO:0005615]; Golgi apparatus [GO:0005794]; nuclear membrane [GO:0031965]; perinuclear region of cytoplasm [GO:0048471]; rough endoplasmic reticulum [GO:0005791],"endoplasmic reticulum membrane [GO:0005789]; extracellular exosome [GO:0070062]; extracellular region [GO:0005576]; extracellular space [GO:0005615]; Golgi apparatus [GO:0005794]; nuclear membrane [GO:0031965]; perinuclear region of cytoplasm [GO:0048471]; rough endoplasmic reticulum [GO:0005791]; fatty acid binding [GO:0005504]; prostaglandin-D synthase activity [GO:0004667]; retinoid binding [GO:0005501]; cyclooxygenase pathway [GO:0019371]; gene expression [GO:0010467]; mast cell degranulation [GO:0043303]; negative regulation of male germ cell proliferation [GO:2000255]; prostaglandin biosynthetic process [GO:0001516]; prostanoid biosynthetic process [GO:0046457]; regulation of circadian sleep/wake cycle, sleep [GO:0045187]; response to glucocorticoid [GO:0051384]",fatty acid binding [GO:0005504]; prostaglandin-D synthase activity [GO:0004667]; retinoid binding [GO:0005501],GO:0001516; GO:0004667; GO:0005501; GO:0005504; GO:0005576; GO:0005615; GO:0005789; GO:0005791; GO:0005794; GO:0010467; GO:0019371; GO:0031965; GO:0043303; GO:0045187; GO:0046457; GO:0048471; GO:0051384; GO:0070062; GO:2000255
P43026,GDF5_HUMAN,Growth/differentiation factor 5 (GDF-5) (Bone morphogenetic protein 14) (BMP-14) (Cartilage-derived morphogenetic protein 1) (CDMP-1) (Lipopolysaccharide-associated protein 4) (LAP-4) (LPS-associated protein 4) (Radotermin),GDF5 BMP14 CDMP1,9606.ENSP00000363492,BMP signaling pathway [GO:0030509]; cell-cell signaling [GO:0007267]; chondroblast differentiation [GO:0060591]; chondrocyte differentiation [GO:0002062]; embryonic limb morphogenesis [GO:0030326]; forelimb morphogenesis [GO:0035136]; hindlimb morphogenesis [GO:0035137]; mesenchymal cell apoptotic process [GO:0097152]; negative regulation of chondrocyte differentiation [GO:0032331]; negative regulation of epithelial cell proliferation [GO:0050680]; negative regulation of mesenchymal cell apoptotic process [GO:2001054]; negative regulation of neuron apoptotic process [GO:0043524]; ossification involved in bone remodeling [GO:0043932]; positive regulation of BMP signaling pathway [GO:0030513]; positive regulation of chondrocyte differentiation [GO:0032332]; positive regulation of neuron differentiation [GO:0045666]; positive regulation of SMAD protein signal transduction [GO:0060391]; regulation of multicellular organism growth [GO:0040014]; response to mechanical stimulus [GO:0009612]; transforming growth factor beta receptor signaling pathway [GO:0007179],extracellular region [GO:0005576]; extracellular space [GO:0005615]; plasma membrane [GO:0005886],extracellular region [GO:0005576]; extracellular space [GO:0005615]; plasma membrane [GO:0005886]; BMP binding [GO:0036122]; cytokine activity [GO:0005125]; growth factor activity [GO:0008083]; identical protein binding [GO:0042802]; BMP signaling pathway [GO:0030509]; cell-cell signaling [GO:0007267]; chondroblast differentiation [GO:0060591]; chondrocyte differentiation [GO:0002062]; embryonic limb morphogenesis [GO:0030326]; forelimb morphogenesis [GO:0035136]; hindlimb morphogenesis [GO:0035137]; mesenchymal cell apoptotic process [GO:0097152]; negative regulation of chondrocyte differentiation [GO:0032331]; negative regulation of epithelial cell proliferation [GO:0050680]; negative regulation of mesenchymal cell apoptotic process [GO:2001054]; negative regulation of neuron apoptotic process [GO:0043524]; ossification involved in bone remodeling [GO:0043932]; positive regulation of BMP signaling pathway [GO:0030513]; positive regulation of chondrocyte differentiation [GO:0032332]; positive regulation of neuron differentiation [GO:0045666]; positive regulation of SMAD protein signal transduction [GO:0060391]; regulation of multicellular organism growth [GO:0040014]; response to mechanical stimulus [GO:0009612]; transforming growth factor beta receptor signaling pathway [GO:0007179],BMP binding [GO:0036122]; cytokine activity [GO:0005125]; growth factor activity [GO:0008083]; identical protein binding [GO:0042802],GO:0002062; GO:0005125; GO:0005576; GO:0005615; GO:0005886; GO:0007179; GO:0007267; GO:0008083; GO:0009612; GO:0030326; GO:0030509; GO:0030513; GO:0032331; GO:0032332; GO:0035136; GO:0035137; GO:0036122; GO:0040014; GO:0042802; GO:0043524; GO:0043932; GO:0045666; GO:0050680; GO:0060391; GO:0060591; GO:0097152; GO:2001054
P48960,AGRE5_HUMAN,Adhesion G protein-coupled receptor E5 (Leukocyte antigen CD97) (CD antigen CD97) [Cleaved into: Adhesion G protein-coupled receptor E5 subunit alpha; Adhesion G protein-coupled receptor E5 subunit beta],ADGRE5 CD97,9606.ENSP00000242786,cell adhesion [GO:0007155]; cell surface receptor signaling pathway [GO:0007166]; cell-cell signaling [GO:0007267]; G protein-coupled receptor signaling pathway [GO:0007186]; immune response [GO:0006955]; inflammatory response [GO:0006954],extracellular exosome [GO:0070062]; focal adhesion [GO:0005925]; membrane [GO:0016020]; plasma membrane [GO:0005886]; secretory granule membrane [GO:0030667],extracellular exosome [GO:0070062]; focal adhesion [GO:0005925]; membrane [GO:0016020]; plasma membrane [GO:0005886]; secretory granule membrane [GO:0030667]; calcium ion binding [GO:0005509]; G protein-coupled receptor activity [GO:0004930]; transmembrane signaling receptor activity [GO:0004888]; cell adhesion [GO:0007155]; cell surface receptor signaling pathway [GO:0007166]; cell-cell signaling [GO:0007267]; G protein-coupled receptor signaling pathway [GO:0007186]; immune response [GO:0006955]; inflammatory response [GO:0006954],calcium ion binding [GO:0005509]; G protein-coupled receptor activity [GO:0004930]; transmembrane signaling receptor activity [GO:0004888],GO:0004888; GO:0004930; GO:0005509; GO:0005886; GO:0005925; GO:0006954; GO:0006955; GO:0007155; GO:0007166; GO:0007186; GO:0007267; GO:0016020; GO:0030667; GO:0070062
P49768,PSN1_HUMAN,Presenilin-1 (PS-1) (EC 3.4.23.-) (Protein S182) [Cleaved into: Presenilin-1 NTF subunit; Presenilin-1 CTF subunit; Presenilin-1 CTF12 (PS1-CTF12)],PSEN1 AD3 PS1 PSNL1,9606.ENSP00000326366,"amyloid precursor protein catabolic process [GO:0042987]; amyloid precursor protein metabolic process [GO:0042982]; amyloid-beta formation [GO:0034205]; apoptotic signaling pathway [GO:0097190]; astrocyte activation [GO:0048143]; astrocyte activation involved in immune response [GO:0002265]; autophagosome assembly [GO:0000045]; blood vessel development [GO:0001568]; brain morphogenesis [GO:0048854]; Cajal-Retzius cell differentiation [GO:0021870]; calcium ion homeostasis [GO:0055074]; cell fate specification [GO:0001708]; cell-cell adhesion [GO:0098609]; cellular response to amyloid-beta [GO:1904646]; cerebellum development [GO:0021549]; cerebral cortex cell migration [GO:0021795]; choline transport [GO:0015871]; DNA damage response [GO:0006974]; dorsal/ventral neural tube patterning [GO:0021904]; embryonic limb morphogenesis [GO:0030326]; endoplasmic reticulum calcium ion homeostasis [GO:0032469]; epithelial cell proliferation [GO:0050673]; heart looping [GO:0001947]; hematopoietic progenitor cell differentiation [GO:0002244]; intracellular signal transduction [GO:0035556]; L-glutamate import across plasma membrane [GO:0098712]; learning or memory [GO:0007611]; locomotion [GO:0040011]; membrane protein ectodomain proteolysis [GO:0006509]; memory [GO:0007613]; mitochondrial transport [GO:0006839]; myeloid dendritic cell differentiation [GO:0043011]; negative regulation of apoptotic process [GO:0043066]; negative regulation of apoptotic signaling pathway [GO:2001234]; negative regulation of axonogenesis [GO:0050771]; negative regulation of epidermal growth factor receptor signaling pathway [GO:0042059]; negative regulation of gene expression [GO:0010629]; negative regulation of neuron apoptotic process [GO:0043524]; negative regulation of transcription by RNA polymerase II [GO:0000122]; negative regulation of ubiquitin-dependent protein catabolic process [GO:2000059]; neural retina development [GO:0003407]; neuron apoptotic process [GO:0051402]; neuron cellular homeostasis [GO:0070050]; neuron development [GO:0048666]; neuron migration [GO:0001764]; neuron projection maintenance [GO:1990535]; Notch receptor processing [GO:0007220]; Notch signaling pathway [GO:0007219]; positive regulation of amyloid fibril formation [GO:1905908]; positive regulation of apoptotic process [GO:0043065]; positive regulation of coagulation [GO:0050820]; positive regulation of dendritic spine development [GO:0060999]; positive regulation of DNA-templated transcription [GO:0045893]; positive regulation of gene expression [GO:0010628]; positive regulation of glycolytic process [GO:0045821]; positive regulation of L-glutamate import across plasma membrane [GO:0002038]; positive regulation of proteasomal ubiquitin-dependent protein catabolic process [GO:0032436]; positive regulation of receptor recycling [GO:0001921]; positive regulation of tumor necrosis factor production [GO:0032760]; post-embryonic development [GO:0009791]; protein catabolic process at postsynapse [GO:0140249]; protein processing [GO:0016485]; protein transport [GO:0015031]; regulation of canonical Wnt signaling pathway [GO:0060828]; regulation of gene expression [GO:0010468]; regulation of neuron projection development [GO:0010975]; regulation of postsynapse organization [GO:0099175]; regulation of resting membrane potential [GO:0060075]; regulation of synaptic plasticity [GO:0048167]; regulation of synaptic transmission, glutamatergic [GO:0051966]; regulation of synaptic vesicle cycle [GO:0098693]; response to oxidative stress [GO:0006979]; sequestering of calcium ion [GO:0051208]; skeletal system morphogenesis [GO:0048705]; skin morphogenesis [GO:0043589]; smooth endoplasmic reticulum calcium ion homeostasis [GO:0051563]; somitogenesis [GO:0001756]; synapse organization [GO:0050808]; synaptic vesicle targeting [GO:0016080]; T cell activation involved in immune response [GO:0002286]; T cell receptor signaling pathway [GO:0050852]; thymus development [GO:0048538]",aggresome [GO:0016235]; azurophil granule membrane [GO:0035577]; cell cortex [GO:0005938]; cell junction [GO:0030054]; cell surface [GO:0009986]; centrosome [GO:0005813]; ciliary rootlet [GO:0035253]; dendrite [GO:0030425]; dendritic shaft [GO:0043198]; early endosome membrane [GO:0031901]; endoplasmic reticulum [GO:0005783]; endoplasmic reticulum membrane [GO:0005789]; gamma-secretase complex [GO:0070765]; glutamatergic synapse [GO:0098978]; Golgi apparatus [GO:0005794]; Golgi membrane [GO:0000139]; growth cone [GO:0030426]; kinetochore [GO:0000776]; membrane [GO:0016020]; membrane raft [GO:0045121]; mitochondrial inner membrane [GO:0005743]; mitochondrion [GO:0005739]; neuromuscular junction [GO:0031594]; neuron projection [GO:0043005]; neuronal cell body [GO:0043025]; nuclear membrane [GO:0031965]; nuclear outer membrane [GO:0005640]; nucleoplasm [GO:0005654]; nucleus [GO:0005634]; plasma membrane [GO:0005886]; postsynapse [GO:0098794]; presynaptic membrane [GO:0042734]; protein-containing complex [GO:0032991]; rough endoplasmic reticulum [GO:0005791]; sarcolemma [GO:0042383]; smooth endoplasmic reticulum [GO:0005790]; synaptic vesicle [GO:0008021],"aggresome [GO:0016235]; azurophil granule membrane [GO:0035577]; cell cortex [GO:0005938]; cell junction [GO:0030054]; cell surface [GO:0009986]; centrosome [GO:0005813]; ciliary rootlet [GO:0035253]; dendrite [GO:0030425]; dendritic shaft [GO:0043198]; early endosome membrane [GO:0031901]; endoplasmic reticulum [GO:0005783]; endoplasmic reticulum membrane [GO:0005789]; gamma-secretase complex [GO:0070765]; glutamatergic synapse [GO:0098978]; Golgi apparatus [GO:0005794]; Golgi membrane [GO:0000139]; growth cone [GO:0030426]; kinetochore [GO:0000776]; membrane [GO:0016020]; membrane raft [GO:0045121]; mitochondrial inner membrane [GO:0005743]; mitochondrion [GO:0005739]; neuromuscular junction [GO:0031594]; neuron projection [GO:0043005]; neuronal cell body [GO:0043025]; nuclear membrane [GO:0031965]; nuclear outer membrane [GO:0005640]; nucleoplasm [GO:0005654]; nucleus [GO:0005634]; plasma membrane [GO:0005886]; postsynapse [GO:0098794]; presynaptic membrane [GO:0042734]; protein-containing complex [GO:0032991]; rough endoplasmic reticulum [GO:0005791]; sarcolemma [GO:0042383]; smooth endoplasmic reticulum [GO:0005790]; synaptic vesicle [GO:0008021]; aspartic endopeptidase activity, intramembrane cleaving [GO:0042500]; aspartic-type endopeptidase activity [GO:0004190]; ATPase binding [GO:0051117]; beta-catenin binding [GO:0008013]; cadherin binding [GO:0045296]; calcium channel activity [GO:0005262]; endopeptidase activity [GO:0004175]; growth factor receptor binding [GO:0070851]; molecular adaptor activity [GO:0060090]; PDZ domain binding [GO:0030165]; amyloid precursor protein catabolic process [GO:0042987]; amyloid precursor protein metabolic process [GO:0042982]; amyloid-beta formation [GO:0034205]; apoptotic signaling pathway [GO:0097190]; astrocyte activation [GO:0048143]; astrocyte activation involved in immune response [GO:0002265]; autophagosome assembly [GO:0000045]; blood vessel development [GO:0001568]; brain morphogenesis [GO:0048854]; Cajal-Retzius cell differentiation [GO:0021870]; calcium ion homeostasis [GO:0055074]; cell fate specification [GO:0001708]; cell-cell adhesion [GO:0098609]; cellular response to amyloid-beta [GO:1904646]; cerebellum development [GO:0021549]; cerebral cortex cell migration [GO:0021795]; choline transport [GO:0015871]; DNA damage response [GO:0006974]; dorsal/ventral neural tube patterning [GO:0021904]; embryonic limb morphogenesis [GO:0030326]; endoplasmic reticulum calcium ion homeostasis [GO:0032469]; epithelial cell proliferation [GO:0050673]; heart looping [GO:0001947]; hematopoietic progenitor cell differentiation [GO:0002244]; intracellular signal transduction [GO:0035556]; L-glutamate import across plasma membrane [GO:0098712]; learning or memory [GO:0007611]; locomotion [GO:0040011]; membrane protein ectodomain proteolysis [GO:0006509]; memory [GO:0007613]; mitochondrial transport [GO:0006839]; myeloid dendritic cell differentiation [GO:0043011]; negative regulation of apoptotic process [GO:0043066]; negative regulation of apoptotic signaling pathway [GO:2001234]; negative regulation of axonogenesis [GO:0050771]; negative regulation of epidermal growth factor receptor signaling pathway [GO:0042059]; negative regulation of gene expression [GO:0010629]; negative regulation of neuron apoptotic process [GO:0043524]; negative regulation of transcription by RNA polymerase II [GO:0000122]; negative regulation of ubiquitin-dependent protein catabolic process [GO:2000059]; neural retina development [GO:0003407]; neuron apoptotic process [GO:0051402]; neuron cellular homeostasis [GO:0070050]; neuron development [GO:0048666]; neuron migration [GO:0001764]; neuron projection maintenance [GO:1990535]; Notch receptor processing [GO:0007220]; Notch signaling pathway [GO:0007219]; positive regulation of amyloid fibril formation [GO:1905908]; positive regulation of apoptotic process [GO:0043065]; positive regulation of coagulation [GO:0050820]; positive regulation of dendritic spine development [GO:0060999]; positive regulation of DNA-templated transcription [GO:0045893]; positive regulation of gene expression [GO:0010628]; positive regulation of glycolytic process [GO:0045821]; positive regulation of L-glutamate import across plasma membrane [GO:0002038]; positive regulation of proteasomal ubiquitin-dependent protein catabolic process [GO:0032436]; positive regulation of receptor recycling [GO:0001921]; positive regulation of tumor necrosis factor production [GO:0032760]; post-embryonic development [GO:0009791]; protein catabolic process at postsynapse [GO:0140249]; protein processing [GO:0016485]; protein transport [GO:0015031]; regulation of canonical Wnt signaling pathway [GO:0060828]; regulation of gene expression [GO:0010468]; regulation of neuron projection development [GO:0010975]; regulation of postsynapse organization [GO:0099175]; regulation of resting membrane potential [GO:0060075]; regulation of synaptic plasticity [GO:0048167]; regulation of synaptic transmission, glutamatergic [GO:0051966]; regulation of synaptic vesicle cycle [GO:0098693]; response to oxidative stress [GO:0006979]; sequestering of calcium ion [GO:0051208]; skeletal system morphogenesis [GO:0048705]; skin morphogenesis [GO:0043589]; smooth endoplasmic reticulum calcium ion homeostasis [GO:0051563]; somitogenesis [GO:0001756]; synapse organization [GO:0050808]; synaptic vesicle targeting [GO:0016080]; T cell activation involved in immune response [GO:0002286]; T cell receptor signaling pathway [GO:0050852]; thymus development [GO:0048538]","aspartic endopeptidase activity, intramembrane cleaving [GO:0042500]; aspartic-type endopeptidase activity [GO:0004190]; ATPase binding [GO:0051117]; beta-catenin binding [GO:0008013]; cadherin binding [GO:0045296]; calcium channel activity [GO:0005262]; endopeptidase activity [GO:0004175]; growth factor receptor binding [GO:0070851]; molecular adaptor activity [GO:0060090]; PDZ domain binding [GO:0030165]",GO:0000045; GO:0000122; GO:0000139; GO:0000776; GO:0001568; GO:0001708; GO:0001756; GO:0001764; GO:0001921; GO:0001947; GO:0002038; GO:0002244; GO:0002265; GO:0002286; GO:0003407; GO:0004175; GO:0004190; GO:0005262; GO:0005634; GO:0005640; GO:0005654; GO:0005739; GO:0005743; GO:0005783; GO:0005789; GO:0005790; GO:0005791; GO:0005794; GO:0005813; GO:0005886; GO:0005938; GO:0006509; GO:0006839; GO:0006974; GO:0006979; GO:0007219; GO:0007220; GO:0007611; GO:0007613; GO:0008013; GO:0008021; GO:0009791; GO:0009986; GO:0010468; GO:0010628; GO:0010629; GO:0010975; GO:0015031; GO:0015871; GO:0016020; GO:0016080; GO:0016235; GO:0016485; GO:0021549; GO:0021795; GO:0021870; GO:0021904; GO:0030054; GO:0030165; GO:0030326; GO:0030425; GO:0030426; GO:0031594; GO:0031901; GO:0031965; GO:0032436; GO:0032469; GO:0032760; GO:0032991; GO:0034205; GO:0035253; GO:0035556; GO:0035577; GO:0040011; GO:0042059; GO:0042383; GO:0042500; GO:0042734; GO:0042982; GO:0042987; GO:0043005; GO:0043011; GO:0043025; GO:0043065; GO:0043066; GO:0043198; GO:0043524; GO:0043589; GO:0045121; GO:0045296; GO:0045821; GO:0045893; GO:0048143; GO:0048167; GO:0048538; GO:0048666; GO:0048705; GO:0048854; GO:0050673; GO:0050771; GO:0050808; GO:0050820; GO:0050852; GO:0051117; GO:0051208; GO:0051402; GO:0051563; GO:0051966; GO:0055074; GO:0060075; GO:0060090; GO:0060828; GO:0060999; GO:0070050; GO:0070765; GO:0070851; GO:0097190; GO:0098609; GO:0098693; GO:0098712; GO:0098794; GO:0098978; GO:0099175; GO:0140249; GO:1904646; GO:1905908; GO:1990535; GO:2000059; GO:2001234
P51884,LUM_HUMAN,Lumican (Keratan sulfate proteoglycan lumican) (KSPG lumican),LUM LDC SLRR2D,9606.ENSP00000266718,cartilage development [GO:0051216]; collagen fibril organization [GO:0030199]; positive regulation of transcription by RNA polymerase II [GO:0045944]; positive regulation of transforming growth factor beta1 production [GO:0032914]; response to Aroclor 1254 [GO:1904010]; response to growth factor [GO:0070848]; visual perception [GO:0007601],extracellular exosome [GO:0070062]; extracellular matrix [GO:0031012]; extracellular region [GO:0005576]; extracellular space [GO:0005615]; fibrillar collagen trimer [GO:0005583]; Golgi lumen [GO:0005796]; lysosomal lumen [GO:0043202],extracellular exosome [GO:0070062]; extracellular matrix [GO:0031012]; extracellular region [GO:0005576]; extracellular space [GO:0005615]; fibrillar collagen trimer [GO:0005583]; Golgi lumen [GO:0005796]; lysosomal lumen [GO:0043202]; collagen binding [GO:0005518]; extracellular matrix structural constituent [GO:0005201]; extracellular matrix structural constituent conferring compression resistance [GO:0030021]; cartilage development [GO:0051216]; collagen fibril organization [GO:0030199]; positive regulation of transcription by RNA polymerase II [GO:0045944]; positive regulation of transforming growth factor beta1 production [GO:0032914]; response to Aroclor 1254 [GO:1904010]; response to growth factor [GO:0070848]; visual perception [GO:0007601],collagen binding [GO:0005518]; extracellular matrix structural constituent [GO:0005201]; extracellular matrix structural constituent conferring compression resistance [GO:0030021],GO:0005201; GO:0005518; GO:0005576; GO:0005583; GO:0005615; GO:0005796; GO:0007601; GO:0030021; GO:0030199; GO:0031012; GO:0032914; GO:0043202; GO:0045944; GO:0051216; GO:0070062; GO:0070848; GO:1904010
P55085,PAR2_HUMAN,"Proteinase-activated receptor 2 (PAR-2) (Coagulation factor II receptor-like 1) (G-protein coupled receptor 11) (Thrombin receptor-like 1) [Cleaved into: Proteinase-activated receptor 2, alternate cleaved 1; Proteinase-activated receptor 2, alternate cleaved 2]",F2RL1 GPR11 PAR2,9606.ENSP00000296677,"blood coagulation [GO:0007596]; cell-cell junction maintenance [GO:0045217]; defense response to virus [GO:0051607]; establishment of endothelial barrier [GO:0061028]; G protein-coupled receptor signaling pathway [GO:0007186]; inflammatory response [GO:0006954]; innate immune response [GO:0045087]; leukocyte migration [GO:0050900]; leukocyte proliferation [GO:0070661]; mature conventional dendritic cell differentiation [GO:0097029]; negative regulation of chemokine production [GO:0032682]; negative regulation of insulin secretion [GO:0046676]; negative regulation of JNK cascade [GO:0046329]; negative regulation of toll-like receptor 3 signaling pathway [GO:0034140]; negative regulation of tumor necrosis factor-mediated signaling pathway [GO:0010804]; neutrophil activation [GO:0042119]; positive regulation of actin filament depolymerization [GO:0030836]; positive regulation of canonical NF-kappaB signal transduction [GO:0043123]; positive regulation of cell migration [GO:0030335]; positive regulation of chemokine production [GO:0032722]; positive regulation of chemotaxis [GO:0050921]; positive regulation of cytokine production involved in immune response [GO:0002720]; positive regulation of cytosolic calcium ion concentration [GO:0007204]; positive regulation of eosinophil degranulation [GO:0043311]; positive regulation of ERK1 and ERK2 cascade [GO:0070374]; positive regulation of glomerular filtration [GO:0003104]; positive regulation of GTPase activity [GO:0043547]; positive regulation of interleukin-1 beta production [GO:0032731]; positive regulation of interleukin-10 production [GO:0032733]; positive regulation of interleukin-6 production [GO:0032755]; positive regulation of interleukin-8 production [GO:0032757]; positive regulation of JNK cascade [GO:0046330]; positive regulation of leukocyte chemotaxis [GO:0002690]; positive regulation of neutrophil mediated killing of gram-negative bacterium [GO:0070963]; positive regulation of phagocytosis, engulfment [GO:0060100]; positive regulation of phosphatidylinositol 3-kinase/protein kinase B signal transduction [GO:0051897]; positive regulation of positive chemotaxis [GO:0050927]; positive regulation of pseudopodium assembly [GO:0031274]; positive regulation of renin secretion into blood stream [GO:1900135]; positive regulation of Rho protein signal transduction [GO:0035025]; positive regulation of superoxide anion generation [GO:0032930]; positive regulation of toll-like receptor 2 signaling pathway [GO:0034137]; positive regulation of toll-like receptor 3 signaling pathway [GO:0034141]; positive regulation of toll-like receptor 4 signaling pathway [GO:0034145]; positive regulation of transcription by RNA polymerase II [GO:0045944]; positive regulation of type II interferon production [GO:0032729]; regulation of blood coagulation [GO:0030193]; regulation of canonical NF-kappaB signal transduction [GO:0043122]; regulation of chemokine (C-X-C motif) ligand 2 production [GO:2000341]; regulation of JNK cascade [GO:0046328]; T cell activation involved in immune response [GO:0002286]; vasodilation [GO:0042311]",early endosome [GO:0005769]; Golgi apparatus [GO:0005794]; plasma membrane [GO:0005886]; pseudopodium [GO:0031143],"early endosome [GO:0005769]; Golgi apparatus [GO:0005794]; plasma membrane [GO:0005886]; pseudopodium [GO:0031143]; G protein-coupled receptor activity [GO:0004930]; G-protein alpha-subunit binding [GO:0001965]; G-protein beta-subunit binding [GO:0031681]; protease binding [GO:0002020]; signaling receptor activity [GO:0038023]; signaling receptor binding [GO:0005102]; thrombin-activated receptor activity [GO:0015057]; blood coagulation [GO:0007596]; cell-cell junction maintenance [GO:0045217]; defense response to virus [GO:0051607]; establishment of endothelial barrier [GO:0061028]; G protein-coupled receptor signaling pathway [GO:0007186]; inflammatory response [GO:0006954]; innate immune response [GO:0045087]; leukocyte migration [GO:0050900]; leukocyte proliferation [GO:0070661]; mature conventional dendritic cell differentiation [GO:0097029]; negative regulation of chemokine production [GO:0032682]; negative regulation of insulin secretion [GO:0046676]; negative regulation of JNK cascade [GO:0046329]; negative regulation of toll-like receptor 3 signaling pathway [GO:0034140]; negative regulation of tumor necrosis factor-mediated signaling pathway [GO:0010804]; neutrophil activation [GO:0042119]; positive regulation of actin filament depolymerization [GO:0030836]; positive regulation of canonical NF-kappaB signal transduction [GO:0043123]; positive regulation of cell migration [GO:0030335]; positive regulation of chemokine production [GO:0032722]; positive regulation of chemotaxis [GO:0050921]; positive regulation of cytokine production involved in immune response [GO:0002720]; positive regulation of cytosolic calcium ion concentration [GO:0007204]; positive regulation of eosinophil degranulation [GO:0043311]; positive regulation of ERK1 and ERK2 cascade [GO:0070374]; positive regulation of glomerular filtration [GO:0003104]; positive regulation of GTPase activity [GO:0043547]; positive regulation of interleukin-1 beta production [GO:0032731]; positive regulation of interleukin-10 production [GO:0032733]; positive regulation of interleukin-6 production [GO:0032755]; positive regulation of interleukin-8 production [GO:0032757]; positive regulation of JNK cascade [GO:0046330]; positive regulation of leukocyte chemotaxis [GO:0002690]; positive regulation of neutrophil mediated killing of gram-negative bacterium [GO:0070963]; positive regulation of phagocytosis, engulfment [GO:0060100]; positive regulation of phosphatidylinositol 3-kinase/protein kinase B signal transduction [GO:0051897]; positive regulation of positive chemotaxis [GO:0050927]; positive regulation of pseudopodium assembly [GO:0031274]; positive regulation of renin secretion into blood stream [GO:1900135]; positive regulation of Rho protein signal transduction [GO:0035025]; positive regulation of superoxide anion generation [GO:0032930]; positive regulation of toll-like receptor 2 signaling pathway [GO:0034137]; positive regulation of toll-like receptor 3 signaling pathway [GO:0034141]; positive regulation of toll-like receptor 4 signaling pathway [GO:0034145]; positive regulation of transcription by RNA polymerase II [GO:0045944]; positive regulation of type II interferon production [GO:0032729]; regulation of blood coagulation [GO:0030193]; regulation of canonical NF-kappaB signal transduction [GO:0043122]; regulation of chemokine (C-X-C motif) ligand 2 production [GO:2000341]; regulation of JNK cascade [GO:0046328]; T cell activation involved in immune response [GO:0002286]; vasodilation [GO:0042311]",G protein-coupled receptor activity [GO:0004930]; G-protein alpha-subunit binding [GO:0001965]; G-protein beta-subunit binding [GO:0031681]; protease binding [GO:0002020]; signaling receptor activity [GO:0038023]; signaling receptor binding [GO:0005102]; thrombin-activated receptor activity [GO:0015057],GO:0001965; GO:0002020; GO:0002286; GO:0002690; GO:0002720; GO:0003104; GO:0004930; GO:0005102; GO:0005769; GO:0005794; GO:0005886; GO:0006954; GO:0007186; GO:0007204; GO:0007596; GO:0010804; GO:0015057; GO:0030193; GO:0030335; GO:0030836; GO:0031143; GO:0031274; GO:0031681; GO:0032682; GO:0032722; GO:0032729; GO:0032731; GO:0032733; GO:0032755; GO:0032757; GO:0032930; GO:0034137; GO:0034140; GO:0034141; GO:0034145; GO:0035025; GO:0038023; GO:0042119; GO:0042311; GO:0043122; GO:0043123; GO:0043311; GO:0043547; GO:0045087; GO:0045217; GO:0045944; GO:0046328; GO:0046329; GO:0046330; GO:0046676; GO:0050900; GO:0050921; GO:0050927; GO:0051607; GO:0051897; GO:0060100; GO:0061028; GO:0070374; GO:0070661; GO:0070963; GO:0097029; GO:1900135; GO:2000341
P55268,LAMB2_HUMAN,Laminin subunit beta-2 (Laminin B1s chain) (Laminin-11 subunit beta) (Laminin-14 subunit beta) (Laminin-15 subunit beta) (Laminin-3 subunit beta) (Laminin-4 subunit beta) (Laminin-7 subunit beta) (Laminin-9 subunit beta) (S-laminin subunit beta) (S-LAM beta),LAMB2 LAMS,9606.ENSP00000307156,astrocyte development [GO:0014002]; axon extension involved in regeneration [GO:0048677]; axon guidance [GO:0007411]; cell adhesion [GO:0007155]; metanephric glomerular basement membrane development [GO:0072274]; metanephric podocyte development [GO:0072249]; neuromuscular junction development [GO:0007528]; positive regulation of cell adhesion [GO:0045785]; positive regulation of integrin-mediated signaling pathway [GO:2001046]; positive regulation of muscle cell differentiation [GO:0051149]; radial glial cell differentiation [GO:0060019]; regulation of basement membrane organization [GO:0110011]; retina development in camera-type eye [GO:0060041]; Schwann cell development [GO:0014044]; visual perception [GO:0007601],basement membrane [GO:0005604]; endoplasmic reticulum lumen [GO:0005788]; extracellular exosome [GO:0070062]; extracellular matrix [GO:0031012]; extracellular region [GO:0005576]; laminin-11 complex [GO:0043260]; laminin-3 complex [GO:0005608]; neuromuscular junction [GO:0031594]; protein complex involved in cell-matrix adhesion [GO:0098637]; synaptic cleft [GO:0043083],basement membrane [GO:0005604]; endoplasmic reticulum lumen [GO:0005788]; extracellular exosome [GO:0070062]; extracellular matrix [GO:0031012]; extracellular region [GO:0005576]; laminin-11 complex [GO:0043260]; laminin-3 complex [GO:0005608]; neuromuscular junction [GO:0031594]; protein complex involved in cell-matrix adhesion [GO:0098637]; synaptic cleft [GO:0043083]; extracellular matrix structural constituent [GO:0005201]; integrin binding [GO:0005178]; structural constituent of synapse-associated extracellular matrix [GO:0150043]; structural molecule activity [GO:0005198]; astrocyte development [GO:0014002]; axon extension involved in regeneration [GO:0048677]; axon guidance [GO:0007411]; cell adhesion [GO:0007155]; metanephric glomerular basement membrane development [GO:0072274]; metanephric podocyte development [GO:0072249]; neuromuscular junction development [GO:0007528]; positive regulation of cell adhesion [GO:0045785]; positive regulation of integrin-mediated signaling pathway [GO:2001046]; positive regulation of muscle cell differentiation [GO:0051149]; radial glial cell differentiation [GO:0060019]; regulation of basement membrane organization [GO:0110011]; retina development in camera-type eye [GO:0060041]; Schwann cell development [GO:0014044]; visual perception [GO:0007601],extracellular matrix structural constituent [GO:0005201]; integrin binding [GO:0005178]; structural constituent of synapse-associated extracellular matrix [GO:0150043]; structural molecule activity [GO:0005198],GO:0005178; GO:0005198; GO:0005201; GO:0005576; GO:0005604; GO:0005608; GO:0005788; GO:0007155; GO:0007411; GO:0007528; GO:0007601; GO:0014002; GO:0014044; GO:0031012; GO:0031594; GO:0043083; GO:0043260; GO:0045785; GO:0048677; GO:0051149; GO:0060019; GO:0060041; GO:0070062; GO:0072249; GO:0072274; GO:0098637; GO:0110011; GO:0150043; GO:2001046
P55290,CAD13_HUMAN,Cadherin-13 (Heart cadherin) (H-cadherin) (P105) (Truncated cadherin) (T-cad) (T-cadherin),CDH13 CDHH,9606.ENSP00000268613,adherens junction organization [GO:0034332]; calcium-dependent cell-cell adhesion via plasma membrane cell adhesion molecules [GO:0016339]; cell migration [GO:0016477]; cell morphogenesis [GO:0000902]; cell-cell adhesion mediated by cadherin [GO:0044331]; cell-cell junction assembly [GO:0007043]; cellular response to toxic substance [GO:0097237]; cellular response to xenobiotic stimulus [GO:0071466]; endothelial cell migration [GO:0043542]; homophilic cell adhesion via plasma membrane adhesion molecules [GO:0007156]; keratinocyte proliferation [GO:0043616]; lamellipodium assembly [GO:0030032]; localization within membrane [GO:0051668]; low-density lipoprotein particle mediated signaling [GO:0055096]; negative regulation of cell adhesion [GO:0007162]; negative regulation of cell population proliferation [GO:0008285]; positive regulation of calcium-mediated signaling [GO:0050850]; positive regulation of cell migration [GO:0030335]; positive regulation of cell-matrix adhesion [GO:0001954]; positive regulation of endothelial cell proliferation [GO:0001938]; positive regulation of positive chemotaxis [GO:0050927]; positive regulation of smooth muscle cell proliferation [GO:0048661]; positive regulation of transcription by RNA polymerase II [GO:0045944]; Rac protein signal transduction [GO:0016601]; regulation of endocytosis [GO:0030100]; regulation of epidermal growth factor receptor signaling pathway [GO:0042058]; Rho protein signal transduction [GO:0007266]; sprouting angiogenesis [GO:0002040],adherens junction [GO:0005912]; catenin complex [GO:0016342]; caveola [GO:0005901]; cytoplasm [GO:0005737]; external side of plasma membrane [GO:0009897]; extracellular exosome [GO:0070062]; extracellular matrix [GO:0031012]; extracellular region [GO:0005576]; extracellular space [GO:0005615]; focal adhesion [GO:0005925]; GABA-ergic synapse [GO:0098982]; neuron projection [GO:0043005]; perinuclear region of cytoplasm [GO:0048471]; plasma membrane [GO:0005886],adherens junction [GO:0005912]; catenin complex [GO:0016342]; caveola [GO:0005901]; cytoplasm [GO:0005737]; external side of plasma membrane [GO:0009897]; extracellular exosome [GO:0070062]; extracellular matrix [GO:0031012]; extracellular region [GO:0005576]; extracellular space [GO:0005615]; focal adhesion [GO:0005925]; GABA-ergic synapse [GO:0098982]; neuron projection [GO:0043005]; perinuclear region of cytoplasm [GO:0048471]; plasma membrane [GO:0005886]; adiponectin binding [GO:0055100]; beta-catenin binding [GO:0008013]; cadherin binding [GO:0045296]; calcium ion binding [GO:0005509]; identical protein binding [GO:0042802]; lipoprotein particle binding [GO:0071813]; low-density lipoprotein particle binding [GO:0030169]; adherens junction organization [GO:0034332]; calcium-dependent cell-cell adhesion via plasma membrane cell adhesion molecules [GO:0016339]; cell migration [GO:0016477]; cell morphogenesis [GO:0000902]; cell-cell adhesion mediated by cadherin [GO:0044331]; cell-cell junction assembly [GO:0007043]; cellular response to toxic substance [GO:0097237]; cellular response to xenobiotic stimulus [GO:0071466]; endothelial cell migration [GO:0043542]; homophilic cell adhesion via plasma membrane adhesion molecules [GO:0007156]; keratinocyte proliferation [GO:0043616]; lamellipodium assembly [GO:0030032]; localization within membrane [GO:0051668]; low-density lipoprotein particle mediated signaling [GO:0055096]; negative regulation of cell adhesion [GO:0007162]; negative regulation of cell population proliferation [GO:0008285]; positive regulation of calcium-mediated signaling [GO:0050850]; positive regulation of cell migration [GO:0030335]; positive regulation of cell-matrix adhesion [GO:0001954]; positive regulation of endothelial cell proliferation [GO:0001938]; positive regulation of positive chemotaxis [GO:0050927]; positive regulation of smooth muscle cell proliferation [GO:0048661]; positive regulation of transcription by RNA polymerase II [GO:0045944]; Rac protein signal transduction [GO:0016601]; regulation of endocytosis [GO:0030100]; regulation of epidermal growth factor receptor signaling pathway [GO:0042058]; Rho protein signal transduction [GO:0007266]; sprouting angiogenesis [GO:0002040],adiponectin binding [GO:0055100]; beta-catenin binding [GO:0008013]; cadherin binding [GO:0045296]; calcium ion binding [GO:0005509]; identical protein binding [GO:0042802]; lipoprotein particle binding [GO:0071813]; low-density lipoprotein particle binding [GO:0030169],GO:0000902; GO:0001938; GO:0001954; GO:0002040; GO:0005509; GO:0005576; GO:0005615; GO:0005737; GO:0005886; GO:0005901; GO:0005912; GO:0005925; GO:0007043; GO:0007156; GO:0007162; GO:0007266; GO:0008013; GO:0008285; GO:0009897; GO:0016339; GO:0016342; GO:0016477; GO:0016601; GO:0030032; GO:0030100; GO:0030169; GO:0030335; GO:0031012; GO:0034332; GO:0042058; GO:0042802; GO:0043005; GO:0043542; GO:0043616; GO:0044331; GO:0045296; GO:0045944; GO:0048471; GO:0048661; GO:0050850; GO:0050927; GO:0051668; GO:0055096; GO:0055100; GO:0070062; GO:0071466; GO:0071813; GO:0097237; GO:0098982
P59047,NALP5_HUMAN,"NACHT, LRR and PYD domains-containing protein 5 (Mater protein homolog) (Maternal Antigen that Embryos Require)",NLRP5 MATER NALP5,9606.ENSP00000375063,actin filament organization [GO:0007015]; cortical granule exocytosis [GO:0060471]; establishment of organelle localization [GO:0051656]; establishment of spindle localization [GO:0051293]; exocytosis [GO:0006887]; positive regulation of embryonic development [GO:0040019]; protein storage [GO:0140089]; regulation of cell division [GO:0051302]; regulation of inflammatory response [GO:0050727]; regulation of protein localization [GO:0032880],cell cortex [GO:0005938]; cortical granule [GO:0060473]; cytoplasm [GO:0005737]; cytoplasmic lattice [GO:0140095]; cytosol [GO:0005829]; Golgi apparatus [GO:0005794]; mitochondrion [GO:0005739]; nucleolus [GO:0005730]; nucleus [GO:0005634]; subcortical maternal complex [GO:0106333],cell cortex [GO:0005938]; cortical granule [GO:0060473]; cytoplasm [GO:0005737]; cytoplasmic lattice [GO:0140095]; cytosol [GO:0005829]; Golgi apparatus [GO:0005794]; mitochondrion [GO:0005739]; nucleolus [GO:0005730]; nucleus [GO:0005634]; subcortical maternal complex [GO:0106333]; ATP binding [GO:0005524]; structural constituent of cytoplasmic lattice [GO:0140094]; tubulin binding [GO:0015631]; actin filament organization [GO:0007015]; cortical granule exocytosis [GO:0060471]; establishment of organelle localization [GO:0051656]; establishment of spindle localization [GO:0051293]; exocytosis [GO:0006887]; positive regulation of embryonic development [GO:0040019]; protein storage [GO:0140089]; regulation of cell division [GO:0051302]; regulation of inflammatory response [GO:0050727]; regulation of protein localization [GO:0032880],ATP binding [GO:0005524]; structural constituent of cytoplasmic lattice [GO:0140094]; tubulin binding [GO:0015631],GO:0005524; GO:0005634; GO:0005730; GO:0005737; GO:0005739; GO:0005794; GO:0005829; GO:0005938; GO:0006887; GO:0007015; GO:0015631; GO:0032880; GO:0040019; GO:0050727; GO:0051293; GO:0051302; GO:0051656; GO:0060471; GO:0060473; GO:0106333; GO:0140089; GO:0140094; GO:0140095
P98161,PKD1_HUMAN,Polycystin-1 (PC1) (Autosomal dominant polycystic kidney disease 1 protein),PKD1,9606.ENSP00000262304,anatomical structure morphogenesis [GO:0009653]; branching morphogenesis of an epithelial tube [GO:0048754]; calcium ion transmembrane transport [GO:0070588]; calcium ion transport [GO:0006816]; calcium-independent cell-matrix adhesion [GO:0007161]; cartilage condensation [GO:0001502]; cartilage development [GO:0051216]; cell surface receptor signaling pathway [GO:0007166]; cell surface receptor signaling pathway via JAK-STAT [GO:0007259]; cell-matrix adhesion [GO:0007160]; detection of mechanical stimulus [GO:0050982]; digestive tract development [GO:0048565]; embryonic placenta development [GO:0001892]; establishment of cell polarity [GO:0030010]; genitalia development [GO:0048806]; heart development [GO:0007507]; homophilic cell adhesion via plasma membrane adhesion molecules [GO:0007156]; in utero embryonic development [GO:0001701]; kidney development [GO:0001822]; liver development [GO:0001889]; lung epithelium development [GO:0060428]; lymph vessel morphogenesis [GO:0036303]; mesonephric duct development [GO:0072177]; mesonephric tubule development [GO:0072164]; metanephric ascending thin limb development [GO:0072218]; metanephric collecting duct development [GO:0072205]; metanephric distal tubule morphogenesis [GO:0072287]; metanephric proximal tubule development [GO:0072237]; mitocytosis [GO:0160040]; neural tube development [GO:0021915]; nitrogen cycle metabolic process [GO:0071941]; placenta blood vessel development [GO:0060674]; positive regulation of cytosolic calcium ion concentration [GO:0007204]; positive regulation of transcription by RNA polymerase II [GO:0045944]; protein export from nucleus [GO:0006611]; protein heterotetramerization [GO:0051290]; regulation of cell adhesion [GO:0030155]; regulation of cell cycle [GO:0051726]; regulation of G1/S transition of mitotic cell cycle [GO:2000045]; regulation of mitotic spindle organization [GO:0060236]; regulation of proteasomal protein catabolic process [GO:0061136]; response to fluid shear stress [GO:0034405]; skin development [GO:0043588]; spinal cord development [GO:0021510]; Wnt signaling pathway [GO:0016055],basolateral plasma membrane [GO:0016323]; calcium channel complex [GO:0034704]; cation channel complex [GO:0034703]; cell surface [GO:0009986]; ciliary membrane [GO:0060170]; cilium [GO:0005929]; cytoplasm [GO:0005737]; endoplasmic reticulum [GO:0005783]; extracellular exosome [GO:0070062]; Golgi apparatus [GO:0005794]; Golgi membrane [GO:0000139]; Golgi-associated vesicle membrane [GO:0030660]; lateral plasma membrane [GO:0016328]; membrane [GO:0016020]; migrasome [GO:0140494]; motile cilium [GO:0031514]; nucleus [GO:0005634]; plasma membrane [GO:0005886]; polycystin complex [GO:0002133],basolateral plasma membrane [GO:0016323]; calcium channel complex [GO:0034704]; cation channel complex [GO:0034703]; cell surface [GO:0009986]; ciliary membrane [GO:0060170]; cilium [GO:0005929]; cytoplasm [GO:0005737]; endoplasmic reticulum [GO:0005783]; extracellular exosome [GO:0070062]; Golgi apparatus [GO:0005794]; Golgi membrane [GO:0000139]; Golgi-associated vesicle membrane [GO:0030660]; lateral plasma membrane [GO:0016328]; membrane [GO:0016020]; migrasome [GO:0140494]; motile cilium [GO:0031514]; nucleus [GO:0005634]; plasma membrane [GO:0005886]; polycystin complex [GO:0002133]; calcium channel activity [GO:0005262]; carbohydrate binding [GO:0030246]; protein domain specific binding [GO:0019904]; protein kinase binding [GO:0019901]; transcription regulator inhibitor activity [GO:0140416]; transmembrane transporter binding [GO:0044325]; Wnt receptor activity [GO:0042813]; anatomical structure morphogenesis [GO:0009653]; branching morphogenesis of an epithelial tube [GO:0048754]; calcium ion transmembrane transport [GO:0070588]; calcium ion transport [GO:0006816]; calcium-independent cell-matrix adhesion [GO:0007161]; cartilage condensation [GO:0001502]; cartilage development [GO:0051216]; cell surface receptor signaling pathway [GO:0007166]; cell surface receptor signaling pathway via JAK-STAT [GO:0007259]; cell-matrix adhesion [GO:0007160]; detection of mechanical stimulus [GO:0050982]; digestive tract development [GO:0048565]; embryonic placenta development [GO:0001892]; establishment of cell polarity [GO:0030010]; genitalia development [GO:0048806]; heart development [GO:0007507]; homophilic cell adhesion via plasma membrane adhesion molecules [GO:0007156]; in utero embryonic development [GO:0001701]; kidney development [GO:0001822]; liver development [GO:0001889]; lung epithelium development [GO:0060428]; lymph vessel morphogenesis [GO:0036303]; mesonephric duct development [GO:0072177]; mesonephric tubule development [GO:0072164]; metanephric ascending thin limb development [GO:0072218]; metanephric collecting duct development [GO:0072205]; metanephric distal tubule morphogenesis [GO:0072287]; metanephric proximal tubule development [GO:0072237]; mitocytosis [GO:0160040]; neural tube development [GO:0021915]; nitrogen cycle metabolic process [GO:0071941]; placenta blood vessel development [GO:0060674]; positive regulation of cytosolic calcium ion concentration [GO:0007204]; positive regulation of transcription by RNA polymerase II [GO:0045944]; protein export from nucleus [GO:0006611]; protein heterotetramerization [GO:0051290]; regulation of cell adhesion [GO:0030155]; regulation of cell cycle [GO:0051726]; regulation of G1/S transition of mitotic cell cycle [GO:2000045]; regulation of mitotic spindle organization [GO:0060236]; regulation of proteasomal protein catabolic process [GO:0061136]; response to fluid shear stress [GO:0034405]; skin development [GO:0043588]; spinal cord development [GO:0021510]; Wnt signaling pathway [GO:0016055],calcium channel activity [GO:0005262]; carbohydrate binding [GO:0030246]; protein domain specific binding [GO:0019904]; protein kinase binding [GO:0019901]; transcription regulator inhibitor activity [GO:0140416]; transmembrane transporter binding [GO:0044325]; Wnt receptor activity [GO:0042813],GO:0000139; GO:0001502; GO:0001701; GO:0001822; GO:0001889; GO:0001892; GO:0002133; GO:0005262; GO:0005634; GO:0005737; GO:0005783; GO:0005794; GO:0005886; GO:0005929; GO:0006611; GO:0006816; GO:0007156; GO:0007160; GO:0007161; GO:0007166; GO:0007204; GO:0007259; GO:0007507; GO:0009653; GO:0009986; GO:0016020; GO:0016055; GO:0016323; GO:0016328; GO:0019901; GO:0019904; GO:0021510; GO:0021915; GO:0030010; GO:0030155; GO:0030246; GO:0030660; GO:0031514; GO:0034405; GO:0034703; GO:0034704; GO:0036303; GO:0042813; GO:0043588; GO:0044325; GO:0045944; GO:0048565; GO:0048754; GO:0048806; GO:0050982; GO:0051216; GO:0051290; GO:0051726; GO:0060170; GO:0060236; GO:0060428; GO:0060674; GO:0061136; GO:0070062; GO:0070588; GO:0071941; GO:0072164; GO:0072177; GO:0072205; GO:0072218; GO:0072237; GO:0072287; GO:0140416; GO:0140494; GO:0160040; GO:2000045
Q00535,CDK5_HUMAN,Cyclin-dependent kinase 5 (EC 2.7.11.1) (Cell division protein kinase 5) (Cyclin-dependent-like kinase 5) (Serine/threonine-protein kinase PSSALRE) (Tau protein kinase II catalytic subunit) (TPKII catalytic subunit),CDK5 CDKN5 PSSALRE,9606.ENSP00000419782,"actin cytoskeleton organization [GO:0030036]; axon extension [GO:0048675]; axonogenesis [GO:0007409]; behavioral response to cocaine [GO:0048148]; calcium ion import [GO:0070509]; cell division [GO:0051301]; cell-matrix adhesion [GO:0007160]; cellular response to amyloid-beta [GO:1904646]; central nervous system neuron development [GO:0021954]; cerebellar cortex formation [GO:0021697]; chemical synaptic transmission [GO:0007268]; corpus callosum development [GO:0022038]; dendrite morphogenesis [GO:0048813]; excitatory postsynaptic potential [GO:0060079]; hippocampus development [GO:0021766]; intracellular protein transport [GO:0006886]; layer formation in cerebral cortex [GO:0021819]; microtubule cytoskeleton organization [GO:0000226]; motor neuron axon guidance [GO:0008045]; negative regulation of axon extension [GO:0030517]; negative regulation of calcium ion-dependent exocytosis of neurotransmitter [GO:1903234]; negative regulation of cell cycle [GO:0045786]; negative regulation of DNA-templated transcription [GO:0045892]; negative regulation of protein export from nucleus [GO:0046826]; negative regulation of protein ubiquitination [GO:0031397]; negative regulation of proteolysis [GO:0045861]; negative regulation of synaptic plasticity [GO:0031914]; neuron apoptotic process [GO:0051402]; neuron differentiation [GO:0030182]; neuron migration [GO:0001764]; neuron projection development [GO:0031175]; oligodendrocyte differentiation [GO:0048709]; positive regulation of calcium ion-dependent exocytosis [GO:0045956]; positive regulation of neuron apoptotic process [GO:0043525]; positive regulation of presynaptic cytosolic calcium concentration [GO:0099533]; positive regulation of protein targeting to membrane [GO:0090314]; protein localization to synapse [GO:0035418]; receptor catabolic process [GO:0032801]; receptor clustering [GO:0043113]; regulation of apoptotic process [GO:0042981]; regulation of cell cycle [GO:0051726]; regulation of cell cycle phase transition [GO:1901987]; regulation of cell migration [GO:0030334]; regulation of dendritic spine morphogenesis [GO:0061001]; regulation of macroautophagy [GO:0016241]; regulation of protein localization to plasma membrane [GO:1903076]; regulation of synaptic plasticity [GO:0048167]; regulation of synaptic transmission, glutamatergic [GO:0051966]; regulation of synaptic vesicle recycling [GO:1903421]; rhythmic process [GO:0048511]; Schwann cell development [GO:0014044]; sensory perception of pain [GO:0019233]; skeletal muscle tissue development [GO:0007519]; synapse assembly [GO:0007416]; synaptic transmission, dopaminergic [GO:0001963]; synaptic transmission, glutamatergic [GO:0035249]; synaptic vesicle endocytosis [GO:0048488]; synaptic vesicle exocytosis [GO:0016079]; synaptic vesicle transport [GO:0048489]; visual learning [GO:0008542]",axon [GO:0030424]; cell junction [GO:0030054]; cyclin-dependent protein kinase holoenzyme complex [GO:0000307]; cytoplasm [GO:0005737]; cytosol [GO:0005829]; dendrite [GO:0030425]; filopodium [GO:0030175]; growth cone [GO:0030426]; lamellipodium [GO:0030027]; membrane [GO:0016020]; neuromuscular junction [GO:0031594]; neuron projection [GO:0043005]; neuronal cell body [GO:0043025]; nucleoplasm [GO:0005654]; nucleus [GO:0005634]; perikaryon [GO:0043204]; plasma membrane [GO:0005886]; postsynaptic density [GO:0014069]; presynapse [GO:0098793]; protein kinase 5 complex [GO:0016533],"axon [GO:0030424]; cell junction [GO:0030054]; cyclin-dependent protein kinase holoenzyme complex [GO:0000307]; cytoplasm [GO:0005737]; cytosol [GO:0005829]; dendrite [GO:0030425]; filopodium [GO:0030175]; growth cone [GO:0030426]; lamellipodium [GO:0030027]; membrane [GO:0016020]; neuromuscular junction [GO:0031594]; neuron projection [GO:0043005]; neuronal cell body [GO:0043025]; nucleoplasm [GO:0005654]; nucleus [GO:0005634]; perikaryon [GO:0043204]; plasma membrane [GO:0005886]; postsynaptic density [GO:0014069]; presynapse [GO:0098793]; protein kinase 5 complex [GO:0016533]; acetylcholine receptor activator activity [GO:0030549]; ATP binding [GO:0005524]; cyclin-dependent protein serine/threonine kinase activity [GO:0004693]; ErbB-2 class receptor binding [GO:0005176]; ErbB-3 class receptor binding [GO:0043125]; Hsp90 protein binding [GO:0051879]; ionotropic glutamate receptor binding [GO:0035255]; kinase activity [GO:0016301]; p53 binding [GO:0002039]; protein kinase activity [GO:0004672]; protein serine kinase activity [GO:0106310]; protein serine/threonine kinase activity [GO:0004674]; signaling receptor inhibitor activity [GO:0030547]; tau protein binding [GO:0048156]; tau-protein kinase activity [GO:0050321]; actin cytoskeleton organization [GO:0030036]; axon extension [GO:0048675]; axonogenesis [GO:0007409]; behavioral response to cocaine [GO:0048148]; calcium ion import [GO:0070509]; cell division [GO:0051301]; cell-matrix adhesion [GO:0007160]; cellular response to amyloid-beta [GO:1904646]; central nervous system neuron development [GO:0021954]; cerebellar cortex formation [GO:0021697]; chemical synaptic transmission [GO:0007268]; corpus callosum development [GO:0022038]; dendrite morphogenesis [GO:0048813]; excitatory postsynaptic potential [GO:0060079]; hippocampus development [GO:0021766]; intracellular protein transport [GO:0006886]; layer formation in cerebral cortex [GO:0021819]; microtubule cytoskeleton organization [GO:0000226]; motor neuron axon guidance [GO:0008045]; negative regulation of axon extension [GO:0030517]; negative regulation of calcium ion-dependent exocytosis of neurotransmitter [GO:1903234]; negative regulation of cell cycle [GO:0045786]; negative regulation of DNA-templated transcription [GO:0045892]; negative regulation of protein export from nucleus [GO:0046826]; negative regulation of protein ubiquitination [GO:0031397]; negative regulation of proteolysis [GO:0045861]; negative regulation of synaptic plasticity [GO:0031914]; neuron apoptotic process [GO:0051402]; neuron differentiation [GO:0030182]; neuron migration [GO:0001764]; neuron projection development [GO:0031175]; oligodendrocyte differentiation [GO:0048709]; positive regulation of calcium ion-dependent exocytosis [GO:0045956]; positive regulation of neuron apoptotic process [GO:0043525]; positive regulation of presynaptic cytosolic calcium concentration [GO:0099533]; positive regulation of protein targeting to membrane [GO:0090314]; protein localization to synapse [GO:0035418]; receptor catabolic process [GO:0032801]; receptor clustering [GO:0043113]; regulation of apoptotic process [GO:0042981]; regulation of cell cycle [GO:0051726]; regulation of cell cycle phase transition [GO:1901987]; regulation of cell migration [GO:0030334]; regulation of dendritic spine morphogenesis [GO:0061001]; regulation of macroautophagy [GO:0016241]; regulation of protein localization to plasma membrane [GO:1903076]; regulation of synaptic plasticity [GO:0048167]; regulation of synaptic transmission, glutamatergic [GO:0051966]; regulation of synaptic vesicle recycling [GO:1903421]; rhythmic process [GO:0048511]; Schwann cell development [GO:0014044]; sensory perception of pain [GO:0019233]; skeletal muscle tissue development [GO:0007519]; synapse assembly [GO:0007416]; synaptic transmission, dopaminergic [GO:0001963]; synaptic transmission, glutamatergic [GO:0035249]; synaptic vesicle endocytosis [GO:0048488]; synaptic vesicle exocytosis [GO:0016079]; synaptic vesicle transport [GO:0048489]; visual learning [GO:0008542]",acetylcholine receptor activator activity [GO:0030549]; ATP binding [GO:0005524]; cyclin-dependent protein serine/threonine kinase activity [GO:0004693]; ErbB-2 class receptor binding [GO:0005176]; ErbB-3 class receptor binding [GO:0043125]; Hsp90 protein binding [GO:0051879]; ionotropic glutamate receptor binding [GO:0035255]; kinase activity [GO:0016301]; p53 binding [GO:0002039]; protein kinase activity [GO:0004672]; protein serine kinase activity [GO:0106310]; protein serine/threonine kinase activity [GO:0004674]; signaling receptor inhibitor activity [GO:0030547]; tau protein binding [GO:0048156]; tau-protein kinase activity [GO:0050321],GO:0000226; GO:0000307; GO:0001764; GO:0001963; GO:0002039; GO:0004672; GO:0004674; GO:0004693; GO:0005176; GO:0005524; GO:0005634; GO:0005654; GO:0005737; GO:0005829; GO:0005886; GO:0006886; GO:0007160; GO:0007268; GO:0007409; GO:0007416; GO:0007519; GO:0008045; GO:0008542; GO:0014044; GO:0014069; GO:0016020; GO:0016079; GO:0016241; GO:0016301; GO:0016533; GO:0019233; GO:0021697; GO:0021766; GO:0021819; GO:0021954; GO:0022038; GO:0030027; GO:0030036; GO:0030054; GO:0030175; GO:0030182; GO:0030334; GO:0030424; GO:0030425; GO:0030426; GO:0030517; GO:0030547; GO:0030549; GO:0031175; GO:0031397; GO:0031594; GO:0031914; GO:0032801; GO:0035249; GO:0035255; GO:0035418; GO:0042981; GO:0043005; GO:0043025; GO:0043113; GO:0043125; GO:0043204; GO:0043525; GO:0045786; GO:0045861; GO:0045892; GO:0045956; GO:0046826; GO:0048148; GO:0048156; GO:0048167; GO:0048488; GO:0048489; GO:0048511; GO:0048675; GO:0048709; GO:0048813; GO:0050321; GO:0051301; GO:0051402; GO:0051726; GO:0051879; GO:0051966; GO:0060079; GO:0061001; GO:0070509; GO:0090314; GO:0098793; GO:0099533; GO:0106310; GO:1901987; GO:1903076; GO:1903234; GO:1903421; GO:1904646
Q01726,MSHR_HUMAN,Melanocyte-stimulating hormone receptor (MSH-R) (Melanocortin receptor 1) (MC1-R),MC1R MSHR,9606.ENSP00000451605,"adenylate cyclase-activating G protein-coupled receptor signaling pathway [GO:0007189]; G protein-coupled receptor signaling pathway, coupled to cyclic nucleotide second messenger [GO:0007187]; intracellular signal transduction [GO:0035556]; melanin biosynthetic process [GO:0042438]; negative regulation of tumor necrosis factor production [GO:0032720]; phospholipase C-activating G protein-coupled receptor signaling pathway [GO:0007200]; pigmentation [GO:0043473]; positive regulation of cAMP/PKA signal transduction [GO:0141163]; positive regulation of feeding behavior [GO:2000253]; positive regulation of melanin biosynthetic process [GO:0048023]; positive regulation of transcription by RNA polymerase II [GO:0045944]; sensory perception of pain [GO:0019233]; UV protection [GO:0009650]; UV-damage excision repair [GO:0070914]",cytoplasm [GO:0005737]; plasma membrane [GO:0005886],"cytoplasm [GO:0005737]; plasma membrane [GO:0005886]; corticotropin receptor activity [GO:0004978]; G protein-coupled peptide receptor activity [GO:0008528]; hormone binding [GO:0042562]; melanocortin receptor activity [GO:0004977]; melanocyte-stimulating hormone receptor activity [GO:0004980]; ubiquitin protein ligase binding [GO:0031625]; adenylate cyclase-activating G protein-coupled receptor signaling pathway [GO:0007189]; G protein-coupled receptor signaling pathway, coupled to cyclic nucleotide second messenger [GO:0007187]; intracellular signal transduction [GO:0035556]; melanin biosynthetic process [GO:0042438]; negative regulation of tumor necrosis factor production [GO:0032720]; phospholipase C-activating G protein-coupled receptor signaling pathway [GO:0007200]; pigmentation [GO:0043473]; positive regulation of cAMP/PKA signal transduction [GO:0141163]; positive regulation of feeding behavior [GO:2000253]; positive regulation of melanin biosynthetic process [GO:0048023]; positive regulation of transcription by RNA polymerase II [GO:0045944]; sensory perception of pain [GO:0019233]; UV protection [GO:0009650]; UV-damage excision repair [GO:0070914]",corticotropin receptor activity [GO:0004978]; G protein-coupled peptide receptor activity [GO:0008528]; hormone binding [GO:0042562]; melanocortin receptor activity [GO:0004977]; melanocyte-stimulating hormone receptor activity [GO:0004980]; ubiquitin protein ligase binding [GO:0031625],GO:0004977; GO:0004978; GO:0004980; GO:0005737; GO:0005886; GO:0007187; GO:0007189; GO:0007200; GO:0008528; GO:0009650; GO:0019233; GO:0031625; GO:0032720; GO:0035556; GO:0042438; GO:0042562; GO:0043473; GO:0045944; GO:0048023; GO:0070914; GO:0141163; GO:2000253
Q12965,MYO1E_HUMAN,Unconventional myosin-Ie (Myosin-Ic) (Unconventional myosin 1E),MYO1E MYO1C,9606.ENSP00000288235,actin filament organization [GO:0007015]; endocytosis [GO:0006897]; glomerular basement membrane development [GO:0032836]; glomerular filtration [GO:0003094]; glomerulus development [GO:0032835]; in utero embryonic development [GO:0001701]; platelet-derived growth factor receptor signaling pathway [GO:0048008]; podocyte development [GO:0072015]; post-embryonic hemopoiesis [GO:0035166]; vasculogenesis [GO:0001570],actin cytoskeleton [GO:0015629]; adherens junction [GO:0005912]; brush border [GO:0005903]; clathrin-coated vesicle [GO:0030136]; cytoplasm [GO:0005737]; cytoskeleton [GO:0005856]; extracellular exosome [GO:0070062]; microvillus [GO:0005902]; myosin complex [GO:0016459]; plasma membrane [GO:0005886],actin cytoskeleton [GO:0015629]; adherens junction [GO:0005912]; brush border [GO:0005903]; clathrin-coated vesicle [GO:0030136]; cytoplasm [GO:0005737]; cytoskeleton [GO:0005856]; extracellular exosome [GO:0070062]; microvillus [GO:0005902]; myosin complex [GO:0016459]; plasma membrane [GO:0005886]; actin filament binding [GO:0051015]; ATP binding [GO:0005524]; ATP hydrolysis activity [GO:0016887]; calmodulin binding [GO:0005516]; microfilament motor activity [GO:0000146]; phosphatidylinositol binding [GO:0035091]; actin filament organization [GO:0007015]; endocytosis [GO:0006897]; glomerular basement membrane development [GO:0032836]; glomerular filtration [GO:0003094]; glomerulus development [GO:0032835]; in utero embryonic development [GO:0001701]; platelet-derived growth factor receptor signaling pathway [GO:0048008]; podocyte development [GO:0072015]; post-embryonic hemopoiesis [GO:0035166]; vasculogenesis [GO:0001570],actin filament binding [GO:0051015]; ATP binding [GO:0005524]; ATP hydrolysis activity [GO:0016887]; calmodulin binding [GO:0005516]; microfilament motor activity [GO:0000146]; phosphatidylinositol binding [GO:0035091],GO:0000146; GO:0001570; GO:0001701; GO:0003094; GO:0005516; GO:0005524; GO:0005737; GO:0005856; GO:0005886; GO:0005902; GO:0005903; GO:0005912; GO:0006897; GO:0007015; GO:0015629; GO:0016459; GO:0016887; GO:0030136; GO:0032835; GO:0032836; GO:0035091; GO:0035166; GO:0048008; GO:0051015; GO:0070062; GO:0072015
Q13501,SQSTM_HUMAN,Sequestosome-1 (EBI3-associated protein of 60 kDa) (EBIAP) (p60) (Phosphotyrosine-independent ligand for the Lck SH2 domain of 62 kDa) (Ubiquitin-binding protein p62) (p62),SQSTM1 ORCA OSIL,9606.ENSP00000374455,aggrephagy [GO:0035973]; apoptotic process [GO:0006915]; autophagy [GO:0006914]; autophagy of mitochondrion [GO:0000422]; brown fat cell proliferation [GO:0070342]; cell differentiation [GO:0030154]; cellular response to stress [GO:0033554]; endosomal transport [GO:0016197]; endosome organization [GO:0007032]; energy homeostasis [GO:0097009]; immune system process [GO:0002376]; intracellular protein localization [GO:0008104]; intracellular signal transduction [GO:0035556]; macroautophagy [GO:0016236]; membraneless organelle assembly [GO:0140694]; mitophagy [GO:0000423]; negative regulation of ferroptosis [GO:0110076]; negative regulation of protein ubiquitination [GO:0031397]; negative regulation of toll-like receptor 4 signaling pathway [GO:0034144]; negative regulation of transcription by RNA polymerase II [GO:0000122]; pexophagy [GO:0000425]; positive regulation of apoptotic process [GO:0043065]; positive regulation of autophagy [GO:0010508]; positive regulation of long-term synaptic potentiation [GO:1900273]; positive regulation of protein localization to plasma membrane [GO:1903078]; positive regulation of transcription by RNA polymerase II [GO:0045944]; protein catabolic process [GO:0030163]; protein import into nucleus [GO:0006606]; protein localization to perinuclear region of cytoplasm [GO:1905719]; protein targeting to vacuole involved in autophagy [GO:0071211]; regulation of canonical NF-kappaB signal transduction [GO:0043122]; regulation of mitochondrion organization [GO:0010821]; regulation of protein complex stability [GO:0061635]; regulation of Ras protein signal transduction [GO:0046578]; response to ischemia [GO:0002931]; response to mitochondrial depolarisation [GO:0098780]; temperature homeostasis [GO:0001659]; transcription by RNA polymerase II [GO:0006366]; ubiquitin-dependent protein catabolic process [GO:0006511],aggresome [GO:0016235]; amphisome [GO:0044753]; autolysosome [GO:0044754]; autophagosome [GO:0005776]; cytoplasm [GO:0005737]; cytosol [GO:0005829]; endoplasmic reticulum [GO:0005783]; extracellular exosome [GO:0070062]; glutamatergic synapse [GO:0098978]; inclusion body [GO:0016234]; intracellular membraneless organelle [GO:0043232]; late endosome [GO:0005770]; Lewy body [GO:0097413]; mitochondrion [GO:0005739]; nucleoplasm [GO:0005654]; P-body [GO:0000932]; phagophore assembly site [GO:0000407]; PML body [GO:0016605]; sarcomere [GO:0030017]; sperm midpiece [GO:0097225],aggresome [GO:0016235]; amphisome [GO:0044753]; autolysosome [GO:0044754]; autophagosome [GO:0005776]; cytoplasm [GO:0005737]; cytosol [GO:0005829]; endoplasmic reticulum [GO:0005783]; extracellular exosome [GO:0070062]; glutamatergic synapse [GO:0098978]; inclusion body [GO:0016234]; intracellular membraneless organelle [GO:0043232]; late endosome [GO:0005770]; Lewy body [GO:0097413]; mitochondrion [GO:0005739]; nucleoplasm [GO:0005654]; P-body [GO:0000932]; phagophore assembly site [GO:0000407]; PML body [GO:0016605]; sarcomere [GO:0030017]; sperm midpiece [GO:0097225]; enzyme binding [GO:0019899]; identical protein binding [GO:0042802]; ionotropic glutamate receptor binding [GO:0035255]; K63-linked polyubiquitin modification-dependent protein binding [GO:0070530]; molecular condensate scaffold activity [GO:0140693]; molecular sequestering activity [GO:0140313]; protein kinase binding [GO:0019901]; protein kinase C binding [GO:0005080]; protein sequestering activity [GO:0140311]; protein-containing complex binding [GO:0044877]; protein-macromolecule adaptor activity [GO:0030674]; receptor tyrosine kinase binding [GO:0030971]; SH2 domain binding [GO:0042169]; signaling adaptor activity [GO:0035591]; signaling receptor activity [GO:0038023]; ubiquitin binding [GO:0043130]; ubiquitin protein ligase binding [GO:0031625]; ubiquitin-modified protein reader activity [GO:0140036]; zinc ion binding [GO:0008270]; aggrephagy [GO:0035973]; apoptotic process [GO:0006915]; autophagy [GO:0006914]; autophagy of mitochondrion [GO:0000422]; brown fat cell proliferation [GO:0070342]; cell differentiation [GO:0030154]; cellular response to stress [GO:0033554]; endosomal transport [GO:0016197]; endosome organization [GO:0007032]; energy homeostasis [GO:0097009]; immune system process [GO:0002376]; intracellular protein localization [GO:0008104]; intracellular signal transduction [GO:0035556]; macroautophagy [GO:0016236]; membraneless organelle assembly [GO:0140694]; mitophagy [GO:0000423]; negative regulation of ferroptosis [GO:0110076]; negative regulation of protein ubiquitination [GO:0031397]; negative regulation of toll-like receptor 4 signaling pathway [GO:0034144]; negative regulation of transcription by RNA polymerase II [GO:0000122]; pexophagy [GO:0000425]; positive regulation of apoptotic process [GO:0043065]; positive regulation of autophagy [GO:0010508]; positive regulation of long-term synaptic potentiation [GO:1900273]; positive regulation of protein localization to plasma membrane [GO:1903078]; positive regulation of transcription by RNA polymerase II [GO:0045944]; protein catabolic process [GO:0030163]; protein import into nucleus [GO:0006606]; protein localization to perinuclear region of cytoplasm [GO:1905719]; protein targeting to vacuole involved in autophagy [GO:0071211]; regulation of canonical NF-kappaB signal transduction [GO:0043122]; regulation of mitochondrion organization [GO:0010821]; regulation of protein complex stability [GO:0061635]; regulation of Ras protein signal transduction [GO:0046578]; response to ischemia [GO:0002931]; response to mitochondrial depolarisation [GO:0098780]; temperature homeostasis [GO:0001659]; transcription by RNA polymerase II [GO:0006366]; ubiquitin-dependent protein catabolic process [GO:0006511],enzyme binding [GO:0019899]; identical protein binding [GO:0042802]; ionotropic glutamate receptor binding [GO:0035255]; K63-linked polyubiquitin modification-dependent protein binding [GO:0070530]; molecular condensate scaffold activity [GO:0140693]; molecular sequestering activity [GO:0140313]; protein kinase binding [GO:0019901]; protein kinase C binding [GO:0005080]; protein sequestering activity [GO:0140311]; protein-containing complex binding [GO:0044877]; protein-macromolecule adaptor activity [GO:0030674]; receptor tyrosine kinase binding [GO:0030971]; SH2 domain binding [GO:0042169]; signaling adaptor activity [GO:0035591]; signaling receptor activity [GO:0038023]; ubiquitin binding [GO:0043130]; ubiquitin protein ligase binding [GO:0031625]; ubiquitin-modified protein reader activity [GO:0140036]; zinc ion binding [GO:0008270],GO:0000122; GO:0000407; GO:0000422; GO:0000423; GO:0000425; GO:0000932; GO:0001659; GO:0002376; GO:0002931; GO:0005080; GO:0005654; GO:0005737; GO:0005739; GO:0005770; GO:0005776; GO:0005783; GO:0005829; GO:0006366; GO:0006511; GO:0006606; GO:0006914; GO:0006915; GO:0007032; GO:0008104; GO:0008270; GO:0010508; GO:0010821; GO:0016197; GO:0016234; GO:0016235; GO:0016236; GO:0016605; GO:0019899; GO:0019901; GO:0030017; GO:0030154; GO:0030163; GO:0030674; GO:0030971; GO:0031397; GO:0031625; GO:0033554; GO:0034144; GO:0035255; GO:0035556; GO:0035591; GO:0035973; GO:0038023; GO:0042169; GO:0042802; GO:0043065; GO:0043122; GO:0043130; GO:0043232; GO:0044753; GO:0044754; GO:0044877; GO:0045944; GO:0046578; GO:0061635; GO:0070062; GO:0070342; GO:0070530; GO:0071211; GO:0097009; GO:0097225; GO:0097413; GO:0098780; GO:0098978; GO:0110076; GO:0140036; GO:0140311; GO:0140313; GO:0140693; GO:0140694; GO:1900273; GO:1903078; GO:1905719
Q13568,IRF5_HUMAN,Interferon regulatory factor 5 (IRF-5),IRF5,9606.ENSP00000418037,cellular response to muramyl dipeptide [GO:0071225]; cellular response to peptidoglycan [GO:0071224]; cellular response to virus [GO:0098586]; cytokine-mediated signaling pathway [GO:0019221]; defense response to virus [GO:0051607]; immune system process [GO:0002376]; inflammatory response [GO:0006954]; innate immune response [GO:0045087]; nucleotide-binding oligomerization domain containing 2 signaling pathway [GO:0070431]; positive regulation of apoptotic process [GO:0043065]; positive regulation of cytokine production involved in immune response [GO:0002720]; positive regulation of interferon-alpha production [GO:0032727]; positive regulation of interferon-beta production [GO:0032728]; positive regulation of interleukin-12 production [GO:0032735]; positive regulation of transcription by RNA polymerase II [GO:0045944]; positive regulation of type I interferon production [GO:0032481]; regulation of transcription by RNA polymerase II [GO:0006357],chromatin [GO:0000785]; cytoplasm [GO:0005737]; cytosol [GO:0005829]; nucleoplasm [GO:0005654]; nucleus [GO:0005634],"chromatin [GO:0000785]; cytoplasm [GO:0005737]; cytosol [GO:0005829]; nucleoplasm [GO:0005654]; nucleus [GO:0005634]; DNA-binding transcription activator activity, RNA polymerase II-specific [GO:0001228]; DNA-binding transcription factor activity, RNA polymerase II-specific [GO:0000981]; identical protein binding [GO:0042802]; protein kinase binding [GO:0019901]; protein serine/threonine kinase binding [GO:0120283]; RNA polymerase II cis-regulatory region sequence-specific DNA binding [GO:0000978]; sequence-specific DNA binding [GO:0043565]; sequence-specific double-stranded DNA binding [GO:1990837]; cellular response to muramyl dipeptide [GO:0071225]; cellular response to peptidoglycan [GO:0071224]; cellular response to virus [GO:0098586]; cytokine-mediated signaling pathway [GO:0019221]; defense response to virus [GO:0051607]; immune system process [GO:0002376]; inflammatory response [GO:0006954]; innate immune response [GO:0045087]; nucleotide-binding oligomerization domain containing 2 signaling pathway [GO:0070431]; positive regulation of apoptotic process [GO:0043065]; positive regulation of cytokine production involved in immune response [GO:0002720]; positive regulation of interferon-alpha production [GO:0032727]; positive regulation of interferon-beta production [GO:0032728]; positive regulation of interleukin-12 production [GO:0032735]; positive regulation of transcription by RNA polymerase II [GO:0045944]; positive regulation of type I interferon production [GO:0032481]; regulation of transcription by RNA polymerase II [GO:0006357]","DNA-binding transcription activator activity, RNA polymerase II-specific [GO:0001228]; DNA-binding transcription factor activity, RNA polymerase II-specific [GO:0000981]; identical protein binding [GO:0042802]; protein kinase binding [GO:0019901]; protein serine/threonine kinase binding [GO:0120283]; RNA polymerase II cis-regulatory region sequence-specific DNA binding [GO:0000978]; sequence-specific DNA binding [GO:0043565]; sequence-specific double-stranded DNA binding [GO:1990837]",GO:0000785; GO:0000978; GO:0000981; GO:0001228; GO:0002376; GO:0002720; GO:0005634; GO:0005654; GO:0005737; GO:0005829; GO:0006357; GO:0006954; GO:0019221; GO:0019901; GO:0032481; GO:0032727; GO:0032728; GO:0032735; GO:0042802; GO:0043065; GO:0043565; GO:0045087; GO:0045944; GO:0051607; GO:0070431; GO:0071224; GO:0071225; GO:0098586; GO:0120283; GO:1990837
Q14203,DCTN1_HUMAN,Dynactin subunit 1 (150 kDa dynein-associated polypeptide) (DAP-150) (DP-150) (p135) (p150-glued),DCTN1,9606.ENSP00000354791,"cell division [GO:0051301]; centriole-centriole cohesion [GO:0010457]; establishment of mitotic spindle orientation [GO:0000132]; maintenance of synapse structure [GO:0099558]; melanosome transport [GO:0032402]; microtubule anchoring at centrosome [GO:0034454]; mitotic cell cycle [GO:0000278]; mitotic nuclear membrane disassembly [GO:0007077]; motor behavior [GO:0061744]; nervous system development [GO:0007399]; neuromuscular junction development [GO:0007528]; neuromuscular process [GO:0050905]; neuron cellular homeostasis [GO:0070050]; neuron projection maintenance [GO:1990535]; non-motile cilium assembly [GO:1905515]; nuclear migration [GO:0007097]; positive regulation of microtubule nucleation [GO:0090063]; positive regulation of microtubule polymerization [GO:0031116]; positive regulation of neuromuscular junction development [GO:1904398]; regulation of mitotic spindle organization [GO:0060236]; retrograde transport, endosome to Golgi [GO:0042147]; ventral spinal cord development [GO:0021517]",acrosomal vesicle [GO:0001669]; axon [GO:0030424]; cell cortex [GO:0005938]; cell cortex region [GO:0099738]; cell leading edge [GO:0031252]; centriolar subdistal appendage [GO:0120103]; centriole [GO:0005814]; centrosome [GO:0005813]; ciliary basal body [GO:0036064]; cilium [GO:0005929]; cytoplasm [GO:0005737]; cytosol [GO:0005829]; dynein complex [GO:0030286]; intercellular bridge [GO:0045171]; kinetochore [GO:0000776]; membrane [GO:0016020]; microtubule [GO:0005874]; microtubule associated complex [GO:0005875]; microtubule cytoskeleton [GO:0015630]; microtubule plus-end [GO:0035371]; mitotic spindle [GO:0072686]; neuron projection [GO:0043005]; neuronal cell body [GO:0043025]; nuclear envelope [GO:0005635]; perinuclear theca [GO:0033011]; spindle [GO:0005819]; spindle pole [GO:0000922],"acrosomal vesicle [GO:0001669]; axon [GO:0030424]; cell cortex [GO:0005938]; cell cortex region [GO:0099738]; cell leading edge [GO:0031252]; centriolar subdistal appendage [GO:0120103]; centriole [GO:0005814]; centrosome [GO:0005813]; ciliary basal body [GO:0036064]; cilium [GO:0005929]; cytoplasm [GO:0005737]; cytosol [GO:0005829]; dynein complex [GO:0030286]; intercellular bridge [GO:0045171]; kinetochore [GO:0000776]; membrane [GO:0016020]; microtubule [GO:0005874]; microtubule associated complex [GO:0005875]; microtubule cytoskeleton [GO:0015630]; microtubule plus-end [GO:0035371]; mitotic spindle [GO:0072686]; neuron projection [GO:0043005]; neuronal cell body [GO:0043025]; nuclear envelope [GO:0005635]; perinuclear theca [GO:0033011]; spindle [GO:0005819]; spindle pole [GO:0000922]; microtubule binding [GO:0008017]; protein kinase binding [GO:0019901]; tau protein binding [GO:0048156]; tubulin binding [GO:0015631]; cell division [GO:0051301]; centriole-centriole cohesion [GO:0010457]; establishment of mitotic spindle orientation [GO:0000132]; maintenance of synapse structure [GO:0099558]; melanosome transport [GO:0032402]; microtubule anchoring at centrosome [GO:0034454]; mitotic cell cycle [GO:0000278]; mitotic nuclear membrane disassembly [GO:0007077]; motor behavior [GO:0061744]; nervous system development [GO:0007399]; neuromuscular junction development [GO:0007528]; neuromuscular process [GO:0050905]; neuron cellular homeostasis [GO:0070050]; neuron projection maintenance [GO:1990535]; non-motile cilium assembly [GO:1905515]; nuclear migration [GO:0007097]; positive regulation of microtubule nucleation [GO:0090063]; positive regulation of microtubule polymerization [GO:0031116]; positive regulation of neuromuscular junction development [GO:1904398]; regulation of mitotic spindle organization [GO:0060236]; retrograde transport, endosome to Golgi [GO:0042147]; ventral spinal cord development [GO:0021517]",microtubule binding [GO:0008017]; protein kinase binding [GO:0019901]; tau protein binding [GO:0048156]; tubulin binding [GO:0015631],GO:0000132; GO:0000278; GO:0000776; GO:0000922; GO:0001669; GO:0005635; GO:0005737; GO:0005813; GO:0005814; GO:0005819; GO:0005829; GO:0005874; GO:0005875; GO:0005929; GO:0005938; GO:0007077; GO:0007097; GO:0007399; GO:0007528; GO:0008017; GO:0010457; GO:0015630; GO:0015631; GO:0016020; GO:0019901; GO:0021517; GO:0030286; GO:0030424; GO:0031116; GO:0031252; GO:0032402; GO:0033011; GO:0034454; GO:0035371; GO:0036064; GO:0042147; GO:0043005; GO:0043025; GO:0045171; GO:0048156; GO:0050905; GO:0051301; GO:0060236; GO:0061744; GO:0070050; GO:0072686; GO:0090063; GO:0099558; GO:0099738; GO:0120103; GO:1904398; GO:1905515; GO:1990535
Q14790,CASP8_HUMAN,Caspase-8 (CASP-8) (EC 3.4.22.61) (Apoptotic cysteine protease) (Apoptotic protease Mch-5) (CAP4) (FADD-homologous ICE/ced-3-like protease) (FADD-like ICE) (FLICE) (ICE-like apoptotic protease 5) (MORT1-associated ced-3 homolog) (MACH) [Cleaved into: Caspase-8 subunit p18; Caspase-8 subunit p10],CASP8 MCH5,9606.ENSP00000351273,angiogenesis [GO:0001525]; apoptotic process [GO:0006915]; apoptotic signaling pathway [GO:0097190]; B cell activation [GO:0042113]; cellular response to mechanical stimulus [GO:0071260]; execution phase of apoptosis [GO:0097194]; extrinsic apoptotic signaling pathway [GO:0097191]; extrinsic apoptotic signaling pathway via death domain receptors [GO:0008625]; heart development [GO:0007507]; macrophage differentiation [GO:0030225]; natural killer cell activation [GO:0030101]; negative regulation of canonical NF-kappaB signal transduction [GO:0043124]; negative regulation of necroptotic process [GO:0060546]; positive regulation of apoptotic process [GO:0043065]; positive regulation of canonical NF-kappaB signal transduction [GO:0043123]; positive regulation of cell migration [GO:0030335]; positive regulation of execution phase of apoptosis [GO:1900119]; positive regulation of interleukin-1 beta production [GO:0032731]; positive regulation of macrophage differentiation [GO:0045651]; positive regulation of neuron apoptotic process [GO:0043525]; positive regulation of proteolysis [GO:0045862]; protein maturation [GO:0051604]; protein processing [GO:0016485]; proteolysis [GO:0006508]; proteolysis involved in protein catabolic process [GO:0051603]; pyroptotic inflammatory response [GO:0070269]; regulation of cytokine production [GO:0001817]; regulation of innate immune response [GO:0045088]; regulation of tumor necrosis factor-mediated signaling pathway [GO:0010803]; response to anesthetic [GO:0072347]; response to cobalt ion [GO:0032025]; response to estradiol [GO:0032355]; response to ethanol [GO:0045471]; response to lipopolysaccharide [GO:0032496]; response to tumor necrosis factor [GO:0034612]; self proteolysis [GO:0097264]; syncytiotrophoblast cell differentiation involved in labyrinthine layer development [GO:0060715]; T cell activation [GO:0042110]; TRAIL-activated apoptotic signaling pathway [GO:0036462],CD95 death-inducing signaling complex [GO:0031265]; cell body [GO:0044297]; cytoplasm [GO:0005737]; cytoskeleton [GO:0005856]; cytosol [GO:0005829]; death-inducing signaling complex [GO:0031264]; lamellipodium [GO:0030027]; mitochondrial outer membrane [GO:0005741]; mitochondrion [GO:0005739]; nucleus [GO:0005634]; protein-containing complex [GO:0032991]; ripoptosome [GO:0097342],CD95 death-inducing signaling complex [GO:0031265]; cell body [GO:0044297]; cytoplasm [GO:0005737]; cytoskeleton [GO:0005856]; cytosol [GO:0005829]; death-inducing signaling complex [GO:0031264]; lamellipodium [GO:0030027]; mitochondrial outer membrane [GO:0005741]; mitochondrion [GO:0005739]; nucleus [GO:0005634]; protein-containing complex [GO:0032991]; ripoptosome [GO:0097342]; cysteine-type endopeptidase activity [GO:0004197]; cysteine-type peptidase activity [GO:0008234]; death effector domain binding [GO:0035877]; death receptor binding [GO:0005123]; identical protein binding [GO:0042802]; peptidase activity [GO:0008233]; protein-containing complex binding [GO:0044877]; scaffold protein binding [GO:0097110]; tumor necrosis factor receptor binding [GO:0005164]; ubiquitin protein ligase binding [GO:0031625]; angiogenesis [GO:0001525]; apoptotic process [GO:0006915]; apoptotic signaling pathway [GO:0097190]; B cell activation [GO:0042113]; cellular response to mechanical stimulus [GO:0071260]; execution phase of apoptosis [GO:0097194]; extrinsic apoptotic signaling pathway [GO:0097191]; extrinsic apoptotic signaling pathway via death domain receptors [GO:0008625]; heart development [GO:0007507]; macrophage differentiation [GO:0030225]; natural killer cell activation [GO:0030101]; negative regulation of canonical NF-kappaB signal transduction [GO:0043124]; negative regulation of necroptotic process [GO:0060546]; positive regulation of apoptotic process [GO:0043065]; positive regulation of canonical NF-kappaB signal transduction [GO:0043123]; positive regulation of cell migration [GO:0030335]; positive regulation of execution phase of apoptosis [GO:1900119]; positive regulation of interleukin-1 beta production [GO:0032731]; positive regulation of macrophage differentiation [GO:0045651]; positive regulation of neuron apoptotic process [GO:0043525]; positive regulation of proteolysis [GO:0045862]; protein maturation [GO:0051604]; protein processing [GO:0016485]; proteolysis [GO:0006508]; proteolysis involved in protein catabolic process [GO:0051603]; pyroptotic inflammatory response [GO:0070269]; regulation of cytokine production [GO:0001817]; regulation of innate immune response [GO:0045088]; regulation of tumor necrosis factor-mediated signaling pathway [GO:0010803]; response to anesthetic [GO:0072347]; response to cobalt ion [GO:0032025]; response to estradiol [GO:0032355]; response to ethanol [GO:0045471]; response to lipopolysaccharide [GO:0032496]; response to tumor necrosis factor [GO:0034612]; self proteolysis [GO:0097264]; syncytiotrophoblast cell differentiation involved in labyrinthine layer development [GO:0060715]; T cell activation [GO:0042110]; TRAIL-activated apoptotic signaling pathway [GO:0036462],cysteine-type endopeptidase activity [GO:0004197]; cysteine-type peptidase activity [GO:0008234]; death effector domain binding [GO:0035877]; death receptor binding [GO:0005123]; identical protein binding [GO:0042802]; peptidase activity [GO:0008233]; protein-containing complex binding [GO:0044877]; scaffold protein binding [GO:0097110]; tumor necrosis factor receptor binding [GO:0005164]; ubiquitin protein ligase binding [GO:0031625],GO:0001525; GO:0001817; GO:0004197; GO:0005123; GO:0005164; GO:0005634; GO:0005737; GO:0005739; GO:0005741; GO:0005829; GO:0005856; GO:0006508; GO:0006915; GO:0007507; GO:0008233; GO:0008234; GO:0008625; GO:0010803; GO:0016485; GO:0030027; GO:0030101; GO:0030225; GO:0030335; GO:0031264; GO:0031265; GO:0031625; GO:0032025; GO:0032355; GO:0032496; GO:0032731; GO:0032991; GO:0034612; GO:0035877; GO:0036462; GO:0042110; GO:0042113; GO:0042802; GO:0043065; GO:0043123; GO:0043124; GO:0043525; GO:0044297; GO:0044877; GO:0045088; GO:0045471; GO:0045651; GO:0045862; GO:0051603; GO:0051604; GO:0060546; GO:0060715; GO:0070269; GO:0071260; GO:0072347; GO:0097110; GO:0097190; GO:0097191; GO:0097194; GO:0097264; GO:0097342; GO:1900119
Q14CZ8,HECAM_HUMAN,Hepatic and glial cell adhesion molecule (glialCAM) (Hepatocyte cell adhesion molecule) (Protein hepaCAM),HEPACAM,9606.ENSP00000298251,cell adhesion [GO:0007155]; immune response [GO:0006955]; protein localization to cell-cell junction [GO:0150105]; regulation of cell cycle [GO:0051726],astrocyte end-foot [GO:0097450]; cell-cell junction [GO:0005911]; cytoplasm [GO:0005737]; plasma membrane [GO:0005886],astrocyte end-foot [GO:0097450]; cell-cell junction [GO:0005911]; cytoplasm [GO:0005737]; plasma membrane [GO:0005886]; cell adhesion [GO:0007155]; immune response [GO:0006955]; protein localization to cell-cell junction [GO:0150105]; regulation of cell cycle [GO:0051726],,GO:0005737; GO:0005886; GO:0005911; GO:0006955; GO:0007155; GO:0051726; GO:0097450; GO:0150105
Q15165,PON2_HUMAN,Serum paraoxonase/arylesterase 2 (PON 2) (EC 3.1.1.2) (EC 3.1.1.81) (Aromatic esterase 2) (A-esterase 2) (Serum aryldialkylphosphatase 2),PON2,9606.ENSP00000488838,lactone catabolic process [GO:1901335]; response to toxic substance [GO:0009636],extracellular region [GO:0005576]; plasma membrane [GO:0005886],extracellular region [GO:0005576]; plasma membrane [GO:0005886]; acyl-L-homoserine-lactone lactonohydrolase activity [GO:0102007]; arylesterase activity [GO:0004064]; metal ion binding [GO:0046872]; protein homodimerization activity [GO:0042803]; lactone catabolic process [GO:1901335]; response to toxic substance [GO:0009636],acyl-L-homoserine-lactone lactonohydrolase activity [GO:0102007]; arylesterase activity [GO:0004064]; metal ion binding [GO:0046872]; protein homodimerization activity [GO:0042803],GO:0004064; GO:0005576; GO:0005886; GO:0009636; GO:0042803; GO:0046872; GO:0102007; GO:1901335
Q15303,ERBB4_HUMAN,Receptor tyrosine-protein kinase erbB-4 (EC 2.7.10.1) (Proto-oncogene-like protein c-ErbB-4) (Tyrosine kinase-type cell surface receptor HER4) (p180erbB4) [Cleaved into: ERBB4 intracellular domain (4ICD) (E4ICD) (s80HER4)],ERBB4 HER4,9606.ENSP00000342235,cardiac muscle tissue regeneration [GO:0061026]; cell fate commitment [GO:0045165]; cell migration [GO:0016477]; cell surface receptor protein tyrosine kinase signaling pathway [GO:0007169]; cell surface receptor signaling pathway via JAK-STAT [GO:0007259]; cellular response to epidermal growth factor stimulus [GO:0071364]; central nervous system morphogenesis [GO:0021551]; embryonic pattern specification [GO:0009880]; epidermal growth factor receptor signaling pathway [GO:0007173]; ERBB2-ERBB4 signaling pathway [GO:0038135]; ERBB4 signaling pathway [GO:0038130]; ERBB4-ERBB4 signaling pathway [GO:0038138]; establishment of planar polarity involved in nephron morphogenesis [GO:0072046]; heart development [GO:0007507]; lactation [GO:0007595]; mammary gland alveolus development [GO:0060749]; mammary gland epithelial cell differentiation [GO:0060644]; mitochondrial fragmentation involved in apoptotic process [GO:0043653]; negative regulation of apoptotic process [GO:0043066]; negative regulation of cell population proliferation [GO:0008285]; negative regulation of neuron migration [GO:2001223]; nervous system development [GO:0007399]; neural crest cell migration [GO:0001755]; neuron differentiation [GO:0030182]; neurotransmitter receptor localization to postsynaptic specialization membrane [GO:0099645]; olfactory bulb interneuron differentiation [GO:0021889]; peptidyl-tyrosine phosphorylation [GO:0018108]; positive regulation of cardiac muscle cell proliferation [GO:0060045]; positive regulation of cell population proliferation [GO:0008284]; positive regulation of DNA-templated transcription [GO:0045893]; positive regulation of epithelial cell proliferation [GO:0050679]; positive regulation of ERK1 and ERK2 cascade [GO:0070374]; positive regulation of MAPK cascade [GO:0043410]; positive regulation of phosphatidylinositol 3-kinase/protein kinase B signal transduction [GO:0051897]; positive regulation of protein localization to cell surface [GO:2000010]; positive regulation of protein phosphorylation [GO:0001934]; positive regulation of receptor signaling pathway via JAK-STAT [GO:0046427]; positive regulation of tyrosine phosphorylation of STAT protein [GO:0042531]; protein autophosphorylation [GO:0046777]; regulation of cell migration [GO:0030334]; signal transduction [GO:0007165]; synapse assembly [GO:0007416],basal plasma membrane [GO:0009925]; basolateral plasma membrane [GO:0016323]; cytosol [GO:0005829]; extracellular region [GO:0005576]; GABA-ergic synapse [GO:0098982]; glutamatergic synapse [GO:0098978]; mitochondrial matrix [GO:0005759]; mitochondrion [GO:0005739]; neuromuscular junction [GO:0031594]; nucleoplasm [GO:0005654]; nucleus [GO:0005634]; plasma membrane [GO:0005886]; postsynaptic density membrane [GO:0098839]; postsynaptic membrane [GO:0045211]; presynaptic membrane [GO:0042734]; receptor complex [GO:0043235],basal plasma membrane [GO:0009925]; basolateral plasma membrane [GO:0016323]; cytosol [GO:0005829]; extracellular region [GO:0005576]; GABA-ergic synapse [GO:0098982]; glutamatergic synapse [GO:0098978]; mitochondrial matrix [GO:0005759]; mitochondrion [GO:0005739]; neuromuscular junction [GO:0031594]; nucleoplasm [GO:0005654]; nucleus [GO:0005634]; plasma membrane [GO:0005886]; postsynaptic density membrane [GO:0098839]; postsynaptic membrane [GO:0045211]; presynaptic membrane [GO:0042734]; receptor complex [GO:0043235]; ATP binding [GO:0005524]; epidermal growth factor receptor activity [GO:0005006]; epidermal growth factor receptor binding [GO:0005154]; GABA receptor binding [GO:0050811]; neuregulin receptor activity [GO:0038131]; protein homodimerization activity [GO:0042803]; protein tyrosine kinase activity [GO:0004713]; transcription cis-regulatory region binding [GO:0000976]; transmembrane receptor protein tyrosine kinase activity [GO:0004714]; cardiac muscle tissue regeneration [GO:0061026]; cell fate commitment [GO:0045165]; cell migration [GO:0016477]; cell surface receptor protein tyrosine kinase signaling pathway [GO:0007169]; cell surface receptor signaling pathway via JAK-STAT [GO:0007259]; cellular response to epidermal growth factor stimulus [GO:0071364]; central nervous system morphogenesis [GO:0021551]; embryonic pattern specification [GO:0009880]; epidermal growth factor receptor signaling pathway [GO:0007173]; ERBB2-ERBB4 signaling pathway [GO:0038135]; ERBB4 signaling pathway [GO:0038130]; ERBB4-ERBB4 signaling pathway [GO:0038138]; establishment of planar polarity involved in nephron morphogenesis [GO:0072046]; heart development [GO:0007507]; lactation [GO:0007595]; mammary gland alveolus development [GO:0060749]; mammary gland epithelial cell differentiation [GO:0060644]; mitochondrial fragmentation involved in apoptotic process [GO:0043653]; negative regulation of apoptotic process [GO:0043066]; negative regulation of cell population proliferation [GO:0008285]; negative regulation of neuron migration [GO:2001223]; nervous system development [GO:0007399]; neural crest cell migration [GO:0001755]; neuron differentiation [GO:0030182]; neurotransmitter receptor localization to postsynaptic specialization membrane [GO:0099645]; olfactory bulb interneuron differentiation [GO:0021889]; peptidyl-tyrosine phosphorylation [GO:0018108]; positive regulation of cardiac muscle cell proliferation [GO:0060045]; positive regulation of cell population proliferation [GO:0008284]; positive regulation of DNA-templated transcription [GO:0045893]; positive regulation of epithelial cell proliferation [GO:0050679]; positive regulation of ERK1 and ERK2 cascade [GO:0070374]; positive regulation of MAPK cascade [GO:0043410]; positive regulation of phosphatidylinositol 3-kinase/protein kinase B signal transduction [GO:0051897]; positive regulation of protein localization to cell surface [GO:2000010]; positive regulation of protein phosphorylation [GO:0001934]; positive regulation of receptor signaling pathway via JAK-STAT [GO:0046427]; positive regulation of tyrosine phosphorylation of STAT protein [GO:0042531]; protein autophosphorylation [GO:0046777]; regulation of cell migration [GO:0030334]; signal transduction [GO:0007165]; synapse assembly [GO:0007416],ATP binding [GO:0005524]; epidermal growth factor receptor activity [GO:0005006]; epidermal growth factor receptor binding [GO:0005154]; GABA receptor binding [GO:0050811]; neuregulin receptor activity [GO:0038131]; protein homodimerization activity [GO:0042803]; protein tyrosine kinase activity [GO:0004713]; transcription cis-regulatory region binding [GO:0000976]; transmembrane receptor protein tyrosine kinase activity [GO:0004714],GO:0000976; GO:0001755; GO:0001934; GO:0004713; GO:0004714; GO:0005006; GO:0005154; GO:0005524; GO:0005576; GO:0005634; GO:0005654; GO:0005739; GO:0005759; GO:0005829; GO:0005886; GO:0007165; GO:0007169; GO:0007173; GO:0007259; GO:0007399; GO:0007416; GO:0007507; GO:0007595; GO:0008284; GO:0008285; GO:0009880; GO:0009925; GO:0016323; GO:0016477; GO:0018108; GO:0021551; GO:0021889; GO:0030182; GO:0030334; GO:0031594; GO:0038130; GO:0038131; GO:0038135; GO:0038138; GO:0042531; GO:0042734; GO:0042803; GO:0043066; GO:0043235; GO:0043410; GO:0043653; GO:0045165; GO:0045211; GO:0045893; GO:0046427; GO:0046777; GO:0050679; GO:0050811; GO:0051897; GO:0060045; GO:0060644; GO:0060749; GO:0061026; GO:0070374; GO:0071364; GO:0072046; GO:0098839; GO:0098978; GO:0098982; GO:0099645; GO:2000010; GO:2001223
Q30154,DRB5_HUMAN,"HLA class II histocompatibility antigen, DR beta 5 chain (DR beta-5) (DR2-beta-2) (Dw2) (MHC class II antigen DRB5)",HLA-DRB5,9606.ENSP00000364114,adaptive immune response [GO:0002250]; antigen processing and presentation of exogenous peptide antigen via MHC class II [GO:0019886]; peptide antigen assembly with MHC class II protein complex [GO:0002503]; positive regulation of immune response [GO:0050778]; positive regulation of T cell activation [GO:0050870],clathrin-coated endocytic vesicle membrane [GO:0030669]; endocytic vesicle membrane [GO:0030666]; ER to Golgi transport vesicle membrane [GO:0012507]; extracellular exosome [GO:0070062]; Golgi membrane [GO:0000139]; late endosome membrane [GO:0031902]; lumenal side of endoplasmic reticulum membrane [GO:0098553]; lysosomal membrane [GO:0005765]; MHC class II protein complex [GO:0042613]; plasma membrane [GO:0005886]; trans-Golgi network membrane [GO:0032588]; transport vesicle membrane [GO:0030658],clathrin-coated endocytic vesicle membrane [GO:0030669]; endocytic vesicle membrane [GO:0030666]; ER to Golgi transport vesicle membrane [GO:0012507]; extracellular exosome [GO:0070062]; Golgi membrane [GO:0000139]; late endosome membrane [GO:0031902]; lumenal side of endoplasmic reticulum membrane [GO:0098553]; lysosomal membrane [GO:0005765]; MHC class II protein complex [GO:0042613]; plasma membrane [GO:0005886]; trans-Golgi network membrane [GO:0032588]; transport vesicle membrane [GO:0030658]; MHC class II protein complex binding [GO:0023026]; peptide antigen binding [GO:0042605]; adaptive immune response [GO:0002250]; antigen processing and presentation of exogenous peptide antigen via MHC class II [GO:0019886]; peptide antigen assembly with MHC class II protein complex [GO:0002503]; positive regulation of immune response [GO:0050778]; positive regulation of T cell activation [GO:0050870],MHC class II protein complex binding [GO:0023026]; peptide antigen binding [GO:0042605],GO:0000139; GO:0002250; GO:0002503; GO:0005765; GO:0005886; GO:0012507; GO:0019886; GO:0023026; GO:0030658; GO:0030666; GO:0030669; GO:0031902; GO:0032588; GO:0042605; GO:0042613; GO:0050778; GO:0050870; GO:0070062; GO:0098553
Q53GS7,GLE1_HUMAN,mRNA export factor GLE1 (hGLE1) (GLE1 RNA export mediator) (GLE1-like protein) (Nucleoporin GLE1),GLE1 GLE1L,9606.ENSP00000308622,mRNA export from nucleus [GO:0006406]; nucleocytoplasmic transport [GO:0006913]; poly(A)+ mRNA export from nucleus [GO:0016973]; protein transport [GO:0015031],centriole [GO:0005814]; centrosome [GO:0005813]; ciliary basal body [GO:0036064]; cytoplasm [GO:0005737]; cytosol [GO:0005829]; extracellular space [GO:0005615]; membrane [GO:0016020]; nuclear envelope [GO:0005635]; nuclear membrane [GO:0031965]; nuclear pore [GO:0005643]; nuclear pore cytoplasmic filaments [GO:0044614]; nucleolus [GO:0005730],centriole [GO:0005814]; centrosome [GO:0005813]; ciliary basal body [GO:0036064]; cytoplasm [GO:0005737]; cytosol [GO:0005829]; extracellular space [GO:0005615]; membrane [GO:0016020]; nuclear envelope [GO:0005635]; nuclear membrane [GO:0031965]; nuclear pore [GO:0005643]; nuclear pore cytoplasmic filaments [GO:0044614]; nucleolus [GO:0005730]; identical protein binding [GO:0042802]; inositol hexakisphosphate binding [GO:0000822]; phospholipid binding [GO:0005543]; translation initiation factor binding [GO:0031369]; mRNA export from nucleus [GO:0006406]; nucleocytoplasmic transport [GO:0006913]; poly(A)+ mRNA export from nucleus [GO:0016973]; protein transport [GO:0015031],identical protein binding [GO:0042802]; inositol hexakisphosphate binding [GO:0000822]; phospholipid binding [GO:0005543]; translation initiation factor binding [GO:0031369],GO:0000822; GO:0005543; GO:0005615; GO:0005635; GO:0005643; GO:0005730; GO:0005737; GO:0005813; GO:0005814; GO:0005829; GO:0006406; GO:0006913; GO:0015031; GO:0016020; GO:0016973; GO:0031369; GO:0031965; GO:0036064; GO:0042802; GO:0044614
Q6ZWL3,CP4V2_HUMAN,Cytochrome P450 4V2 (Docosahexaenoic acid omega-hydroxylase CYP4V2) (EC 1.14.14.79) (Long-chain fatty acid omega-monooxygenase) (EC 1.14.14.80),CYP4V2,9606.ENSP00000368079,fatty acid omega-oxidation [GO:0010430]; retinoid metabolic process [GO:0001523]; sterol metabolic process [GO:0016125]; visual perception [GO:0007601],endoplasmic reticulum membrane [GO:0005789],"endoplasmic reticulum membrane [GO:0005789]; heme binding [GO:0020037]; iron ion binding [GO:0005506]; long-chain fatty acid omega-hydroxylase activity [GO:0102033]; oxidoreductase activity, acting on paired donors, with incorporation or reduction of molecular oxygen, NAD(P)H as one donor, and incorporation of one atom of oxygen [GO:0016709]; fatty acid omega-oxidation [GO:0010430]; retinoid metabolic process [GO:0001523]; sterol metabolic process [GO:0016125]; visual perception [GO:0007601]","heme binding [GO:0020037]; iron ion binding [GO:0005506]; long-chain fatty acid omega-hydroxylase activity [GO:0102033]; oxidoreductase activity, acting on paired donors, with incorporation or reduction of molecular oxygen, NAD(P)H as one donor, and incorporation of one atom of oxygen [GO:0016709]",GO:0001523; GO:0005506; GO:0005789; GO:0007601; GO:0010430; GO:0016125; GO:0016709; GO:0020037; GO:0102033
Q7Z418,KCNKI_HUMAN,Potassium channel subfamily K member 18 (TWIK-related individual potassium channel) (TWIK-related spinal cord potassium channel),KCNK18 TRESK TRIK,9606.ENSP00000334650,"cellular response to pH [GO:0071467]; potassium ion export across plasma membrane [GO:0097623]; potassium ion transmembrane transport [GO:0071805]; potassium ion transport [GO:0006813]; regulation of CD4-positive, CD25-positive, alpha-beta regulatory T cell differentiation [GO:0032829]",plasma membrane [GO:0005886],"plasma membrane [GO:0005886]; calcium-activated potassium channel activity [GO:0015269]; metal ion binding [GO:0046872]; outward rectifier potassium channel activity [GO:0015271]; potassium ion leak channel activity [GO:0022841]; cellular response to pH [GO:0071467]; potassium ion export across plasma membrane [GO:0097623]; potassium ion transmembrane transport [GO:0071805]; potassium ion transport [GO:0006813]; regulation of CD4-positive, CD25-positive, alpha-beta regulatory T cell differentiation [GO:0032829]",calcium-activated potassium channel activity [GO:0015269]; metal ion binding [GO:0046872]; outward rectifier potassium channel activity [GO:0015271]; potassium ion leak channel activity [GO:0022841],GO:0005886; GO:0006813; GO:0015269; GO:0015271; GO:0022841; GO:0032829; GO:0046872; GO:0071467; GO:0071805; GO:0097623
Q8IZA0,K319L_HUMAN,Dyslexia-associated protein KIAA0319-like protein (Adeno-associated virus receptor) (AAVR),KIAA0319L AAVR KIAA1837 PP791,9606.ENSP00000318406,flagellated sperm motility [GO:0030317]; neuron migration [GO:0001764]; proacrosomal vesicle fusion [GO:0120211]; receptor-mediated endocytosis of virus by host cell [GO:0019065]; response to auditory stimulus [GO:0010996],cytoplasmic vesicle [GO:0031410]; Golgi apparatus [GO:0005794]; Golgi membrane [GO:0000139]; membrane [GO:0016020]; nucleolus [GO:0005730]; plasma membrane [GO:0005886]; trans-Golgi network membrane [GO:0032588],cytoplasmic vesicle [GO:0031410]; Golgi apparatus [GO:0005794]; Golgi membrane [GO:0000139]; membrane [GO:0016020]; nucleolus [GO:0005730]; plasma membrane [GO:0005886]; trans-Golgi network membrane [GO:0032588]; flagellated sperm motility [GO:0030317]; neuron migration [GO:0001764]; proacrosomal vesicle fusion [GO:0120211]; receptor-mediated endocytosis of virus by host cell [GO:0019065]; response to auditory stimulus [GO:0010996],,GO:0000139; GO:0001764; GO:0005730; GO:0005794; GO:0005886; GO:0010996; GO:0016020; GO:0019065; GO:0030317; GO:0031410; GO:0032588; GO:0120211
Q8N6P7,I22R1_HUMAN,Interleukin-22 receptor subunit alpha-1 (IL-22 receptor subunit alpha-1) (IL-22R-alpha-1) (IL-22RA1) (Cytokine receptor class-II member 9) (Cytokine receptor family 2 member 9) (CRF2-9) (ZcytoR11),IL22RA1 IL22R,9606.ENSP00000270800,cytokine-mediated signaling pathway [GO:0019221]; defense response to Gram-negative bacterium [GO:0050829]; negative regulation of cytokine production involved in inflammatory response [GO:1900016]; negative regulation of inflammatory response [GO:0050728],plasma membrane [GO:0005886],plasma membrane [GO:0005886]; cytokine receptor activity [GO:0004896]; interferon receptor activity [GO:0004904]; interleukin-20 binding [GO:0042015]; interleukin-22 receptor activity [GO:0042018]; cytokine-mediated signaling pathway [GO:0019221]; defense response to Gram-negative bacterium [GO:0050829]; negative regulation of cytokine production involved in inflammatory response [GO:1900016]; negative regulation of inflammatory response [GO:0050728],cytokine receptor activity [GO:0004896]; interferon receptor activity [GO:0004904]; interleukin-20 binding [GO:0042015]; interleukin-22 receptor activity [GO:0042018],GO:0004896; GO:0004904; GO:0005886; GO:0019221; GO:0042015; GO:0042018; GO:0050728; GO:0050829; GO:1900016
Q8NHU3,SMS2_HUMAN,Phosphatidylcholine:ceramide cholinephosphotransferase 2 (EC 2.7.8.27) (Sphingomyelin synthase 2) (SMS2),SGMS2 SMS2,9606.ENSP00000378176,ceramide biosynthetic process [GO:0046513]; ceramide phosphoethanolamine biosynthetic process [GO:1905373]; regulation of bone mineralization [GO:0030500]; sphingolipid biosynthetic process [GO:0030148]; sphingomyelin biosynthetic process [GO:0006686],endoplasmic reticulum membrane [GO:0005789]; Golgi apparatus [GO:0005794]; Golgi membrane [GO:0000139]; nucleoplasm [GO:0005654]; plasma membrane [GO:0005886],endoplasmic reticulum membrane [GO:0005789]; Golgi apparatus [GO:0005794]; Golgi membrane [GO:0000139]; nucleoplasm [GO:0005654]; plasma membrane [GO:0005886]; ceramide cholinephosphotransferase activity [GO:0047493]; ceramide phosphoethanolamine synthase activity [GO:0002950]; kinase activity [GO:0016301]; sphingomyelin synthase activity [GO:0033188]; ceramide biosynthetic process [GO:0046513]; ceramide phosphoethanolamine biosynthetic process [GO:1905373]; regulation of bone mineralization [GO:0030500]; sphingolipid biosynthetic process [GO:0030148]; sphingomyelin biosynthetic process [GO:0006686],ceramide cholinephosphotransferase activity [GO:0047493]; ceramide phosphoethanolamine synthase activity [GO:0002950]; kinase activity [GO:0016301]; sphingomyelin synthase activity [GO:0033188],GO:0000139; GO:0002950; GO:0005654; GO:0005789; GO:0005794; GO:0005886; GO:0006686; GO:0016301; GO:0030148; GO:0030500; GO:0033188; GO:0046513; GO:0047493; GO:1905373
Q8TEW8,PAR3L_HUMAN,Partitioning defective 3 homolog B (Amyotrophic lateral sclerosis 2 chromosomal region candidate gene 19 protein) (PAR3-beta) (Partitioning defective 3-like protein) (PAR3-L protein),PARD3B ALS2CR19 PAR3B PAR3L,9606.ENSP00000385848,cell adhesion [GO:0007155]; cell division [GO:0051301]; establishment of cell polarity [GO:0030010]; establishment of centrosome localization [GO:0051660]; establishment or maintenance of epithelial cell apical/basal polarity [GO:0045197]; intracellular protein localization [GO:0008104]; microtubule cytoskeleton organization [GO:0000226],adherens junction [GO:0005912]; apical junction complex [GO:0043296]; apical plasma membrane [GO:0016324]; bicellular tight junction [GO:0005923]; cell cortex [GO:0005938]; cell junction [GO:0030054]; endomembrane system [GO:0012505]; protein-containing complex [GO:0032991],adherens junction [GO:0005912]; apical junction complex [GO:0043296]; apical plasma membrane [GO:0016324]; bicellular tight junction [GO:0005923]; cell cortex [GO:0005938]; cell junction [GO:0030054]; endomembrane system [GO:0012505]; protein-containing complex [GO:0032991]; phosphatidylinositol binding [GO:0035091]; cell adhesion [GO:0007155]; cell division [GO:0051301]; establishment of cell polarity [GO:0030010]; establishment of centrosome localization [GO:0051660]; establishment or maintenance of epithelial cell apical/basal polarity [GO:0045197]; intracellular protein localization [GO:0008104]; microtubule cytoskeleton organization [GO:0000226],phosphatidylinositol binding [GO:0035091],GO:0000226; GO:0005912; GO:0005923; GO:0005938; GO:0007155; GO:0008104; GO:0012505; GO:0016324; GO:0030010; GO:0030054; GO:0032991; GO:0035091; GO:0043296; GO:0045197; GO:0051301; GO:0051660
Q92743,HTRA1_HUMAN,Serine protease HTRA1 (EC 3.4.21.-) (High-temperature requirement A serine peptidase 1) (L56) (Serine protease 11),HTRA1 HTRA PRSS11,9606.ENSP00000357980,chorionic trophoblast cell differentiation [GO:0060718]; negative regulation of BMP signaling pathway [GO:0030514]; negative regulation of transforming growth factor beta receptor signaling pathway [GO:0030512]; placenta development [GO:0001890]; positive regulation of apoptotic process [GO:0043065]; programmed cell death [GO:0012501]; proteolysis [GO:0006508],cytosol [GO:0005829]; extracellular exosome [GO:0070062]; extracellular matrix [GO:0031012]; extracellular region [GO:0005576]; extracellular space [GO:0005615]; plasma membrane [GO:0005886],cytosol [GO:0005829]; extracellular exosome [GO:0070062]; extracellular matrix [GO:0031012]; extracellular region [GO:0005576]; extracellular space [GO:0005615]; plasma membrane [GO:0005886]; growth factor binding [GO:0019838]; identical protein binding [GO:0042802]; molecular function activator activity [GO:0140677]; serine-type endopeptidase activity [GO:0004252]; serine-type peptidase activity [GO:0008236]; chorionic trophoblast cell differentiation [GO:0060718]; negative regulation of BMP signaling pathway [GO:0030514]; negative regulation of transforming growth factor beta receptor signaling pathway [GO:0030512]; placenta development [GO:0001890]; positive regulation of apoptotic process [GO:0043065]; programmed cell death [GO:0012501]; proteolysis [GO:0006508],growth factor binding [GO:0019838]; identical protein binding [GO:0042802]; molecular function activator activity [GO:0140677]; serine-type endopeptidase activity [GO:0004252]; serine-type peptidase activity [GO:0008236],GO:0001890; GO:0004252; GO:0005576; GO:0005615; GO:0005829; GO:0005886; GO:0006508; GO:0008236; GO:0012501; GO:0019838; GO:0030512; GO:0030514; GO:0031012; GO:0042802; GO:0043065; GO:0060718; GO:0070062; GO:0140677
Q92851,CASPA_HUMAN,Caspase-10 (CASP-10) (EC 3.4.22.63) (Apoptotic protease Mch-4) (FAS-associated death domain protein interleukin-1B-converting enzyme 2) (FLICE2) (ICE-like apoptotic protease 4) [Cleaved into: Caspase-10 subunit p23/17; Caspase-10 subunit p12],CASP10 MCH4,9606.ENSP00000286186,apoptotic process [GO:0006915]; positive regulation of canonical NF-kappaB signal transduction [GO:0043123]; positive regulation of execution phase of apoptosis [GO:1900119]; positive regulation of neuron apoptotic process [GO:0043525]; protein maturation [GO:0051604]; proteolysis [GO:0006508],CD95 death-inducing signaling complex [GO:0031265]; cytoplasm [GO:0005737]; cytosol [GO:0005829]; ripoptosome [GO:0097342],CD95 death-inducing signaling complex [GO:0031265]; cytoplasm [GO:0005737]; cytosol [GO:0005829]; ripoptosome [GO:0097342]; cysteine-type endopeptidase activity [GO:0004197]; death effector domain binding [GO:0035877]; ubiquitin protein ligase binding [GO:0031625]; apoptotic process [GO:0006915]; positive regulation of canonical NF-kappaB signal transduction [GO:0043123]; positive regulation of execution phase of apoptosis [GO:1900119]; positive regulation of neuron apoptotic process [GO:0043525]; protein maturation [GO:0051604]; proteolysis [GO:0006508],cysteine-type endopeptidase activity [GO:0004197]; death effector domain binding [GO:0035877]; ubiquitin protein ligase binding [GO:0031625],GO:0004197; GO:0005737; GO:0005829; GO:0006508; GO:0006915; GO:0031265; GO:0031625; GO:0035877; GO:0043123; GO:0043525; GO:0051604; GO:0097342; GO:1900119
Q96F07,CYFP2_HUMAN,Cytoplasmic FMR1-interacting protein 2 (p53-inducible protein 121),CYFIP2 KIAA1168 PIR121,9606.ENSP00000479719,apoptotic process [GO:0006915]; axon guidance [GO:0007411]; cell morphogenesis [GO:0000902]; cell projection assembly [GO:0030031]; cell-cell adhesion [GO:0098609]; dendrite extension [GO:0097484]; positive regulation of neurotrophin TRK receptor signaling pathway [GO:0051388]; positive regulation of proteolysis [GO:0045862]; regulation of actin filament polymerization [GO:0030833]; regulation of postsynapse assembly [GO:0150052],cytoplasm [GO:0005737]; cytosol [GO:0005829]; extracellular exosome [GO:0070062]; membrane [GO:0016020]; neuron projection [GO:0043005]; nucleus [GO:0005634]; perinuclear region of cytoplasm [GO:0048471]; SCAR complex [GO:0031209]; synapse [GO:0045202],cytoplasm [GO:0005737]; cytosol [GO:0005829]; extracellular exosome [GO:0070062]; membrane [GO:0016020]; neuron projection [GO:0043005]; nucleus [GO:0005634]; perinuclear region of cytoplasm [GO:0048471]; SCAR complex [GO:0031209]; synapse [GO:0045202]; small GTPase binding [GO:0031267]; apoptotic process [GO:0006915]; axon guidance [GO:0007411]; cell morphogenesis [GO:0000902]; cell projection assembly [GO:0030031]; cell-cell adhesion [GO:0098609]; dendrite extension [GO:0097484]; positive regulation of neurotrophin TRK receptor signaling pathway [GO:0051388]; positive regulation of proteolysis [GO:0045862]; regulation of actin filament polymerization [GO:0030833]; regulation of postsynapse assembly [GO:0150052],small GTPase binding [GO:0031267],GO:0000902; GO:0005634; GO:0005737; GO:0005829; GO:0006915; GO:0007411; GO:0016020; GO:0030031; GO:0030833; GO:0031209; GO:0031267; GO:0043005; GO:0045202; GO:0045862; GO:0048471; GO:0051388; GO:0070062; GO:0097484; GO:0098609; GO:0150052
Q96P31,FCRL3_HUMAN,Fc receptor-like protein 3 (FcR-like protein 3) (FcRL3) (Fc receptor homolog 3) (FcRH3) (IFGP family protein 3) (hIFGP3) (Immune receptor translocation-associated protein 3) (MAIA) (SH2 domain-containing phosphatase anchor protein 2) (CD antigen CD307c),FCRL3 FCRH3 IFGP3 IRTA3 SPAP2,9606.ENSP00000357169,cell surface receptor signaling pathway [GO:0007166]; immune response [GO:0006955]; negative regulation of B cell receptor signaling pathway [GO:0050859]; negative regulation of immunoglobulin production [GO:0002638]; positive regulation of B cell proliferation [GO:0030890]; positive regulation of MAPK cascade [GO:0043410]; regulation of B cell activation [GO:0050864]; regulation of B cell differentiation [GO:0045577]; regulation of calcium ion import [GO:0090279]; regulation of toll-like receptor 9 signaling pathway [GO:0034163]; single fertilization [GO:0007338],cell surface [GO:0009986]; external side of plasma membrane [GO:0009897]; microvillus membrane [GO:0031528],cell surface [GO:0009986]; external side of plasma membrane [GO:0009897]; microvillus membrane [GO:0031528]; kinase binding [GO:0019900]; phosphatase binding [GO:0019902]; transmembrane signaling receptor activity [GO:0004888]; cell surface receptor signaling pathway [GO:0007166]; immune response [GO:0006955]; negative regulation of B cell receptor signaling pathway [GO:0050859]; negative regulation of immunoglobulin production [GO:0002638]; positive regulation of B cell proliferation [GO:0030890]; positive regulation of MAPK cascade [GO:0043410]; regulation of B cell activation [GO:0050864]; regulation of B cell differentiation [GO:0045577]; regulation of calcium ion import [GO:0090279]; regulation of toll-like receptor 9 signaling pathway [GO:0034163]; single fertilization [GO:0007338],kinase binding [GO:0019900]; phosphatase binding [GO:0019902]; transmembrane signaling receptor activity [GO:0004888],GO:0002638; GO:0004888; GO:0006955; GO:0007166; GO:0007338; GO:0009897; GO:0009986; GO:0019900; GO:0019902; GO:0030890; GO:0031528; GO:0034163; GO:0043410; GO:0045577; GO:0050859; GO:0050864; GO:0090279
Q99497,PARK7_HUMAN,"Parkinson disease protein 7 (Maillard deglycase) (Oncogene DJ1) (Parkinsonism-associated deglycase) (Protein DJ-1) (DJ-1) (Protein/nucleic acid deglycase DJ-1) (EC 3.1.2.-, EC 3.5.1.-, EC 3.5.1.124)",PARK7,9606.ENSP00000340278,"adult locomotory behavior [GO:0008344]; androgen receptor signaling pathway [GO:0030521]; autophagy [GO:0006914]; cellular detoxification of aldehyde [GO:0110095]; cellular detoxification of methylglyoxal [GO:0140041]; cellular response to glyoxal [GO:0036471]; cellular response to hydrogen peroxide [GO:0070301]; cellular response to oxidative stress [GO:0034599]; detection of oxidative stress [GO:0070994]; detoxification of copper ion [GO:0010273]; detoxification of hydrogen peroxide [GO:0061691]; detoxification of mercury ion [GO:0050787]; DNA repair [GO:0006281]; dopamine uptake involved in synaptic transmission [GO:0051583]; glucose homeostasis [GO:0042593]; glycolate biosynthetic process [GO:0046295]; glyoxal metabolic process [GO:1903189]; guanine deglycation [GO:0106044]; guanine deglycation, glyoxal removal [GO:0106046]; guanine deglycation, methylglyoxal removal [GO:0106045]; hydrogen peroxide metabolic process [GO:0042743]; inflammatory response [GO:0006954]; insulin secretion [GO:0030073]; lactate biosynthetic process [GO:0019249]; membrane depolarization [GO:0051899]; membrane hyperpolarization [GO:0060081]; methylglyoxal catabolic process to lactate [GO:0061727]; methylglyoxal metabolic process [GO:0009438]; mitochondrion organization [GO:0007005]; negative regulation of death-inducing signaling complex assembly [GO:1903073]; negative regulation of endoplasmic reticulum stress-induced intrinsic apoptotic signaling pathway [GO:1902236]; negative regulation of extrinsic apoptotic signaling pathway [GO:2001237]; negative regulation of gene expression [GO:0010629]; negative regulation of hydrogen peroxide-induced neuron intrinsic apoptotic signaling pathway [GO:1903384]; negative regulation of intrinsic apoptotic signaling pathway in response to hydrogen peroxide [GO:1903751]; negative regulation of neuron apoptotic process [GO:0043524]; negative regulation of nitrosative stress-induced intrinsic apoptotic signaling pathway [GO:1905259]; negative regulation of oxidative stress-induced intrinsic apoptotic signaling pathway [GO:1902176]; negative regulation of oxidative stress-induced neuron intrinsic apoptotic signaling pathway [GO:1903377]; negative regulation of proteasomal ubiquitin-dependent protein catabolic process [GO:0032435]; negative regulation of protein export from nucleus [GO:0046826]; negative regulation of protein K48-linked deubiquitination [GO:1903094]; negative regulation of protein sumoylation [GO:0033234]; negative regulation of protein ubiquitination [GO:0031397]; negative regulation of reactive oxygen species biosynthetic process [GO:1903427]; negative regulation of TRAIL-activated apoptotic signaling pathway [GO:1903122]; positive regulation of acute inflammatory response to antigenic stimulus [GO:0002866]; positive regulation of autophagy of mitochondrion [GO:1903599]; positive regulation of dopamine biosynthetic process [GO:1903181]; positive regulation of gene expression [GO:0010628]; positive regulation of interleukin-8 production [GO:0032757]; positive regulation of L-dopa biosynthetic process [GO:1903197]; positive regulation of mitochondrial electron transport, NADH to ubiquinone [GO:1902958]; positive regulation of oxidative stress-induced intrinsic apoptotic signaling pathway [GO:1902177]; positive regulation of phosphatidylinositol 3-kinase/protein kinase B signal transduction [GO:0051897]; positive regulation of protein localization to nucleus [GO:1900182]; positive regulation of protein-containing complex assembly [GO:0031334]; positive regulation of reactive oxygen species biosynthetic process [GO:1903428]; positive regulation of reactive oxygen species metabolic process [GO:2000379]; positive regulation of transcription by RNA polymerase II [GO:0045944]; protein repair [GO:0030091]; protein stabilization [GO:0050821]; proteolysis [GO:0006508]; Ras protein signal transduction [GO:0007265]; regulation of androgen receptor signaling pathway [GO:0060765]; regulation of inflammatory response [GO:0050727]; regulation of mitochondrial membrane potential [GO:0051881]; regulation of neuron apoptotic process [GO:0043523]; regulation of oxidative stress-induced neuron intrinsic apoptotic signaling pathway [GO:1903376]; regulation of supramolecular fiber organization [GO:1902903]; regulation of synaptic vesicle endocytosis [GO:1900242]; removal of superoxide radicals [GO:0019430]; response to oxidative stress [GO:0006979]; single fertilization [GO:0007338]",adherens junction [GO:0005912]; axon [GO:0030424]; cell body [GO:0044297]; centriole [GO:0005814]; chromatin [GO:0000785]; cytoplasm [GO:0005737]; cytosol [GO:0005829]; endoplasmic reticulum [GO:0005783]; extracellular exosome [GO:0070062]; membrane raft [GO:0045121]; mitochondrial intermembrane space [GO:0005758]; mitochondrial matrix [GO:0005759]; mitochondrion [GO:0005739]; nucleoplasm [GO:0005654]; nucleus [GO:0005634]; perinuclear region of cytoplasm [GO:0048471]; plasma membrane [GO:0005886]; PML body [GO:0016605]; sperm midpiece [GO:0097225]; synaptic vesicle [GO:0008021],"adherens junction [GO:0005912]; axon [GO:0030424]; cell body [GO:0044297]; centriole [GO:0005814]; chromatin [GO:0000785]; cytoplasm [GO:0005737]; cytosol [GO:0005829]; endoplasmic reticulum [GO:0005783]; extracellular exosome [GO:0070062]; membrane raft [GO:0045121]; mitochondrial intermembrane space [GO:0005758]; mitochondrial matrix [GO:0005759]; mitochondrion [GO:0005739]; nucleoplasm [GO:0005654]; nucleus [GO:0005634]; perinuclear region of cytoplasm [GO:0048471]; plasma membrane [GO:0005886]; PML body [GO:0016605]; sperm midpiece [GO:0097225]; synaptic vesicle [GO:0008021]; cadherin binding [GO:0045296]; copper ion binding [GO:0005507]; cupric ion binding [GO:1903135]; cuprous ion binding [GO:1903136]; cytokine binding [GO:0019955]; DNA-binding transcription factor binding [GO:0140297]; enzyme activator activity [GO:0008047]; enzyme binding [GO:0019899]; glyoxalase (glycolic acid-forming) activity [GO:1990422]; identical protein binding [GO:0042802]; kinase binding [GO:0019900]; L-dopa decarboxylase activator activity [GO:0036478]; mercury ion binding [GO:0045340]; mRNA binding [GO:0003729]; nuclear androgen receptor binding [GO:0050681]; oxidoreductase activity, acting on peroxide as acceptor [GO:0016684]; oxygen sensor activity [GO:0019826]; peptidase activity [GO:0008233]; peptidase inhibitor activity [GO:0030414]; peroxiredoxin activity [GO:0051920]; protein deglycase activity [GO:0036524]; protein homodimerization activity [GO:0042803]; scaffold protein binding [GO:0097110]; signaling receptor activator activity [GO:0030546]; signaling receptor binding [GO:0005102]; small protein activating enzyme binding [GO:0044388]; superoxide dismutase copper chaperone activity [GO:0016532]; transcription coactivator activity [GO:0003713]; tyrosine 3-monooxygenase activator activity [GO:0036470]; ubiquitin-like protein conjugating enzyme binding [GO:0044390]; ubiquitin-protein transferase inhibitor activity [GO:0055105]; ubiquitin-specific protease binding [GO:1990381]; adult locomotory behavior [GO:0008344]; androgen receptor signaling pathway [GO:0030521]; autophagy [GO:0006914]; cellular detoxification of aldehyde [GO:0110095]; cellular detoxification of methylglyoxal [GO:0140041]; cellular response to glyoxal [GO:0036471]; cellular response to hydrogen peroxide [GO:0070301]; cellular response to oxidative stress [GO:0034599]; detection of oxidative stress [GO:0070994]; detoxification of copper ion [GO:0010273]; detoxification of hydrogen peroxide [GO:0061691]; detoxification of mercury ion [GO:0050787]; DNA repair [GO:0006281]; dopamine uptake involved in synaptic transmission [GO:0051583]; glucose homeostasis [GO:0042593]; glycolate biosynthetic process [GO:0046295]; glyoxal metabolic process [GO:1903189]; guanine deglycation [GO:0106044]; guanine deglycation, glyoxal removal [GO:0106046]; guanine deglycation, methylglyoxal removal [GO:0106045]; hydrogen peroxide metabolic process [GO:0042743]; inflammatory response [GO:0006954]; insulin secretion [GO:0030073]; lactate biosynthetic process [GO:0019249]; membrane depolarization [GO:0051899]; membrane hyperpolarization [GO:0060081]; methylglyoxal catabolic process to lactate [GO:0061727]; methylglyoxal metabolic process [GO:0009438]; mitochondrion organization [GO:0007005]; negative regulation of death-inducing signaling complex assembly [GO:1903073]; negative regulation of endoplasmic reticulum stress-induced intrinsic apoptotic signaling pathway [GO:1902236]; negative regulation of extrinsic apoptotic signaling pathway [GO:2001237]; negative regulation of gene expression [GO:0010629]; negative regulation of hydrogen peroxide-induced neuron intrinsic apoptotic signaling pathway [GO:1903384]; negative regulation of intrinsic apoptotic signaling pathway in response to hydrogen peroxide [GO:1903751]; negative regulation of neuron apoptotic process [GO:0043524]; negative regulation of nitrosative stress-induced intrinsic apoptotic signaling pathway [GO:1905259]; negative regulation of oxidative stress-induced intrinsic apoptotic signaling pathway [GO:1902176]; negative regulation of oxidative stress-induced neuron intrinsic apoptotic signaling pathway [GO:1903377]; negative regulation of proteasomal ubiquitin-dependent protein catabolic process [GO:0032435]; negative regulation of protein export from nucleus [GO:0046826]; negative regulation of protein K48-linked deubiquitination [GO:1903094]; negative regulation of protein sumoylation [GO:0033234]; negative regulation of protein ubiquitination [GO:0031397]; negative regulation of reactive oxygen species biosynthetic process [GO:1903427]; negative regulation of TRAIL-activated apoptotic signaling pathway [GO:1903122]; positive regulation of acute inflammatory response to antigenic stimulus [GO:0002866]; positive regulation of autophagy of mitochondrion [GO:1903599]; positive regulation of dopamine biosynthetic process [GO:1903181]; positive regulation of gene expression [GO:0010628]; positive regulation of interleukin-8 production [GO:0032757]; positive regulation of L-dopa biosynthetic process [GO:1903197]; positive regulation of mitochondrial electron transport, NADH to ubiquinone [GO:1902958]; positive regulation of oxidative stress-induced intrinsic apoptotic signaling pathway [GO:1902177]; positive regulation of phosphatidylinositol 3-kinase/protein kinase B signal transduction [GO:0051897]; positive regulation of protein localization to nucleus [GO:1900182]; positive regulation of protein-containing complex assembly [GO:0031334]; positive regulation of reactive oxygen species biosynthetic process [GO:1903428]; positive regulation of reactive oxygen species metabolic process [GO:2000379]; positive regulation of transcription by RNA polymerase II [GO:0045944]; protein repair [GO:0030091]; protein stabilization [GO:0050821]; proteolysis [GO:0006508]; Ras protein signal transduction [GO:0007265]; regulation of androgen receptor signaling pathway [GO:0060765]; regulation of inflammatory response [GO:0050727]; regulation of mitochondrial membrane potential [GO:0051881]; regulation of neuron apoptotic process [GO:0043523]; regulation of oxidative stress-induced neuron intrinsic apoptotic signaling pathway [GO:1903376]; regulation of supramolecular fiber organization [GO:1902903]; regulation of synaptic vesicle endocytosis [GO:1900242]; removal of superoxide radicals [GO:0019430]; response to oxidative stress [GO:0006979]; single fertilization [GO:0007338]","cadherin binding [GO:0045296]; copper ion binding [GO:0005507]; cupric ion binding [GO:1903135]; cuprous ion binding [GO:1903136]; cytokine binding [GO:0019955]; DNA-binding transcription factor binding [GO:0140297]; enzyme activator activity [GO:0008047]; enzyme binding [GO:0019899]; glyoxalase (glycolic acid-forming) activity [GO:1990422]; identical protein binding [GO:0042802]; kinase binding [GO:0019900]; L-dopa decarboxylase activator activity [GO:0036478]; mercury ion binding [GO:0045340]; mRNA binding [GO:0003729]; nuclear androgen receptor binding [GO:0050681]; oxidoreductase activity, acting on peroxide as acceptor [GO:0016684]; oxygen sensor activity [GO:0019826]; peptidase activity [GO:0008233]; peptidase inhibitor activity [GO:0030414]; peroxiredoxin activity [GO:0051920]; protein deglycase activity [GO:0036524]; protein homodimerization activity [GO:0042803]; scaffold protein binding [GO:0097110]; signaling receptor activator activity [GO:0030546]; signaling receptor binding [GO:0005102]; small protein activating enzyme binding [GO:0044388]; superoxide dismutase copper chaperone activity [GO:0016532]; transcription coactivator activity [GO:0003713]; tyrosine 3-monooxygenase activator activity [GO:0036470]; ubiquitin-like protein conjugating enzyme binding [GO:0044390]; ubiquitin-protein transferase inhibitor activity [GO:0055105]; ubiquitin-specific protease binding [GO:1990381]",GO:0000785; GO:0002866; GO:0003713; GO:0003729; GO:0005102; GO:0005507; GO:0005634; GO:0005654; GO:0005737; GO:0005739; GO:0005758; GO:0005759; GO:0005783; GO:0005814; GO:0005829; GO:0005886; GO:0005912; GO:0006281; GO:0006508; GO:0006914; GO:0006954; GO:0006979; GO:0007005; GO:0007265; GO:0007338; GO:0008021; GO:0008047; GO:0008233; GO:0008344; GO:0009438; GO:0010273; GO:0010628; GO:0010629; GO:0016532; GO:0016605; GO:0016684; GO:0019249; GO:0019430; GO:0019826; GO:0019899; GO:0019900; GO:0019955; GO:0030073; GO:0030091; GO:0030414; GO:0030424; GO:0030521; GO:0030546; GO:0031334; GO:0031397; GO:0032435; GO:0032757; GO:0033234; GO:0034599; GO:0036470; GO:0036471; GO:0036478; GO:0036524; GO:0042593; GO:0042743; GO:0042802; GO:0042803; GO:0043523; GO:0043524; GO:0044297; GO:0044388; GO:0044390; GO:0045121; GO:0045296; GO:0045340; GO:0045944; GO:0046295; GO:0046826; GO:0048471; GO:0050681; GO:0050727; GO:0050787; GO:0050821; GO:0051583; GO:0051881; GO:0051897; GO:0051899; GO:0051920; GO:0055105; GO:0060081; GO:0060765; GO:0061691; GO:0061727; GO:0070062; GO:0070301; GO:0070994; GO:0097110; GO:0097225; GO:0106044; GO:0106045; GO:0106046; GO:0110095; GO:0140041; GO:0140297; GO:1900182; GO:1900242; GO:1902176; GO:1902177; GO:1902236; GO:1902903; GO:1902958; GO:1903073; GO:1903094; GO:1903122; GO:1903135; GO:1903136; GO:1903181; GO:1903189; GO:1903197; GO:1903376; GO:1903377; GO:1903384; GO:1903427; GO:1903428; GO:1903599; GO:1903751; GO:1905259; GO:1990381; GO:1990422; GO:2000379; GO:2001237
Q99571,P2RX4_HUMAN,P2X purinoceptor 4 (P2X4) (ATP receptor) (Purinergic receptor),P2RX4,9606.ENSP00000353032,apoptotic signaling pathway [GO:0097190]; behavioral response to pain [GO:0048266]; calcium ion transmembrane transport [GO:0070588]; calcium-mediated signaling [GO:0019722]; cellular response to ATP [GO:0071318]; cellular response to zinc ion [GO:0071294]; endothelial cell activation [GO:0042118]; membrane depolarization [GO:0051899]; monoatomic ion transmembrane transport [GO:0034220]; negative regulation of cardiac muscle hypertrophy [GO:0010614]; positive regulation of blood vessel endothelial cell migration [GO:0043536]; positive regulation of calcium ion transport [GO:0051928]; positive regulation of calcium ion transport into cytosol [GO:0010524]; positive regulation of calcium-mediated signaling [GO:0050850]; positive regulation of endothelial cell chemotaxis [GO:2001028]; positive regulation of microglial cell migration [GO:1904141]; positive regulation of nitric oxide biosynthetic process [GO:0045429]; positive regulation of phosphatidylinositol 3-kinase/protein kinase B signal transduction [GO:0051897]; positive regulation of prostaglandin secretion [GO:0032308]; purinergic nucleotide receptor signaling pathway [GO:0035590]; regulation of blood pressure [GO:0008217]; regulation of cardiac muscle contraction [GO:0055117]; regulation of chemotaxis [GO:0050920]; regulation of sodium ion transport [GO:0002028]; relaxation of cardiac muscle [GO:0055119]; response to ATP [GO:0033198]; response to axon injury [GO:0048678]; response to fluid shear stress [GO:0034405]; response to ischemia [GO:0002931]; sensory perception of pain [GO:0019233]; sensory perception of touch [GO:0050975]; signal transduction [GO:0007165]; tissue homeostasis [GO:0001894],cell body [GO:0044297]; cell junction [GO:0030054]; extracellular exosome [GO:0070062]; lysosomal membrane [GO:0005765]; membrane [GO:0016020]; perinuclear region of cytoplasm [GO:0048471]; plasma membrane [GO:0005886]; postsynapse [GO:0098794],cell body [GO:0044297]; cell junction [GO:0030054]; extracellular exosome [GO:0070062]; lysosomal membrane [GO:0005765]; membrane [GO:0016020]; perinuclear region of cytoplasm [GO:0048471]; plasma membrane [GO:0005886]; postsynapse [GO:0098794]; ATP binding [GO:0005524]; cadherin binding [GO:0045296]; copper ion binding [GO:0005507]; extracellularly ATP-gated monoatomic cation channel activity [GO:0004931]; identical protein binding [GO:0042802]; ligand-gated calcium channel activity [GO:0099604]; purinergic nucleotide receptor activity [GO:0001614]; signaling receptor binding [GO:0005102]; zinc ion binding [GO:0008270]; apoptotic signaling pathway [GO:0097190]; behavioral response to pain [GO:0048266]; calcium ion transmembrane transport [GO:0070588]; calcium-mediated signaling [GO:0019722]; cellular response to ATP [GO:0071318]; cellular response to zinc ion [GO:0071294]; endothelial cell activation [GO:0042118]; membrane depolarization [GO:0051899]; monoatomic ion transmembrane transport [GO:0034220]; negative regulation of cardiac muscle hypertrophy [GO:0010614]; positive regulation of blood vessel endothelial cell migration [GO:0043536]; positive regulation of calcium ion transport [GO:0051928]; positive regulation of calcium ion transport into cytosol [GO:0010524]; positive regulation of calcium-mediated signaling [GO:0050850]; positive regulation of endothelial cell chemotaxis [GO:2001028]; positive regulation of microglial cell migration [GO:1904141]; positive regulation of nitric oxide biosynthetic process [GO:0045429]; positive regulation of phosphatidylinositol 3-kinase/protein kinase B signal transduction [GO:0051897]; positive regulation of prostaglandin secretion [GO:0032308]; purinergic nucleotide receptor signaling pathway [GO:0035590]; regulation of blood pressure [GO:0008217]; regulation of cardiac muscle contraction [GO:0055117]; regulation of chemotaxis [GO:0050920]; regulation of sodium ion transport [GO:0002028]; relaxation of cardiac muscle [GO:0055119]; response to ATP [GO:0033198]; response to axon injury [GO:0048678]; response to fluid shear stress [GO:0034405]; response to ischemia [GO:0002931]; sensory perception of pain [GO:0019233]; sensory perception of touch [GO:0050975]; signal transduction [GO:0007165]; tissue homeostasis [GO:0001894],ATP binding [GO:0005524]; cadherin binding [GO:0045296]; copper ion binding [GO:0005507]; extracellularly ATP-gated monoatomic cation channel activity [GO:0004931]; identical protein binding [GO:0042802]; ligand-gated calcium channel activity [GO:0099604]; purinergic nucleotide receptor activity [GO:0001614]; signaling receptor binding [GO:0005102]; zinc ion binding [GO:0008270],GO:0001614; GO:0001894; GO:0002028; GO:0002931; GO:0004931; GO:0005102; GO:0005507; GO:0005524; GO:0005765; GO:0005886; GO:0007165; GO:0008217; GO:0008270; GO:0010524; GO:0010614; GO:0016020; GO:0019233; GO:0019722; GO:0030054; GO:0032308; GO:0033198; GO:0034220; GO:0034405; GO:0035590; GO:0042118; GO:0042802; GO:0043536; GO:0044297; GO:0045296; GO:0045429; GO:0048266; GO:0048471; GO:0048678; GO:0050850; GO:0050920; GO:0050975; GO:0051897; GO:0051899; GO:0051928; GO:0055117; GO:0055119; GO:0070062; GO:0070588; GO:0071294; GO:0071318; GO:0097190; GO:0098794; GO:0099604; GO:1904141; GO:2001028
Q99572,P2RX7_HUMAN,P2X purinoceptor 7 (P2X7) (ATP receptor) (P2Z receptor) (Purinergic receptor),P2RX7,9606.ENSP00000330696,apoptotic signaling pathway [GO:0097190]; bleb assembly [GO:0032060]; calcium ion transmembrane transport [GO:0070588]; calcium-mediated signaling [GO:0019722]; cell morphogenesis [GO:0000902]; cell surface receptor signaling pathway [GO:0007166]; cellular response to ATP [GO:0071318]; cellular response to dsRNA [GO:0071359]; ceramide biosynthetic process [GO:0046513]; collagen metabolic process [GO:0032963]; defense response to Gram-positive bacterium [GO:0050830]; extrinsic apoptotic signaling pathway [GO:0097191]; gamma-aminobutyric acid secretion [GO:0014051]; glutamate secretion [GO:0014047]; homeostasis of number of cells within a tissue [GO:0048873]; inflammatory response [GO:0006954]; MAPK cascade [GO:0000165]; membrane depolarization [GO:0051899]; membrane protein ectodomain proteolysis [GO:0006509]; mitochondrial depolarization [GO:0051882]; mitochondrion organization [GO:0007005]; NAD transport [GO:0043132]; negative regulation of bone resorption [GO:0045779]; negative regulation of cell volume [GO:0045794]; negative regulation of MAPK cascade [GO:0043409]; phagolysosome assembly [GO:0001845]; phospholipid transfer to membrane [GO:0006649]; plasma membrane phospholipid scrambling [GO:0017121]; pore complex assembly [GO:0046931]; positive regulation of bleb assembly [GO:1904172]; positive regulation of bone mineralization [GO:0030501]; positive regulation of calcium ion transport into cytosol [GO:0010524]; positive regulation of cytoskeleton organization [GO:0051495]; positive regulation of gamma-aminobutyric acid secretion [GO:0014054]; positive regulation of gene expression [GO:0010628]; positive regulation of glutamate secretion [GO:0014049]; positive regulation of glycolytic process [GO:0045821]; positive regulation of interleukin-1 alpha production [GO:0032730]; positive regulation of interleukin-1 beta production [GO:0032731]; positive regulation of interleukin-6 production [GO:0032755]; positive regulation of macrophage cytokine production [GO:0060907]; positive regulation of MAPK cascade [GO:0043410]; positive regulation of mitochondrial depolarization [GO:0051901]; positive regulation of monoatomic ion transmembrane transport [GO:0034767]; positive regulation of NLRP3 inflammasome complex assembly [GO:1900227]; positive regulation of prostaglandin secretion [GO:0032308]; positive regulation of protein secretion [GO:0050714]; positive regulation of T cell apoptotic process [GO:0070234]; positive regulation of T cell mediated cytotoxicity [GO:0001916]; prostaglandin secretion [GO:0032310]; protein catabolic process [GO:0030163]; protein homotrimerization [GO:0070207]; protein processing [GO:0016485]; protein secretion [GO:0009306]; purinergic nucleotide receptor signaling pathway [GO:0035590]; reactive oxygen species metabolic process [GO:0072593]; regulation of sodium ion transport [GO:0002028]; release of sequestered calcium ion into cytosol [GO:0051209]; response to ATP [GO:0033198]; response to calcium ion [GO:0051592]; response to electrical stimulus [GO:0051602]; response to fluid shear stress [GO:0034405]; response to ischemia [GO:0002931]; response to lipopolysaccharide [GO:0032496]; response to mechanical stimulus [GO:0009612]; response to xenobiotic stimulus [GO:0009410]; response to zinc ion [GO:0010043]; sensory perception of pain [GO:0019233]; skeletal system morphogenesis [GO:0048705]; synaptic vesicle exocytosis [GO:0016079]; T cell apoptotic process [GO:0070231]; T cell homeostasis [GO:0043029]; T cell mediated cytotoxicity [GO:0001913]; T cell proliferation [GO:0042098]; vesicle budding from membrane [GO:0006900],bleb [GO:0032059]; cell-cell junction [GO:0005911]; cytoplasm [GO:0005737]; external side of plasma membrane [GO:0009897]; membrane [GO:0016020]; mitochondrion [GO:0005739]; neuromuscular junction [GO:0031594]; neuronal cell body [GO:0043025]; plasma membrane [GO:0005886]; postsynapse [GO:0098794]; presynapse [GO:0098793],bleb [GO:0032059]; cell-cell junction [GO:0005911]; cytoplasm [GO:0005737]; external side of plasma membrane [GO:0009897]; membrane [GO:0016020]; mitochondrion [GO:0005739]; neuromuscular junction [GO:0031594]; neuronal cell body [GO:0043025]; plasma membrane [GO:0005886]; postsynapse [GO:0098794]; presynapse [GO:0098793]; ATP binding [GO:0005524]; extracellularly ATP-gated monoatomic cation channel activity [GO:0004931]; GTP binding [GO:0005525]; identical protein binding [GO:0042802]; lipopolysaccharide binding [GO:0001530]; metal ion binding [GO:0046872]; potassium channel activity [GO:0005267]; purinergic nucleotide receptor activity [GO:0001614]; signaling receptor binding [GO:0005102]; sodium channel activity [GO:0005272]; apoptotic signaling pathway [GO:0097190]; bleb assembly [GO:0032060]; calcium ion transmembrane transport [GO:0070588]; calcium-mediated signaling [GO:0019722]; cell morphogenesis [GO:0000902]; cell surface receptor signaling pathway [GO:0007166]; cellular response to ATP [GO:0071318]; cellular response to dsRNA [GO:0071359]; ceramide biosynthetic process [GO:0046513]; collagen metabolic process [GO:0032963]; defense response to Gram-positive bacterium [GO:0050830]; extrinsic apoptotic signaling pathway [GO:0097191]; gamma-aminobutyric acid secretion [GO:0014051]; glutamate secretion [GO:0014047]; homeostasis of number of cells within a tissue [GO:0048873]; inflammatory response [GO:0006954]; MAPK cascade [GO:0000165]; membrane depolarization [GO:0051899]; membrane protein ectodomain proteolysis [GO:0006509]; mitochondrial depolarization [GO:0051882]; mitochondrion organization [GO:0007005]; NAD transport [GO:0043132]; negative regulation of bone resorption [GO:0045779]; negative regulation of cell volume [GO:0045794]; negative regulation of MAPK cascade [GO:0043409]; phagolysosome assembly [GO:0001845]; phospholipid transfer to membrane [GO:0006649]; plasma membrane phospholipid scrambling [GO:0017121]; pore complex assembly [GO:0046931]; positive regulation of bleb assembly [GO:1904172]; positive regulation of bone mineralization [GO:0030501]; positive regulation of calcium ion transport into cytosol [GO:0010524]; positive regulation of cytoskeleton organization [GO:0051495]; positive regulation of gamma-aminobutyric acid secretion [GO:0014054]; positive regulation of gene expression [GO:0010628]; positive regulation of glutamate secretion [GO:0014049]; positive regulation of glycolytic process [GO:0045821]; positive regulation of interleukin-1 alpha production [GO:0032730]; positive regulation of interleukin-1 beta production [GO:0032731]; positive regulation of interleukin-6 production [GO:0032755]; positive regulation of macrophage cytokine production [GO:0060907]; positive regulation of MAPK cascade [GO:0043410]; positive regulation of mitochondrial depolarization [GO:0051901]; positive regulation of monoatomic ion transmembrane transport [GO:0034767]; positive regulation of NLRP3 inflammasome complex assembly [GO:1900227]; positive regulation of prostaglandin secretion [GO:0032308]; positive regulation of protein secretion [GO:0050714]; positive regulation of T cell apoptotic process [GO:0070234]; positive regulation of T cell mediated cytotoxicity [GO:0001916]; prostaglandin secretion [GO:0032310]; protein catabolic process [GO:0030163]; protein homotrimerization [GO:0070207]; protein processing [GO:0016485]; protein secretion [GO:0009306]; purinergic nucleotide receptor signaling pathway [GO:0035590]; reactive oxygen species metabolic process [GO:0072593]; regulation of sodium ion transport [GO:0002028]; release of sequestered calcium ion into cytosol [GO:0051209]; response to ATP [GO:0033198]; response to calcium ion [GO:0051592]; response to electrical stimulus [GO:0051602]; response to fluid shear stress [GO:0034405]; response to ischemia [GO:0002931]; response to lipopolysaccharide [GO:0032496]; response to mechanical stimulus [GO:0009612]; response to xenobiotic stimulus [GO:0009410]; response to zinc ion [GO:0010043]; sensory perception of pain [GO:0019233]; skeletal system morphogenesis [GO:0048705]; synaptic vesicle exocytosis [GO:0016079]; T cell apoptotic process [GO:0070231]; T cell homeostasis [GO:0043029]; T cell mediated cytotoxicity [GO:0001913]; T cell proliferation [GO:0042098]; vesicle budding from membrane [GO:0006900],ATP binding [GO:0005524]; extracellularly ATP-gated monoatomic cation channel activity [GO:0004931]; GTP binding [GO:0005525]; identical protein binding [GO:0042802]; lipopolysaccharide binding [GO:0001530]; metal ion binding [GO:0046872]; potassium channel activity [GO:0005267]; purinergic nucleotide receptor activity [GO:0001614]; signaling receptor binding [GO:0005102]; sodium channel activity [GO:0005272],GO:0000165; GO:0000902; GO:0001530; GO:0001614; GO:0001845; GO:0001913; GO:0001916; GO:0002028; GO:0002931; GO:0004931; GO:0005102; GO:0005267; GO:0005272; GO:0005524; GO:0005525; GO:0005737; GO:0005739; GO:0005886; GO:0005911; GO:0006509; GO:0006649; GO:0006900; GO:0006954; GO:0007005; GO:0007166; GO:0009306; GO:0009410; GO:0009612; GO:0009897; GO:0010043; GO:0010524; GO:0010628; GO:0014047; GO:0014049; GO:0014051; GO:0014054; GO:0016020; GO:0016079; GO:0016485; GO:0017121; GO:0019233; GO:0019722; GO:0030163; GO:0030501; GO:0031594; GO:0032059; GO:0032060; GO:0032308; GO:0032310; GO:0032496; GO:0032730; GO:0032731; GO:0032755; GO:0032963; GO:0033198; GO:0034405; GO:0034767; GO:0035590; GO:0042098; GO:0042802; GO:0043025; GO:0043029; GO:0043132; GO:0043409; GO:0043410; GO:0045779; GO:0045794; GO:0045821; GO:0046513; GO:0046872; GO:0046931; GO:0048705; GO:0048873; GO:0050714; GO:0050830; GO:0051209; GO:0051495; GO:0051592; GO:0051602; GO:0051882; GO:0051899; GO:0051901; GO:0060907; GO:0070207; GO:0070231; GO:0070234; GO:0070588; GO:0071318; GO:0071359; GO:0072593; GO:0097190; GO:0097191; GO:0098793; GO:0098794; GO:1900227; GO:1904172
Q9BQI3,E2AK1_HUMAN,Eukaryotic translation initiation factor 2-alpha kinase 1 (EC 2.7.11.1) (Heme-controlled repressor) (HCR) (Heme-regulated eukaryotic initiation factor eIF-2-alpha kinase) (Heme-regulated inhibitor) (hHRI) (Hemin-sensitive initiation factor 2-alpha kinase),EIF2AK1 HRI KIAA1369 PRO1362,9606.ENSP00000199389,acute inflammatory response [GO:0002526]; establishment of localization in cell [GO:0051649]; HRI-mediated signaling [GO:0140468]; integrated stress response signaling [GO:0140467]; macrophage differentiation [GO:0030225]; multicellular organismal-level iron ion homeostasis [GO:0060586]; negative regulation of cell population proliferation [GO:0008285]; negative regulation of hemoglobin biosynthetic process [GO:0046986]; negative regulation of translational initiation by iron [GO:0045993]; phagocytosis [GO:0006909]; positive regulation of mitophagy [GO:1901526]; protein autophosphorylation [GO:0046777]; protein localization to mitochondrion [GO:0070585]; protoporphyrinogen IX metabolic process [GO:0046501]; regulation of translational initiation [GO:0006446]; response to iron ion starvation [GO:1990641],cytoplasm [GO:0005737]; cytosol [GO:0005829]; nucleus [GO:0005634],cytoplasm [GO:0005737]; cytosol [GO:0005829]; nucleus [GO:0005634]; ATP binding [GO:0005524]; eukaryotic translation initiation factor 2alpha kinase activity [GO:0004694]; heme binding [GO:0020037]; protein homodimerization activity [GO:0042803]; protein serine kinase activity [GO:0106310]; acute inflammatory response [GO:0002526]; establishment of localization in cell [GO:0051649]; HRI-mediated signaling [GO:0140468]; integrated stress response signaling [GO:0140467]; macrophage differentiation [GO:0030225]; multicellular organismal-level iron ion homeostasis [GO:0060586]; negative regulation of cell population proliferation [GO:0008285]; negative regulation of hemoglobin biosynthetic process [GO:0046986]; negative regulation of translational initiation by iron [GO:0045993]; phagocytosis [GO:0006909]; positive regulation of mitophagy [GO:1901526]; protein autophosphorylation [GO:0046777]; protein localization to mitochondrion [GO:0070585]; protoporphyrinogen IX metabolic process [GO:0046501]; regulation of translational initiation [GO:0006446]; response to iron ion starvation [GO:1990641],ATP binding [GO:0005524]; eukaryotic translation initiation factor 2alpha kinase activity [GO:0004694]; heme binding [GO:0020037]; protein homodimerization activity [GO:0042803]; protein serine kinase activity [GO:0106310],GO:0002526; GO:0004694; GO:0005524; GO:0005634; GO:0005737; GO:0005829; GO:0006446; GO:0006909; GO:0008285; GO:0020037; GO:0030225; GO:0042803; GO:0045993; GO:0046501; GO:0046777; GO:0046986; GO:0051649; GO:0060586; GO:0070585; GO:0106310; GO:0140467; GO:0140468; GO:1901526; GO:1990641
Q9BUI4,RPC3_HUMAN,DNA-directed RNA polymerase III subunit RPC3 (RNA polymerase III subunit C3) (DNA-directed RNA polymerase III subunit C) (RNA polymerase III 62 kDa subunit) (RPC62),POLR3C,9606.ENSP00000334564,defense response to virus [GO:0051607]; DNA-templated transcription [GO:0006351]; innate immune response [GO:0045087]; positive regulation of innate immune response [GO:0045089]; positive regulation of interferon-beta production [GO:0032728]; regulation of transcription by RNA polymerase III [GO:0006359],cytosol [GO:0005829]; nucleoplasm [GO:0005654]; RNA polymerase III complex [GO:0005666],cytosol [GO:0005829]; nucleoplasm [GO:0005654]; RNA polymerase III complex [GO:0005666]; DNA-directed RNA polymerase activity [GO:0003899]; single-stranded DNA binding [GO:0003697]; defense response to virus [GO:0051607]; DNA-templated transcription [GO:0006351]; innate immune response [GO:0045087]; positive regulation of innate immune response [GO:0045089]; positive regulation of interferon-beta production [GO:0032728]; regulation of transcription by RNA polymerase III [GO:0006359],DNA-directed RNA polymerase activity [GO:0003899]; single-stranded DNA binding [GO:0003697],GO:0003697; GO:0003899; GO:0005654; GO:0005666; GO:0005829; GO:0006351; GO:0006359; GO:0032728; GO:0045087; GO:0045089; GO:0051607
Q9BXN1,ASPN_HUMAN,Asporin (Periodontal ligament-associated protein 1) (PLAP-1),ASPN PLAP1 SLRR1C UNQ215/PRO241,9606.ENSP00000364694,bone mineralization [GO:0030282]; negative regulation of tooth mineralization [GO:0070171]; negative regulation of transforming growth factor beta receptor signaling pathway [GO:0030512]; response to fluoride [GO:1902617],cell projection [GO:0042995]; extracellular matrix [GO:0031012]; extracellular space [GO:0005615],cell projection [GO:0042995]; extracellular matrix [GO:0031012]; extracellular space [GO:0005615]; calcium ion binding [GO:0005509]; bone mineralization [GO:0030282]; negative regulation of tooth mineralization [GO:0070171]; negative regulation of transforming growth factor beta receptor signaling pathway [GO:0030512]; response to fluoride [GO:1902617],calcium ion binding [GO:0005509],GO:0005509; GO:0005615; GO:0030282; GO:0030512; GO:0031012; GO:0042995; GO:0070171; GO:1902617
Q9BZR9,TRIM8_HUMAN,E3 ubiquitin-protein ligase TRIM8 (EC 2.3.2.27) (Glioblastoma-expressed RING finger protein) (RING finger protein 27) (RING-type E3 ubiquitin transferase TRIM8) (Tripartite motif-containing protein 8),TRIM8 GERP RNF27,9606.ENSP00000496301,canonical NF-kappaB signal transduction [GO:0007249]; host-mediated suppression of symbiont invasion [GO:0046597]; innate immune response [GO:0045087]; negative regulation of viral transcription [GO:0032897]; positive regulation of autophagy [GO:0010508]; positive regulation of canonical NF-kappaB signal transduction [GO:0043123]; positive regulation of protein localization to nucleus [GO:1900182]; protein K63-linked ubiquitination [GO:0070534]; stem cell population maintenance [GO:0019827]; suppression of viral release by host [GO:0044790],cytoplasm [GO:0005737]; cytosol [GO:0005829]; nucleus [GO:0005634]; PML body [GO:0016605],cytoplasm [GO:0005737]; cytosol [GO:0005829]; nucleus [GO:0005634]; PML body [GO:0016605]; identical protein binding [GO:0042802]; protein homodimerization activity [GO:0042803]; transcription coactivator activity [GO:0003713]; ubiquitin protein ligase activity [GO:0061630]; zinc ion binding [GO:0008270]; canonical NF-kappaB signal transduction [GO:0007249]; host-mediated suppression of symbiont invasion [GO:0046597]; innate immune response [GO:0045087]; negative regulation of viral transcription [GO:0032897]; positive regulation of autophagy [GO:0010508]; positive regulation of canonical NF-kappaB signal transduction [GO:0043123]; positive regulation of protein localization to nucleus [GO:1900182]; protein K63-linked ubiquitination [GO:0070534]; stem cell population maintenance [GO:0019827]; suppression of viral release by host [GO:0044790],identical protein binding [GO:0042802]; protein homodimerization activity [GO:0042803]; transcription coactivator activity [GO:0003713]; ubiquitin protein ligase activity [GO:0061630]; zinc ion binding [GO:0008270],GO:0003713; GO:0005634; GO:0005737; GO:0005829; GO:0007249; GO:0008270; GO:0010508; GO:0016605; GO:0019827; GO:0032897; GO:0042802; GO:0042803; GO:0043123; GO:0044790; GO:0045087; GO:0046597; GO:0061630; GO:0070534; GO:1900182
Q9C0K0,BC11B_HUMAN,B-cell lymphoma/leukemia 11B (BCL-11B) (B-cell CLL/lymphoma 11B) (COUP-TF-interacting protein 2) (Radiation-induced tumor suppressor gene 1 protein) (hRit1),BCL11B CTIP2 RIT1,9606.ENSP00000349723,alpha-beta T cell differentiation [GO:0046632]; commitment of neuronal cell to specific neuron type in forebrain [GO:0021902]; epithelial cell morphogenesis [GO:0003382]; hematopoietic stem cell migration [GO:0035701]; keratinocyte development [GO:0003334]; lymphoid lineage cell migration into thymus [GO:0097535]; negative regulation of cell population proliferation [GO:0008285]; negative regulation of thymocyte apoptotic process [GO:0070244]; odontogenesis of dentin-containing tooth [GO:0042475]; olfactory bulb axon guidance [GO:0071678]; positive regulation of transcription by RNA polymerase II [GO:0045944]; positive T cell selection [GO:0043368]; post-embryonic camera-type eye development [GO:0031077]; regulation of keratinocyte proliferation [GO:0010837]; regulation of lipid metabolic process [GO:0019216]; regulation of neuron differentiation [GO:0045664]; striatal medium spiny neuron differentiation [GO:0021773]; T cell differentiation in thymus [GO:0033077]; T cell receptor V(D)J recombination [GO:0033153]; thymocyte apoptotic process [GO:0070242]; thymus development [GO:0048538]; transcription by RNA polymerase II [GO:0006366],neuron projection [GO:0043005]; nucleoplasm [GO:0005654]; nucleus [GO:0005634]; SWI/SNF complex [GO:0016514],"neuron projection [GO:0043005]; nucleoplasm [GO:0005654]; nucleus [GO:0005634]; SWI/SNF complex [GO:0016514]; DNA-binding transcription activator activity, RNA polymerase II-specific [GO:0001228]; DNA-binding transcription factor activity [GO:0003700]; RNA polymerase II cis-regulatory region sequence-specific DNA binding [GO:0000978]; sequence-specific double-stranded DNA binding [GO:1990837]; zinc ion binding [GO:0008270]; alpha-beta T cell differentiation [GO:0046632]; commitment of neuronal cell to specific neuron type in forebrain [GO:0021902]; epithelial cell morphogenesis [GO:0003382]; hematopoietic stem cell migration [GO:0035701]; keratinocyte development [GO:0003334]; lymphoid lineage cell migration into thymus [GO:0097535]; negative regulation of cell population proliferation [GO:0008285]; negative regulation of thymocyte apoptotic process [GO:0070244]; odontogenesis of dentin-containing tooth [GO:0042475]; olfactory bulb axon guidance [GO:0071678]; positive regulation of transcription by RNA polymerase II [GO:0045944]; positive T cell selection [GO:0043368]; post-embryonic camera-type eye development [GO:0031077]; regulation of keratinocyte proliferation [GO:0010837]; regulation of lipid metabolic process [GO:0019216]; regulation of neuron differentiation [GO:0045664]; striatal medium spiny neuron differentiation [GO:0021773]; T cell differentiation in thymus [GO:0033077]; T cell receptor V(D)J recombination [GO:0033153]; thymocyte apoptotic process [GO:0070242]; thymus development [GO:0048538]; transcription by RNA polymerase II [GO:0006366]","DNA-binding transcription activator activity, RNA polymerase II-specific [GO:0001228]; DNA-binding transcription factor activity [GO:0003700]; RNA polymerase II cis-regulatory region sequence-specific DNA binding [GO:0000978]; sequence-specific double-stranded DNA binding [GO:1990837]; zinc ion binding [GO:0008270]",GO:0000978; GO:0001228; GO:0003334; GO:0003382; GO:0003700; GO:0005634; GO:0005654; GO:0006366; GO:0008270; GO:0008285; GO:0010837; GO:0016514; GO:0019216; GO:0021773; GO:0021902; GO:0031077; GO:0033077; GO:0033153; GO:0035701; GO:0042475; GO:0043005; GO:0043368; GO:0045664; GO:0045944; GO:0046632; GO:0048538; GO:0070242; GO:0070244; GO:0071678; GO:0097535; GO:1990837
Q9H1R2,DUS15_HUMAN,Dual specificity protein phosphatase 15 (EC 3.1.3.16) (EC 3.1.3.48) (VH1-related member Y) (Vaccinia virus VH1-related dual-specific protein phosphatase Y),DUSP15 C20orf57 VHY,9606.ENSP00000278979,dephosphorylation [GO:0016311]; negative regulation of transcription by RNA polymerase II [GO:0000122]; positive regulation of ERK1 and ERK2 cascade [GO:0070374]; regulation of oligodendrocyte differentiation [GO:0048713]; signal transduction [GO:0007165],cytosol [GO:0005829]; plasma membrane [GO:0005886],cytosol [GO:0005829]; plasma membrane [GO:0005886]; phosphatase activity [GO:0016791]; protein serine/threonine phosphatase activity [GO:0004722]; protein tyrosine phosphatase activity [GO:0004725]; protein tyrosine/serine/threonine phosphatase activity [GO:0008138]; dephosphorylation [GO:0016311]; negative regulation of transcription by RNA polymerase II [GO:0000122]; positive regulation of ERK1 and ERK2 cascade [GO:0070374]; regulation of oligodendrocyte differentiation [GO:0048713]; signal transduction [GO:0007165],phosphatase activity [GO:0016791]; protein serine/threonine phosphatase activity [GO:0004722]; protein tyrosine phosphatase activity [GO:0004725]; protein tyrosine/serine/threonine phosphatase activity [GO:0008138],GO:0000122; GO:0004722; GO:0004725; GO:0005829; GO:0005886; GO:0007165; GO:0008138; GO:0016311; GO:0016791; GO:0048713; GO:0070374
Q9H306,MMP27_HUMAN,Matrix metalloproteinase-27 (MMP-27) (EC 3.4.24.-),MMP27 UNQ2503/PRO5992,9606.ENSP00000260229,collagen catabolic process [GO:0030574]; extracellular matrix organization [GO:0030198]; proteolysis [GO:0006508],endoplasmic reticulum [GO:0005783]; extracellular matrix [GO:0031012],endoplasmic reticulum [GO:0005783]; extracellular matrix [GO:0031012]; metalloendopeptidase activity [GO:0004222]; zinc ion binding [GO:0008270]; collagen catabolic process [GO:0030574]; extracellular matrix organization [GO:0030198]; proteolysis [GO:0006508],metalloendopeptidase activity [GO:0004222]; zinc ion binding [GO:0008270],GO:0004222; GO:0005783; GO:0006508; GO:0008270; GO:0030198; GO:0030574; GO:0031012
Q9H9T3,ELP3_HUMAN,Elongator complex protein 3 (hELP3) (EC 2.3.1.311) (tRNA uridine(34) acetyltransferase),ELP3,9606.ENSP00000256398,central nervous system development [GO:0007417]; neuron migration [GO:0001764]; positive regulation of cell migration [GO:0030335]; regulation of transcription by RNA polymerase II [GO:0006357]; regulation of translation [GO:0006417]; tRNA wobble base 5-methoxycarbonylmethyl-2-thiouridinylation [GO:0002926]; tRNA wobble uridine modification [GO:0002098],cytoplasm [GO:0005737]; cytosol [GO:0005829]; elongator holoenzyme complex [GO:0033588]; nucleolus [GO:0005730]; nucleus [GO:0005634],"cytoplasm [GO:0005737]; cytosol [GO:0005829]; elongator holoenzyme complex [GO:0033588]; nucleolus [GO:0005730]; nucleus [GO:0005634]; 4 iron, 4 sulfur cluster binding [GO:0051539]; acetyltransferase activity [GO:0016407]; metal ion binding [GO:0046872]; tRNA binding [GO:0000049]; tRNA uridine(34) acetyltransferase activity [GO:0106261]; central nervous system development [GO:0007417]; neuron migration [GO:0001764]; positive regulation of cell migration [GO:0030335]; regulation of transcription by RNA polymerase II [GO:0006357]; regulation of translation [GO:0006417]; tRNA wobble base 5-methoxycarbonylmethyl-2-thiouridinylation [GO:0002926]; tRNA wobble uridine modification [GO:0002098]","4 iron, 4 sulfur cluster binding [GO:0051539]; acetyltransferase activity [GO:0016407]; metal ion binding [GO:0046872]; tRNA binding [GO:0000049]; tRNA uridine(34) acetyltransferase activity [GO:0106261]",GO:0000049; GO:0001764; GO:0002098; GO:0002926; GO:0005634; GO:0005730; GO:0005737; GO:0005829; GO:0006357; GO:0006417; GO:0007417; GO:0016407; GO:0030335; GO:0033588; GO:0046872; GO:0051539; GO:0106261
Q9HAT2,SIAE_HUMAN,Sialate O-acetylesterase (SIAE) (EC 3.1.1.53) (H-Lse) (Sialic acid-specific 9-O-acetylesterase),SIAE YSG2,9606.ENSP00000263593,carbohydrate metabolic process [GO:0005975]; regulation of immune system process [GO:0002682],extracellular exosome [GO:0070062]; extracellular space [GO:0005615]; lysosome [GO:0005764],extracellular exosome [GO:0070062]; extracellular space [GO:0005615]; lysosome [GO:0005764]; sialate 9-O-acetylesterase activity [GO:0106330]; sialate O-acetylesterase activity [GO:0001681]; carbohydrate metabolic process [GO:0005975]; regulation of immune system process [GO:0002682],sialate 9-O-acetylesterase activity [GO:0106330]; sialate O-acetylesterase activity [GO:0001681],GO:0001681; GO:0002682; GO:0005615; GO:0005764; GO:0005975; GO:0070062; GO:0106330
Q9NPF7,IL23A_HUMAN,Interleukin-23 subunit alpha (IL-23 subunit alpha) (IL-23-A) (Interleukin-23 subunit p19) (IL-23p19),IL23A SGRF UNQ2498/PRO5798,9606.ENSP00000228534,cell surface receptor signaling pathway via JAK-STAT [GO:0007259]; cell surface receptor signaling pathway via STAT [GO:0097696]; defense response to Gram-negative bacterium [GO:0050829]; defense response to virus [GO:0051607]; inflammatory response [GO:0006954]; innate immune response [GO:0045087]; negative regulation of interleukin-10 production [GO:0032693]; positive regulation of activated T cell proliferation [GO:0042104]; positive regulation of defense response to virus by host [GO:0002230]; positive regulation of granulocyte macrophage colony-stimulating factor production [GO:0032725]; positive regulation of inflammatory response [GO:0050729]; positive regulation of interleukin-10 production [GO:0032733]; positive regulation of interleukin-12 production [GO:0032735]; positive regulation of interleukin-17 production [GO:0032740]; positive regulation of memory T cell differentiation [GO:0043382]; positive regulation of natural killer cell activation [GO:0032816]; positive regulation of natural killer cell proliferation [GO:0032819]; positive regulation of neutrophil chemotaxis [GO:0090023]; positive regulation of NK T cell activation [GO:0051135]; positive regulation of NK T cell proliferation [GO:0051142]; positive regulation of non-canonical NF-kappaB signal transduction [GO:1901224]; positive regulation of osteoclast differentiation [GO:0045672]; positive regulation of T cell mediated cytotoxicity [GO:0001916]; positive regulation of T cell proliferation [GO:0042102]; positive regulation of T-helper 1 type immune response [GO:0002827]; positive regulation of T-helper 17 cell lineage commitment [GO:2000330]; positive regulation of T-helper 17 type immune response [GO:2000318]; positive regulation of tissue remodeling [GO:0034105]; positive regulation of transcription by RNA polymerase II [GO:0045944]; positive regulation of tumor necrosis factor production [GO:0032760]; positive regulation of type II interferon production [GO:0032729]; T cell proliferation [GO:0042098]; tissue remodeling [GO:0048771],endoplasmic reticulum lumen [GO:0005788]; extracellular region [GO:0005576]; interleukin-23 complex [GO:0070743],endoplasmic reticulum lumen [GO:0005788]; extracellular region [GO:0005576]; interleukin-23 complex [GO:0070743]; cytokine activity [GO:0005125]; interleukin-23 receptor binding [GO:0045519]; cell surface receptor signaling pathway via JAK-STAT [GO:0007259]; cell surface receptor signaling pathway via STAT [GO:0097696]; defense response to Gram-negative bacterium [GO:0050829]; defense response to virus [GO:0051607]; inflammatory response [GO:0006954]; innate immune response [GO:0045087]; negative regulation of interleukin-10 production [GO:0032693]; positive regulation of activated T cell proliferation [GO:0042104]; positive regulation of defense response to virus by host [GO:0002230]; positive regulation of granulocyte macrophage colony-stimulating factor production [GO:0032725]; positive regulation of inflammatory response [GO:0050729]; positive regulation of interleukin-10 production [GO:0032733]; positive regulation of interleukin-12 production [GO:0032735]; positive regulation of interleukin-17 production [GO:0032740]; positive regulation of memory T cell differentiation [GO:0043382]; positive regulation of natural killer cell activation [GO:0032816]; positive regulation of natural killer cell proliferation [GO:0032819]; positive regulation of neutrophil chemotaxis [GO:0090023]; positive regulation of NK T cell activation [GO:0051135]; positive regulation of NK T cell proliferation [GO:0051142]; positive regulation of non-canonical NF-kappaB signal transduction [GO:1901224]; positive regulation of osteoclast differentiation [GO:0045672]; positive regulation of T cell mediated cytotoxicity [GO:0001916]; positive regulation of T cell proliferation [GO:0042102]; positive regulation of T-helper 1 type immune response [GO:0002827]; positive regulation of T-helper 17 cell lineage commitment [GO:2000330]; positive regulation of T-helper 17 type immune response [GO:2000318]; positive regulation of tissue remodeling [GO:0034105]; positive regulation of transcription by RNA polymerase II [GO:0045944]; positive regulation of tumor necrosis factor production [GO:0032760]; positive regulation of type II interferon production [GO:0032729]; T cell proliferation [GO:0042098]; tissue remodeling [GO:0048771],cytokine activity [GO:0005125]; interleukin-23 receptor binding [GO:0045519],GO:0001916; GO:0002230; GO:0002827; GO:0005125; GO:0005576; GO:0005788; GO:0006954; GO:0007259; GO:0032693; GO:0032725; GO:0032729; GO:0032733; GO:0032735; GO:0032740; GO:0032760; GO:0032816; GO:0032819; GO:0034105; GO:0042098; GO:0042102; GO:0042104; GO:0043382; GO:0045087; GO:0045519; GO:0045672; GO:0045944; GO:0048771; GO:0050729; GO:0050829; GO:0051135; GO:0051142; GO:0051607; GO:0070743; GO:0090023; GO:0097696; GO:1901224; GO:2000318; GO:2000330
Q9NQ90,ANO2_HUMAN,Anoctamin-2 (Transmembrane protein 16B),ANO2 C12orf3 TMEM16B,9606.ENSP00000348453,chloride transmembrane transport [GO:1902476]; monoatomic ion transmembrane transport [GO:0034220],chloride channel complex [GO:0034707]; nucleoplasm [GO:0005654]; plasma membrane [GO:0005886],chloride channel complex [GO:0034707]; nucleoplasm [GO:0005654]; plasma membrane [GO:0005886]; chloride channel activity [GO:0005254]; intracellularly calcium-gated chloride channel activity [GO:0005229]; protein dimerization activity [GO:0046983]; chloride transmembrane transport [GO:1902476]; monoatomic ion transmembrane transport [GO:0034220],chloride channel activity [GO:0005254]; intracellularly calcium-gated chloride channel activity [GO:0005229]; protein dimerization activity [GO:0046983],GO:0005229; GO:0005254; GO:0005654; GO:0005886; GO:0034220; GO:0034707; GO:0046983; GO:1902476
Q9NQC7,CYLD_HUMAN,Ubiquitin carboxyl-terminal hydrolase CYLD (EC 3.4.19.12) (Deubiquitinating enzyme CYLD) (Ubiquitin thioesterase CYLD) (Ubiquitin-specific-processing protease CYLD),CYLD CYLD1 KIAA0849 HSPC057,9606.ENSP00000392025,"CD4-positive or CD8-positive, alpha-beta T cell lineage commitment [GO:0043369]; homeostasis of number of cells [GO:0048872]; innate immune response [GO:0045087]; necroptotic process [GO:0070266]; negative regulation of canonical NF-kappaB signal transduction [GO:0043124]; negative regulation of canonical Wnt signaling pathway [GO:0090090]; negative regulation of inflammatory response [GO:0050728]; negative regulation of interleukin-18-mediated signaling pathway [GO:2000493]; negative regulation of JNK cascade [GO:0046329]; negative regulation of NF-kappaB transcription factor activity [GO:0032088]; negative regulation of non-canonical NF-kappaB signal transduction [GO:1901223]; negative regulation of p38MAPK cascade [GO:1903753]; negative regulation of type I interferon production [GO:0032480]; nucleotide-binding domain, leucine rich repeat containing receptor signaling pathway [GO:0035872]; positive regulation of extrinsic apoptotic signaling pathway [GO:2001238]; positive regulation of protein localization [GO:1903829]; positive regulation of T cell differentiation [GO:0045582]; positive regulation of T cell receptor signaling pathway [GO:0050862]; protein deubiquitination [GO:0016579]; protein K63-linked deubiquitination [GO:0070536]; protein linear deubiquitination [GO:1990108]; proteolysis [GO:0006508]; regulation of B cell differentiation [GO:0045577]; regulation of cilium assembly [GO:1902017]; regulation of inflammatory response [GO:0050727]; regulation of intrinsic apoptotic signaling pathway [GO:2001242]; regulation of microtubule cytoskeleton organization [GO:0070507]; regulation of mitotic cell cycle [GO:0007346]; regulation of necroptotic process [GO:0060544]; regulation of tumor necrosis factor-mediated signaling pathway [GO:0010803]; ripoptosome assembly involved in necroptotic process [GO:1901026]; Wnt signaling pathway [GO:0016055]",centriolar satellite [GO:0034451]; centrosome [GO:0005813]; ciliary basal body [GO:0036064]; ciliary tip [GO:0097542]; ciliary transition zone [GO:0035869]; cytosol [GO:0005829]; microtubule [GO:0005874]; nucleoplasm [GO:0005654]; perinuclear region of cytoplasm [GO:0048471]; plasma membrane [GO:0005886]; sperm midpiece [GO:0097225]; sperm principal piece [GO:0097228]; spindle [GO:0005819],"centriolar satellite [GO:0034451]; centrosome [GO:0005813]; ciliary basal body [GO:0036064]; ciliary tip [GO:0097542]; ciliary transition zone [GO:0035869]; cytosol [GO:0005829]; microtubule [GO:0005874]; nucleoplasm [GO:0005654]; perinuclear region of cytoplasm [GO:0048471]; plasma membrane [GO:0005886]; sperm midpiece [GO:0097225]; sperm principal piece [GO:0097228]; spindle [GO:0005819]; cysteine-type deubiquitinase activity [GO:0004843]; K48-linked deubiquitinase activity [GO:1990380]; K63-linked deubiquitinase activity [GO:0061578]; Met1-linked polyubiquitin deubiquitinase activity [GO:0061815]; proline-rich region binding [GO:0070064]; protein kinase binding [GO:0019901]; zinc ion binding [GO:0008270]; CD4-positive or CD8-positive, alpha-beta T cell lineage commitment [GO:0043369]; homeostasis of number of cells [GO:0048872]; innate immune response [GO:0045087]; necroptotic process [GO:0070266]; negative regulation of canonical NF-kappaB signal transduction [GO:0043124]; negative regulation of canonical Wnt signaling pathway [GO:0090090]; negative regulation of inflammatory response [GO:0050728]; negative regulation of interleukin-18-mediated signaling pathway [GO:2000493]; negative regulation of JNK cascade [GO:0046329]; negative regulation of NF-kappaB transcription factor activity [GO:0032088]; negative regulation of non-canonical NF-kappaB signal transduction [GO:1901223]; negative regulation of p38MAPK cascade [GO:1903753]; negative regulation of type I interferon production [GO:0032480]; nucleotide-binding domain, leucine rich repeat containing receptor signaling pathway [GO:0035872]; positive regulation of extrinsic apoptotic signaling pathway [GO:2001238]; positive regulation of protein localization [GO:1903829]; positive regulation of T cell differentiation [GO:0045582]; positive regulation of T cell receptor signaling pathway [GO:0050862]; protein deubiquitination [GO:0016579]; protein K63-linked deubiquitination [GO:0070536]; protein linear deubiquitination [GO:1990108]; proteolysis [GO:0006508]; regulation of B cell differentiation [GO:0045577]; regulation of cilium assembly [GO:1902017]; regulation of inflammatory response [GO:0050727]; regulation of intrinsic apoptotic signaling pathway [GO:2001242]; regulation of microtubule cytoskeleton organization [GO:0070507]; regulation of mitotic cell cycle [GO:0007346]; regulation of necroptotic process [GO:0060544]; regulation of tumor necrosis factor-mediated signaling pathway [GO:0010803]; ripoptosome assembly involved in necroptotic process [GO:1901026]; Wnt signaling pathway [GO:0016055]",cysteine-type deubiquitinase activity [GO:0004843]; K48-linked deubiquitinase activity [GO:1990380]; K63-linked deubiquitinase activity [GO:0061578]; Met1-linked polyubiquitin deubiquitinase activity [GO:0061815]; proline-rich region binding [GO:0070064]; protein kinase binding [GO:0019901]; zinc ion binding [GO:0008270],GO:0004843; GO:0005654; GO:0005813; GO:0005819; GO:0005829; GO:0005874; GO:0005886; GO:0006508; GO:0007346; GO:0008270; GO:0010803; GO:0016055; GO:0016579; GO:0019901; GO:0032088; GO:0032480; GO:0034451; GO:0035869; GO:0035872; GO:0036064; GO:0043124; GO:0043369; GO:0045087; GO:0045577; GO:0045582; GO:0046329; GO:0048471; GO:0048872; GO:0050727; GO:0050728; GO:0050862; GO:0060544; GO:0061578; GO:0061815; GO:0070064; GO:0070266; GO:0070507; GO:0070536; GO:0090090; GO:0097225; GO:0097228; GO:0097542; GO:1901026; GO:1901223; GO:1902017; GO:1903753; GO:1903829; GO:1990108; GO:1990380; GO:2000493; GO:2001238; GO:2001242
Q9NUM4,T106B_HUMAN,Transmembrane protein 106B,TMEM106B,9606.ENSP00000379901,dendrite morphogenesis [GO:0048813]; lysosomal lumen acidification [GO:0007042]; lysosomal protein catabolic process [GO:1905146]; lysosomal transport [GO:0007041]; lysosome localization [GO:0032418]; lysosome organization [GO:0007040]; neuron cellular homeostasis [GO:0070050]; positive regulation of dendrite development [GO:1900006]; regulation of lysosome organization [GO:1905671],endosome [GO:0005768]; late endosome membrane [GO:0031902]; lysosomal membrane [GO:0005765]; lysosome [GO:0005764]; plasma membrane [GO:0005886],endosome [GO:0005768]; late endosome membrane [GO:0031902]; lysosomal membrane [GO:0005765]; lysosome [GO:0005764]; plasma membrane [GO:0005886]; ATPase binding [GO:0051117]; dendrite morphogenesis [GO:0048813]; lysosomal lumen acidification [GO:0007042]; lysosomal protein catabolic process [GO:1905146]; lysosomal transport [GO:0007041]; lysosome localization [GO:0032418]; lysosome organization [GO:0007040]; neuron cellular homeostasis [GO:0070050]; positive regulation of dendrite development [GO:1900006]; regulation of lysosome organization [GO:1905671],ATPase binding [GO:0051117],GO:0005764; GO:0005765; GO:0005768; GO:0005886; GO:0007040; GO:0007041; GO:0007042; GO:0031902; GO:0032418; GO:0048813; GO:0051117; GO:0070050; GO:1900006; GO:1905146; GO:1905671
Q9UHD2,TBK1_HUMAN,Serine/threonine-protein kinase TBK1 (EC 2.7.11.1) (NF-kappa-B-activating kinase) (T2K) (TANK-binding kinase 1),TBK1 NAK,9606.ENSP00000329967,activation of innate immune response [GO:0002218]; antiviral innate immune response [GO:0140374]; canonical NF-kappaB signal transduction [GO:0007249]; cGAS/STING signaling pathway [GO:0140896]; cytoplasmic pattern recognition receptor signaling pathway [GO:0002753]; defense response to Gram-positive bacterium [GO:0050830]; defense response to virus [GO:0051607]; dendritic cell proliferation [GO:0044565]; inflammatory response [GO:0006954]; innate immune response [GO:0045087]; macroautophagy [GO:0016236]; negative regulation of gene expression [GO:0010629]; negative regulation of TORC1 signaling [GO:1904262]; peptidyl-serine phosphorylation [GO:0018105]; peptidyl-threonine phosphorylation [GO:0018107]; positive regulation of autophagy [GO:0010508]; positive regulation of canonical NF-kappaB signal transduction [GO:0043123]; positive regulation of interferon-alpha production [GO:0032727]; positive regulation of interferon-beta production [GO:0032728]; positive regulation of macroautophagy [GO:0016239]; positive regulation of TORC1 signaling [GO:1904263]; positive regulation of TORC2 signaling [GO:1904515]; positive regulation of transcription by RNA polymerase II [GO:0045944]; positive regulation of type I interferon production [GO:0032481]; positive regulation of type I interferon-mediated signaling pathway [GO:0060340]; positive regulation of xenophagy [GO:1904417]; protein phosphorylation [GO:0006468]; regulation of type I interferon production [GO:0032479]; response to virus [GO:0009615]; T follicular helper cell differentiation [GO:0061470]; toll-like receptor 4 signaling pathway [GO:0034142]; type I interferon-mediated signaling pathway [GO:0060337],cytoplasm [GO:0005737]; cytosol [GO:0005829]; nucleoplasm [GO:0005654]; serine/threonine protein kinase complex [GO:1902554],cytoplasm [GO:0005737]; cytosol [GO:0005829]; nucleoplasm [GO:0005654]; serine/threonine protein kinase complex [GO:1902554]; ATP binding [GO:0005524]; identical protein binding [GO:0042802]; nucleic acid binding [GO:0003676]; phosphoprotein binding [GO:0051219]; protein kinase activity [GO:0004672]; protein phosphatase binding [GO:0019903]; protein serine kinase activity [GO:0106310]; protein serine/threonine kinase activity [GO:0004674]; RNA polymerase II-specific DNA-binding transcription factor binding [GO:0061629]; activation of innate immune response [GO:0002218]; antiviral innate immune response [GO:0140374]; canonical NF-kappaB signal transduction [GO:0007249]; cGAS/STING signaling pathway [GO:0140896]; cytoplasmic pattern recognition receptor signaling pathway [GO:0002753]; defense response to Gram-positive bacterium [GO:0050830]; defense response to virus [GO:0051607]; dendritic cell proliferation [GO:0044565]; inflammatory response [GO:0006954]; innate immune response [GO:0045087]; macroautophagy [GO:0016236]; negative regulation of gene expression [GO:0010629]; negative regulation of TORC1 signaling [GO:1904262]; peptidyl-serine phosphorylation [GO:0018105]; peptidyl-threonine phosphorylation [GO:0018107]; positive regulation of autophagy [GO:0010508]; positive regulation of canonical NF-kappaB signal transduction [GO:0043123]; positive regulation of interferon-alpha production [GO:0032727]; positive regulation of interferon-beta production [GO:0032728]; positive regulation of macroautophagy [GO:0016239]; positive regulation of TORC1 signaling [GO:1904263]; positive regulation of TORC2 signaling [GO:1904515]; positive regulation of transcription by RNA polymerase II [GO:0045944]; positive regulation of type I interferon production [GO:0032481]; positive regulation of type I interferon-mediated signaling pathway [GO:0060340]; positive regulation of xenophagy [GO:1904417]; protein phosphorylation [GO:0006468]; regulation of type I interferon production [GO:0032479]; response to virus [GO:0009615]; T follicular helper cell differentiation [GO:0061470]; toll-like receptor 4 signaling pathway [GO:0034142]; type I interferon-mediated signaling pathway [GO:0060337],ATP binding [GO:0005524]; identical protein binding [GO:0042802]; nucleic acid binding [GO:0003676]; phosphoprotein binding [GO:0051219]; protein kinase activity [GO:0004672]; protein phosphatase binding [GO:0019903]; protein serine kinase activity [GO:0106310]; protein serine/threonine kinase activity [GO:0004674]; RNA polymerase II-specific DNA-binding transcription factor binding [GO:0061629],GO:0002218; GO:0002753; GO:0003676; GO:0004672; GO:0004674; GO:0005524; GO:0005654; GO:0005737; GO:0005829; GO:0006468; GO:0006954; GO:0007249; GO:0009615; GO:0010508; GO:0010629; GO:0016236; GO:0016239; GO:0018105; GO:0018107; GO:0019903; GO:0032479; GO:0032481; GO:0032727; GO:0032728; GO:0034142; GO:0042802; GO:0043123; GO:0044565; GO:0045087; GO:0045944; GO:0050830; GO:0051219; GO:0051607; GO:0060337; GO:0060340; GO:0061470; GO:0061629; GO:0106310; GO:0140374; GO:0140896; GO:1902554; GO:1904262; GO:1904263; GO:1904417; GO:1904515
Q9UQF0,SYCY1_HUMAN,Syncytin-1 (Endogenous retrovirus group W member 1) (Env-W) (Envelope polyprotein gPr73) (Enverin) (HERV-7q Envelope protein) (HERV-W envelope protein) (HERV-W_7q21.2 provirus ancestral Env polyprotein) (Syncytin) [Cleaved into: Surface protein (SU) (gp50); Transmembrane protein (TM) (gp24)],ERVW-1 ERVWE1,9606.ENSP00000419945,anatomical structure morphogenesis [GO:0009653]; myoblast fusion [GO:0007520]; syncytium formation [GO:0006949]; syncytium formation by plasma membrane fusion [GO:0000768],plasma membrane [GO:0005886],plasma membrane [GO:0005886]; anatomical structure morphogenesis [GO:0009653]; myoblast fusion [GO:0007520]; syncytium formation [GO:0006949]; syncytium formation by plasma membrane fusion [GO:0000768],,GO:0000768; GO:0005886; GO:0006949; GO:0007520; GO:0009653
Q9Y5K6,CD2AP_HUMAN,CD2-associated protein (Adapter protein CMS) (Cas ligand with multiple SH3 domains),CD2AP,9606.ENSP00000352264,"actin filament organization [GO:0007015]; actin filament polymerization [GO:0030041]; adipose tissue development [GO:0060612]; apoptotic process [GO:0006915]; cell division [GO:0051301]; cell migration [GO:0016477]; cell population proliferation [GO:0008283]; cell-cell adhesion mediated by cadherin [GO:0044331]; cell-cell junction organization [GO:0045216]; collateral sprouting [GO:0048668]; D-glucose import [GO:0046323]; endothelium development [GO:0003158]; ERK1 and ERK2 cascade [GO:0070371]; filopodium assembly [GO:0046847]; immunological synapse formation [GO:0001771]; inflammatory response [GO:0006954]; lipid metabolic process [GO:0006629]; liver development [GO:0001889]; localization of cell [GO:0051674]; lymph node development [GO:0048535]; maintenance of blood-brain barrier [GO:0035633]; male gonad development [GO:0008584]; membrane organization [GO:0061024]; negative regulation of neuron apoptotic process [GO:0043524]; negative regulation of small GTPase mediated signal transduction [GO:0051058]; negative regulation of transforming growth factor beta1 production [GO:0032911]; nerve growth factor signaling pathway [GO:0038180]; neurotrophin TRK receptor signaling pathway [GO:0048011]; phosphatidylinositol 3-kinase/protein kinase B signal transduction [GO:0043491]; podocyte differentiation [GO:0072112]; positive regulation of protein localization to nucleus [GO:1900182]; positive regulation of protein secretion [GO:0050714]; protein catabolic process [GO:0030163]; protein heterooligomerization [GO:0051291]; protein secretion [GO:0009306]; protein-containing complex assembly [GO:0065003]; Rab protein signal transduction [GO:0032482]; regulation of actin cytoskeleton organization [GO:0032956]; regulation of synaptic plasticity [GO:0048167]; renal albumin absorption [GO:0097018]; response to glial cell derived neurotrophic factor [GO:1990790]; response to insulin [GO:0032868]; response to oxidative stress [GO:0006979]; response to transforming growth factor beta [GO:0071559]; response to virus [GO:0009615]; response to wounding [GO:0009611]; signal transduction [GO:0007165]; stress-activated MAPK cascade [GO:0051403]; substrate-dependent cell migration, cell extension [GO:0006930]; synapse organization [GO:0050808]; T cell receptor signaling pathway [GO:0050852]; transforming growth factor beta1 production [GO:0032905]",actin cytoskeleton [GO:0015629]; axon [GO:0030424]; cell leading edge [GO:0031252]; centriolar satellite [GO:0034451]; cytoplasm [GO:0005737]; dendrite [GO:0030425]; extracellular exosome [GO:0070062]; fibrillar center [GO:0001650]; filamentous actin [GO:0031941]; growth cone [GO:0030426]; late endosome [GO:0005770]; neuromuscular junction [GO:0031594]; nuclear envelope lumen [GO:0005641]; plasma membrane [GO:0005886]; podosome [GO:0002102]; ruffle [GO:0001726]; slit diaphragm [GO:0036057]; trans-Golgi network membrane [GO:0032588]; vesicle [GO:0031982],"actin cytoskeleton [GO:0015629]; axon [GO:0030424]; cell leading edge [GO:0031252]; centriolar satellite [GO:0034451]; cytoplasm [GO:0005737]; dendrite [GO:0030425]; extracellular exosome [GO:0070062]; fibrillar center [GO:0001650]; filamentous actin [GO:0031941]; growth cone [GO:0030426]; late endosome [GO:0005770]; neuromuscular junction [GO:0031594]; nuclear envelope lumen [GO:0005641]; plasma membrane [GO:0005886]; podosome [GO:0002102]; ruffle [GO:0001726]; slit diaphragm [GO:0036057]; trans-Golgi network membrane [GO:0032588]; vesicle [GO:0031982]; actin filament binding [GO:0051015]; cadherin binding [GO:0045296]; clathrin binding [GO:0030276]; identical protein binding [GO:0042802]; phosphatidylinositol 3-kinase regulatory subunit binding [GO:0036312]; SH3 domain binding [GO:0017124]; structural constituent of cytoskeleton [GO:0005200]; actin filament organization [GO:0007015]; actin filament polymerization [GO:0030041]; adipose tissue development [GO:0060612]; apoptotic process [GO:0006915]; cell division [GO:0051301]; cell migration [GO:0016477]; cell population proliferation [GO:0008283]; cell-cell adhesion mediated by cadherin [GO:0044331]; cell-cell junction organization [GO:0045216]; collateral sprouting [GO:0048668]; D-glucose import [GO:0046323]; endothelium development [GO:0003158]; ERK1 and ERK2 cascade [GO:0070371]; filopodium assembly [GO:0046847]; immunological synapse formation [GO:0001771]; inflammatory response [GO:0006954]; lipid metabolic process [GO:0006629]; liver development [GO:0001889]; localization of cell [GO:0051674]; lymph node development [GO:0048535]; maintenance of blood-brain barrier [GO:0035633]; male gonad development [GO:0008584]; membrane organization [GO:0061024]; negative regulation of neuron apoptotic process [GO:0043524]; negative regulation of small GTPase mediated signal transduction [GO:0051058]; negative regulation of transforming growth factor beta1 production [GO:0032911]; nerve growth factor signaling pathway [GO:0038180]; neurotrophin TRK receptor signaling pathway [GO:0048011]; phosphatidylinositol 3-kinase/protein kinase B signal transduction [GO:0043491]; podocyte differentiation [GO:0072112]; positive regulation of protein localization to nucleus [GO:1900182]; positive regulation of protein secretion [GO:0050714]; protein catabolic process [GO:0030163]; protein heterooligomerization [GO:0051291]; protein secretion [GO:0009306]; protein-containing complex assembly [GO:0065003]; Rab protein signal transduction [GO:0032482]; regulation of actin cytoskeleton organization [GO:0032956]; regulation of synaptic plasticity [GO:0048167]; renal albumin absorption [GO:0097018]; response to glial cell derived neurotrophic factor [GO:1990790]; response to insulin [GO:0032868]; response to oxidative stress [GO:0006979]; response to transforming growth factor beta [GO:0071559]; response to virus [GO:0009615]; response to wounding [GO:0009611]; signal transduction [GO:0007165]; stress-activated MAPK cascade [GO:0051403]; substrate-dependent cell migration, cell extension [GO:0006930]; synapse organization [GO:0050808]; T cell receptor signaling pathway [GO:0050852]; transforming growth factor beta1 production [GO:0032905]",actin filament binding [GO:0051015]; cadherin binding [GO:0045296]; clathrin binding [GO:0030276]; identical protein binding [GO:0042802]; phosphatidylinositol 3-kinase regulatory subunit binding [GO:0036312]; SH3 domain binding [GO:0017124]; structural constituent of cytoskeleton [GO:0005200],GO:0001650; GO:0001726; GO:0001771; GO:0001889; GO:0002102; GO:0003158; GO:0005200; GO:0005641; GO:0005737; GO:0005770; GO:0005886; GO:0006629; GO:0006915; GO:0006930; GO:0006954; GO:0006979; GO:0007015; GO:0007165; GO:0008283; GO:0008584; GO:0009306; GO:0009611; GO:0009615; GO:0015629; GO:0016477; GO:0017124; GO:0030041; GO:0030163; GO:0030276; GO:0030424; GO:0030425; GO:0030426; GO:0031252; GO:0031594; GO:0031941; GO:0031982; GO:0032482; GO:0032588; GO:0032868; GO:0032905; GO:0032911; GO:0032956; GO:0034451; GO:0035633; GO:0036057; GO:0036312; GO:0038180; GO:0042802; GO:0043491; GO:0043524; GO:0044331; GO:0045216; GO:0045296; GO:0046323; GO:0046847; GO:0048011; GO:0048167; GO:0048535; GO:0048668; GO:0050714; GO:0050808; GO:0050852; GO:0051015; GO:0051058; GO:0051291; GO:0051301; GO:0051403; GO:0051674; GO:0060612; GO:0061024; GO:0065003; GO:0070062; GO:0070371; GO:0071559; GO:0072112; GO:0097018; GO:1900182; GO:1990790
O75363,BCAS1_HUMAN,Breast carcinoma-amplified sequence 1 (Amplified and overexpressed in breast cancer) (Novel amplified in breast cancer 1),BCAS1 AIBC1 NABC1,9606.ENSP00000379290,myelination [GO:0042552],cytoplasm [GO:0005737]; extracellular exosome [GO:0070062],cytoplasm [GO:0005737]; extracellular exosome [GO:0070062]; myelination [GO:0042552],,GO:0005737; GO:0042552; GO:0070062
Q68CQ7,GL8D1_HUMAN,Glycosyltransferase 8 domain-containing protein 1 (EC 2.4.1.-),GLT8D1 GALA4A AD-017 MSTP137 UNQ572/PRO1134,9606.ENSP00000266014,,Golgi apparatus [GO:0005794]; membrane [GO:0016020],Golgi apparatus [GO:0005794]; membrane [GO:0016020]; UDP-glycosyltransferase activity [GO:0008194],UDP-glycosyltransferase activity [GO:0008194],GO:0005794; GO:0008194; GO:0016020
Q96PE5,OPALI_HUMAN,Opalin (Oligodendrocytic myelin paranodal and inner loop protein) (Transmembrane protein 10),OPALIN HTMP10 TMEM10,9606.ENSP00000360214,regulation of oligodendrocyte differentiation [GO:0048713],cell-cell contact zone [GO:0044291]; Golgi apparatus [GO:0005794]; plasma membrane [GO:0005886],cell-cell contact zone [GO:0044291]; Golgi apparatus [GO:0005794]; plasma membrane [GO:0005886]; regulation of oligodendrocyte differentiation [GO:0048713],,GO:0005794; GO:0005886; GO:0044291; GO:0048713
Q5JS54,PSMG4_HUMAN,Proteasome assembly chaperone 4 (PAC-4) (hPAC4) (Proteasome chaperone homolog 4) (Pba4),PSMG4 C6orf86 PAC4,9606.ENSP00000392353,proteasome assembly [GO:0043248],cytosol [GO:0005829]; protein-containing complex [GO:0032991],cytosol [GO:0005829]; protein-containing complex [GO:0032991]; protein-containing complex binding [GO:0044877]; proteasome assembly [GO:0043248],protein-containing complex binding [GO:0044877],GO:0005829; GO:0032991; GO:0043248; GO:0044877
Q8N0U4,F185A_HUMAN,Protein FAM185A,FAM185A,9606.ENSP00000395340,,mitochondrion [GO:0005739],mitochondrion [GO:0005739],,GO:0005739
