Entry,Entry Name,Protein names,Gene Names,name,Gene Ontology (biological process),Gene Ontology (cellular component),Gene Ontology (GO),Gene Ontology (molecular function),Gene Ontology IDs
O14879,IFIT3_HUMAN,Interferon-induced protein with tetratricopeptide repeats 3 (IFIT-3) (CIG49) (ISG-60) (Interferon-induced 60 kDa protein) (IFI-60K) (Interferon-induced protein with tetratricopeptide repeats 4) (IFIT-4) (Retinoic acid-induced gene G protein) (P60) (RIG-G),IFIT3 CIG-49 IFI60 IFIT4 ISG60,9606.ENSP00000360876,antiviral innate immune response [GO:0140374]; defense response to virus [GO:0051607]; negative regulation of apoptotic process [GO:0043066]; negative regulation of cell population proliferation [GO:0008285]; response to virus [GO:0009615],cytoplasm [GO:0005737]; cytosol [GO:0005829]; mitochondrion [GO:0005739],cytoplasm [GO:0005737]; cytosol [GO:0005829]; mitochondrion [GO:0005739]; identical protein binding [GO:0042802]; antiviral innate immune response [GO:0140374]; defense response to virus [GO:0051607]; negative regulation of apoptotic process [GO:0043066]; negative regulation of cell population proliferation [GO:0008285]; response to virus [GO:0009615],identical protein binding [GO:0042802],GO:0005737; GO:0005739; GO:0005829; GO:0008285; GO:0009615; GO:0042802; GO:0043066; GO:0051607; GO:0140374
O15479,MAGB2_HUMAN,Melanoma-associated antigen B2 (Cancer/testis antigen 3.2) (CT3.2) (DSS-AHC critical interval MAGE superfamily 6) (DAM6) (MAGE XP-2 antigen) (MAGE-B2 antigen),MAGEB2,9606.ENSP00000368273,negative regulation of transcription by RNA polymerase II [GO:0000122],nucleus [GO:0005634],nucleus [GO:0005634]; negative regulation of transcription by RNA polymerase II [GO:0000122],,GO:0000122; GO:0005634
O15524,SOCS1_HUMAN,Suppressor of cytokine signaling 1 (SOCS-1) (JAK-binding protein) (JAB) (STAT-induced STAT inhibitor 1) (SSI-1) (Tec-interacting protein 3) (TIP-3),SOCS1 SSI1 TIP3,9606.ENSP00000496577,"cell surface receptor signaling pathway via JAK-STAT [GO:0007259]; cellular response to amino acid stimulus [GO:0071230]; cytokine-mediated signaling pathway [GO:0019221]; fat cell differentiation [GO:0045444]; intracellular signal transduction [GO:0035556]; macrophage differentiation [GO:0030225]; negative regulation of CD8-positive, alpha-beta T cell differentiation [GO:0043377]; negative regulation of insulin receptor signaling pathway [GO:0046627]; negative regulation of receptor signaling pathway via JAK-STAT [GO:0046426]; positive regulation of CD4-positive, alpha-beta T cell differentiation [GO:0043372]; positive regulation of regulatory T cell differentiation [GO:0045591]; protein ubiquitination [GO:0016567]; regulation of cytokine production [GO:0001817]",cytoplasm [GO:0005737]; cytoplasmic vesicle [GO:0031410]; cytosol [GO:0005829]; nucleoplasm [GO:0005654],"cytoplasm [GO:0005737]; cytoplasmic vesicle [GO:0031410]; cytosol [GO:0005829]; nucleoplasm [GO:0005654]; cytokine receptor binding [GO:0005126]; insulin-like growth factor receptor binding [GO:0005159]; kinase inhibitor activity [GO:0019210]; protein kinase binding [GO:0019901]; protein kinase inhibitor activity [GO:0004860]; cell surface receptor signaling pathway via JAK-STAT [GO:0007259]; cellular response to amino acid stimulus [GO:0071230]; cytokine-mediated signaling pathway [GO:0019221]; fat cell differentiation [GO:0045444]; intracellular signal transduction [GO:0035556]; macrophage differentiation [GO:0030225]; negative regulation of CD8-positive, alpha-beta T cell differentiation [GO:0043377]; negative regulation of insulin receptor signaling pathway [GO:0046627]; negative regulation of receptor signaling pathway via JAK-STAT [GO:0046426]; positive regulation of CD4-positive, alpha-beta T cell differentiation [GO:0043372]; positive regulation of regulatory T cell differentiation [GO:0045591]; protein ubiquitination [GO:0016567]; regulation of cytokine production [GO:0001817]",cytokine receptor binding [GO:0005126]; insulin-like growth factor receptor binding [GO:0005159]; kinase inhibitor activity [GO:0019210]; protein kinase binding [GO:0019901]; protein kinase inhibitor activity [GO:0004860],GO:0001817; GO:0004860; GO:0005126; GO:0005159; GO:0005654; GO:0005737; GO:0005829; GO:0007259; GO:0016567; GO:0019210; GO:0019221; GO:0019901; GO:0030225; GO:0031410; GO:0035556; GO:0043372; GO:0043377; GO:0045444; GO:0045591; GO:0046426; GO:0046627; GO:0071230
O60602,TLR5_HUMAN,Toll-like receptor 5 (Toll/interleukin-1 receptor-like protein 3),TLR5 TIL3,9606.ENSP00000496355,cellular response to lipopolysaccharide [GO:0071222]; cellular response to mechanical stimulus [GO:0071260]; inflammatory response [GO:0006954]; innate immune response [GO:0045087]; male gonad development [GO:0008584]; positive regulation of interleukin-8 production [GO:0032757]; positive regulation of nitric oxide biosynthetic process [GO:0045429]; toll-like receptor 5 signaling pathway [GO:0034146]; toll-like receptor signaling pathway [GO:0002224],plasma membrane [GO:0005886],plasma membrane [GO:0005886]; interleukin-1 receptor binding [GO:0005149]; pattern recognition receptor activity [GO:0038187]; signaling receptor activity [GO:0038023]; transmembrane signaling receptor activity [GO:0004888]; cellular response to lipopolysaccharide [GO:0071222]; cellular response to mechanical stimulus [GO:0071260]; inflammatory response [GO:0006954]; innate immune response [GO:0045087]; male gonad development [GO:0008584]; positive regulation of interleukin-8 production [GO:0032757]; positive regulation of nitric oxide biosynthetic process [GO:0045429]; toll-like receptor 5 signaling pathway [GO:0034146]; toll-like receptor signaling pathway [GO:0002224],interleukin-1 receptor binding [GO:0005149]; pattern recognition receptor activity [GO:0038187]; signaling receptor activity [GO:0038023]; transmembrane signaling receptor activity [GO:0004888],GO:0002224; GO:0004888; GO:0005149; GO:0005886; GO:0006954; GO:0008584; GO:0032757; GO:0034146; GO:0038023; GO:0038187; GO:0045087; GO:0045429; GO:0071222; GO:0071260
O75015,FCG3B_HUMAN,Low affinity immunoglobulin gamma Fc region receptor III-B (Fc-gamma RIII-beta) (CD16-I) (Fc-gamma RIII) (Fc-gamma RIIIb) (FcRIII) (FcRIIIb) (FcR-10) (IgG Fc receptor III-1) (CD antigen CD16b),FCGR3B CD16B FCG3 FCGR3 IGFR3,9606.ENSP00000433642,antibody-dependent cellular cytotoxicity [GO:0001788]; cell surface receptor signaling pathway [GO:0007166]; immune response [GO:0006955],external side of plasma membrane [GO:0009897]; extracellular exosome [GO:0070062]; extracellular region [GO:0005576]; plasma membrane [GO:0005886]; secretory granule membrane [GO:0030667],external side of plasma membrane [GO:0009897]; extracellular exosome [GO:0070062]; extracellular region [GO:0005576]; plasma membrane [GO:0005886]; secretory granule membrane [GO:0030667]; GPI anchor binding [GO:0034235]; IgG binding [GO:0019864]; IgG receptor activity [GO:0019770]; antibody-dependent cellular cytotoxicity [GO:0001788]; cell surface receptor signaling pathway [GO:0007166]; immune response [GO:0006955],GPI anchor binding [GO:0034235]; IgG binding [GO:0019864]; IgG receptor activity [GO:0019770],GO:0001788; GO:0005576; GO:0005886; GO:0006955; GO:0007166; GO:0009897; GO:0019770; GO:0019864; GO:0030667; GO:0034235; GO:0070062
O95267,GRP1_HUMAN,RAS guanyl-releasing protein 1 (Calcium and DAG-regulated guanine nucleotide exchange factor II) (CalDAG-GEFII) (Ras guanyl-releasing protein),RASGRP1 RASGRP,9606.ENSP00000310244,activation of GTPase activity [GO:0090630]; B cell activation [GO:0042113]; B cell proliferation [GO:0042100]; cell differentiation [GO:0030154]; inflammatory response to antigenic stimulus [GO:0002437]; mast cell degranulation [GO:0043303]; natural killer cell activation [GO:0030101]; positive regulation of MAP kinase activity [GO:0043406]; positive regulation of natural killer cell differentiation [GO:0032825]; positive regulation of natural killer cell mediated cytotoxicity [GO:0045954]; positive regulation of protein phosphorylation [GO:0001934]; positive regulation of Ras protein signal transduction [GO:0046579]; positive regulation of T cell differentiation in thymus [GO:0033089]; Ras protein signal transduction [GO:0007265]; regulation of ERK1 and ERK2 cascade [GO:0070372]; regulation of phosphatidylinositol 3-kinase/protein kinase B signal transduction [GO:0051896]; secretory granule localization [GO:0032252]; signal transduction [GO:0007165]; T cell activation [GO:0042110]; T cell proliferation [GO:0042098]; vesicle transport along microtubule [GO:0047496],cytosol [GO:0005829]; endoplasmic reticulum membrane [GO:0005789]; Golgi apparatus [GO:0005794]; Golgi membrane [GO:0000139]; membrane [GO:0016020]; plasma membrane [GO:0005886],cytosol [GO:0005829]; endoplasmic reticulum membrane [GO:0005789]; Golgi apparatus [GO:0005794]; Golgi membrane [GO:0000139]; membrane [GO:0016020]; plasma membrane [GO:0005886]; calcium ion binding [GO:0005509]; diacylglycerol binding [GO:0019992]; guanyl-nucleotide exchange factor activity [GO:0005085]; identical protein binding [GO:0042802]; lipid binding [GO:0008289]; phosphatidylcholine binding [GO:0031210]; zinc ion binding [GO:0008270]; activation of GTPase activity [GO:0090630]; B cell activation [GO:0042113]; B cell proliferation [GO:0042100]; cell differentiation [GO:0030154]; inflammatory response to antigenic stimulus [GO:0002437]; mast cell degranulation [GO:0043303]; natural killer cell activation [GO:0030101]; positive regulation of MAP kinase activity [GO:0043406]; positive regulation of natural killer cell differentiation [GO:0032825]; positive regulation of natural killer cell mediated cytotoxicity [GO:0045954]; positive regulation of protein phosphorylation [GO:0001934]; positive regulation of Ras protein signal transduction [GO:0046579]; positive regulation of T cell differentiation in thymus [GO:0033089]; Ras protein signal transduction [GO:0007265]; regulation of ERK1 and ERK2 cascade [GO:0070372]; regulation of phosphatidylinositol 3-kinase/protein kinase B signal transduction [GO:0051896]; secretory granule localization [GO:0032252]; signal transduction [GO:0007165]; T cell activation [GO:0042110]; T cell proliferation [GO:0042098]; vesicle transport along microtubule [GO:0047496],calcium ion binding [GO:0005509]; diacylglycerol binding [GO:0019992]; guanyl-nucleotide exchange factor activity [GO:0005085]; identical protein binding [GO:0042802]; lipid binding [GO:0008289]; phosphatidylcholine binding [GO:0031210]; zinc ion binding [GO:0008270],GO:0000139; GO:0001934; GO:0002437; GO:0005085; GO:0005509; GO:0005789; GO:0005794; GO:0005829; GO:0005886; GO:0007165; GO:0007265; GO:0008270; GO:0008289; GO:0016020; GO:0019992; GO:0030101; GO:0030154; GO:0031210; GO:0032252; GO:0032825; GO:0033089; GO:0042098; GO:0042100; GO:0042110; GO:0042113; GO:0042802; GO:0043303; GO:0043406; GO:0045954; GO:0046579; GO:0047496; GO:0051896; GO:0070372; GO:0090630
P00736,C1R_HUMAN,Complement C1r subcomponent (EC 3.4.21.41) (Complement component 1 subcomponent r) [Cleaved into: Complement C1r subcomponent heavy chain (Complement C1r subcomponent chain A); Complement C1r subcomponent light chain (Complement C1r subcomponent chain B)],C1R,9606.ENSP00000444271,"complement activation, classical pathway [GO:0006958]; immune response [GO:0006955]; innate immune response [GO:0045087]; zymogen activation [GO:0031638]",blood microparticle [GO:0072562]; cell surface [GO:0009986]; complement component C1 complex [GO:0005602]; extracellular exosome [GO:0070062]; extracellular region [GO:0005576]; extracellular space [GO:0005615]; symbiont cell surface [GO:0106139],"blood microparticle [GO:0072562]; cell surface [GO:0009986]; complement component C1 complex [GO:0005602]; extracellular exosome [GO:0070062]; extracellular region [GO:0005576]; extracellular space [GO:0005615]; symbiont cell surface [GO:0106139]; calcium ion binding [GO:0005509]; identical protein binding [GO:0042802]; molecular sequestering activity [GO:0140313]; serine-type endopeptidase activity [GO:0004252]; serine-type peptidase activity [GO:0008236]; complement activation, classical pathway [GO:0006958]; immune response [GO:0006955]; innate immune response [GO:0045087]; zymogen activation [GO:0031638]",calcium ion binding [GO:0005509]; identical protein binding [GO:0042802]; molecular sequestering activity [GO:0140313]; serine-type endopeptidase activity [GO:0004252]; serine-type peptidase activity [GO:0008236],GO:0004252; GO:0005509; GO:0005576; GO:0005602; GO:0005615; GO:0006955; GO:0006958; GO:0008236; GO:0009986; GO:0031638; GO:0042802; GO:0045087; GO:0070062; GO:0072562; GO:0106139; GO:0140313
P01911,DRB1_HUMAN,"HLA class II histocompatibility antigen, DRB1 beta chain (Human leukocyte antigen DRB1) (HLA-DRB1)",HLA-DRB1,9606.ENSP00000353099,"antigen processing and presentation of endogenous peptide antigen via MHC class II [GO:0002491]; antigen processing and presentation of exogenous peptide antigen via MHC class II [GO:0019886]; detection of bacterium [GO:0016045]; epidermis development [GO:0008544]; humoral immune response [GO:0006959]; immune response [GO:0006955]; inflammatory response to antigenic stimulus [GO:0002437]; macrophage differentiation [GO:0030225]; myeloid dendritic cell antigen processing and presentation [GO:0002469]; negative regulation of inflammatory response to antigenic stimulus [GO:0002862]; negative regulation of T cell proliferation [GO:0042130]; negative regulation of type II interferon production [GO:0032689]; peptide antigen assembly with MHC class II protein complex [GO:0002503]; positive regulation of CD4-positive, alpha-beta T cell activation [GO:2000516]; positive regulation of CD4-positive, CD25-positive, alpha-beta regulatory T cell differentiation [GO:0032831]; positive regulation of immune response [GO:0050778]; positive regulation of insulin secretion involved in cellular response to glucose stimulus [GO:0035774]; positive regulation of memory T cell differentiation [GO:0043382]; positive regulation of monocyte differentiation [GO:0045657]; positive regulation of T cell activation [GO:0050870]; positive regulation of T cell mediated cytotoxicity [GO:0001916]; positive regulation of T cell mediated immune response to tumor cell [GO:0002842]; protein tetramerization [GO:0051262]; regulation of interleukin-10 production [GO:0032653]; regulation of interleukin-4 production [GO:0032673]; regulation of T-helper cell differentiation [GO:0045622]; signal transduction [GO:0007165]; T cell receptor signaling pathway [GO:0050852]; T-helper 1 type immune response [GO:0042088]",autolysosome membrane [GO:0120281]; cell surface [GO:0009986]; clathrin-coated endocytic vesicle membrane [GO:0030669]; endocytic vesicle membrane [GO:0030666]; ER to Golgi transport vesicle membrane [GO:0012507]; external side of plasma membrane [GO:0009897]; extracellular exosome [GO:0070062]; extracellular space [GO:0005615]; Golgi membrane [GO:0000139]; immunological synapse [GO:0001772]; intermediate filament [GO:0005882]; late endosome membrane [GO:0031902]; lumenal side of endoplasmic reticulum membrane [GO:0098553]; lysosomal membrane [GO:0005765]; membrane [GO:0016020]; MHC class II protein complex [GO:0042613]; plasma membrane [GO:0005886]; trans-Golgi network membrane [GO:0032588]; transport vesicle membrane [GO:0030658],"autolysosome membrane [GO:0120281]; cell surface [GO:0009986]; clathrin-coated endocytic vesicle membrane [GO:0030669]; endocytic vesicle membrane [GO:0030666]; ER to Golgi transport vesicle membrane [GO:0012507]; external side of plasma membrane [GO:0009897]; extracellular exosome [GO:0070062]; extracellular space [GO:0005615]; Golgi membrane [GO:0000139]; immunological synapse [GO:0001772]; intermediate filament [GO:0005882]; late endosome membrane [GO:0031902]; lumenal side of endoplasmic reticulum membrane [GO:0098553]; lysosomal membrane [GO:0005765]; membrane [GO:0016020]; MHC class II protein complex [GO:0042613]; plasma membrane [GO:0005886]; trans-Golgi network membrane [GO:0032588]; transport vesicle membrane [GO:0030658]; CD4 receptor binding [GO:0042609]; MHC class II protein complex binding [GO:0023026]; peptide antigen binding [GO:0042605]; polysaccharide binding [GO:0030247]; structural constituent of cytoskeleton [GO:0005200]; T cell receptor binding [GO:0042608]; antigen processing and presentation of endogenous peptide antigen via MHC class II [GO:0002491]; antigen processing and presentation of exogenous peptide antigen via MHC class II [GO:0019886]; detection of bacterium [GO:0016045]; epidermis development [GO:0008544]; humoral immune response [GO:0006959]; immune response [GO:0006955]; inflammatory response to antigenic stimulus [GO:0002437]; macrophage differentiation [GO:0030225]; myeloid dendritic cell antigen processing and presentation [GO:0002469]; negative regulation of inflammatory response to antigenic stimulus [GO:0002862]; negative regulation of T cell proliferation [GO:0042130]; negative regulation of type II interferon production [GO:0032689]; peptide antigen assembly with MHC class II protein complex [GO:0002503]; positive regulation of CD4-positive, alpha-beta T cell activation [GO:2000516]; positive regulation of CD4-positive, CD25-positive, alpha-beta regulatory T cell differentiation [GO:0032831]; positive regulation of immune response [GO:0050778]; positive regulation of insulin secretion involved in cellular response to glucose stimulus [GO:0035774]; positive regulation of memory T cell differentiation [GO:0043382]; positive regulation of monocyte differentiation [GO:0045657]; positive regulation of T cell activation [GO:0050870]; positive regulation of T cell mediated cytotoxicity [GO:0001916]; positive regulation of T cell mediated immune response to tumor cell [GO:0002842]; protein tetramerization [GO:0051262]; regulation of interleukin-10 production [GO:0032653]; regulation of interleukin-4 production [GO:0032673]; regulation of T-helper cell differentiation [GO:0045622]; signal transduction [GO:0007165]; T cell receptor signaling pathway [GO:0050852]; T-helper 1 type immune response [GO:0042088]",CD4 receptor binding [GO:0042609]; MHC class II protein complex binding [GO:0023026]; peptide antigen binding [GO:0042605]; polysaccharide binding [GO:0030247]; structural constituent of cytoskeleton [GO:0005200]; T cell receptor binding [GO:0042608],GO:0000139; GO:0001772; GO:0001916; GO:0002437; GO:0002469; GO:0002491; GO:0002503; GO:0002842; GO:0002862; GO:0005200; GO:0005615; GO:0005765; GO:0005882; GO:0005886; GO:0006955; GO:0006959; GO:0007165; GO:0008544; GO:0009897; GO:0009986; GO:0012507; GO:0016020; GO:0016045; GO:0019886; GO:0023026; GO:0030225; GO:0030247; GO:0030658; GO:0030666; GO:0030669; GO:0031902; GO:0032588; GO:0032653; GO:0032673; GO:0032689; GO:0032831; GO:0035774; GO:0042088; GO:0042130; GO:0042605; GO:0042608; GO:0042609; GO:0042613; GO:0043382; GO:0045622; GO:0045657; GO:0050778; GO:0050852; GO:0050870; GO:0051262; GO:0070062; GO:0098553; GO:0120281; GO:2000516
P02745,C1QA_HUMAN,Complement C1q subcomponent subunit A,C1QA,9606.ENSP00000363773,"astrocyte activation [GO:0048143]; cell-cell signaling [GO:0007267]; complement activation [GO:0006956]; complement activation, classical pathway [GO:0006958]; complement-mediated synapse pruning [GO:0150062]; innate immune response [GO:0045087]; microglial cell activation [GO:0001774]; neuron remodeling [GO:0016322]; synapse organization [GO:0050808]; synapse pruning [GO:0098883]; vertebrate eye-specific patterning [GO:0150064]",cell surface [GO:0009986]; collagen trimer [GO:0005581]; complement component C1 complex [GO:0005602]; complement component C1q complex [GO:0062167]; extracellular matrix [GO:0031012]; extracellular region [GO:0005576]; extrinsic component of postsynaptic membrane [GO:0098890]; extrinsic component of presynaptic membrane [GO:0098888]; glutamatergic synapse [GO:0098978]; postsynapse [GO:0098794]; symbiont cell surface [GO:0106139]; synapse [GO:0045202],"cell surface [GO:0009986]; collagen trimer [GO:0005581]; complement component C1 complex [GO:0005602]; complement component C1q complex [GO:0062167]; extracellular matrix [GO:0031012]; extracellular region [GO:0005576]; extrinsic component of postsynaptic membrane [GO:0098890]; extrinsic component of presynaptic membrane [GO:0098888]; glutamatergic synapse [GO:0098978]; postsynapse [GO:0098794]; symbiont cell surface [GO:0106139]; synapse [GO:0045202]; amyloid-beta binding [GO:0001540]; IgG binding [GO:0019864]; IgM binding [GO:0001791]; phosphatidylserine binding [GO:0001786]; astrocyte activation [GO:0048143]; cell-cell signaling [GO:0007267]; complement activation [GO:0006956]; complement activation, classical pathway [GO:0006958]; complement-mediated synapse pruning [GO:0150062]; innate immune response [GO:0045087]; microglial cell activation [GO:0001774]; neuron remodeling [GO:0016322]; synapse organization [GO:0050808]; synapse pruning [GO:0098883]; vertebrate eye-specific patterning [GO:0150064]",amyloid-beta binding [GO:0001540]; IgG binding [GO:0019864]; IgM binding [GO:0001791]; phosphatidylserine binding [GO:0001786],GO:0001540; GO:0001774; GO:0001786; GO:0001791; GO:0005576; GO:0005581; GO:0005602; GO:0006956; GO:0006958; GO:0007267; GO:0009986; GO:0016322; GO:0019864; GO:0031012; GO:0045087; GO:0045202; GO:0048143; GO:0050808; GO:0062167; GO:0098794; GO:0098883; GO:0098888; GO:0098890; GO:0098978; GO:0106139; GO:0150062; GO:0150064
P02746,C1QB_HUMAN,Complement C1q subcomponent subunit B,C1QB,9606.ENSP00000313967,"complement activation [GO:0006956]; complement activation, classical pathway [GO:0006958]; innate immune response [GO:0045087]; synapse pruning [GO:0098883]",blood microparticle [GO:0072562]; cell surface [GO:0009986]; collagen trimer [GO:0005581]; complement component C1 complex [GO:0005602]; complement component C1q complex [GO:0062167]; extracellular matrix [GO:0031012]; extracellular region [GO:0005576]; postsynapse [GO:0098794]; symbiont cell surface [GO:0106139]; synapse [GO:0045202],"blood microparticle [GO:0072562]; cell surface [GO:0009986]; collagen trimer [GO:0005581]; complement component C1 complex [GO:0005602]; complement component C1q complex [GO:0062167]; extracellular matrix [GO:0031012]; extracellular region [GO:0005576]; postsynapse [GO:0098794]; symbiont cell surface [GO:0106139]; synapse [GO:0045202]; IgG binding [GO:0019864]; IgM binding [GO:0001791]; phosphatidylserine binding [GO:0001786]; complement activation [GO:0006956]; complement activation, classical pathway [GO:0006958]; innate immune response [GO:0045087]; synapse pruning [GO:0098883]",IgG binding [GO:0019864]; IgM binding [GO:0001791]; phosphatidylserine binding [GO:0001786],GO:0001786; GO:0001791; GO:0005576; GO:0005581; GO:0005602; GO:0006956; GO:0006958; GO:0009986; GO:0019864; GO:0031012; GO:0045087; GO:0045202; GO:0062167; GO:0072562; GO:0098794; GO:0098883; GO:0106139
P02747,C1QC_HUMAN,Complement C1q subcomponent subunit C,C1QC C1QG,9606.ENSP00000363770,"complement activation, classical pathway [GO:0006958]; immune response [GO:0006955]; innate immune response [GO:0045087]; negative regulation of granulocyte differentiation [GO:0030853]; negative regulation of macrophage differentiation [GO:0045650]; synapse pruning [GO:0098883]",blood microparticle [GO:0072562]; cell surface [GO:0009986]; collagen trimer [GO:0005581]; complement component C1 complex [GO:0005602]; complement component C1q complex [GO:0062167]; extracellular matrix [GO:0031012]; extracellular region [GO:0005576]; extracellular space [GO:0005615]; extrinsic component of postsynaptic membrane [GO:0098890]; extrinsic component of presynaptic membrane [GO:0098888]; glutamatergic synapse [GO:0098978]; postsynapse [GO:0098794]; symbiont cell surface [GO:0106139]; synapse [GO:0045202],"blood microparticle [GO:0072562]; cell surface [GO:0009986]; collagen trimer [GO:0005581]; complement component C1 complex [GO:0005602]; complement component C1q complex [GO:0062167]; extracellular matrix [GO:0031012]; extracellular region [GO:0005576]; extracellular space [GO:0005615]; extrinsic component of postsynaptic membrane [GO:0098890]; extrinsic component of presynaptic membrane [GO:0098888]; glutamatergic synapse [GO:0098978]; postsynapse [GO:0098794]; symbiont cell surface [GO:0106139]; synapse [GO:0045202]; IgG binding [GO:0019864]; IgM binding [GO:0001791]; phosphatidylserine binding [GO:0001786]; complement activation, classical pathway [GO:0006958]; immune response [GO:0006955]; innate immune response [GO:0045087]; negative regulation of granulocyte differentiation [GO:0030853]; negative regulation of macrophage differentiation [GO:0045650]; synapse pruning [GO:0098883]",IgG binding [GO:0019864]; IgM binding [GO:0001791]; phosphatidylserine binding [GO:0001786],GO:0001786; GO:0001791; GO:0005576; GO:0005581; GO:0005602; GO:0005615; GO:0006955; GO:0006958; GO:0009986; GO:0019864; GO:0030853; GO:0031012; GO:0045087; GO:0045202; GO:0045650; GO:0062167; GO:0072562; GO:0098794; GO:0098883; GO:0098888; GO:0098890; GO:0098978; GO:0106139
P04440,DPB1_HUMAN,"HLA class II histocompatibility antigen, DP beta 1 chain (HLA class II histocompatibility antigen, DP(W4) beta chain) (MHC class II antigen DPB1)",HLA-DPB1 HLA-DP1B,9606.ENSP00000408146,adaptive immune response [GO:0002250]; antigen processing and presentation of exogenous peptide antigen via MHC class II [GO:0019886]; peptide antigen assembly with MHC class II protein complex [GO:0002503]; positive regulation of immune response [GO:0050778]; positive regulation of T cell activation [GO:0050870]; positive regulation of T cell proliferation [GO:0042102]; positive regulation of type II interferon production [GO:0032729]; T cell receptor signaling pathway [GO:0050852],cell surface [GO:0009986]; clathrin-coated endocytic vesicle membrane [GO:0030669]; endocytic vesicle membrane [GO:0030666]; ER to Golgi transport vesicle membrane [GO:0012507]; Golgi membrane [GO:0000139]; late endosome membrane [GO:0031902]; lumenal side of endoplasmic reticulum membrane [GO:0098553]; lysosomal membrane [GO:0005765]; membrane [GO:0016020]; MHC class II protein complex [GO:0042613]; plasma membrane [GO:0005886]; trans-Golgi network membrane [GO:0032588]; transport vesicle membrane [GO:0030658],cell surface [GO:0009986]; clathrin-coated endocytic vesicle membrane [GO:0030669]; endocytic vesicle membrane [GO:0030666]; ER to Golgi transport vesicle membrane [GO:0012507]; Golgi membrane [GO:0000139]; late endosome membrane [GO:0031902]; lumenal side of endoplasmic reticulum membrane [GO:0098553]; lysosomal membrane [GO:0005765]; membrane [GO:0016020]; MHC class II protein complex [GO:0042613]; plasma membrane [GO:0005886]; trans-Golgi network membrane [GO:0032588]; transport vesicle membrane [GO:0030658]; MHC class II protein complex binding [GO:0023026]; peptide antigen binding [GO:0042605]; adaptive immune response [GO:0002250]; antigen processing and presentation of exogenous peptide antigen via MHC class II [GO:0019886]; peptide antigen assembly with MHC class II protein complex [GO:0002503]; positive regulation of immune response [GO:0050778]; positive regulation of T cell activation [GO:0050870]; positive regulation of T cell proliferation [GO:0042102]; positive regulation of type II interferon production [GO:0032729]; T cell receptor signaling pathway [GO:0050852],MHC class II protein complex binding [GO:0023026]; peptide antigen binding [GO:0042605],GO:0000139; GO:0002250; GO:0002503; GO:0005765; GO:0005886; GO:0009986; GO:0012507; GO:0016020; GO:0019886; GO:0023026; GO:0030658; GO:0030666; GO:0030669; GO:0031902; GO:0032588; GO:0032729; GO:0042102; GO:0042605; GO:0042613; GO:0050778; GO:0050852; GO:0050870; GO:0098553
P05109,S10A8_HUMAN,Protein S100-A8 (Calgranulin-A) (Calprotectin L1L subunit) (Cystic fibrosis antigen) (CFAG) (Leukocyte L1 complex light chain) (Migration inhibitory factor-related protein 8) (MRP-8) (p8) (S100 calcium-binding protein A8) (Urinary stone protein band A),S100A8 CAGA CFAG MRP8,9606.ENSP00000357721,apoptotic process [GO:0006915]; astrocyte development [GO:0014002]; autocrine signaling [GO:0035425]; autophagy [GO:0006914]; chronic inflammatory response [GO:0002544]; defense response to bacterium [GO:0042742]; defense response to fungus [GO:0050832]; endothelial cell migration [GO:0043542]; inflammatory response [GO:0006954]; innate immune response [GO:0045087]; leukocyte migration involved in inflammatory response [GO:0002523]; neutrophil aggregation [GO:0070488]; neutrophil chemotaxis [GO:0030593]; peptide secretion [GO:0002790]; peptidyl-cysteine S-nitrosylation [GO:0018119]; positive regulation of cell growth [GO:0030307]; positive regulation of inflammatory response [GO:0050729]; positive regulation of intrinsic apoptotic signaling pathway [GO:2001244]; positive regulation of peptide secretion [GO:0002793]; regulation of cytoskeleton organization [GO:0051493]; regulation of toll-like receptor signaling pathway [GO:0034121]; response to ethanol [GO:0045471]; response to lipopolysaccharide [GO:0032496]; response to zinc ion [GO:0010043],calprotectin complex [GO:1990660]; cytoplasm [GO:0005737]; cytoskeleton [GO:0005856]; cytosol [GO:0005829]; extracellular exosome [GO:0070062]; extracellular matrix [GO:0031012]; extracellular region [GO:0005576]; extracellular space [GO:0005615]; intermediate filament cytoskeleton [GO:0045111]; nucleus [GO:0005634]; plasma membrane [GO:0005886]; S100A8 complex [GO:1990661]; secretory granule lumen [GO:0034774],calprotectin complex [GO:1990660]; cytoplasm [GO:0005737]; cytoskeleton [GO:0005856]; cytosol [GO:0005829]; extracellular exosome [GO:0070062]; extracellular matrix [GO:0031012]; extracellular region [GO:0005576]; extracellular space [GO:0005615]; intermediate filament cytoskeleton [GO:0045111]; nucleus [GO:0005634]; plasma membrane [GO:0005886]; S100A8 complex [GO:1990661]; secretory granule lumen [GO:0034774]; arachidonate binding [GO:0050544]; calcium ion binding [GO:0005509]; calcium-dependent protein binding [GO:0048306]; microtubule binding [GO:0008017]; RAGE receptor binding [GO:0050786]; Toll-like receptor 4 binding [GO:0035662]; zinc ion binding [GO:0008270]; apoptotic process [GO:0006915]; astrocyte development [GO:0014002]; autocrine signaling [GO:0035425]; autophagy [GO:0006914]; chronic inflammatory response [GO:0002544]; defense response to bacterium [GO:0042742]; defense response to fungus [GO:0050832]; endothelial cell migration [GO:0043542]; inflammatory response [GO:0006954]; innate immune response [GO:0045087]; leukocyte migration involved in inflammatory response [GO:0002523]; neutrophil aggregation [GO:0070488]; neutrophil chemotaxis [GO:0030593]; peptide secretion [GO:0002790]; peptidyl-cysteine S-nitrosylation [GO:0018119]; positive regulation of cell growth [GO:0030307]; positive regulation of inflammatory response [GO:0050729]; positive regulation of intrinsic apoptotic signaling pathway [GO:2001244]; positive regulation of peptide secretion [GO:0002793]; regulation of cytoskeleton organization [GO:0051493]; regulation of toll-like receptor signaling pathway [GO:0034121]; response to ethanol [GO:0045471]; response to lipopolysaccharide [GO:0032496]; response to zinc ion [GO:0010043],arachidonate binding [GO:0050544]; calcium ion binding [GO:0005509]; calcium-dependent protein binding [GO:0048306]; microtubule binding [GO:0008017]; RAGE receptor binding [GO:0050786]; Toll-like receptor 4 binding [GO:0035662]; zinc ion binding [GO:0008270],GO:0002523; GO:0002544; GO:0002790; GO:0002793; GO:0005509; GO:0005576; GO:0005615; GO:0005634; GO:0005737; GO:0005829; GO:0005856; GO:0005886; GO:0006914; GO:0006915; GO:0006954; GO:0008017; GO:0008270; GO:0010043; GO:0014002; GO:0018119; GO:0030307; GO:0030593; GO:0031012; GO:0032496; GO:0034121; GO:0034774; GO:0035425; GO:0035662; GO:0042742; GO:0043542; GO:0045087; GO:0045111; GO:0045471; GO:0048306; GO:0050544; GO:0050729; GO:0050786; GO:0050832; GO:0051493; GO:0070062; GO:0070488; GO:1990660; GO:1990661; GO:2001244
P05455,LA_HUMAN,Lupus La protein (La autoantigen) (La ribonucleoprotein) (Sjoegren syndrome type B antigen) (SS-B),SSB,9606.ENSP00000386636,histone mRNA metabolic process [GO:0008334]; IRES-dependent viral translational initiation [GO:0075522]; nuclear histone mRNA catabolic process [GO:0071045]; positive regulation of translation [GO:0045727]; protein localization to cytoplasmic stress granule [GO:1903608]; tRNA 3'-end processing [GO:0042780]; tRNA 5'-leader removal [GO:0001682]; tRNA export from nucleus [GO:0006409]; tRNA modification [GO:0006400]; tRNA processing [GO:0008033],"chromosome, telomeric region [GO:0000781]; cytoplasm [GO:0005737]; cytoplasmic stress granule [GO:0010494]; cytosol [GO:0005829]; nucleus [GO:0005634]; ribonucleoprotein complex [GO:1990904]","chromosome, telomeric region [GO:0000781]; cytoplasm [GO:0005737]; cytoplasmic stress granule [GO:0010494]; cytosol [GO:0005829]; nucleus [GO:0005634]; ribonucleoprotein complex [GO:1990904]; mRNA binding [GO:0003729]; poly(U) RNA binding [GO:0008266]; RNA binding [GO:0003723]; sequence-specific mRNA binding [GO:1990825]; tRNA binding [GO:0000049]; histone mRNA metabolic process [GO:0008334]; IRES-dependent viral translational initiation [GO:0075522]; nuclear histone mRNA catabolic process [GO:0071045]; positive regulation of translation [GO:0045727]; protein localization to cytoplasmic stress granule [GO:1903608]; tRNA 3'-end processing [GO:0042780]; tRNA 5'-leader removal [GO:0001682]; tRNA export from nucleus [GO:0006409]; tRNA modification [GO:0006400]; tRNA processing [GO:0008033]",mRNA binding [GO:0003729]; poly(U) RNA binding [GO:0008266]; RNA binding [GO:0003723]; sequence-specific mRNA binding [GO:1990825]; tRNA binding [GO:0000049],GO:0000049; GO:0000781; GO:0001682; GO:0003723; GO:0003729; GO:0005634; GO:0005737; GO:0005829; GO:0006400; GO:0006409; GO:0008033; GO:0008266; GO:0008334; GO:0010494; GO:0042780; GO:0045727; GO:0071045; GO:0075522; GO:1903608; GO:1990825; GO:1990904
P06681,CO2_HUMAN,Complement C2 (C3/C5 convertase) [Cleaved into: Complement C2a; Serine protease complement C2b (EC 3.4.21.43)],C2,9606.ENSP00000299367,"complement activation [GO:0006956]; complement activation, classical pathway [GO:0006958]; complement activation, GZMK pathway [GO:0160257]; positive regulation of apoptotic cell clearance [GO:2000427]; proteolysis [GO:0006508]; response to bacterium [GO:0009617]; response to lipopolysaccharide [GO:0032496]; response to nutrient [GO:0007584]; response to thyroid hormone [GO:0097066]",cell surface [GO:0009986]; extracellular exosome [GO:0070062]; extracellular region [GO:0005576]; extracellular space [GO:0005615]; symbiont cell surface [GO:0106139],"cell surface [GO:0009986]; extracellular exosome [GO:0070062]; extracellular region [GO:0005576]; extracellular space [GO:0005615]; symbiont cell surface [GO:0106139]; metal ion binding [GO:0046872]; serine-type endopeptidase activity [GO:0004252]; complement activation [GO:0006956]; complement activation, classical pathway [GO:0006958]; complement activation, GZMK pathway [GO:0160257]; positive regulation of apoptotic cell clearance [GO:2000427]; proteolysis [GO:0006508]; response to bacterium [GO:0009617]; response to lipopolysaccharide [GO:0032496]; response to nutrient [GO:0007584]; response to thyroid hormone [GO:0097066]",metal ion binding [GO:0046872]; serine-type endopeptidase activity [GO:0004252],GO:0004252; GO:0005576; GO:0005615; GO:0006508; GO:0006956; GO:0006958; GO:0007584; GO:0009617; GO:0009986; GO:0032496; GO:0046872; GO:0070062; GO:0097066; GO:0106139; GO:0160257; GO:2000427
P06702,S10A9_HUMAN,Protein S100-A9 (Calgranulin-B) (Calprotectin L1H subunit) (Leukocyte L1 complex heavy chain) (Migration inhibitory factor-related protein 14) (MRP-14) (p14) (S100 calcium-binding protein A9),S100A9 CAGB CFAG MRP14,9606.ENSP00000357727,antimicrobial humoral immune response mediated by antimicrobial peptide [GO:0061844]; apoptotic process [GO:0006915]; astrocyte development [GO:0014002]; autocrine signaling [GO:0035425]; autophagy [GO:0006914]; cell-cell signaling [GO:0007267]; chronic inflammatory response [GO:0002544]; defense response to bacterium [GO:0042742]; defense response to fungus [GO:0050832]; endothelial cell migration [GO:0043542]; inflammatory response [GO:0006954]; innate immune response [GO:0045087]; leukocyte migration involved in inflammatory response [GO:0002523]; neutrophil aggregation [GO:0070488]; neutrophil chemotaxis [GO:0030593]; peptidyl-cysteine S-trans-nitrosylation [GO:0035606]; positive regulation of cell growth [GO:0030307]; positive regulation of inflammatory response [GO:0050729]; positive regulation of intrinsic apoptotic signaling pathway [GO:2001244]; positive regulation of neuron projection development [GO:0010976]; regulation of cytoskeleton organization [GO:0051493]; regulation of respiratory burst involved in inflammatory response [GO:0060264]; regulation of toll-like receptor signaling pathway [GO:0034121],calprotectin complex [GO:1990660]; cytoplasm [GO:0005737]; cytoskeleton [GO:0005856]; cytosol [GO:0005829]; extracellular exosome [GO:0070062]; extracellular matrix [GO:0031012]; extracellular region [GO:0005576]; extracellular space [GO:0005615]; nucleus [GO:0005634]; plasma membrane [GO:0005886]; S100A9 complex [GO:1990662]; secretory granule lumen [GO:0034774],calprotectin complex [GO:1990660]; cytoplasm [GO:0005737]; cytoskeleton [GO:0005856]; cytosol [GO:0005829]; extracellular exosome [GO:0070062]; extracellular matrix [GO:0031012]; extracellular region [GO:0005576]; extracellular space [GO:0005615]; nucleus [GO:0005634]; plasma membrane [GO:0005886]; S100A9 complex [GO:1990662]; secretory granule lumen [GO:0034774]; antioxidant activity [GO:0016209]; arachidonate binding [GO:0050544]; calcium ion binding [GO:0005509]; calcium-dependent protein binding [GO:0048306]; microtubule binding [GO:0008017]; RAGE receptor binding [GO:0050786]; Toll-like receptor 4 binding [GO:0035662]; zinc ion binding [GO:0008270]; antimicrobial humoral immune response mediated by antimicrobial peptide [GO:0061844]; apoptotic process [GO:0006915]; astrocyte development [GO:0014002]; autocrine signaling [GO:0035425]; autophagy [GO:0006914]; cell-cell signaling [GO:0007267]; chronic inflammatory response [GO:0002544]; defense response to bacterium [GO:0042742]; defense response to fungus [GO:0050832]; endothelial cell migration [GO:0043542]; inflammatory response [GO:0006954]; innate immune response [GO:0045087]; leukocyte migration involved in inflammatory response [GO:0002523]; neutrophil aggregation [GO:0070488]; neutrophil chemotaxis [GO:0030593]; peptidyl-cysteine S-trans-nitrosylation [GO:0035606]; positive regulation of cell growth [GO:0030307]; positive regulation of inflammatory response [GO:0050729]; positive regulation of intrinsic apoptotic signaling pathway [GO:2001244]; positive regulation of neuron projection development [GO:0010976]; regulation of cytoskeleton organization [GO:0051493]; regulation of respiratory burst involved in inflammatory response [GO:0060264]; regulation of toll-like receptor signaling pathway [GO:0034121],antioxidant activity [GO:0016209]; arachidonate binding [GO:0050544]; calcium ion binding [GO:0005509]; calcium-dependent protein binding [GO:0048306]; microtubule binding [GO:0008017]; RAGE receptor binding [GO:0050786]; Toll-like receptor 4 binding [GO:0035662]; zinc ion binding [GO:0008270],GO:0002523; GO:0002544; GO:0005509; GO:0005576; GO:0005615; GO:0005634; GO:0005737; GO:0005829; GO:0005856; GO:0005886; GO:0006914; GO:0006915; GO:0006954; GO:0007267; GO:0008017; GO:0008270; GO:0010976; GO:0014002; GO:0016209; GO:0030307; GO:0030593; GO:0031012; GO:0034121; GO:0034774; GO:0035425; GO:0035606; GO:0035662; GO:0042742; GO:0043542; GO:0045087; GO:0048306; GO:0050544; GO:0050729; GO:0050786; GO:0050832; GO:0051493; GO:0060264; GO:0061844; GO:0070062; GO:0070488; GO:1990660; GO:1990662; GO:2001244
P08579,RU2B_HUMAN,U2 small nuclear ribonucleoprotein B'' (U2 snRNP B''),SNRPB2,9606.ENSP00000246071,"mRNA splicing, via spliceosome [GO:0000398]; U2-type prespliceosome assembly [GO:1903241]",catalytic step 2 spliceosome [GO:0071013]; cytoplasmic ribonucleoprotein granule [GO:0036464]; fibrillar center [GO:0001650]; nuclear speck [GO:0016607]; nucleoplasm [GO:0005654]; nucleus [GO:0005634]; spliceosomal complex [GO:0005681]; U1 snRNP [GO:0005685]; U2 snRNP [GO:0005686]; U2-type catalytic step 2 spliceosome [GO:0071007]; U2-type precatalytic spliceosome [GO:0071005]; U2-type spliceosomal complex [GO:0005684],"catalytic step 2 spliceosome [GO:0071013]; cytoplasmic ribonucleoprotein granule [GO:0036464]; fibrillar center [GO:0001650]; nuclear speck [GO:0016607]; nucleoplasm [GO:0005654]; nucleus [GO:0005634]; spliceosomal complex [GO:0005681]; U1 snRNP [GO:0005685]; U2 snRNP [GO:0005686]; U2-type catalytic step 2 spliceosome [GO:0071007]; U2-type precatalytic spliceosome [GO:0071005]; U2-type spliceosomal complex [GO:0005684]; U1 snRNA binding [GO:0030619]; mRNA splicing, via spliceosome [GO:0000398]; U2-type prespliceosome assembly [GO:1903241]",U1 snRNA binding [GO:0030619],GO:0000398; GO:0001650; GO:0005634; GO:0005654; GO:0005681; GO:0005684; GO:0005685; GO:0005686; GO:0016607; GO:0030619; GO:0036464; GO:0071005; GO:0071007; GO:0071013; GO:1903241
P08621,RU17_HUMAN,U1 small nuclear ribonucleoprotein 70 kDa (U1 snRNP 70 kDa) (U1-70K) (snRNP70),SNRNP70 RNPU1Z RPU1 SNRP70 U1AP1,9606.ENSP00000472998,"cellular response to retinoic acid [GO:0071300]; cellular response to transforming growth factor beta stimulus [GO:0071560]; cellular response to tumor necrosis factor [GO:0071356]; mRNA splicing, via spliceosome [GO:0000398]; negative regulation of chaperone-mediated autophagy [GO:1904715]; negative regulation of protein refolding [GO:0061084]; positive regulation of mRNA splicing, via spliceosome [GO:0048026]; regulation of RNA splicing [GO:0043484]",lysosomal lumen [GO:0043202]; nuclear speck [GO:0016607]; nucleoplasm [GO:0005654]; nucleus [GO:0005634]; spliceosomal complex [GO:0005681]; U1 snRNP [GO:0005685]; U2-type prespliceosome [GO:0071004],"lysosomal lumen [GO:0043202]; nuclear speck [GO:0016607]; nucleoplasm [GO:0005654]; nucleus [GO:0005634]; spliceosomal complex [GO:0005681]; U1 snRNP [GO:0005685]; U2-type prespliceosome [GO:0071004]; mRNA binding [GO:0003729]; RNA binding [GO:0003723]; U1 snRNA binding [GO:0030619]; U1 snRNP binding [GO:1990446]; cellular response to retinoic acid [GO:0071300]; cellular response to transforming growth factor beta stimulus [GO:0071560]; cellular response to tumor necrosis factor [GO:0071356]; mRNA splicing, via spliceosome [GO:0000398]; negative regulation of chaperone-mediated autophagy [GO:1904715]; negative regulation of protein refolding [GO:0061084]; positive regulation of mRNA splicing, via spliceosome [GO:0048026]; regulation of RNA splicing [GO:0043484]",mRNA binding [GO:0003729]; RNA binding [GO:0003723]; U1 snRNA binding [GO:0030619]; U1 snRNP binding [GO:1990446],GO:0000398; GO:0003723; GO:0003729; GO:0005634; GO:0005654; GO:0005681; GO:0005685; GO:0016607; GO:0030619; GO:0043202; GO:0043484; GO:0048026; GO:0061084; GO:0071004; GO:0071300; GO:0071356; GO:0071560; GO:1904715; GO:1990446
P09429,HMGB1_HUMAN,High mobility group protein B1 (High mobility group protein 1) (HMG-1),HMGB1 HMG1,9606.ENSP00000345347,"activation of innate immune response [GO:0002218]; apoptotic cell clearance [GO:0043277]; autophagy [GO:0006914]; base-excision repair [GO:0006284]; cellular response to interleukin-7 [GO:0098761]; cellular response to lipopolysaccharide [GO:0071222]; chromatin remodeling [GO:0006338]; dendritic cell chemotaxis [GO:0002407]; DNA geometric change [GO:0032392]; DNA recombination [GO:0006310]; DNA topological change [GO:0006265]; double-strand break repair [GO:0006302]; double-strand break repair via nonhomologous end joining [GO:0006303]; endothelial cell chemotaxis [GO:0035767]; endothelial cell proliferation [GO:0001935]; eye development [GO:0001654]; glycogen catabolic process [GO:0005980]; heterochromatin formation [GO:0031507]; inflammatory response [GO:0006954]; inflammatory response to antigenic stimulus [GO:0002437]; innate immune response [GO:0045087]; lung development [GO:0030324]; macrophage activation involved in immune response [GO:0002281]; myeloid cell differentiation [GO:0030099]; myeloid dendritic cell activation [GO:0001773]; myeloid progenitor cell differentiation [GO:0002318]; negative regulation of apoptotic cell clearance [GO:2000426]; negative regulation of blood vessel endothelial cell migration [GO:0043537]; negative regulation of CD4-positive, alpha-beta T cell differentiation [GO:0043371]; negative regulation of RNA polymerase II transcription preinitiation complex assembly [GO:0017055]; negative regulation of transcription by RNA polymerase II [GO:0000122]; negative regulation of type II interferon production [GO:0032689]; neuron projection development [GO:0031175]; neutrophil clearance [GO:0097350]; plasmacytoid dendritic cell activation [GO:0002270]; positive regulation of activated T cell proliferation [GO:0042104]; positive regulation of apoptotic process [GO:0043065]; positive regulation of autophagy [GO:0010508]; positive regulation of blood vessel endothelial cell migration [GO:0043536]; positive regulation of chemokine (C-X-C motif) ligand 2 production [GO:2000343]; positive regulation of cytosolic calcium ion concentration [GO:0007204]; positive regulation of dendritic cell differentiation [GO:2001200]; positive regulation of DNA binding [GO:0043388]; positive regulation of ERK1 and ERK2 cascade [GO:0070374]; positive regulation of glycogen catabolic process [GO:0045819]; positive regulation of interferon-alpha production [GO:0032727]; positive regulation of interferon-beta production [GO:0032728]; positive regulation of interleukin-1 beta production [GO:0032731]; positive regulation of interleukin-1 production [GO:0032732]; positive regulation of interleukin-10 production [GO:0032733]; positive regulation of interleukin-12 production [GO:0032735]; positive regulation of interleukin-6 production [GO:0032755]; positive regulation of interleukin-8 production [GO:0032757]; positive regulation of JNK cascade [GO:0046330]; positive regulation of MAPK cascade [GO:0043410]; positive regulation of mismatch repair [GO:0032425]; positive regulation of monocyte chemotactic protein-1 production [GO:0071639]; positive regulation of monocyte chemotaxis [GO:0090026]; positive regulation of myeloid cell differentiation [GO:0045639]; positive regulation of myeloid progenitor cell differentiation [GO:1905455]; positive regulation of non-canonical NF-kappaB signal transduction [GO:1901224]; positive regulation of sprouting angiogenesis [GO:1903672]; positive regulation of toll-like receptor 2 signaling pathway [GO:0034137]; positive regulation of toll-like receptor 4 signaling pathway [GO:0034145]; positive regulation of toll-like receptor 9 signaling pathway [GO:0034165]; positive regulation of transcription by RNA polymerase II [GO:0045944]; positive regulation of tumor necrosis factor production [GO:0032760]; positive regulation of vascular endothelial cell proliferation [GO:1905564]; positive regulation of viral entry into host cell [GO:0046598]; positive regulation of wound healing [GO:0090303]; regulation of nucleotide-excision repair [GO:2000819]; regulation of restriction endodeoxyribonuclease activity [GO:0032072]; regulation of T cell mediated immune response to tumor cell [GO:0002840]; regulation of tolerance induction [GO:0002643]; response to glucocorticoid [GO:0051384]; T-helper 1 cell activation [GO:0035711]; T-helper 1 cell differentiation [GO:0045063]; transcription by RNA polymerase II [GO:0006366]; V(D)J recombination [GO:0033151]",alphav-beta3 integrin-HMGB1 complex [GO:0035868]; cell surface [GO:0009986]; condensed chromosome [GO:0000793]; early endosome [GO:0005769]; endoplasmic reticulum [GO:0005783]; endoplasmic reticulum-Golgi intermediate compartment [GO:0005793]; extracellular region [GO:0005576]; extracellular space [GO:0005615]; ficolin-1-rich granule lumen [GO:1904813]; neuron projection [GO:0043005]; nucleoplasm [GO:0005654]; nucleus [GO:0005634]; secretory granule lumen [GO:0034774]; transcription repressor complex [GO:0017053],"alphav-beta3 integrin-HMGB1 complex [GO:0035868]; cell surface [GO:0009986]; condensed chromosome [GO:0000793]; early endosome [GO:0005769]; endoplasmic reticulum [GO:0005783]; endoplasmic reticulum-Golgi intermediate compartment [GO:0005793]; extracellular region [GO:0005576]; extracellular space [GO:0005615]; ficolin-1-rich granule lumen [GO:1904813]; neuron projection [GO:0043005]; nucleoplasm [GO:0005654]; nucleus [GO:0005634]; secretory granule lumen [GO:0034774]; transcription repressor complex [GO:0017053]; bubble DNA binding [GO:0000405]; C-X-C chemokine binding [GO:0019958]; calcium-dependent protein kinase regulator activity [GO:0010858]; chemoattractant activity [GO:0042056]; cytokine activity [GO:0005125]; damaged DNA binding [GO:0003684]; DNA binding, bending [GO:0008301]; DNA polymerase binding [GO:0070182]; DNA-binding transcription factor binding [GO:0140297]; double-stranded DNA binding [GO:0003690]; double-stranded RNA binding [GO:0003725]; four-way junction DNA binding [GO:0000400]; integrin binding [GO:0005178]; lipopolysaccharide binding [GO:0001530]; lyase activity [GO:0016829]; phosphatidylserine binding [GO:0001786]; protein kinase activator activity [GO:0030295]; RAGE receptor binding [GO:0050786]; receptor ligand activity [GO:0048018]; RNA binding [GO:0003723]; RNA polymerase II-specific DNA-binding transcription factor binding [GO:0061629]; single-stranded DNA binding [GO:0003697]; single-stranded RNA binding [GO:0003727]; supercoiled DNA binding [GO:0097100]; transcription cis-regulatory region binding [GO:0000976]; transcription coactivator activity [GO:0003713]; transcription corepressor activity [GO:0003714]; activation of innate immune response [GO:0002218]; apoptotic cell clearance [GO:0043277]; autophagy [GO:0006914]; base-excision repair [GO:0006284]; cellular response to interleukin-7 [GO:0098761]; cellular response to lipopolysaccharide [GO:0071222]; chromatin remodeling [GO:0006338]; dendritic cell chemotaxis [GO:0002407]; DNA geometric change [GO:0032392]; DNA recombination [GO:0006310]; DNA topological change [GO:0006265]; double-strand break repair [GO:0006302]; double-strand break repair via nonhomologous end joining [GO:0006303]; endothelial cell chemotaxis [GO:0035767]; endothelial cell proliferation [GO:0001935]; eye development [GO:0001654]; glycogen catabolic process [GO:0005980]; heterochromatin formation [GO:0031507]; inflammatory response [GO:0006954]; inflammatory response to antigenic stimulus [GO:0002437]; innate immune response [GO:0045087]; lung development [GO:0030324]; macrophage activation involved in immune response [GO:0002281]; myeloid cell differentiation [GO:0030099]; myeloid dendritic cell activation [GO:0001773]; myeloid progenitor cell differentiation [GO:0002318]; negative regulation of apoptotic cell clearance [GO:2000426]; negative regulation of blood vessel endothelial cell migration [GO:0043537]; negative regulation of CD4-positive, alpha-beta T cell differentiation [GO:0043371]; negative regulation of RNA polymerase II transcription preinitiation complex assembly [GO:0017055]; negative regulation of transcription by RNA polymerase II [GO:0000122]; negative regulation of type II interferon production [GO:0032689]; neuron projection development [GO:0031175]; neutrophil clearance [GO:0097350]; plasmacytoid dendritic cell activation [GO:0002270]; positive regulation of activated T cell proliferation [GO:0042104]; positive regulation of apoptotic process [GO:0043065]; positive regulation of autophagy [GO:0010508]; positive regulation of blood vessel endothelial cell migration [GO:0043536]; positive regulation of chemokine (C-X-C motif) ligand 2 production [GO:2000343]; positive regulation of cytosolic calcium ion concentration [GO:0007204]; positive regulation of dendritic cell differentiation [GO:2001200]; positive regulation of DNA binding [GO:0043388]; positive regulation of ERK1 and ERK2 cascade [GO:0070374]; positive regulation of glycogen catabolic process [GO:0045819]; positive regulation of interferon-alpha production [GO:0032727]; positive regulation of interferon-beta production [GO:0032728]; positive regulation of interleukin-1 beta production [GO:0032731]; positive regulation of interleukin-1 production [GO:0032732]; positive regulation of interleukin-10 production [GO:0032733]; positive regulation of interleukin-12 production [GO:0032735]; positive regulation of interleukin-6 production [GO:0032755]; positive regulation of interleukin-8 production [GO:0032757]; positive regulation of JNK cascade [GO:0046330]; positive regulation of MAPK cascade [GO:0043410]; positive regulation of mismatch repair [GO:0032425]; positive regulation of monocyte chemotactic protein-1 production [GO:0071639]; positive regulation of monocyte chemotaxis [GO:0090026]; positive regulation of myeloid cell differentiation [GO:0045639]; positive regulation of myeloid progenitor cell differentiation [GO:1905455]; positive regulation of non-canonical NF-kappaB signal transduction [GO:1901224]; positive regulation of sprouting angiogenesis [GO:1903672]; positive regulation of toll-like receptor 2 signaling pathway [GO:0034137]; positive regulation of toll-like receptor 4 signaling pathway [GO:0034145]; positive regulation of toll-like receptor 9 signaling pathway [GO:0034165]; positive regulation of transcription by RNA polymerase II [GO:0045944]; positive regulation of tumor necrosis factor production [GO:0032760]; positive regulation of vascular endothelial cell proliferation [GO:1905564]; positive regulation of viral entry into host cell [GO:0046598]; positive regulation of wound healing [GO:0090303]; regulation of nucleotide-excision repair [GO:2000819]; regulation of restriction endodeoxyribonuclease activity [GO:0032072]; regulation of T cell mediated immune response to tumor cell [GO:0002840]; regulation of tolerance induction [GO:0002643]; response to glucocorticoid [GO:0051384]; T-helper 1 cell activation [GO:0035711]; T-helper 1 cell differentiation [GO:0045063]; transcription by RNA polymerase II [GO:0006366]; V(D)J recombination [GO:0033151]","bubble DNA binding [GO:0000405]; C-X-C chemokine binding [GO:0019958]; calcium-dependent protein kinase regulator activity [GO:0010858]; chemoattractant activity [GO:0042056]; cytokine activity [GO:0005125]; damaged DNA binding [GO:0003684]; DNA binding, bending [GO:0008301]; DNA polymerase binding [GO:0070182]; DNA-binding transcription factor binding [GO:0140297]; double-stranded DNA binding [GO:0003690]; double-stranded RNA binding [GO:0003725]; four-way junction DNA binding [GO:0000400]; integrin binding [GO:0005178]; lipopolysaccharide binding [GO:0001530]; lyase activity [GO:0016829]; phosphatidylserine binding [GO:0001786]; protein kinase activator activity [GO:0030295]; RAGE receptor binding [GO:0050786]; receptor ligand activity [GO:0048018]; RNA binding [GO:0003723]; RNA polymerase II-specific DNA-binding transcription factor binding [GO:0061629]; single-stranded DNA binding [GO:0003697]; single-stranded RNA binding [GO:0003727]; supercoiled DNA binding [GO:0097100]; transcription cis-regulatory region binding [GO:0000976]; transcription coactivator activity [GO:0003713]; transcription corepressor activity [GO:0003714]",GO:0000122; GO:0000400; GO:0000405; GO:0000793; GO:0000976; GO:0001530; GO:0001654; GO:0001773; GO:0001786; GO:0001935; GO:0002218; GO:0002270; GO:0002281; GO:0002318; GO:0002407; GO:0002437; GO:0002643; GO:0002840; GO:0003684; GO:0003690; GO:0003697; GO:0003713; GO:0003714; GO:0003723; GO:0003725; GO:0003727; GO:0005125; GO:0005178; GO:0005576; GO:0005615; GO:0005634; GO:0005654; GO:0005769; GO:0005783; GO:0005793; GO:0005980; GO:0006265; GO:0006284; GO:0006302; GO:0006303; GO:0006310; GO:0006338; GO:0006366; GO:0006914; GO:0006954; GO:0007204; GO:0008301; GO:0009986; GO:0010508; GO:0010858; GO:0016829; GO:0017053; GO:0017055; GO:0019958; GO:0030099; GO:0030295; GO:0030324; GO:0031175; GO:0031507; GO:0032072; GO:0032392; GO:0032425; GO:0032689; GO:0032727; GO:0032728; GO:0032731; GO:0032732; GO:0032733; GO:0032735; GO:0032755; GO:0032757; GO:0032760; GO:0033151; GO:0034137; GO:0034145; GO:0034165; GO:0034774; GO:0035711; GO:0035767; GO:0035868; GO:0042056; GO:0042104; GO:0043005; GO:0043065; GO:0043277; GO:0043371; GO:0043388; GO:0043410; GO:0043536; GO:0043537; GO:0045063; GO:0045087; GO:0045639; GO:0045819; GO:0045944; GO:0046330; GO:0046598; GO:0048018; GO:0050786; GO:0051384; GO:0061629; GO:0070182; GO:0070374; GO:0071222; GO:0071639; GO:0090026; GO:0090303; GO:0097100; GO:0097350; GO:0098761; GO:0140297; GO:1901224; GO:1903672; GO:1904813; GO:1905455; GO:1905564; GO:2000343; GO:2000426; GO:2000819; GO:2001200
P09871,C1S_HUMAN,Complement C1s subcomponent (EC 3.4.21.42) (C1 esterase) (Complement component 1 subcomponent s) [Cleaved into: Complement C1s subcomponent heavy chain (Complement C1s subcomponent chain A); Complement C1s subcomponent light chain (Complement C1s subcomponent chain B)],C1S,9606.ENSP00000385035,"complement activation, classical pathway [GO:0006958]; innate immune response [GO:0045087]; proteolysis [GO:0006508]",blood microparticle [GO:0072562]; cell surface [GO:0009986]; complement component C1 complex [GO:0005602]; extracellular region [GO:0005576]; extracellular space [GO:0005615]; symbiont cell surface [GO:0106139],"blood microparticle [GO:0072562]; cell surface [GO:0009986]; complement component C1 complex [GO:0005602]; extracellular region [GO:0005576]; extracellular space [GO:0005615]; symbiont cell surface [GO:0106139]; calcium ion binding [GO:0005509]; identical protein binding [GO:0042802]; serine-type endopeptidase activity [GO:0004252]; complement activation, classical pathway [GO:0006958]; innate immune response [GO:0045087]; proteolysis [GO:0006508]",calcium ion binding [GO:0005509]; identical protein binding [GO:0042802]; serine-type endopeptidase activity [GO:0004252],GO:0004252; GO:0005509; GO:0005576; GO:0005602; GO:0005615; GO:0006508; GO:0006958; GO:0009986; GO:0042802; GO:0045087; GO:0072562; GO:0106139
P0C0L4,CO4A_HUMAN,Complement C4-A (Acidic complement C4) (C3 and PZP-like alpha-2-macroglobulin domain-containing protein 2) [Cleaved into: Complement C4 beta chain; Complement C4-A alpha chain; C4a anaphylatoxin; Complement C4b-A (Complement C4b-alpha' chain); Complement C4d-A; Complement C4 gamma chain],C4A CO4 CPAMD2,9606.ENSP00000396688,"complement activation [GO:0006956]; complement activation, classical pathway [GO:0006958]; complement activation, GZMK pathway [GO:0160257]; inflammatory response [GO:0006954]; positive regulation of apoptotic cell clearance [GO:2000427]",axon [GO:0030424]; blood microparticle [GO:0072562]; cell surface [GO:0009986]; dendrite [GO:0030425]; endoplasmic reticulum lumen [GO:0005788]; extracellular exosome [GO:0070062]; extracellular region [GO:0005576]; extracellular space [GO:0005615]; neuronal cell body [GO:0043025]; plasma membrane [GO:0005886]; synapse [GO:0045202],"axon [GO:0030424]; blood microparticle [GO:0072562]; cell surface [GO:0009986]; dendrite [GO:0030425]; endoplasmic reticulum lumen [GO:0005788]; extracellular exosome [GO:0070062]; extracellular region [GO:0005576]; extracellular space [GO:0005615]; neuronal cell body [GO:0043025]; plasma membrane [GO:0005886]; synapse [GO:0045202]; complement component C1q complex binding [GO:0001849]; endopeptidase inhibitor activity [GO:0004866]; complement activation [GO:0006956]; complement activation, classical pathway [GO:0006958]; complement activation, GZMK pathway [GO:0160257]; inflammatory response [GO:0006954]; positive regulation of apoptotic cell clearance [GO:2000427]",complement component C1q complex binding [GO:0001849]; endopeptidase inhibitor activity [GO:0004866],GO:0001849; GO:0004866; GO:0005576; GO:0005615; GO:0005788; GO:0005886; GO:0006954; GO:0006956; GO:0006958; GO:0009986; GO:0030424; GO:0030425; GO:0043025; GO:0045202; GO:0070062; GO:0072562; GO:0160257; GO:2000427
P0C0L5,CO4B_HUMAN,Complement C4-B (Basic complement C4) (C3 and PZP-like alpha-2-macroglobulin domain-containing protein 3) [Cleaved into: Complement C4 beta chain; Complement C4-B alpha chain; C4a anaphylatoxin; Complement C4b-B; C4d-B; Complement C4 gamma chain],C4B CO4 CPAMD3; C4B_2,9606.ENSP00000415941,"complement activation [GO:0006956]; complement activation, classical pathway [GO:0006958]; complement activation, GZMK pathway [GO:0160257]; detection of molecule of bacterial origin [GO:0032490]; inflammatory response [GO:0006954]; opsonization [GO:0008228]; positive regulation of apoptotic cell clearance [GO:2000427]",axon [GO:0030424]; blood microparticle [GO:0072562]; cell surface [GO:0009986]; dendrite [GO:0030425]; extracellular exosome [GO:0070062]; extracellular region [GO:0005576]; extracellular space [GO:0005615]; plasma membrane [GO:0005886]; symbiont cell surface [GO:0106139]; synapse [GO:0045202],"axon [GO:0030424]; blood microparticle [GO:0072562]; cell surface [GO:0009986]; dendrite [GO:0030425]; extracellular exosome [GO:0070062]; extracellular region [GO:0005576]; extracellular space [GO:0005615]; plasma membrane [GO:0005886]; symbiont cell surface [GO:0106139]; synapse [GO:0045202]; carbohydrate binding [GO:0030246]; complement binding [GO:0001848]; endopeptidase inhibitor activity [GO:0004866]; complement activation [GO:0006956]; complement activation, classical pathway [GO:0006958]; complement activation, GZMK pathway [GO:0160257]; detection of molecule of bacterial origin [GO:0032490]; inflammatory response [GO:0006954]; opsonization [GO:0008228]; positive regulation of apoptotic cell clearance [GO:2000427]",carbohydrate binding [GO:0030246]; complement binding [GO:0001848]; endopeptidase inhibitor activity [GO:0004866],GO:0001848; GO:0004866; GO:0005576; GO:0005615; GO:0005886; GO:0006954; GO:0006956; GO:0006958; GO:0008228; GO:0009986; GO:0030246; GO:0030424; GO:0030425; GO:0032490; GO:0045202; GO:0070062; GO:0072562; GO:0106139; GO:0160257; GO:2000427
P10155,RO60_HUMAN,RNA-binding protein RO60 (60 kDa SS-A/Ro ribonucleoprotein) (60 kDa Ro protein) (60 kDa ribonucleoprotein Ro) (RoRNP) (Ro 60 kDa autoantigen) (Ro60 autoantigen) (Sjoegren syndrome antigen A2) (Sjoegren syndrome type A antigen) (SS-A) (TROVE domain family member 2),RO60 SSA2 TROVE2,9606.ENSP00000356416,cellular response to interferon-alpha [GO:0035457]; cilium assembly [GO:0060271]; immune system development [GO:0002520]; regulation of gene expression [GO:0010468]; response to UV [GO:0009411]; smoothened signaling pathway [GO:0007224]; transcription by RNA polymerase III [GO:0006383],cilium [GO:0005929]; cytosol [GO:0005829]; nuclear body [GO:0016604]; nucleoplasm [GO:0005654]; ribonucleoprotein complex [GO:1990904],cilium [GO:0005929]; cytosol [GO:0005829]; nuclear body [GO:0016604]; nucleoplasm [GO:0005654]; ribonucleoprotein complex [GO:1990904]; metal ion binding [GO:0046872]; RNA binding [GO:0003723]; U2 snRNA binding [GO:0030620]; cellular response to interferon-alpha [GO:0035457]; cilium assembly [GO:0060271]; immune system development [GO:0002520]; regulation of gene expression [GO:0010468]; response to UV [GO:0009411]; smoothened signaling pathway [GO:0007224]; transcription by RNA polymerase III [GO:0006383],metal ion binding [GO:0046872]; RNA binding [GO:0003723]; U2 snRNA binding [GO:0030620],GO:0002520; GO:0003723; GO:0005654; GO:0005829; GO:0005929; GO:0006383; GO:0007224; GO:0009411; GO:0010468; GO:0016604; GO:0030620; GO:0035457; GO:0046872; GO:0060271; GO:1990904
P10451,OSTP_HUMAN,Osteopontin (Bone sialoprotein 1) (Nephropontin) (Secreted phosphoprotein 1) (SPP-1) (Urinary stone protein) (Uropontin),SPP1 BNSP OPN PSEC0156,9606.ENSP00000378517,"androgen catabolic process [GO:0006710]; biomineral tissue development [GO:0031214]; cell adhesion [GO:0007155]; cellular response to testosterone stimulus [GO:0071394]; decidualization [GO:0046697]; embryo implantation [GO:0007566]; negative regulation of collateral sprouting of intact axon in response to injury [GO:0048685]; osteoblast differentiation [GO:0001649]; positive regulation of bone resorption [GO:0045780]; positive regulation of DNA-templated transcription [GO:0045893]; positive regulation of estradiol secretion [GO:2000866]; response to 2,3,7,8-tetrachlorodibenzodioxine [GO:1904612]; response to macrophage colony-stimulating factor [GO:0036005]; response to steroid hormone [GO:0048545]; response to vitamin D [GO:0033280]",cell projection [GO:0042995]; endoplasmic reticulum lumen [GO:0005788]; extracellular exosome [GO:0070062]; extracellular region [GO:0005576]; extracellular space [GO:0005615]; Golgi apparatus [GO:0005794]; perinuclear region of cytoplasm [GO:0048471],"cell projection [GO:0042995]; endoplasmic reticulum lumen [GO:0005788]; extracellular exosome [GO:0070062]; extracellular region [GO:0005576]; extracellular space [GO:0005615]; Golgi apparatus [GO:0005794]; perinuclear region of cytoplasm [GO:0048471]; calcium ion binding [GO:0005509]; cytokine activity [GO:0005125]; extracellular matrix binding [GO:0050840]; integrin binding [GO:0005178]; small molecule binding [GO:0036094]; androgen catabolic process [GO:0006710]; biomineral tissue development [GO:0031214]; cell adhesion [GO:0007155]; cellular response to testosterone stimulus [GO:0071394]; decidualization [GO:0046697]; embryo implantation [GO:0007566]; negative regulation of collateral sprouting of intact axon in response to injury [GO:0048685]; osteoblast differentiation [GO:0001649]; positive regulation of bone resorption [GO:0045780]; positive regulation of DNA-templated transcription [GO:0045893]; positive regulation of estradiol secretion [GO:2000866]; response to 2,3,7,8-tetrachlorodibenzodioxine [GO:1904612]; response to macrophage colony-stimulating factor [GO:0036005]; response to steroid hormone [GO:0048545]; response to vitamin D [GO:0033280]",calcium ion binding [GO:0005509]; cytokine activity [GO:0005125]; extracellular matrix binding [GO:0050840]; integrin binding [GO:0005178]; small molecule binding [GO:0036094],GO:0001649; GO:0005125; GO:0005178; GO:0005509; GO:0005576; GO:0005615; GO:0005788; GO:0005794; GO:0006710; GO:0007155; GO:0007566; GO:0031214; GO:0033280; GO:0036005; GO:0036094; GO:0042995; GO:0045780; GO:0045893; GO:0046697; GO:0048471; GO:0048545; GO:0048685; GO:0050840; GO:0070062; GO:0071394; GO:1904612; GO:2000866
P11215,ITAM_HUMAN,Integrin alpha-M (CD11 antigen-like family member B) (CR-3 alpha chain) (Cell surface glycoprotein MAC-1 subunit alpha) (Leukocyte adhesion receptor MO1) (Neutrophil adherence receptor) (CD antigen CD11b),ITGAM CD11B CR3A,9606.ENSP00000496959,"amyloid-beta clearance [GO:0097242]; cell adhesion [GO:0007155]; cell-cell adhesion [GO:0098609]; cell-cell adhesion via plasma-membrane adhesion molecules [GO:0098742]; cell-matrix adhesion [GO:0007160]; complement receptor mediated signaling pathway [GO:0002430]; complement-mediated synapse pruning [GO:0150062]; ectodermal cell differentiation [GO:0010668]; forebrain development [GO:0030900]; heterotypic cell-cell adhesion [GO:0034113]; innate immune response [GO:0045087]; integrin-mediated signaling pathway [GO:0007229]; microglial cell activation [GO:0001774]; negative regulation of dopamine metabolic process [GO:0045963]; phagocytosis, engulfment [GO:0006911]; positive regulation of microglial cell mediated cytotoxicity [GO:1904151]; positive regulation of neutrophil degranulation [GO:0043315]; positive regulation of protein targeting to membrane [GO:0090314]; positive regulation of superoxide anion generation [GO:0032930]; receptor-mediated endocytosis [GO:0006898]; response to amphetamine [GO:0001975]; response to curcumin [GO:1904643]; response to estradiol [GO:0032355]; response to Gram-positive bacterium [GO:0140459]; response to ischemia [GO:0002931]; response to mechanical stimulus [GO:0009612]; vertebrate eye-specific patterning [GO:0150064]",cell surface [GO:0009986]; external side of plasma membrane [GO:0009897]; extracellular exosome [GO:0070062]; extracellular space [GO:0005615]; integrin alphaM-beta2 complex [GO:0034688]; integrin complex [GO:0008305]; plasma membrane [GO:0005886]; plasma membrane raft [GO:0044853]; specific granule membrane [GO:0035579]; tertiary granule membrane [GO:0070821],"cell surface [GO:0009986]; external side of plasma membrane [GO:0009897]; extracellular exosome [GO:0070062]; extracellular space [GO:0005615]; integrin alphaM-beta2 complex [GO:0034688]; integrin complex [GO:0008305]; plasma membrane [GO:0005886]; plasma membrane raft [GO:0044853]; specific granule membrane [GO:0035579]; tertiary granule membrane [GO:0070821]; amyloid-beta binding [GO:0001540]; cargo receptor activity [GO:0038024]; complement component C3b binding [GO:0001851]; heat shock protein binding [GO:0031072]; integrin binding [GO:0005178]; metal ion binding [GO:0046872]; signaling receptor activity [GO:0038023]; amyloid-beta clearance [GO:0097242]; cell adhesion [GO:0007155]; cell-cell adhesion [GO:0098609]; cell-cell adhesion via plasma-membrane adhesion molecules [GO:0098742]; cell-matrix adhesion [GO:0007160]; complement receptor mediated signaling pathway [GO:0002430]; complement-mediated synapse pruning [GO:0150062]; ectodermal cell differentiation [GO:0010668]; forebrain development [GO:0030900]; heterotypic cell-cell adhesion [GO:0034113]; innate immune response [GO:0045087]; integrin-mediated signaling pathway [GO:0007229]; microglial cell activation [GO:0001774]; negative regulation of dopamine metabolic process [GO:0045963]; phagocytosis, engulfment [GO:0006911]; positive regulation of microglial cell mediated cytotoxicity [GO:1904151]; positive regulation of neutrophil degranulation [GO:0043315]; positive regulation of protein targeting to membrane [GO:0090314]; positive regulation of superoxide anion generation [GO:0032930]; receptor-mediated endocytosis [GO:0006898]; response to amphetamine [GO:0001975]; response to curcumin [GO:1904643]; response to estradiol [GO:0032355]; response to Gram-positive bacterium [GO:0140459]; response to ischemia [GO:0002931]; response to mechanical stimulus [GO:0009612]; vertebrate eye-specific patterning [GO:0150064]",amyloid-beta binding [GO:0001540]; cargo receptor activity [GO:0038024]; complement component C3b binding [GO:0001851]; heat shock protein binding [GO:0031072]; integrin binding [GO:0005178]; metal ion binding [GO:0046872]; signaling receptor activity [GO:0038023],GO:0001540; GO:0001774; GO:0001851; GO:0001975; GO:0002430; GO:0002931; GO:0005178; GO:0005615; GO:0005886; GO:0006898; GO:0006911; GO:0007155; GO:0007160; GO:0007229; GO:0008305; GO:0009612; GO:0009897; GO:0009986; GO:0010668; GO:0030900; GO:0031072; GO:0032355; GO:0032930; GO:0034113; GO:0034688; GO:0035579; GO:0038023; GO:0038024; GO:0043315; GO:0044853; GO:0045087; GO:0045963; GO:0046872; GO:0070062; GO:0070821; GO:0090314; GO:0097242; GO:0098609; GO:0098742; GO:0140459; GO:0150062; GO:0150064; GO:1904151; GO:1904643
P12004,PCNA_HUMAN,DNA sliding clamp PCNA (Cyclin) (Proliferating cell nuclear antigen) (PCNA),PCNA,9606.ENSP00000368458,"base-excision repair, gap-filling [GO:0006287]; cellular response to hydrogen peroxide [GO:0070301]; cellular response to UV [GO:0034644]; cellular response to xenobiotic stimulus [GO:0071466]; chromatin organization [GO:0006325]; epithelial cell differentiation [GO:0030855]; estrous cycle [GO:0044849]; heart development [GO:0007507]; leading strand elongation [GO:0006272]; liver regeneration [GO:0097421]; mismatch repair [GO:0006298]; mitotic telomere maintenance via semi-conservative replication [GO:1902990]; negative regulation of transcription by RNA polymerase II [GO:0000122]; positive regulation of DNA repair [GO:0045739]; positive regulation of DNA replication [GO:0045740]; replication fork processing [GO:0031297]; response to cadmium ion [GO:0046686]; response to dexamethasone [GO:0071548]; response to estradiol [GO:0032355]; response to L-glutamate [GO:1902065]; translesion synthesis [GO:0019985]","centrosome [GO:0005813]; chromatin [GO:0000785]; chromosome, telomeric region [GO:0000781]; cyclin-dependent protein kinase holoenzyme complex [GO:0000307]; extracellular exosome [GO:0070062]; male germ cell nucleus [GO:0001673]; nuclear body [GO:0016604]; nuclear lamina [GO:0005652]; nuclear replication fork [GO:0043596]; nucleoplasm [GO:0005654]; nucleus [GO:0005634]; PCNA complex [GO:0043626]; PCNA-p21 complex [GO:0070557]; replication fork [GO:0005657]; replisome [GO:0030894]","centrosome [GO:0005813]; chromatin [GO:0000785]; chromosome, telomeric region [GO:0000781]; cyclin-dependent protein kinase holoenzyme complex [GO:0000307]; extracellular exosome [GO:0070062]; male germ cell nucleus [GO:0001673]; nuclear body [GO:0016604]; nuclear lamina [GO:0005652]; nuclear replication fork [GO:0043596]; nucleoplasm [GO:0005654]; nucleus [GO:0005634]; PCNA complex [GO:0043626]; PCNA-p21 complex [GO:0070557]; replication fork [GO:0005657]; replisome [GO:0030894]; chromatin binding [GO:0003682]; damaged DNA binding [GO:0003684]; dinucleotide insertion or deletion binding [GO:0032139]; DNA polymerase binding [GO:0070182]; DNA polymerase processivity factor activity [GO:0030337]; enzyme binding [GO:0019899]; histone acetyltransferase binding [GO:0035035]; identical protein binding [GO:0042802]; MutLalpha complex binding [GO:0032405]; nuclear estrogen receptor binding [GO:0030331]; protein-containing complex binding [GO:0044877]; purine-specific mismatch base pair DNA N-glycosylase activity [GO:0000701]; receptor tyrosine kinase binding [GO:0030971]; base-excision repair, gap-filling [GO:0006287]; cellular response to hydrogen peroxide [GO:0070301]; cellular response to UV [GO:0034644]; cellular response to xenobiotic stimulus [GO:0071466]; chromatin organization [GO:0006325]; epithelial cell differentiation [GO:0030855]; estrous cycle [GO:0044849]; heart development [GO:0007507]; leading strand elongation [GO:0006272]; liver regeneration [GO:0097421]; mismatch repair [GO:0006298]; mitotic telomere maintenance via semi-conservative replication [GO:1902990]; negative regulation of transcription by RNA polymerase II [GO:0000122]; positive regulation of DNA repair [GO:0045739]; positive regulation of DNA replication [GO:0045740]; replication fork processing [GO:0031297]; response to cadmium ion [GO:0046686]; response to dexamethasone [GO:0071548]; response to estradiol [GO:0032355]; response to L-glutamate [GO:1902065]; translesion synthesis [GO:0019985]",chromatin binding [GO:0003682]; damaged DNA binding [GO:0003684]; dinucleotide insertion or deletion binding [GO:0032139]; DNA polymerase binding [GO:0070182]; DNA polymerase processivity factor activity [GO:0030337]; enzyme binding [GO:0019899]; histone acetyltransferase binding [GO:0035035]; identical protein binding [GO:0042802]; MutLalpha complex binding [GO:0032405]; nuclear estrogen receptor binding [GO:0030331]; protein-containing complex binding [GO:0044877]; purine-specific mismatch base pair DNA N-glycosylase activity [GO:0000701]; receptor tyrosine kinase binding [GO:0030971],GO:0000122; GO:0000307; GO:0000701; GO:0000781; GO:0000785; GO:0001673; GO:0003682; GO:0003684; GO:0005634; GO:0005652; GO:0005654; GO:0005657; GO:0005813; GO:0006272; GO:0006287; GO:0006298; GO:0006325; GO:0007507; GO:0016604; GO:0019899; GO:0019985; GO:0030331; GO:0030337; GO:0030855; GO:0030894; GO:0030971; GO:0031297; GO:0032139; GO:0032355; GO:0032405; GO:0034644; GO:0035035; GO:0042802; GO:0043596; GO:0043626; GO:0044849; GO:0044877; GO:0045739; GO:0045740; GO:0046686; GO:0070062; GO:0070182; GO:0070301; GO:0070557; GO:0071466; GO:0071548; GO:0097421; GO:1902065; GO:1902990
P12956,XRCC6_HUMAN,DNA repair protein Ku70 (EC 4.2.99.18) (EC 5.6.2.4) (5'-deoxyribose-5-phosphate lyase Ku70) (5'-dRP lyase Ku70) (70 kDa subunit of Ku antigen) (ATP-dependent DNA helicase 2 subunit 1) (ATP-dependent DNA helicase II 70 kDa subunit) (CTC box-binding factor 75 kDa subunit) (CTC75) (CTCBF) (DNA repair protein XRCC6) (Lupus Ku autoantigen protein p70) (Ku70) (Thyroid-lupus autoantigen) (TLAA) (X-ray repair complementing defective repair in Chinese hamster cells 6) (X-ray repair cross-complementing protein 6),XRCC6 G22P1,9606.ENSP00000352257,activation of innate immune response [GO:0002218]; cellular hyperosmotic salinity response [GO:0071475]; cellular response to gamma radiation [GO:0071480]; cellular response to X-ray [GO:0071481]; double-strand break repair via classical nonhomologous end joining [GO:0097680]; double-strand break repair via nonhomologous end joining [GO:0006303]; innate immune response [GO:0045087]; negative regulation of DNA-templated transcription [GO:0045892]; positive regulation of DNA-templated transcription [GO:0045893]; positive regulation of lymphocyte differentiation [GO:0045621]; positive regulation of transcription by RNA polymerase II [GO:0045944]; recombinational repair [GO:0000725]; regulation of smooth muscle cell proliferation [GO:0048660]; telomere maintenance [GO:0000723],"chromosome, telomeric region [GO:0000781]; cytosol [GO:0005829]; DNA-dependent protein kinase complex [GO:0070418]; DNA-dependent protein kinase-DNA ligase 4 complex [GO:0005958]; extracellular region [GO:0005576]; ficolin-1-rich granule lumen [GO:1904813]; Ku70:Ku80 complex [GO:0043564]; membrane [GO:0016020]; nonhomologous end joining complex [GO:0070419]; nuclear telomere cap complex [GO:0000783]; nucleolus [GO:0005730]; nucleoplasm [GO:0005654]; nucleus [GO:0005634]; protein-containing complex [GO:0032991]; protein-DNA complex [GO:0032993]; secretory granule lumen [GO:0034774]; transcription regulator complex [GO:0005667]","chromosome, telomeric region [GO:0000781]; cytosol [GO:0005829]; DNA-dependent protein kinase complex [GO:0070418]; DNA-dependent protein kinase-DNA ligase 4 complex [GO:0005958]; extracellular region [GO:0005576]; ficolin-1-rich granule lumen [GO:1904813]; Ku70:Ku80 complex [GO:0043564]; membrane [GO:0016020]; nonhomologous end joining complex [GO:0070419]; nuclear telomere cap complex [GO:0000783]; nucleolus [GO:0005730]; nucleoplasm [GO:0005654]; nucleus [GO:0005634]; protein-containing complex [GO:0032991]; protein-DNA complex [GO:0032993]; secretory granule lumen [GO:0034774]; transcription regulator complex [GO:0005667]; 5'-deoxyribose-5-phosphate lyase activity [GO:0051575]; ATP binding [GO:0005524]; ATP hydrolysis activity [GO:0016887]; ATP-dependent activity, acting on DNA [GO:0008094]; cyclin binding [GO:0030332]; damaged DNA binding [GO:0003684]; DNA binding [GO:0003677]; DNA helicase activity [GO:0003678]; protein-containing complex binding [GO:0044877]; RNA binding [GO:0003723]; scaffold protein binding [GO:0097110]; telomeric DNA binding [GO:0042162]; transcription cis-regulatory region binding [GO:0000976]; activation of innate immune response [GO:0002218]; cellular hyperosmotic salinity response [GO:0071475]; cellular response to gamma radiation [GO:0071480]; cellular response to X-ray [GO:0071481]; double-strand break repair via classical nonhomologous end joining [GO:0097680]; double-strand break repair via nonhomologous end joining [GO:0006303]; innate immune response [GO:0045087]; negative regulation of DNA-templated transcription [GO:0045892]; positive regulation of DNA-templated transcription [GO:0045893]; positive regulation of lymphocyte differentiation [GO:0045621]; positive regulation of transcription by RNA polymerase II [GO:0045944]; recombinational repair [GO:0000725]; regulation of smooth muscle cell proliferation [GO:0048660]; telomere maintenance [GO:0000723]","5'-deoxyribose-5-phosphate lyase activity [GO:0051575]; ATP binding [GO:0005524]; ATP hydrolysis activity [GO:0016887]; ATP-dependent activity, acting on DNA [GO:0008094]; cyclin binding [GO:0030332]; damaged DNA binding [GO:0003684]; DNA binding [GO:0003677]; DNA helicase activity [GO:0003678]; protein-containing complex binding [GO:0044877]; RNA binding [GO:0003723]; scaffold protein binding [GO:0097110]; telomeric DNA binding [GO:0042162]; transcription cis-regulatory region binding [GO:0000976]",GO:0000723; GO:0000725; GO:0000781; GO:0000783; GO:0000976; GO:0002218; GO:0003677; GO:0003678; GO:0003684; GO:0003723; GO:0005524; GO:0005576; GO:0005634; GO:0005654; GO:0005667; GO:0005730; GO:0005829; GO:0005958; GO:0006303; GO:0008094; GO:0016020; GO:0016887; GO:0030332; GO:0032991; GO:0032993; GO:0034774; GO:0042162; GO:0043564; GO:0044877; GO:0045087; GO:0045621; GO:0045892; GO:0045893; GO:0045944; GO:0048660; GO:0051575; GO:0070418; GO:0070419; GO:0071475; GO:0071480; GO:0071481; GO:0097110; GO:0097680; GO:1904813
P13010,XRCC5_HUMAN,DNA repair protein Ku80 (EC 4.2.99.18) (EC 5.6.2.4) (86 kDa subunit of Ku antigen) (ATP-dependent DNA helicase 2 subunit 2) (ATP-dependent DNA helicase II 80 kDa subunit) (CTC box-binding factor 85 kDa subunit) (CTC85) (CTCBF) (DNA repair protein XRCC5) (Ku80) (Ku86) (Lupus Ku autoantigen protein p86) (Nuclear factor IV) (Thyroid-lupus autoantigen) (TLAA) (X-ray repair complementing defective repair in Chinese hamster cells 5 (double-strand-break rejoining)) (X-ray repair cross-complementing protein 5),XRCC5 G22P2,9606.ENSP00000375978,"activation of innate immune response [GO:0002218]; cellular response to gamma radiation [GO:0071480]; cellular response to leukemia inhibitory factor [GO:1990830]; DNA damage response [GO:0006974]; DNA recombination [GO:0006310]; double-strand break repair [GO:0006302]; double-strand break repair via nonhomologous end joining [GO:0006303]; hematopoietic stem cell differentiation [GO:0060218]; hematopoietic stem cell proliferation [GO:0071425]; innate immune response [GO:0045087]; negative regulation of DNA-templated transcription [GO:0045892]; negative regulation of t-circle formation [GO:1904430]; neurogenesis [GO:0022008]; positive regulation of neurogenesis [GO:0050769]; protein localization to chromosome, telomeric region [GO:0070198]; recombinational repair [GO:0000725]; regulation of smooth muscle cell proliferation [GO:0048660]; regulation of telomere maintenance [GO:0032204]; small-subunit processome assembly [GO:0034462]; telomere maintenance [GO:0000723]; telomere maintenance via telomerase [GO:0007004]","chromosome, telomeric region [GO:0000781]; cytosol [GO:0005829]; DNA-dependent protein kinase complex [GO:0070418]; DNA-dependent protein kinase-DNA ligase 4 complex [GO:0005958]; extracellular region [GO:0005576]; Ku70:Ku80 complex [GO:0043564]; membrane [GO:0016020]; nonhomologous end joining complex [GO:0070419]; nuclear telomere cap complex [GO:0000783]; nucleolus [GO:0005730]; nucleoplasm [GO:0005654]; nucleus [GO:0005634]; plasma membrane [GO:0005886]; protein-containing complex [GO:0032991]; protein-DNA complex [GO:0032993]; ribonucleoprotein complex [GO:1990904]; secretory granule lumen [GO:0034774]; site of DNA damage [GO:0090734]; small-subunit processome [GO:0032040]","chromosome, telomeric region [GO:0000781]; cytosol [GO:0005829]; DNA-dependent protein kinase complex [GO:0070418]; DNA-dependent protein kinase-DNA ligase 4 complex [GO:0005958]; extracellular region [GO:0005576]; Ku70:Ku80 complex [GO:0043564]; membrane [GO:0016020]; nonhomologous end joining complex [GO:0070419]; nuclear telomere cap complex [GO:0000783]; nucleolus [GO:0005730]; nucleoplasm [GO:0005654]; nucleus [GO:0005634]; plasma membrane [GO:0005886]; protein-containing complex [GO:0032991]; protein-DNA complex [GO:0032993]; ribonucleoprotein complex [GO:1990904]; secretory granule lumen [GO:0034774]; site of DNA damage [GO:0090734]; small-subunit processome [GO:0032040]; ATP binding [GO:0005524]; ATP hydrolysis activity [GO:0016887]; ATP-dependent activity, acting on DNA [GO:0008094]; damaged DNA binding [GO:0003684]; DNA binding [GO:0003677]; DNA end binding [GO:0045027]; DNA helicase activity [GO:0003678]; double-stranded DNA binding [GO:0003690]; enzyme activator activity [GO:0008047]; protein-containing complex binding [GO:0044877]; RNA binding [GO:0003723]; telomeric DNA binding [GO:0042162]; transcription cis-regulatory region binding [GO:0000976]; U3 snoRNA binding [GO:0034511]; ubiquitin protein ligase binding [GO:0031625]; activation of innate immune response [GO:0002218]; cellular response to gamma radiation [GO:0071480]; cellular response to leukemia inhibitory factor [GO:1990830]; DNA damage response [GO:0006974]; DNA recombination [GO:0006310]; double-strand break repair [GO:0006302]; double-strand break repair via nonhomologous end joining [GO:0006303]; hematopoietic stem cell differentiation [GO:0060218]; hematopoietic stem cell proliferation [GO:0071425]; innate immune response [GO:0045087]; negative regulation of DNA-templated transcription [GO:0045892]; negative regulation of t-circle formation [GO:1904430]; neurogenesis [GO:0022008]; positive regulation of neurogenesis [GO:0050769]; protein localization to chromosome, telomeric region [GO:0070198]; recombinational repair [GO:0000725]; regulation of smooth muscle cell proliferation [GO:0048660]; regulation of telomere maintenance [GO:0032204]; small-subunit processome assembly [GO:0034462]; telomere maintenance [GO:0000723]; telomere maintenance via telomerase [GO:0007004]","ATP binding [GO:0005524]; ATP hydrolysis activity [GO:0016887]; ATP-dependent activity, acting on DNA [GO:0008094]; damaged DNA binding [GO:0003684]; DNA binding [GO:0003677]; DNA end binding [GO:0045027]; DNA helicase activity [GO:0003678]; double-stranded DNA binding [GO:0003690]; enzyme activator activity [GO:0008047]; protein-containing complex binding [GO:0044877]; RNA binding [GO:0003723]; telomeric DNA binding [GO:0042162]; transcription cis-regulatory region binding [GO:0000976]; U3 snoRNA binding [GO:0034511]; ubiquitin protein ligase binding [GO:0031625]",GO:0000723; GO:0000725; GO:0000781; GO:0000783; GO:0000976; GO:0002218; GO:0003677; GO:0003678; GO:0003684; GO:0003690; GO:0003723; GO:0005524; GO:0005576; GO:0005634; GO:0005654; GO:0005730; GO:0005829; GO:0005886; GO:0005958; GO:0006302; GO:0006303; GO:0006310; GO:0006974; GO:0007004; GO:0008047; GO:0008094; GO:0016020; GO:0016887; GO:0022008; GO:0031625; GO:0032040; GO:0032204; GO:0032991; GO:0032993; GO:0034462; GO:0034511; GO:0034774; GO:0042162; GO:0043564; GO:0044877; GO:0045027; GO:0045087; GO:0045892; GO:0048660; GO:0050769; GO:0060218; GO:0070198; GO:0070418; GO:0070419; GO:0071425; GO:0071480; GO:0090734; GO:1904430; GO:1990830; GO:1990904
P14598,NCF1_HUMAN,Neutrophil cytosol factor 1 (NCF-1) (47 kDa autosomal chronic granulomatous disease protein) (47 kDa neutrophil oxidase factor) (NCF-47K) (Neutrophil NADPH oxidase factor 1) (Nox organizer 2) (Nox-organizing protein 2) (SH3 and PX domain-containing protein 1A) (p47-phox),NCF1 NOXO2 SH3PXD1A,9606.ENSP00000289473,cellular defense response [GO:0006968]; cellular response to glucose stimulus [GO:0071333]; cellular response to testosterone stimulus [GO:0071394]; epithelial cell proliferation [GO:0050673]; hydrogen peroxide biosynthetic process [GO:0050665]; inflammatory response [GO:0006954]; innate immune response [GO:0045087]; leukotriene metabolic process [GO:0006691]; neutrophil-mediated killing of fungus [GO:0070947]; neutrophil-mediated killing of gram-positive bacterium [GO:0070946]; protein targeting to membrane [GO:0006612]; regulation of respiratory burst involved in inflammatory response [GO:0060264]; respiratory burst [GO:0045730]; respiratory burst involved in defense response [GO:0002679]; response to yeast [GO:0001878]; superoxide anion generation [GO:0042554]; superoxide metabolic process [GO:0006801],cytoplasm [GO:0005737]; cytoplasmic side of plasma membrane [GO:0009898]; cytosol [GO:0005829]; dendrite [GO:0030425]; membrane [GO:0016020]; NADPH oxidase complex [GO:0043020]; neuronal cell body [GO:0043025]; phagolysosome [GO:0032010]; plasma membrane [GO:0005886],"cytoplasm [GO:0005737]; cytoplasmic side of plasma membrane [GO:0009898]; cytosol [GO:0005829]; dendrite [GO:0030425]; membrane [GO:0016020]; NADPH oxidase complex [GO:0043020]; neuronal cell body [GO:0043025]; phagolysosome [GO:0032010]; plasma membrane [GO:0005886]; electron transfer activity [GO:0009055]; phosphatidylinositol binding [GO:0035091]; phosphatidylinositol-3,4-bisphosphate binding [GO:0043325]; SH3 domain binding [GO:0017124]; superoxide-generating NAD(P)H oxidase activity [GO:0016175]; superoxide-generating NADPH oxidase activator activity [GO:0016176]; cellular defense response [GO:0006968]; cellular response to glucose stimulus [GO:0071333]; cellular response to testosterone stimulus [GO:0071394]; epithelial cell proliferation [GO:0050673]; hydrogen peroxide biosynthetic process [GO:0050665]; inflammatory response [GO:0006954]; innate immune response [GO:0045087]; leukotriene metabolic process [GO:0006691]; neutrophil-mediated killing of fungus [GO:0070947]; neutrophil-mediated killing of gram-positive bacterium [GO:0070946]; protein targeting to membrane [GO:0006612]; regulation of respiratory burst involved in inflammatory response [GO:0060264]; respiratory burst [GO:0045730]; respiratory burst involved in defense response [GO:0002679]; response to yeast [GO:0001878]; superoxide anion generation [GO:0042554]; superoxide metabolic process [GO:0006801]","electron transfer activity [GO:0009055]; phosphatidylinositol binding [GO:0035091]; phosphatidylinositol-3,4-bisphosphate binding [GO:0043325]; SH3 domain binding [GO:0017124]; superoxide-generating NAD(P)H oxidase activity [GO:0016175]; superoxide-generating NADPH oxidase activator activity [GO:0016176]",GO:0001878; GO:0002679; GO:0005737; GO:0005829; GO:0005886; GO:0006612; GO:0006691; GO:0006801; GO:0006954; GO:0006968; GO:0009055; GO:0009898; GO:0016020; GO:0016175; GO:0016176; GO:0017124; GO:0030425; GO:0032010; GO:0035091; GO:0042554; GO:0043020; GO:0043025; GO:0043325; GO:0045087; GO:0045730; GO:0050665; GO:0050673; GO:0060264; GO:0070946; GO:0070947; GO:0071333; GO:0071394
P14678,RSMB_HUMAN,Small nuclear ribonucleoprotein-associated proteins B and B' (snRNP-B) (Sm protein B/B') (Sm-B/B') (SmB/B'),SNRPB COD SNRPB1,9606.ENSP00000412566,"7-methylguanosine cap hypermethylation [GO:0036261]; mRNA splicing, via spliceosome [GO:0000398]; protein methylation [GO:0006479]; RNA splicing [GO:0008380]; spliceosomal snRNP assembly [GO:0000387]; U2-type prespliceosome assembly [GO:1903241]",catalytic step 2 spliceosome [GO:0071013]; cytoplasm [GO:0005737]; cytosol [GO:0005829]; histone pre-mRNA 3'end processing complex [GO:0071204]; methylosome [GO:0034709]; nucleoplasm [GO:0005654]; nucleus [GO:0005634]; small nuclear ribonucleoprotein complex [GO:0030532]; SMN-Sm protein complex [GO:0034719]; spliceosomal complex [GO:0005681]; telomerase holoenzyme complex [GO:0005697]; U1 snRNP [GO:0005685]; U12-type spliceosomal complex [GO:0005689]; U2 snRNP [GO:0005686]; U2-type catalytic step 2 spliceosome [GO:0071007]; U2-type precatalytic spliceosome [GO:0071005]; U2-type prespliceosome [GO:0071004]; U2-type spliceosomal complex [GO:0005684]; U4 snRNP [GO:0005687]; U4/U6 x U5 tri-snRNP complex [GO:0046540]; U5 snRNP [GO:0005682]; U7 snRNP [GO:0005683],"catalytic step 2 spliceosome [GO:0071013]; cytoplasm [GO:0005737]; cytosol [GO:0005829]; histone pre-mRNA 3'end processing complex [GO:0071204]; methylosome [GO:0034709]; nucleoplasm [GO:0005654]; nucleus [GO:0005634]; small nuclear ribonucleoprotein complex [GO:0030532]; SMN-Sm protein complex [GO:0034719]; spliceosomal complex [GO:0005681]; telomerase holoenzyme complex [GO:0005697]; U1 snRNP [GO:0005685]; U12-type spliceosomal complex [GO:0005689]; U2 snRNP [GO:0005686]; U2-type catalytic step 2 spliceosome [GO:0071007]; U2-type precatalytic spliceosome [GO:0071005]; U2-type prespliceosome [GO:0071004]; U2-type spliceosomal complex [GO:0005684]; U4 snRNP [GO:0005687]; U4/U6 x U5 tri-snRNP complex [GO:0046540]; U5 snRNP [GO:0005682]; U7 snRNP [GO:0005683]; histone pre-mRNA DCP binding [GO:0071208]; RNA binding [GO:0003723]; snRNP binding [GO:0070990]; telomerase RNA binding [GO:0070034]; U1 snRNP binding [GO:1990446]; U2 snRNP binding [GO:1990447]; 7-methylguanosine cap hypermethylation [GO:0036261]; mRNA splicing, via spliceosome [GO:0000398]; protein methylation [GO:0006479]; RNA splicing [GO:0008380]; spliceosomal snRNP assembly [GO:0000387]; U2-type prespliceosome assembly [GO:1903241]",histone pre-mRNA DCP binding [GO:0071208]; RNA binding [GO:0003723]; snRNP binding [GO:0070990]; telomerase RNA binding [GO:0070034]; U1 snRNP binding [GO:1990446]; U2 snRNP binding [GO:1990447],GO:0000387; GO:0000398; GO:0003723; GO:0005634; GO:0005654; GO:0005681; GO:0005682; GO:0005683; GO:0005684; GO:0005685; GO:0005686; GO:0005687; GO:0005689; GO:0005697; GO:0005737; GO:0005829; GO:0006479; GO:0008380; GO:0030532; GO:0034709; GO:0034719; GO:0036261; GO:0046540; GO:0070034; GO:0070990; GO:0071004; GO:0071005; GO:0071007; GO:0071013; GO:0071204; GO:0071208; GO:1903241; GO:1990446; GO:1990447
P14921,ETS1_HUMAN,Protein C-ets-1 (p54),ETS1 EWSR2,9606.ENSP00000376436,cell differentiation [GO:0030154]; cell motility [GO:0048870]; immune response [GO:0006955]; negative regulation of cell cycle [GO:0045786]; negative regulation of cell population proliferation [GO:0008285]; PML body organization [GO:0030578]; positive regulation of angiogenesis [GO:0045766]; positive regulation of blood vessel endothelial cell migration [GO:0043536]; positive regulation of DNA-templated transcription [GO:0045893]; positive regulation of endothelial cell migration [GO:0010595]; positive regulation of erythrocyte differentiation [GO:0045648]; positive regulation of gene expression [GO:0010628]; positive regulation of inflammatory response [GO:0050729]; positive regulation of leukocyte adhesion to vascular endothelial cell [GO:1904996]; positive regulation of miRNA transcription [GO:1902895]; positive regulation of transcription by RNA polymerase II [GO:0045944]; regulation of angiogenesis [GO:0045765]; regulation of apoptotic process [GO:0042981]; regulation of transcription by RNA polymerase II [GO:0006357]; response to antibiotic [GO:0046677]; transcription by RNA polymerase II [GO:0006366],chromatin [GO:0000785]; cytoplasm [GO:0005737]; nucleoplasm [GO:0005654]; nucleus [GO:0005634],"chromatin [GO:0000785]; cytoplasm [GO:0005737]; nucleoplasm [GO:0005654]; nucleus [GO:0005634]; DNA binding [GO:0003677]; DNA-binding transcription activator activity, RNA polymerase II-specific [GO:0001228]; DNA-binding transcription factor activity [GO:0003700]; DNA-binding transcription factor activity, RNA polymerase II-specific [GO:0000981]; identical protein binding [GO:0042802]; nucleic acid binding [GO:0003676]; RNA polymerase II cis-regulatory region sequence-specific DNA binding [GO:0000978]; RNA polymerase II-specific DNA-binding transcription factor binding [GO:0061629]; transcription cis-regulatory region binding [GO:0000976]; transcription corepressor binding [GO:0001222]; cell differentiation [GO:0030154]; cell motility [GO:0048870]; immune response [GO:0006955]; negative regulation of cell cycle [GO:0045786]; negative regulation of cell population proliferation [GO:0008285]; PML body organization [GO:0030578]; positive regulation of angiogenesis [GO:0045766]; positive regulation of blood vessel endothelial cell migration [GO:0043536]; positive regulation of DNA-templated transcription [GO:0045893]; positive regulation of endothelial cell migration [GO:0010595]; positive regulation of erythrocyte differentiation [GO:0045648]; positive regulation of gene expression [GO:0010628]; positive regulation of inflammatory response [GO:0050729]; positive regulation of leukocyte adhesion to vascular endothelial cell [GO:1904996]; positive regulation of miRNA transcription [GO:1902895]; positive regulation of transcription by RNA polymerase II [GO:0045944]; regulation of angiogenesis [GO:0045765]; regulation of apoptotic process [GO:0042981]; regulation of transcription by RNA polymerase II [GO:0006357]; response to antibiotic [GO:0046677]; transcription by RNA polymerase II [GO:0006366]","DNA binding [GO:0003677]; DNA-binding transcription activator activity, RNA polymerase II-specific [GO:0001228]; DNA-binding transcription factor activity [GO:0003700]; DNA-binding transcription factor activity, RNA polymerase II-specific [GO:0000981]; identical protein binding [GO:0042802]; nucleic acid binding [GO:0003676]; RNA polymerase II cis-regulatory region sequence-specific DNA binding [GO:0000978]; RNA polymerase II-specific DNA-binding transcription factor binding [GO:0061629]; transcription cis-regulatory region binding [GO:0000976]; transcription corepressor binding [GO:0001222]",GO:0000785; GO:0000976; GO:0000978; GO:0000981; GO:0001222; GO:0001228; GO:0003676; GO:0003677; GO:0003700; GO:0005634; GO:0005654; GO:0005737; GO:0006357; GO:0006366; GO:0006955; GO:0008285; GO:0010595; GO:0010628; GO:0030154; GO:0030578; GO:0042802; GO:0042981; GO:0043536; GO:0045648; GO:0045765; GO:0045766; GO:0045786; GO:0045893; GO:0045944; GO:0046677; GO:0048870; GO:0050729; GO:0061629; GO:1902895; GO:1904996
P15260,INGR1_HUMAN,Interferon gamma receptor 1 (IFN-gamma receptor 1) (IFN-gamma-R1) (CDw119) (Interferon gamma receptor alpha-chain) (IFN-gamma-R-alpha) (CD antigen CD119),IFNGR1,9606.ENSP00000356713,astrocyte activation [GO:0048143]; cellular response to virus [GO:0098586]; cytokine-mediated signaling pathway [GO:0019221]; defense response to virus [GO:0051607]; microglial cell activation [GO:0001774]; negative regulation of amyloid-beta clearance [GO:1900222]; positive regulation of amyloid-beta formation [GO:1902004]; positive regulation of gene expression [GO:0010628]; positive regulation of tumor necrosis factor production [GO:0032760]; response to virus [GO:0009615]; signal transduction [GO:0007165]; type II interferon-mediated signaling pathway [GO:0060333]; type III interferon-mediated signaling pathway [GO:0038196],membrane [GO:0016020]; plasma membrane [GO:0005886],membrane [GO:0016020]; plasma membrane [GO:0005886]; cytokine binding [GO:0019955]; cytokine receptor activity [GO:0004896]; type II interferon receptor activity [GO:0004906]; astrocyte activation [GO:0048143]; cellular response to virus [GO:0098586]; cytokine-mediated signaling pathway [GO:0019221]; defense response to virus [GO:0051607]; microglial cell activation [GO:0001774]; negative regulation of amyloid-beta clearance [GO:1900222]; positive regulation of amyloid-beta formation [GO:1902004]; positive regulation of gene expression [GO:0010628]; positive regulation of tumor necrosis factor production [GO:0032760]; response to virus [GO:0009615]; signal transduction [GO:0007165]; type II interferon-mediated signaling pathway [GO:0060333]; type III interferon-mediated signaling pathway [GO:0038196],cytokine binding [GO:0019955]; cytokine receptor activity [GO:0004896]; type II interferon receptor activity [GO:0004906],GO:0001774; GO:0004896; GO:0004906; GO:0005886; GO:0007165; GO:0009615; GO:0010628; GO:0016020; GO:0019221; GO:0019955; GO:0032760; GO:0038196; GO:0048143; GO:0051607; GO:0060333; GO:0098586; GO:1900222; GO:1902004
P15391,CD19_HUMAN,B-lymphocyte antigen CD19 (B-lymphocyte surface antigen B4) (Differentiation antigen CD19) (T-cell surface antigen Leu-12) (CD antigen CD19),CD19,9606.ENSP00000313419,antigen receptor-mediated signaling pathway [GO:0050851]; B cell proliferation [GO:0042100]; B cell proliferation involved in immune response [GO:0002322]; B cell receptor signaling pathway [GO:0050853]; B-1 B cell differentiation [GO:0001923]; immunoglobulin mediated immune response [GO:0016064]; positive regulation of phosphatidylinositol 3-kinase/protein kinase B signal transduction [GO:0051897]; positive regulation of release of sequestered calcium ion into cytosol [GO:0051281]; regulation of B cell activation [GO:0050864]; regulation of B cell receptor signaling pathway [GO:0050855],external side of plasma membrane [GO:0009897]; extracellular exosome [GO:0070062]; membrane raft [GO:0045121]; plasma membrane [GO:0005886]; protein-containing complex [GO:0032991],external side of plasma membrane [GO:0009897]; extracellular exosome [GO:0070062]; membrane raft [GO:0045121]; plasma membrane [GO:0005886]; protein-containing complex [GO:0032991]; antigen receptor-mediated signaling pathway [GO:0050851]; B cell proliferation [GO:0042100]; B cell proliferation involved in immune response [GO:0002322]; B cell receptor signaling pathway [GO:0050853]; B-1 B cell differentiation [GO:0001923]; immunoglobulin mediated immune response [GO:0016064]; positive regulation of phosphatidylinositol 3-kinase/protein kinase B signal transduction [GO:0051897]; positive regulation of release of sequestered calcium ion into cytosol [GO:0051281]; regulation of B cell activation [GO:0050864]; regulation of B cell receptor signaling pathway [GO:0050855],,GO:0001923; GO:0002322; GO:0005886; GO:0009897; GO:0016064; GO:0032991; GO:0042100; GO:0045121; GO:0050851; GO:0050853; GO:0050855; GO:0050864; GO:0051281; GO:0051897; GO:0070062
P16410,CTLA4_HUMAN,Cytotoxic T-lymphocyte protein 4 (Cytotoxic T-lymphocyte-associated antigen 4) (CTLA-4) (CD antigen CD152),CTLA4 CD152,9606.ENSP00000497102,adaptive immune response [GO:0002250]; B cell receptor signaling pathway [GO:0050853]; DNA damage response [GO:0006974]; immune response [GO:0006955]; negative regulation of B cell proliferation [GO:0030889]; negative regulation of regulatory T cell differentiation [GO:0045590]; negative regulation of T cell activation [GO:0050868]; negative regulation of T cell proliferation [GO:0042130]; negative regulation of T cell receptor signaling pathway [GO:0050860]; positive regulation of apoptotic process [GO:0043065]; T cell receptor signaling pathway [GO:0050852],clathrin-coated endocytic vesicle [GO:0045334]; external side of plasma membrane [GO:0009897]; Golgi apparatus [GO:0005794]; perinuclear region of cytoplasm [GO:0048471]; plasma membrane [GO:0005886]; protein complex involved in cell adhesion [GO:0098636],clathrin-coated endocytic vesicle [GO:0045334]; external side of plasma membrane [GO:0009897]; Golgi apparatus [GO:0005794]; perinuclear region of cytoplasm [GO:0048471]; plasma membrane [GO:0005886]; protein complex involved in cell adhesion [GO:0098636]; receptor decoy activity [GO:0140319]; adaptive immune response [GO:0002250]; B cell receptor signaling pathway [GO:0050853]; DNA damage response [GO:0006974]; immune response [GO:0006955]; negative regulation of B cell proliferation [GO:0030889]; negative regulation of regulatory T cell differentiation [GO:0045590]; negative regulation of T cell activation [GO:0050868]; negative regulation of T cell proliferation [GO:0042130]; negative regulation of T cell receptor signaling pathway [GO:0050860]; positive regulation of apoptotic process [GO:0043065]; T cell receptor signaling pathway [GO:0050852],receptor decoy activity [GO:0140319],GO:0002250; GO:0005794; GO:0005886; GO:0006955; GO:0006974; GO:0009897; GO:0030889; GO:0042130; GO:0043065; GO:0045334; GO:0045590; GO:0048471; GO:0050852; GO:0050853; GO:0050860; GO:0050868; GO:0098636; GO:0140319
P17927,CR1_HUMAN,Complement receptor type 1 (C3b/C4b receptor) (CD antigen CD35),CR1 C3BR,9606.ENSP00000356016,"ATP export [GO:1904669]; complement activation [GO:0006956]; complement activation, alternative pathway [GO:0006957]; complement activation, classical pathway [GO:0006958]; complement receptor mediated signaling pathway [GO:0002430]; glomerulus development [GO:0032835]; immune complex clearance [GO:0002434]; immune complex clearance by erythrocytes [GO:0002435]; negative regulation of activation of membrane attack complex [GO:0001971]; negative regulation of complement activation [GO:0045916]; negative regulation of complement activation, alternative pathway [GO:0045957]; negative regulation of complement activation, classical pathway [GO:0045959]; negative regulation of complement-dependent cytotoxicity [GO:1903660]; negative regulation of immunoglobulin production [GO:0002638]; negative regulation of interleukin-2 production [GO:0032703]; negative regulation of plasma cell differentiation [GO:1900099]; negative regulation of serine-type endopeptidase activity [GO:1900004]; negative regulation of T cell proliferation [GO:0042130]; negative regulation of type II interferon production [GO:0032689]; organ or tissue specific immune response [GO:0002251]; plasma membrane organization [GO:0007009]; positive regulation of activation of membrane attack complex [GO:0001970]; positive regulation of cell population proliferation [GO:0008284]; positive regulation of regulatory T cell differentiation [GO:0045591]; positive regulation of serine-type endopeptidase activity [GO:1900005]; T cell mediated immunity [GO:0002456]",cell surface [GO:0009986]; cytoskeleton [GO:0005856]; extracellular exosome [GO:0070062]; extracellular space [GO:0005615]; ficolin-1-rich granule membrane [GO:0101003]; plasma membrane [GO:0005886]; plasma membrane raft [GO:0044853]; secretory granule membrane [GO:0030667],"cell surface [GO:0009986]; cytoskeleton [GO:0005856]; extracellular exosome [GO:0070062]; extracellular space [GO:0005615]; ficolin-1-rich granule membrane [GO:0101003]; plasma membrane [GO:0005886]; plasma membrane raft [GO:0044853]; secretory granule membrane [GO:0030667]; complement component C3b binding [GO:0001851]; complement component C3b receptor activity [GO:0004877]; complement component C4b binding [GO:0001855]; complement component C4b receptor activity [GO:0001861]; virus receptor activity [GO:0001618]; ATP export [GO:1904669]; complement activation [GO:0006956]; complement activation, alternative pathway [GO:0006957]; complement activation, classical pathway [GO:0006958]; complement receptor mediated signaling pathway [GO:0002430]; glomerulus development [GO:0032835]; immune complex clearance [GO:0002434]; immune complex clearance by erythrocytes [GO:0002435]; negative regulation of activation of membrane attack complex [GO:0001971]; negative regulation of complement activation [GO:0045916]; negative regulation of complement activation, alternative pathway [GO:0045957]; negative regulation of complement activation, classical pathway [GO:0045959]; negative regulation of complement-dependent cytotoxicity [GO:1903660]; negative regulation of immunoglobulin production [GO:0002638]; negative regulation of interleukin-2 production [GO:0032703]; negative regulation of plasma cell differentiation [GO:1900099]; negative regulation of serine-type endopeptidase activity [GO:1900004]; negative regulation of T cell proliferation [GO:0042130]; negative regulation of type II interferon production [GO:0032689]; organ or tissue specific immune response [GO:0002251]; plasma membrane organization [GO:0007009]; positive regulation of activation of membrane attack complex [GO:0001970]; positive regulation of cell population proliferation [GO:0008284]; positive regulation of regulatory T cell differentiation [GO:0045591]; positive regulation of serine-type endopeptidase activity [GO:1900005]; T cell mediated immunity [GO:0002456]",complement component C3b binding [GO:0001851]; complement component C3b receptor activity [GO:0004877]; complement component C4b binding [GO:0001855]; complement component C4b receptor activity [GO:0001861]; virus receptor activity [GO:0001618],GO:0001618; GO:0001851; GO:0001855; GO:0001861; GO:0001970; GO:0001971; GO:0002251; GO:0002430; GO:0002434; GO:0002435; GO:0002456; GO:0002638; GO:0004877; GO:0005615; GO:0005856; GO:0005886; GO:0006956; GO:0006957; GO:0006958; GO:0007009; GO:0008284; GO:0009986; GO:0030667; GO:0032689; GO:0032703; GO:0032835; GO:0042130; GO:0044853; GO:0045591; GO:0045916; GO:0045957; GO:0045959; GO:0070062; GO:0101003; GO:1900004; GO:1900005; GO:1900099; GO:1903660; GO:1904669
P20023,CR2_HUMAN,Complement receptor type 2 (Cr2) (Complement C3d receptor) (Epstein-Barr virus receptor) (EBV receptor) (CD antigen CD21),CR2 C3DR,9606.ENSP00000356024,"B cell activation [GO:0042113]; B cell differentiation [GO:0030183]; B cell proliferation [GO:0042100]; complement activation, alternative pathway [GO:0006957]; complement activation, classical pathway [GO:0006958]; immune response [GO:0006955]; negative regulation of complement activation, classical pathway [GO:0045959]; symbiont entry into host cell [GO:0046718]; T cell mediated immunity [GO:0002456]; type I interferon-mediated signaling pathway [GO:0060337]",extracellular exosome [GO:0070062]; extracellular space [GO:0005615]; membrane [GO:0016020]; plasma membrane [GO:0005886]; receptor complex [GO:0043235],"extracellular exosome [GO:0070062]; extracellular space [GO:0005615]; membrane [GO:0016020]; plasma membrane [GO:0005886]; receptor complex [GO:0043235]; complement binding [GO:0001848]; complement receptor activity [GO:0004875]; DNA binding [GO:0003677]; immunoglobulin receptor binding [GO:0034987]; protein homodimerization activity [GO:0042803]; transmembrane signaling receptor activity [GO:0004888]; virus receptor activity [GO:0001618]; B cell activation [GO:0042113]; B cell differentiation [GO:0030183]; B cell proliferation [GO:0042100]; complement activation, alternative pathway [GO:0006957]; complement activation, classical pathway [GO:0006958]; immune response [GO:0006955]; negative regulation of complement activation, classical pathway [GO:0045959]; symbiont entry into host cell [GO:0046718]; T cell mediated immunity [GO:0002456]; type I interferon-mediated signaling pathway [GO:0060337]",complement binding [GO:0001848]; complement receptor activity [GO:0004875]; DNA binding [GO:0003677]; immunoglobulin receptor binding [GO:0034987]; protein homodimerization activity [GO:0042803]; transmembrane signaling receptor activity [GO:0004888]; virus receptor activity [GO:0001618],GO:0001618; GO:0001848; GO:0002456; GO:0003677; GO:0004875; GO:0004888; GO:0005615; GO:0005886; GO:0006955; GO:0006957; GO:0006958; GO:0016020; GO:0030183; GO:0034987; GO:0042100; GO:0042113; GO:0042803; GO:0043235; GO:0045959; GO:0046718; GO:0060337; GO:0070062
P20273,CD22_HUMAN,B-cell receptor CD22 (B-lymphocyte cell adhesion molecule) (BL-CAM) (Sialic acid-binding Ig-like lectin 2) (Siglec-2) (T-cell surface antigen Leu-14) (CD antigen CD22),CD22 SIGLEC2,9606.ENSP00000085219,B cell activation [GO:0042113]; cell adhesion [GO:0007155]; negative regulation of B cell receptor signaling pathway [GO:0050859]; negative regulation of calcium-mediated signaling [GO:0050849]; negative regulation of immunoglobulin production [GO:0002638]; regulation of B cell proliferation [GO:0030888]; regulation of endocytosis [GO:0030100]; regulation of immune response [GO:0050776],cell surface [GO:0009986]; cytoplasm [GO:0005737]; early endosome [GO:0005769]; external side of plasma membrane [GO:0009897]; extracellular exosome [GO:0070062]; membrane [GO:0016020]; neuronal cell body membrane [GO:0032809]; plasma membrane [GO:0005886]; recycling endosome [GO:0055037],cell surface [GO:0009986]; cytoplasm [GO:0005737]; early endosome [GO:0005769]; external side of plasma membrane [GO:0009897]; extracellular exosome [GO:0070062]; membrane [GO:0016020]; neuronal cell body membrane [GO:0032809]; plasma membrane [GO:0005886]; recycling endosome [GO:0055037]; carbohydrate binding [GO:0030246]; CD4 receptor binding [GO:0042609]; IgM binding [GO:0001791]; protein phosphatase binding [GO:0019903]; sialic acid binding [GO:0033691]; signaling receptor binding [GO:0005102]; B cell activation [GO:0042113]; cell adhesion [GO:0007155]; negative regulation of B cell receptor signaling pathway [GO:0050859]; negative regulation of calcium-mediated signaling [GO:0050849]; negative regulation of immunoglobulin production [GO:0002638]; regulation of B cell proliferation [GO:0030888]; regulation of endocytosis [GO:0030100]; regulation of immune response [GO:0050776],carbohydrate binding [GO:0030246]; CD4 receptor binding [GO:0042609]; IgM binding [GO:0001791]; protein phosphatase binding [GO:0019903]; sialic acid binding [GO:0033691]; signaling receptor binding [GO:0005102],GO:0001791; GO:0002638; GO:0005102; GO:0005737; GO:0005769; GO:0005886; GO:0007155; GO:0009897; GO:0009986; GO:0016020; GO:0019903; GO:0030100; GO:0030246; GO:0030888; GO:0032809; GO:0033691; GO:0042113; GO:0042609; GO:0050776; GO:0050849; GO:0050859; GO:0055037; GO:0070062
P20333,TNR1B_HUMAN,"Tumor necrosis factor receptor superfamily member 1B (Tumor necrosis factor receptor 2) (TNF-R2) (Tumor necrosis factor receptor type II) (TNF-RII) (TNFR-II) (p75) (p80 TNF-alpha receptor) (CD antigen CD120b) (Etanercept) [Cleaved into: Tumor necrosis factor receptor superfamily member 1b, membrane form; Tumor necrosis factor-binding protein 2 (TBP-2) (TBPII)]",TNFRSF1B TNFBR TNFR2,9606.ENSP00000365435,aortic valve development [GO:0003176]; cellular response to lipopolysaccharide [GO:0071222]; extrinsic apoptotic signaling pathway [GO:0097191]; glial cell-neuron signaling [GO:0150098]; inflammatory response [GO:0006954]; intrinsic apoptotic signaling pathway in response to DNA damage [GO:0008630]; negative regulation of cardiac muscle hypertrophy [GO:0010614]; negative regulation of extracellular matrix constituent secretion [GO:0003332]; negative regulation of neuroinflammatory response [GO:0150079]; positive regulation of apoptotic process involved in morphogenesis [GO:1902339]; positive regulation of membrane protein ectodomain proteolysis [GO:0051044]; positive regulation of myelination [GO:0031643]; positive regulation of oligodendrocyte differentiation [GO:0048714]; pulmonary valve development [GO:0003177]; regulation of cytokine production involved in immune response [GO:0002718]; regulation of myelination [GO:0031641]; regulation of neuroinflammatory response [GO:0150077]; regulation of T cell cytokine production [GO:0002724]; regulation of T cell proliferation [GO:0042129]; RNA destabilization [GO:0050779]; tumor necrosis factor-mediated signaling pathway [GO:0033209],extracellular region [GO:0005576]; membrane [GO:0016020]; membrane raft [GO:0045121]; plasma membrane [GO:0005886]; specific granule membrane [GO:0035579]; tumor necrosis factor receptor superfamily complex [GO:0002947],extracellular region [GO:0005576]; membrane [GO:0016020]; membrane raft [GO:0045121]; plasma membrane [GO:0005886]; specific granule membrane [GO:0035579]; tumor necrosis factor receptor superfamily complex [GO:0002947]; tumor necrosis factor binding [GO:0043120]; tumor necrosis factor receptor activity [GO:0005031]; ubiquitin protein ligase binding [GO:0031625]; aortic valve development [GO:0003176]; cellular response to lipopolysaccharide [GO:0071222]; extrinsic apoptotic signaling pathway [GO:0097191]; glial cell-neuron signaling [GO:0150098]; inflammatory response [GO:0006954]; intrinsic apoptotic signaling pathway in response to DNA damage [GO:0008630]; negative regulation of cardiac muscle hypertrophy [GO:0010614]; negative regulation of extracellular matrix constituent secretion [GO:0003332]; negative regulation of neuroinflammatory response [GO:0150079]; positive regulation of apoptotic process involved in morphogenesis [GO:1902339]; positive regulation of membrane protein ectodomain proteolysis [GO:0051044]; positive regulation of myelination [GO:0031643]; positive regulation of oligodendrocyte differentiation [GO:0048714]; pulmonary valve development [GO:0003177]; regulation of cytokine production involved in immune response [GO:0002718]; regulation of myelination [GO:0031641]; regulation of neuroinflammatory response [GO:0150077]; regulation of T cell cytokine production [GO:0002724]; regulation of T cell proliferation [GO:0042129]; RNA destabilization [GO:0050779]; tumor necrosis factor-mediated signaling pathway [GO:0033209],tumor necrosis factor binding [GO:0043120]; tumor necrosis factor receptor activity [GO:0005031]; ubiquitin protein ligase binding [GO:0031625],GO:0002718; GO:0002724; GO:0002947; GO:0003176; GO:0003177; GO:0003332; GO:0005031; GO:0005576; GO:0005886; GO:0006954; GO:0008630; GO:0010614; GO:0016020; GO:0031625; GO:0031641; GO:0031643; GO:0033209; GO:0035579; GO:0042129; GO:0043120; GO:0045121; GO:0048714; GO:0050779; GO:0051044; GO:0071222; GO:0097191; GO:0150077; GO:0150079; GO:0150098; GO:1902339
P21580,TNAP3_HUMAN,Tumor necrosis factor alpha-induced protein 3 (TNF alpha-induced protein 3) (EC 2.3.2.-) (EC 3.4.19.12) (OTU domain-containing protein 7C) (Putative DNA-binding protein A20) (Zinc finger protein A20) [Cleaved into: A20p50; A20p37],TNFAIP3 OTUD7C,9606.ENSP00000481570,"apoptotic process [GO:0006915]; B-1 B cell homeostasis [GO:0001922]; cell migration [GO:0016477]; cellular response to hydrogen peroxide [GO:0070301]; cellular response to lipopolysaccharide [GO:0071222]; cytoskeleton organization [GO:0007010]; establishment of protein localization to vacuole [GO:0072666]; inflammatory response [GO:0006954]; negative regulation of B cell activation [GO:0050869]; negative regulation of bone resorption [GO:0045779]; negative regulation of canonical NF-kappaB signal transduction [GO:0043124]; negative regulation of CD40 signaling pathway [GO:2000349]; negative regulation of chronic inflammatory response [GO:0002677]; negative regulation of endothelial cell apoptotic process [GO:2000352]; negative regulation of extrinsic apoptotic signaling pathway via death domain receptors [GO:1902042]; negative regulation of inflammatory response [GO:0050728]; negative regulation of innate immune response [GO:0045824]; negative regulation of interleukin-1 beta production [GO:0032691]; negative regulation of interleukin-2 production [GO:0032703]; negative regulation of interleukin-6 production [GO:0032715]; negative regulation of nucleotide-binding oligomerization domain containing 1 signaling pathway [GO:0070429]; negative regulation of nucleotide-binding oligomerization domain containing 2 signaling pathway [GO:0070433]; negative regulation of osteoclast proliferation [GO:0090291]; negative regulation of protein ubiquitination [GO:0031397]; negative regulation of smooth muscle cell proliferation [GO:0048662]; negative regulation of toll-like receptor 2 signaling pathway [GO:0034136]; negative regulation of toll-like receptor 3 signaling pathway [GO:0034140]; negative regulation of toll-like receptor 4 signaling pathway [GO:0034144]; negative regulation of toll-like receptor 5 signaling pathway [GO:0034148]; negative regulation of tumor necrosis factor production [GO:0032720]; nucleotide-binding domain, leucine rich repeat containing receptor signaling pathway [GO:0035872]; positive regulation of hepatocyte proliferation [GO:2000347]; positive regulation of protein catabolic process [GO:0045732]; positive regulation of Wnt signaling pathway [GO:0030177]; protein deubiquitination [GO:0016579]; protein deubiquitination involved in ubiquitin-dependent protein catabolic process [GO:0071947]; protein K11-linked deubiquitination [GO:0035871]; protein K48-linked deubiquitination [GO:0071108]; protein K48-linked ubiquitination [GO:0070936]; protein K63-linked deubiquitination [GO:0070536]; regulation of defense response to virus by host [GO:0050691]; regulation of germinal center formation [GO:0002634]; regulation of tumor necrosis factor-mediated signaling pathway [GO:0010803]; regulation of vascular wound healing [GO:0061043]; response to molecule of bacterial origin [GO:0002237]; response to muramyl dipeptide [GO:0032495]; tolerance induction to lipopolysaccharide [GO:0072573]",cytoplasm [GO:0005737]; cytosol [GO:0005829]; extracellular exosome [GO:0070062]; lysosome [GO:0005764]; nucleus [GO:0005634],"cytoplasm [GO:0005737]; cytosol [GO:0005829]; extracellular exosome [GO:0070062]; lysosome [GO:0005764]; nucleus [GO:0005634]; cysteine-type deubiquitinase activity [GO:0004843]; DNA binding [GO:0003677]; identical protein binding [GO:0042802]; K63-linked deubiquitinase activity [GO:0061578]; K63-linked polyubiquitin modification-dependent protein binding [GO:0070530]; kinase binding [GO:0019900]; protease binding [GO:0002020]; ubiquitin binding [GO:0043130]; ubiquitin-protein transferase activity [GO:0004842]; zinc ion binding [GO:0008270]; apoptotic process [GO:0006915]; B-1 B cell homeostasis [GO:0001922]; cell migration [GO:0016477]; cellular response to hydrogen peroxide [GO:0070301]; cellular response to lipopolysaccharide [GO:0071222]; cytoskeleton organization [GO:0007010]; establishment of protein localization to vacuole [GO:0072666]; inflammatory response [GO:0006954]; negative regulation of B cell activation [GO:0050869]; negative regulation of bone resorption [GO:0045779]; negative regulation of canonical NF-kappaB signal transduction [GO:0043124]; negative regulation of CD40 signaling pathway [GO:2000349]; negative regulation of chronic inflammatory response [GO:0002677]; negative regulation of endothelial cell apoptotic process [GO:2000352]; negative regulation of extrinsic apoptotic signaling pathway via death domain receptors [GO:1902042]; negative regulation of inflammatory response [GO:0050728]; negative regulation of innate immune response [GO:0045824]; negative regulation of interleukin-1 beta production [GO:0032691]; negative regulation of interleukin-2 production [GO:0032703]; negative regulation of interleukin-6 production [GO:0032715]; negative regulation of nucleotide-binding oligomerization domain containing 1 signaling pathway [GO:0070429]; negative regulation of nucleotide-binding oligomerization domain containing 2 signaling pathway [GO:0070433]; negative regulation of osteoclast proliferation [GO:0090291]; negative regulation of protein ubiquitination [GO:0031397]; negative regulation of smooth muscle cell proliferation [GO:0048662]; negative regulation of toll-like receptor 2 signaling pathway [GO:0034136]; negative regulation of toll-like receptor 3 signaling pathway [GO:0034140]; negative regulation of toll-like receptor 4 signaling pathway [GO:0034144]; negative regulation of toll-like receptor 5 signaling pathway [GO:0034148]; negative regulation of tumor necrosis factor production [GO:0032720]; nucleotide-binding domain, leucine rich repeat containing receptor signaling pathway [GO:0035872]; positive regulation of hepatocyte proliferation [GO:2000347]; positive regulation of protein catabolic process [GO:0045732]; positive regulation of Wnt signaling pathway [GO:0030177]; protein deubiquitination [GO:0016579]; protein deubiquitination involved in ubiquitin-dependent protein catabolic process [GO:0071947]; protein K11-linked deubiquitination [GO:0035871]; protein K48-linked deubiquitination [GO:0071108]; protein K48-linked ubiquitination [GO:0070936]; protein K63-linked deubiquitination [GO:0070536]; regulation of defense response to virus by host [GO:0050691]; regulation of germinal center formation [GO:0002634]; regulation of tumor necrosis factor-mediated signaling pathway [GO:0010803]; regulation of vascular wound healing [GO:0061043]; response to molecule of bacterial origin [GO:0002237]; response to muramyl dipeptide [GO:0032495]; tolerance induction to lipopolysaccharide [GO:0072573]",cysteine-type deubiquitinase activity [GO:0004843]; DNA binding [GO:0003677]; identical protein binding [GO:0042802]; K63-linked deubiquitinase activity [GO:0061578]; K63-linked polyubiquitin modification-dependent protein binding [GO:0070530]; kinase binding [GO:0019900]; protease binding [GO:0002020]; ubiquitin binding [GO:0043130]; ubiquitin-protein transferase activity [GO:0004842]; zinc ion binding [GO:0008270],GO:0001922; GO:0002020; GO:0002237; GO:0002634; GO:0002677; GO:0003677; GO:0004842; GO:0004843; GO:0005634; GO:0005737; GO:0005764; GO:0005829; GO:0006915; GO:0006954; GO:0007010; GO:0008270; GO:0010803; GO:0016477; GO:0016579; GO:0019900; GO:0030177; GO:0031397; GO:0032495; GO:0032691; GO:0032703; GO:0032715; GO:0032720; GO:0034136; GO:0034140; GO:0034144; GO:0034148; GO:0035871; GO:0035872; GO:0042802; GO:0043124; GO:0043130; GO:0045732; GO:0045779; GO:0045824; GO:0048662; GO:0050691; GO:0050728; GO:0050869; GO:0061043; GO:0061578; GO:0070062; GO:0070301; GO:0070429; GO:0070433; GO:0070530; GO:0070536; GO:0070936; GO:0071108; GO:0071222; GO:0071947; GO:0072573; GO:0072666; GO:0090291; GO:1902042; GO:2000347; GO:2000349; GO:2000352
P21673,SAT1_HUMAN,Diamine acetyltransferase 1 (EC 2.3.1.57) (Polyamine N-acetyltransferase 1) (Putrescine acetyltransferase) (Spermidine/spermine N(1)-acetyltransferase 1) (SSAT) (SSAT-1),SAT1 SAT,9606.ENSP00000368572,angiogenesis [GO:0001525]; polyamine biosynthetic process [GO:0006596]; putrescine catabolic process [GO:0009447]; regulation of cell population proliferation [GO:0042127]; spermidine acetylation [GO:0032918],cytosol [GO:0005829],cytosol [GO:0005829]; diamine N-acetyltransferase activity [GO:0004145]; identical protein binding [GO:0042802]; N-acetyltransferase activity [GO:0008080]; spermidine binding [GO:0019809]; angiogenesis [GO:0001525]; polyamine biosynthetic process [GO:0006596]; putrescine catabolic process [GO:0009447]; regulation of cell population proliferation [GO:0042127]; spermidine acetylation [GO:0032918],diamine N-acetyltransferase activity [GO:0004145]; identical protein binding [GO:0042802]; N-acetyltransferase activity [GO:0008080]; spermidine binding [GO:0019809],GO:0001525; GO:0004145; GO:0005829; GO:0006596; GO:0008080; GO:0009447; GO:0019809; GO:0032918; GO:0042127; GO:0042802
P22301,IL10_HUMAN,Interleukin-10 (IL-10) (Cytokine synthesis inhibitory factor) (CSIF),IL10,9606.ENSP00000412237,B cell differentiation [GO:0030183]; B cell proliferation [GO:0042100]; branching involved in labyrinthine layer morphogenesis [GO:0060670]; cellular response to estradiol stimulus [GO:0071392]; cellular response to hepatocyte growth factor stimulus [GO:0035729]; cellular response to lipopolysaccharide [GO:0071222]; chronic inflammatory response to antigenic stimulus [GO:0002439]; defense response to bacterium [GO:0042742]; defense response to protozoan [GO:0042832]; endothelial cell apoptotic process [GO:0072577]; hemopoiesis [GO:0030097]; immune response [GO:0006955]; interleukin-10-mediated signaling pathway [GO:0140105]; leukocyte chemotaxis [GO:0030595]; liver regeneration [GO:0097421]; negative regulation of apoptotic process [GO:0043066]; negative regulation of autophagy [GO:0010507]; negative regulation of B cell proliferation [GO:0030889]; negative regulation of cell population proliferation [GO:0008285]; negative regulation of chemokine (C-C motif) ligand 5 production [GO:0071650]; negative regulation of chronic inflammatory response to antigenic stimulus [GO:0002875]; negative regulation of cytokine activity [GO:0060302]; negative regulation of cytokine production [GO:0001818]; negative regulation of cytokine production involved in immune response [GO:0002719]; negative regulation of heterotypic cell-cell adhesion [GO:0034115]; negative regulation of inflammatory response [GO:0050728]; negative regulation of interferon-alpha production [GO:0032687]; negative regulation of interleukin-1 production [GO:0032692]; negative regulation of interleukin-12 production [GO:0032695]; negative regulation of interleukin-18 production [GO:0032701]; negative regulation of interleukin-6 production [GO:0032715]; negative regulation of interleukin-8 production [GO:0032717]; negative regulation of membrane protein ectodomain proteolysis [GO:0051045]; negative regulation of MHC class II biosynthetic process [GO:0045347]; negative regulation of mitotic cell cycle [GO:0045930]; negative regulation of myeloid dendritic cell activation [GO:0030886]; negative regulation of nitric oxide biosynthetic process [GO:0045019]; negative regulation of oxidative stress-induced neuron intrinsic apoptotic signaling pathway [GO:1903377]; negative regulation of T cell proliferation [GO:0042130]; negative regulation of tumor necrosis factor production [GO:0032720]; negative regulation of type II interferon production [GO:0032689]; negative regulation of vascular associated smooth muscle cell proliferation [GO:1904706]; positive regulation of B cell apoptotic process [GO:0002904]; positive regulation of cell cycle [GO:0045787]; positive regulation of cytokine production [GO:0001819]; positive regulation of DNA-templated transcription [GO:0045893]; positive regulation of endothelial cell proliferation [GO:0001938]; positive regulation of heterotypic cell-cell adhesion [GO:0034116]; positive regulation of immunoglobulin production [GO:0002639]; positive regulation of macrophage activation [GO:0043032]; positive regulation of MHC class II biosynthetic process [GO:0045348]; positive regulation of miRNA transcription [GO:1902895]; positive regulation of plasma cell differentiation [GO:1900100]; positive regulation of receptor signaling pathway via JAK-STAT [GO:0046427]; positive regulation of sprouting angiogenesis [GO:1903672]; positive regulation of transcription by RNA polymerase II [GO:0045944]; positive regulation of vascular associated smooth muscle cell proliferation [GO:1904707]; regulation of gene expression [GO:0010468]; regulation of isotype switching [GO:0045191]; regulation of response to wounding [GO:1903034]; regulation of synapse organization [GO:0050807]; response to activity [GO:0014823]; response to carbon monoxide [GO:0034465]; response to glucocorticoid [GO:0051384]; response to inactivity [GO:0014854]; response to insulin [GO:0032868]; response to molecule of bacterial origin [GO:0002237]; response to xenobiotic stimulus [GO:0009410]; type 2 immune response [GO:0042092],extracellular region [GO:0005576]; extracellular space [GO:0005615],extracellular region [GO:0005576]; extracellular space [GO:0005615]; cytokine activity [GO:0005125]; growth factor activity [GO:0008083]; interleukin-10 receptor binding [GO:0005141]; protein dimerization activity [GO:0046983]; B cell differentiation [GO:0030183]; B cell proliferation [GO:0042100]; branching involved in labyrinthine layer morphogenesis [GO:0060670]; cellular response to estradiol stimulus [GO:0071392]; cellular response to hepatocyte growth factor stimulus [GO:0035729]; cellular response to lipopolysaccharide [GO:0071222]; chronic inflammatory response to antigenic stimulus [GO:0002439]; defense response to bacterium [GO:0042742]; defense response to protozoan [GO:0042832]; endothelial cell apoptotic process [GO:0072577]; hemopoiesis [GO:0030097]; immune response [GO:0006955]; interleukin-10-mediated signaling pathway [GO:0140105]; leukocyte chemotaxis [GO:0030595]; liver regeneration [GO:0097421]; negative regulation of apoptotic process [GO:0043066]; negative regulation of autophagy [GO:0010507]; negative regulation of B cell proliferation [GO:0030889]; negative regulation of cell population proliferation [GO:0008285]; negative regulation of chemokine (C-C motif) ligand 5 production [GO:0071650]; negative regulation of chronic inflammatory response to antigenic stimulus [GO:0002875]; negative regulation of cytokine activity [GO:0060302]; negative regulation of cytokine production [GO:0001818]; negative regulation of cytokine production involved in immune response [GO:0002719]; negative regulation of heterotypic cell-cell adhesion [GO:0034115]; negative regulation of inflammatory response [GO:0050728]; negative regulation of interferon-alpha production [GO:0032687]; negative regulation of interleukin-1 production [GO:0032692]; negative regulation of interleukin-12 production [GO:0032695]; negative regulation of interleukin-18 production [GO:0032701]; negative regulation of interleukin-6 production [GO:0032715]; negative regulation of interleukin-8 production [GO:0032717]; negative regulation of membrane protein ectodomain proteolysis [GO:0051045]; negative regulation of MHC class II biosynthetic process [GO:0045347]; negative regulation of mitotic cell cycle [GO:0045930]; negative regulation of myeloid dendritic cell activation [GO:0030886]; negative regulation of nitric oxide biosynthetic process [GO:0045019]; negative regulation of oxidative stress-induced neuron intrinsic apoptotic signaling pathway [GO:1903377]; negative regulation of T cell proliferation [GO:0042130]; negative regulation of tumor necrosis factor production [GO:0032720]; negative regulation of type II interferon production [GO:0032689]; negative regulation of vascular associated smooth muscle cell proliferation [GO:1904706]; positive regulation of B cell apoptotic process [GO:0002904]; positive regulation of cell cycle [GO:0045787]; positive regulation of cytokine production [GO:0001819]; positive regulation of DNA-templated transcription [GO:0045893]; positive regulation of endothelial cell proliferation [GO:0001938]; positive regulation of heterotypic cell-cell adhesion [GO:0034116]; positive regulation of immunoglobulin production [GO:0002639]; positive regulation of macrophage activation [GO:0043032]; positive regulation of MHC class II biosynthetic process [GO:0045348]; positive regulation of miRNA transcription [GO:1902895]; positive regulation of plasma cell differentiation [GO:1900100]; positive regulation of receptor signaling pathway via JAK-STAT [GO:0046427]; positive regulation of sprouting angiogenesis [GO:1903672]; positive regulation of transcription by RNA polymerase II [GO:0045944]; positive regulation of vascular associated smooth muscle cell proliferation [GO:1904707]; regulation of gene expression [GO:0010468]; regulation of isotype switching [GO:0045191]; regulation of response to wounding [GO:1903034]; regulation of synapse organization [GO:0050807]; response to activity [GO:0014823]; response to carbon monoxide [GO:0034465]; response to glucocorticoid [GO:0051384]; response to inactivity [GO:0014854]; response to insulin [GO:0032868]; response to molecule of bacterial origin [GO:0002237]; response to xenobiotic stimulus [GO:0009410]; type 2 immune response [GO:0042092],cytokine activity [GO:0005125]; growth factor activity [GO:0008083]; interleukin-10 receptor binding [GO:0005141]; protein dimerization activity [GO:0046983],GO:0001818; GO:0001819; GO:0001938; GO:0002237; GO:0002439; GO:0002639; GO:0002719; GO:0002875; GO:0002904; GO:0005125; GO:0005141; GO:0005576; GO:0005615; GO:0006955; GO:0008083; GO:0008285; GO:0009410; GO:0010468; GO:0010507; GO:0014823; GO:0014854; GO:0030097; GO:0030183; GO:0030595; GO:0030886; GO:0030889; GO:0032687; GO:0032689; GO:0032692; GO:0032695; GO:0032701; GO:0032715; GO:0032717; GO:0032720; GO:0032868; GO:0034115; GO:0034116; GO:0034465; GO:0035729; GO:0042092; GO:0042100; GO:0042130; GO:0042742; GO:0042832; GO:0043032; GO:0043066; GO:0045019; GO:0045191; GO:0045347; GO:0045348; GO:0045787; GO:0045893; GO:0045930; GO:0045944; GO:0046427; GO:0046983; GO:0050728; GO:0050807; GO:0051045; GO:0051384; GO:0060302; GO:0060670; GO:0071222; GO:0071392; GO:0071650; GO:0072577; GO:0097421; GO:0140105; GO:1900100; GO:1902895; GO:1903034; GO:1903377; GO:1903672; GO:1904706; GO:1904707
P23510,TNFL4_HUMAN,Tumor necrosis factor ligand superfamily member 4 (Glycoprotein Gp34) (OX40 ligand) (OX40L) (TAX transcriptionally-activated glycoprotein 1) (CD antigen CD252),TNFSF4 TXGP1,9606.ENSP00000281834,"acute inflammatory response [GO:0002526]; cellular response to lipopolysaccharide [GO:0071222]; cellular response to prostaglandin E stimulus [GO:0071380]; defense response to nematode [GO:0002215]; immune response [GO:0006955]; inflammatory response [GO:0006954]; memory T cell activation [GO:0035709]; negative regulation of interleukin-17 production [GO:0032700]; negative regulation of regulatory T cell differentiation [GO:0045590]; negative regulation of T-helper 1 cell differentiation [GO:0045626]; negative regulation of transcription by RNA polymerase II [GO:0000122]; negative regulation of type II interferon production [GO:0032689]; positive regulation of alpha-beta T cell proliferation [GO:0046641]; positive regulation of B cell activation [GO:0050871]; positive regulation of CD4-positive, alpha-beta T cell costimulation [GO:1900281]; positive regulation of CD4-positive, alpha-beta T cell differentiation [GO:0043372]; positive regulation of cell population proliferation [GO:0008284]; positive regulation of chemokine production [GO:0032722]; positive regulation of cytokine production [GO:0001819]; positive regulation of immunoglobulin mediated immune response [GO:0002891]; positive regulation of immunoglobulin production [GO:0002639]; positive regulation of inflammatory response [GO:0050729]; positive regulation of interleukin-10 production [GO:0032733]; positive regulation of interleukin-12 production [GO:0032735]; positive regulation of interleukin-13 production [GO:0032736]; positive regulation of interleukin-4 production [GO:0032753]; positive regulation of interleukin-4-dependent isotype switching to IgE isotypes [GO:2000572]; positive regulation of interleukin-6 production [GO:0032755]; positive regulation of memory T cell differentiation [GO:0043382]; positive regulation of T cell cytokine production [GO:0002726]; positive regulation of T cell proliferation [GO:0042102]; positive regulation of T-helper 2 cell differentiation [GO:0045630]; positive regulation of type 2 immune response [GO:0002830]; positive regulation of type II interferon production [GO:0032729]; regulation of adaptive immune response [GO:0002819]; regulation of inflammatory response [GO:0050727]; response to nitrogen dioxide [GO:0035713]; response to virus [GO:0009615]; signal transduction [GO:0007165]; T-helper 2 cell activation [GO:0035712]",cell surface [GO:0009986]; extracellular space [GO:0005615]; plasma membrane [GO:0005886],"cell surface [GO:0009986]; extracellular space [GO:0005615]; plasma membrane [GO:0005886]; cytokine activity [GO:0005125]; signaling receptor binding [GO:0005102]; tumor necrosis factor receptor binding [GO:0005164]; tumor necrosis factor receptor superfamily binding [GO:0032813]; acute inflammatory response [GO:0002526]; cellular response to lipopolysaccharide [GO:0071222]; cellular response to prostaglandin E stimulus [GO:0071380]; defense response to nematode [GO:0002215]; immune response [GO:0006955]; inflammatory response [GO:0006954]; memory T cell activation [GO:0035709]; negative regulation of interleukin-17 production [GO:0032700]; negative regulation of regulatory T cell differentiation [GO:0045590]; negative regulation of T-helper 1 cell differentiation [GO:0045626]; negative regulation of transcription by RNA polymerase II [GO:0000122]; negative regulation of type II interferon production [GO:0032689]; positive regulation of alpha-beta T cell proliferation [GO:0046641]; positive regulation of B cell activation [GO:0050871]; positive regulation of CD4-positive, alpha-beta T cell costimulation [GO:1900281]; positive regulation of CD4-positive, alpha-beta T cell differentiation [GO:0043372]; positive regulation of cell population proliferation [GO:0008284]; positive regulation of chemokine production [GO:0032722]; positive regulation of cytokine production [GO:0001819]; positive regulation of immunoglobulin mediated immune response [GO:0002891]; positive regulation of immunoglobulin production [GO:0002639]; positive regulation of inflammatory response [GO:0050729]; positive regulation of interleukin-10 production [GO:0032733]; positive regulation of interleukin-12 production [GO:0032735]; positive regulation of interleukin-13 production [GO:0032736]; positive regulation of interleukin-4 production [GO:0032753]; positive regulation of interleukin-4-dependent isotype switching to IgE isotypes [GO:2000572]; positive regulation of interleukin-6 production [GO:0032755]; positive regulation of memory T cell differentiation [GO:0043382]; positive regulation of T cell cytokine production [GO:0002726]; positive regulation of T cell proliferation [GO:0042102]; positive regulation of T-helper 2 cell differentiation [GO:0045630]; positive regulation of type 2 immune response [GO:0002830]; positive regulation of type II interferon production [GO:0032729]; regulation of adaptive immune response [GO:0002819]; regulation of inflammatory response [GO:0050727]; response to nitrogen dioxide [GO:0035713]; response to virus [GO:0009615]; signal transduction [GO:0007165]; T-helper 2 cell activation [GO:0035712]",cytokine activity [GO:0005125]; signaling receptor binding [GO:0005102]; tumor necrosis factor receptor binding [GO:0005164]; tumor necrosis factor receptor superfamily binding [GO:0032813],GO:0000122; GO:0001819; GO:0002215; GO:0002526; GO:0002639; GO:0002726; GO:0002819; GO:0002830; GO:0002891; GO:0005102; GO:0005125; GO:0005164; GO:0005615; GO:0005886; GO:0006954; GO:0006955; GO:0007165; GO:0008284; GO:0009615; GO:0009986; GO:0032689; GO:0032700; GO:0032722; GO:0032729; GO:0032733; GO:0032735; GO:0032736; GO:0032753; GO:0032755; GO:0032813; GO:0035709; GO:0035712; GO:0035713; GO:0042102; GO:0043372; GO:0043382; GO:0045590; GO:0045626; GO:0045630; GO:0046641; GO:0050727; GO:0050729; GO:0050871; GO:0071222; GO:0071380; GO:1900281; GO:2000572
P24855,DNAS1_HUMAN,Deoxyribonuclease-1 (EC 3.1.21.1) (Deoxyribonuclease I) (DNase I) (Dornase alfa),DNASE1 DNL1 DRNI,9606.ENSP00000385905,apoptotic process [GO:0006915]; DNA catabolic process [GO:0006308]; neutrophil activation involved in immune response [GO:0002283]; regulation of acute inflammatory response [GO:0002673]; regulation of neutrophil mediated cytotoxicity [GO:0070948],extracellular exosome [GO:0070062]; extracellular region [GO:0005576]; nuclear envelope [GO:0005635]; nucleus [GO:0005634]; zymogen granule [GO:0042588],extracellular exosome [GO:0070062]; extracellular region [GO:0005576]; nuclear envelope [GO:0005635]; nucleus [GO:0005634]; zymogen granule [GO:0042588]; actin binding [GO:0003779]; deoxyribonuclease I activity [GO:0004530]; DNA binding [GO:0003677]; apoptotic process [GO:0006915]; DNA catabolic process [GO:0006308]; neutrophil activation involved in immune response [GO:0002283]; regulation of acute inflammatory response [GO:0002673]; regulation of neutrophil mediated cytotoxicity [GO:0070948],actin binding [GO:0003779]; deoxyribonuclease I activity [GO:0004530]; DNA binding [GO:0003677],GO:0002283; GO:0002673; GO:0003677; GO:0003779; GO:0004530; GO:0005576; GO:0005634; GO:0005635; GO:0006308; GO:0006915; GO:0042588; GO:0070062; GO:0070948
P29376,LTK_HUMAN,Leukocyte tyrosine kinase receptor (EC 2.7.10.1) (Protein tyrosine kinase 1),LTK TYK1,9606.ENSP00000263800,cell population proliferation [GO:0008283]; cell surface receptor protein tyrosine kinase signaling pathway [GO:0007169]; cellular response to retinoic acid [GO:0071300]; negative regulation of apoptotic process [GO:0043066]; peptidyl-tyrosine autophosphorylation [GO:0038083]; positive regulation of cardiac muscle cell apoptotic process [GO:0010666]; positive regulation of neuron projection development [GO:0010976]; positive regulation of phosphatidylinositol 3-kinase/protein kinase B signal transduction [GO:0051897]; protein phosphorylation [GO:0006468]; regulation of cell population proliferation [GO:0042127]; regulation of neuron differentiation [GO:0045664]; signal transduction [GO:0007165],membrane [GO:0016020]; plasma membrane [GO:0005886]; receptor complex [GO:0043235],membrane [GO:0016020]; plasma membrane [GO:0005886]; receptor complex [GO:0043235]; ATP binding [GO:0005524]; protein kinase activity [GO:0004672]; protein tyrosine kinase activity [GO:0004713]; receptor signaling protein tyrosine kinase activator activity [GO:0030298]; transmembrane receptor protein tyrosine kinase activity [GO:0004714]; cell population proliferation [GO:0008283]; cell surface receptor protein tyrosine kinase signaling pathway [GO:0007169]; cellular response to retinoic acid [GO:0071300]; negative regulation of apoptotic process [GO:0043066]; peptidyl-tyrosine autophosphorylation [GO:0038083]; positive regulation of cardiac muscle cell apoptotic process [GO:0010666]; positive regulation of neuron projection development [GO:0010976]; positive regulation of phosphatidylinositol 3-kinase/protein kinase B signal transduction [GO:0051897]; protein phosphorylation [GO:0006468]; regulation of cell population proliferation [GO:0042127]; regulation of neuron differentiation [GO:0045664]; signal transduction [GO:0007165],ATP binding [GO:0005524]; protein kinase activity [GO:0004672]; protein tyrosine kinase activity [GO:0004713]; receptor signaling protein tyrosine kinase activator activity [GO:0030298]; transmembrane receptor protein tyrosine kinase activity [GO:0004714],GO:0004672; GO:0004713; GO:0004714; GO:0005524; GO:0005886; GO:0006468; GO:0007165; GO:0007169; GO:0008283; GO:0010666; GO:0010976; GO:0016020; GO:0030298; GO:0038083; GO:0042127; GO:0043066; GO:0043235; GO:0045664; GO:0051897; GO:0071300
P31994,FCG2B_HUMAN,Low affinity immunoglobulin gamma Fc region receptor II-b (IgG Fc receptor II-b) (CDw32) (Fc-gamma RII-b) (Fc-gamma-RIIb) (FcRII-b) (CD antigen CD32),FCGR2B CD32 FCG2 IGFR2,9606.ENSP00000351497,"antibody-dependent cellular cytotoxicity [GO:0001788]; antigen processing and presentation of exogenous peptide antigen via MHC class II [GO:0019886]; cell surface receptor signaling pathway [GO:0007166]; cellular response to amyloid-beta [GO:1904646]; cellular response to molecule of bacterial origin [GO:0071219]; cerebellum development [GO:0021549]; defense response [GO:0006952]; Fc-gamma receptor signaling pathway [GO:0038094]; follicular B cell differentiation [GO:0002316]; follicular dendritic cell activation [GO:0002266]; immune complex clearance by monocytes and macrophages [GO:0002436]; immune effector process [GO:0002252]; immunoglobulin mediated immune response [GO:0016064]; inflammatory response [GO:0006954]; mature B cell differentiation involved in immune response [GO:0002313]; negative regulation of acute inflammatory response to antigenic stimulus [GO:0002865]; negative regulation of antibody-dependent cellular cytotoxicity [GO:0001814]; negative regulation of B cell activation [GO:0050869]; negative regulation of B cell proliferation [GO:0030889]; negative regulation of B cell receptor signaling pathway [GO:0050859]; negative regulation of cytokine production [GO:0001818]; negative regulation of cytotoxic T cell degranulation [GO:0043318]; negative regulation of dendritic cell antigen processing and presentation [GO:0002605]; negative regulation of dendritic cell differentiation [GO:2001199]; negative regulation of humoral immune response mediated by circulating immunoglobulin [GO:0002924]; negative regulation of immune response [GO:0050777]; negative regulation of immunoglobulin production [GO:0002638]; negative regulation of interleukin-10 production [GO:0032693]; negative regulation of macrophage activation [GO:0043031]; negative regulation of neutrophil activation [GO:1902564]; negative regulation of phagocytosis [GO:0050765]; negative regulation of type I hypersensitivity [GO:0001811]; phagocytosis [GO:0006909]; phagocytosis, engulfment [GO:0006911]; positive regulation of humoral immune response [GO:0002922]; positive regulation of JNK cascade [GO:0046330]; positive regulation of phagocytosis [GO:0050766]; positive regulation of response to endoplasmic reticulum stress [GO:1905898]; positive regulation of tumor necrosis factor production [GO:0032760]; receptor-mediated endocytosis [GO:0006898]; regulation of adaptive immune response [GO:0002819]; regulation of B cell antigen processing and presentation [GO:0002622]; regulation of dendritic spine maintenance [GO:1902950]; regulation of endoplasmic reticulum stress-induced neuron intrinsic apoptotic signaling pathway [GO:1903381]; regulation of immune complex clearance by monocytes and macrophages [GO:0090264]; regulation of innate immune response [GO:0045088]; response to bacterium [GO:0009617]",cell body [GO:0044297]; dendritic spine [GO:0043197]; external side of plasma membrane [GO:0009897]; plasma membrane [GO:0005886],"cell body [GO:0044297]; dendritic spine [GO:0043197]; external side of plasma membrane [GO:0009897]; plasma membrane [GO:0005886]; amyloid-beta binding [GO:0001540]; IgG binding [GO:0019864]; IgG receptor activity [GO:0019770]; low-affinity IgG receptor activity [GO:0019772]; protein-containing complex binding [GO:0044877]; antibody-dependent cellular cytotoxicity [GO:0001788]; antigen processing and presentation of exogenous peptide antigen via MHC class II [GO:0019886]; cell surface receptor signaling pathway [GO:0007166]; cellular response to amyloid-beta [GO:1904646]; cellular response to molecule of bacterial origin [GO:0071219]; cerebellum development [GO:0021549]; defense response [GO:0006952]; Fc-gamma receptor signaling pathway [GO:0038094]; follicular B cell differentiation [GO:0002316]; follicular dendritic cell activation [GO:0002266]; immune complex clearance by monocytes and macrophages [GO:0002436]; immune effector process [GO:0002252]; immunoglobulin mediated immune response [GO:0016064]; inflammatory response [GO:0006954]; mature B cell differentiation involved in immune response [GO:0002313]; negative regulation of acute inflammatory response to antigenic stimulus [GO:0002865]; negative regulation of antibody-dependent cellular cytotoxicity [GO:0001814]; negative regulation of B cell activation [GO:0050869]; negative regulation of B cell proliferation [GO:0030889]; negative regulation of B cell receptor signaling pathway [GO:0050859]; negative regulation of cytokine production [GO:0001818]; negative regulation of cytotoxic T cell degranulation [GO:0043318]; negative regulation of dendritic cell antigen processing and presentation [GO:0002605]; negative regulation of dendritic cell differentiation [GO:2001199]; negative regulation of humoral immune response mediated by circulating immunoglobulin [GO:0002924]; negative regulation of immune response [GO:0050777]; negative regulation of immunoglobulin production [GO:0002638]; negative regulation of interleukin-10 production [GO:0032693]; negative regulation of macrophage activation [GO:0043031]; negative regulation of neutrophil activation [GO:1902564]; negative regulation of phagocytosis [GO:0050765]; negative regulation of type I hypersensitivity [GO:0001811]; phagocytosis [GO:0006909]; phagocytosis, engulfment [GO:0006911]; positive regulation of humoral immune response [GO:0002922]; positive regulation of JNK cascade [GO:0046330]; positive regulation of phagocytosis [GO:0050766]; positive regulation of response to endoplasmic reticulum stress [GO:1905898]; positive regulation of tumor necrosis factor production [GO:0032760]; receptor-mediated endocytosis [GO:0006898]; regulation of adaptive immune response [GO:0002819]; regulation of B cell antigen processing and presentation [GO:0002622]; regulation of dendritic spine maintenance [GO:1902950]; regulation of endoplasmic reticulum stress-induced neuron intrinsic apoptotic signaling pathway [GO:1903381]; regulation of immune complex clearance by monocytes and macrophages [GO:0090264]; regulation of innate immune response [GO:0045088]; response to bacterium [GO:0009617]",amyloid-beta binding [GO:0001540]; IgG binding [GO:0019864]; IgG receptor activity [GO:0019770]; low-affinity IgG receptor activity [GO:0019772]; protein-containing complex binding [GO:0044877],GO:0001540; GO:0001788; GO:0001811; GO:0001814; GO:0001818; GO:0002252; GO:0002266; GO:0002313; GO:0002316; GO:0002436; GO:0002605; GO:0002622; GO:0002638; GO:0002819; GO:0002865; GO:0002922; GO:0002924; GO:0005886; GO:0006898; GO:0006909; GO:0006911; GO:0006952; GO:0006954; GO:0007166; GO:0009617; GO:0009897; GO:0016064; GO:0019770; GO:0019772; GO:0019864; GO:0019886; GO:0021549; GO:0030889; GO:0032693; GO:0032760; GO:0038094; GO:0043031; GO:0043197; GO:0043318; GO:0044297; GO:0044877; GO:0045088; GO:0046330; GO:0050765; GO:0050766; GO:0050777; GO:0050859; GO:0050869; GO:0071219; GO:0090264; GO:1902564; GO:1902950; GO:1903381; GO:1904646; GO:1905898; GO:2001199
P48023,TNFL6_HUMAN,"Tumor necrosis factor ligand superfamily member 6 (Apoptosis antigen ligand) (APTL) (CD95 ligand) (CD95-L) (Fas antigen ligand) (Fas ligand) (FasL) (CD antigen CD178) [Cleaved into: Tumor necrosis factor ligand superfamily member 6, membrane form; Tumor necrosis factor ligand superfamily member 6, soluble form (Receptor-binding FasL ectodomain) (Soluble Fas ligand) (sFasL); ADAM10-processed FasL form (APL); FasL intracellular domain (FasL ICD) (SPPL2A-processed FasL form) (SPA)]",FASLG APT1LG1 CD95L FASL TNFSF6,9606.ENSP00000356694,apoptotic process [GO:0006915]; apoptotic signaling pathway [GO:0097190]; cell-cell signaling [GO:0007267]; cellular response to type II interferon [GO:0071346]; endosomal lumen acidification [GO:0048388]; extrinsic apoptotic signaling pathway [GO:0097191]; extrinsic apoptotic signaling pathway via death domain receptors [GO:0008625]; inflammatory cell apoptotic process [GO:0006925]; intracellular chloride ion homeostasis [GO:0030644]; necroptotic process [GO:0070266]; necroptotic signaling pathway [GO:0097527]; negative regulation of angiogenesis [GO:0016525]; negative regulation of transcription by RNA polymerase II [GO:0000122]; positive regulation of apoptotic process [GO:0043065]; positive regulation of canonical NF-kappaB signal transduction [GO:0043123]; positive regulation of cell population proliferation [GO:0008284]; positive regulation of endothelial cell apoptotic process [GO:2000353]; positive regulation of epidermal growth factor receptor signaling pathway [GO:0045742]; positive regulation of extrinsic apoptotic signaling pathway [GO:2001238]; positive regulation of neuron apoptotic process [GO:0043525]; positive regulation of phosphatidylserine exposure on apoptotic cell surface [GO:1905782]; release of sequestered calcium ion into cytosol by endoplasmic reticulum [GO:1903514]; response to growth factor [GO:0070848]; response to lipopolysaccharide [GO:0032496]; retinal cell programmed cell death [GO:0046666]; signal transduction [GO:0007165]; T cell apoptotic process [GO:0070231],caveola [GO:0005901]; cytoplasmic vesicle lumen [GO:0060205]; external side of plasma membrane [GO:0009897]; extracellular exosome [GO:0070062]; extracellular region [GO:0005576]; extracellular space [GO:0005615]; lysosomal lumen [GO:0043202]; nucleus [GO:0005634]; perinuclear region of cytoplasm [GO:0048471]; plasma membrane [GO:0005886],caveola [GO:0005901]; cytoplasmic vesicle lumen [GO:0060205]; external side of plasma membrane [GO:0009897]; extracellular exosome [GO:0070062]; extracellular region [GO:0005576]; extracellular space [GO:0005615]; lysosomal lumen [GO:0043202]; nucleus [GO:0005634]; perinuclear region of cytoplasm [GO:0048471]; plasma membrane [GO:0005886]; cytokine activity [GO:0005125]; death receptor binding [GO:0005123]; signaling receptor binding [GO:0005102]; tumor necrosis factor receptor binding [GO:0005164]; apoptotic process [GO:0006915]; apoptotic signaling pathway [GO:0097190]; cell-cell signaling [GO:0007267]; cellular response to type II interferon [GO:0071346]; endosomal lumen acidification [GO:0048388]; extrinsic apoptotic signaling pathway [GO:0097191]; extrinsic apoptotic signaling pathway via death domain receptors [GO:0008625]; inflammatory cell apoptotic process [GO:0006925]; intracellular chloride ion homeostasis [GO:0030644]; necroptotic process [GO:0070266]; necroptotic signaling pathway [GO:0097527]; negative regulation of angiogenesis [GO:0016525]; negative regulation of transcription by RNA polymerase II [GO:0000122]; positive regulation of apoptotic process [GO:0043065]; positive regulation of canonical NF-kappaB signal transduction [GO:0043123]; positive regulation of cell population proliferation [GO:0008284]; positive regulation of endothelial cell apoptotic process [GO:2000353]; positive regulation of epidermal growth factor receptor signaling pathway [GO:0045742]; positive regulation of extrinsic apoptotic signaling pathway [GO:2001238]; positive regulation of neuron apoptotic process [GO:0043525]; positive regulation of phosphatidylserine exposure on apoptotic cell surface [GO:1905782]; release of sequestered calcium ion into cytosol by endoplasmic reticulum [GO:1903514]; response to growth factor [GO:0070848]; response to lipopolysaccharide [GO:0032496]; retinal cell programmed cell death [GO:0046666]; signal transduction [GO:0007165]; T cell apoptotic process [GO:0070231],cytokine activity [GO:0005125]; death receptor binding [GO:0005123]; signaling receptor binding [GO:0005102]; tumor necrosis factor receptor binding [GO:0005164],GO:0000122; GO:0005102; GO:0005123; GO:0005125; GO:0005164; GO:0005576; GO:0005615; GO:0005634; GO:0005886; GO:0005901; GO:0006915; GO:0006925; GO:0007165; GO:0007267; GO:0008284; GO:0008625; GO:0009897; GO:0016525; GO:0030644; GO:0032496; GO:0043065; GO:0043123; GO:0043202; GO:0043525; GO:0045742; GO:0046666; GO:0048388; GO:0048471; GO:0060205; GO:0070062; GO:0070231; GO:0070266; GO:0070848; GO:0071346; GO:0097190; GO:0097191; GO:0097527; GO:1903514; GO:1905782; GO:2000353; GO:2001238
P48736,PK3CG_HUMAN,"Phosphatidylinositol 4,5-bisphosphate 3-kinase catalytic subunit gamma isoform (PI3-kinase subunit gamma) (PI3K-gamma) (PI3Kgamma) (PtdIns-3-kinase subunit gamma) (EC 2.7.1.137) (EC 2.7.1.153) (EC 2.7.1.154) (Phosphatidylinositol 4,5-bisphosphate 3-kinase 110 kDa catalytic subunit gamma) (PtdIns-3-kinase subunit p110-gamma) (p110gamma) (Phosphoinositide-3-kinase catalytic gamma polypeptide) (Serine/threonine protein kinase PIK3CG) (EC 2.7.11.1) (p120-PI3K)",PIK3CG,9606.ENSP00000419260,adaptive immune response [GO:0002250]; angiogenesis [GO:0001525]; cell migration [GO:0016477]; cellular response to cAMP [GO:0071320]; dendritic cell chemotaxis [GO:0002407]; endocytosis [GO:0006897]; G protein-coupled receptor signaling pathway [GO:0007186]; hepatocyte apoptotic process [GO:0097284]; immune response [GO:0006955]; inflammatory response [GO:0006954]; innate immune response [GO:0045087]; mast cell degranulation [GO:0043303]; natural killer cell chemotaxis [GO:0035747]; negative regulation of cardiac muscle contraction [GO:0055118]; negative regulation of fibroblast apoptotic process [GO:2000270]; negative regulation of triglyceride catabolic process [GO:0010897]; neutrophil chemotaxis [GO:0030593]; neutrophil extravasation [GO:0072672]; phosphatidylinositol 3-kinase/protein kinase B signal transduction [GO:0043491]; phosphatidylinositol phosphate biosynthetic process [GO:0046854]; phosphatidylinositol-3-phosphate biosynthetic process [GO:0036092]; phosphatidylinositol-mediated signaling [GO:0048015]; phospholipase C-activating G protein-coupled receptor signaling pathway [GO:0007200]; platelet aggregation [GO:0070527]; positive regulation of acute inflammatory response [GO:0002675]; positive regulation of cytokine production [GO:0001819]; positive regulation of cytosolic calcium ion concentration [GO:0007204]; positive regulation of endothelial cell migration [GO:0010595]; positive regulation of MAP kinase activity [GO:0043406]; positive regulation of phosphatidylinositol 3-kinase/protein kinase B signal transduction [GO:0051897]; positive regulation of Rac protein signal transduction [GO:0035022]; regulation of angiogenesis [GO:0045765]; regulation of calcium ion transmembrane transport [GO:1903169]; regulation of cell adhesion mediated by integrin [GO:0033628]; respiratory burst involved in defense response [GO:0002679]; secretory granule localization [GO:0032252]; sphingosine-1-phosphate receptor signaling pathway [GO:0003376]; T cell activation [GO:0042110]; T cell chemotaxis [GO:0010818]; T cell proliferation [GO:0042098],"cytoplasm [GO:0005737]; cytosol [GO:0005829]; membrane [GO:0016020]; phosphatidylinositol 3-kinase complex, class IA [GO:0005943]; phosphatidylinositol 3-kinase complex, class IB [GO:0005944]; plasma membrane [GO:0005886]","cytoplasm [GO:0005737]; cytosol [GO:0005829]; membrane [GO:0016020]; phosphatidylinositol 3-kinase complex, class IA [GO:0005943]; phosphatidylinositol 3-kinase complex, class IB [GO:0005944]; plasma membrane [GO:0005886]; 1-phosphatidylinositol-3-kinase activity [GO:0016303]; 1-phosphatidylinositol-4,5-bisphosphate 3-kinase activity [GO:0046934]; 1-phosphatidylinositol-4-phosphate 3-kinase activity [GO:0035005]; ATP binding [GO:0005524]; ephrin receptor binding [GO:0046875]; identical protein binding [GO:0042802]; protein kinase activity [GO:0004672]; protein serine kinase activity [GO:0106310]; protein serine/threonine kinase activity [GO:0004674]; adaptive immune response [GO:0002250]; angiogenesis [GO:0001525]; cell migration [GO:0016477]; cellular response to cAMP [GO:0071320]; dendritic cell chemotaxis [GO:0002407]; endocytosis [GO:0006897]; G protein-coupled receptor signaling pathway [GO:0007186]; hepatocyte apoptotic process [GO:0097284]; immune response [GO:0006955]; inflammatory response [GO:0006954]; innate immune response [GO:0045087]; mast cell degranulation [GO:0043303]; natural killer cell chemotaxis [GO:0035747]; negative regulation of cardiac muscle contraction [GO:0055118]; negative regulation of fibroblast apoptotic process [GO:2000270]; negative regulation of triglyceride catabolic process [GO:0010897]; neutrophil chemotaxis [GO:0030593]; neutrophil extravasation [GO:0072672]; phosphatidylinositol 3-kinase/protein kinase B signal transduction [GO:0043491]; phosphatidylinositol phosphate biosynthetic process [GO:0046854]; phosphatidylinositol-3-phosphate biosynthetic process [GO:0036092]; phosphatidylinositol-mediated signaling [GO:0048015]; phospholipase C-activating G protein-coupled receptor signaling pathway [GO:0007200]; platelet aggregation [GO:0070527]; positive regulation of acute inflammatory response [GO:0002675]; positive regulation of cytokine production [GO:0001819]; positive regulation of cytosolic calcium ion concentration [GO:0007204]; positive regulation of endothelial cell migration [GO:0010595]; positive regulation of MAP kinase activity [GO:0043406]; positive regulation of phosphatidylinositol 3-kinase/protein kinase B signal transduction [GO:0051897]; positive regulation of Rac protein signal transduction [GO:0035022]; regulation of angiogenesis [GO:0045765]; regulation of calcium ion transmembrane transport [GO:1903169]; regulation of cell adhesion mediated by integrin [GO:0033628]; respiratory burst involved in defense response [GO:0002679]; secretory granule localization [GO:0032252]; sphingosine-1-phosphate receptor signaling pathway [GO:0003376]; T cell activation [GO:0042110]; T cell chemotaxis [GO:0010818]; T cell proliferation [GO:0042098]","1-phosphatidylinositol-3-kinase activity [GO:0016303]; 1-phosphatidylinositol-4,5-bisphosphate 3-kinase activity [GO:0046934]; 1-phosphatidylinositol-4-phosphate 3-kinase activity [GO:0035005]; ATP binding [GO:0005524]; ephrin receptor binding [GO:0046875]; identical protein binding [GO:0042802]; protein kinase activity [GO:0004672]; protein serine kinase activity [GO:0106310]; protein serine/threonine kinase activity [GO:0004674]",GO:0001525; GO:0001819; GO:0002250; GO:0002407; GO:0002675; GO:0002679; GO:0003376; GO:0004672; GO:0004674; GO:0005524; GO:0005737; GO:0005829; GO:0005886; GO:0005943; GO:0005944; GO:0006897; GO:0006954; GO:0006955; GO:0007186; GO:0007200; GO:0007204; GO:0010595; GO:0010818; GO:0010897; GO:0016020; GO:0016303; GO:0016477; GO:0030593; GO:0032252; GO:0033628; GO:0035005; GO:0035022; GO:0035747; GO:0036092; GO:0042098; GO:0042110; GO:0042802; GO:0043303; GO:0043406; GO:0043491; GO:0045087; GO:0045765; GO:0046854; GO:0046875; GO:0046934; GO:0048015; GO:0051897; GO:0055118; GO:0070527; GO:0071320; GO:0072672; GO:0097284; GO:0106310; GO:1903169; GO:2000270
P51451,BLK_HUMAN,Tyrosine-protein kinase Blk (EC 2.7.10.2) (B lymphocyte kinase) (p55-Blk),BLK,9606.ENSP00000259089,B cell receptor signaling pathway [GO:0050853]; cell differentiation [GO:0030154]; cell surface receptor protein tyrosine kinase signaling pathway [GO:0007169]; intracellular signal transduction [GO:0035556]; peptidyl-tyrosine phosphorylation [GO:0018108]; positive regulation of insulin secretion [GO:0032024],cytosol [GO:0005829]; plasma membrane [GO:0005886],cytosol [GO:0005829]; plasma membrane [GO:0005886]; ATP binding [GO:0005524]; non-membrane spanning protein tyrosine kinase activity [GO:0004715]; protein tyrosine kinase activity [GO:0004713]; signaling receptor binding [GO:0005102]; B cell receptor signaling pathway [GO:0050853]; cell differentiation [GO:0030154]; cell surface receptor protein tyrosine kinase signaling pathway [GO:0007169]; intracellular signal transduction [GO:0035556]; peptidyl-tyrosine phosphorylation [GO:0018108]; positive regulation of insulin secretion [GO:0032024],ATP binding [GO:0005524]; non-membrane spanning protein tyrosine kinase activity [GO:0004715]; protein tyrosine kinase activity [GO:0004713]; signaling receptor binding [GO:0005102],GO:0004713; GO:0004715; GO:0005102; GO:0005524; GO:0005829; GO:0005886; GO:0007169; GO:0018108; GO:0030154; GO:0032024; GO:0035556; GO:0050853
P51608,MECP2_HUMAN,Methyl-CpG-binding protein 2 (MeCp-2 protein) (MeCp2),MECP2,9606.ENSP00000395535,adult locomotory behavior [GO:0008344]; behavioral fear response [GO:0001662]; biogenic amine metabolic process [GO:0006576]; cardiolipin metabolic process [GO:0032048]; catecholamine secretion [GO:0050432]; cerebellum development [GO:0021549]; dendrite development [GO:0016358]; excitatory postsynaptic potential [GO:0060079]; gene expression [GO:0010467]; genomic imprinting [GO:0071514]; glial cell proliferation [GO:0014009]; glucocorticoid metabolic process [GO:0008211]; glutamine metabolic process [GO:0006541]; heterochromatin formation [GO:0031507]; inositol metabolic process [GO:0006020]; intracellular protein localization [GO:0008104]; long-term memory [GO:0007616]; long-term synaptic potentiation [GO:0060291]; negative regulation of angiogenesis [GO:0016525]; negative regulation of blood vessel endothelial cell migration [GO:0043537]; negative regulation of DNA-templated transcription [GO:0045892]; negative regulation of gene expression [GO:0010629]; negative regulation of gene expression via chromosomal CpG island methylation [GO:0044027]; negative regulation of neuron apoptotic process [GO:0043524]; negative regulation of smooth muscle cell differentiation [GO:0051151]; negative regulation of transcription by RNA polymerase II [GO:0000122]; nervous system process involved in regulation of systemic arterial blood pressure [GO:0001976]; neuron maturation [GO:0042551]; Notch signaling pathway [GO:0007219]; phosphatidylcholine metabolic process [GO:0046470]; positive regulation of glial cell proliferation [GO:0060252]; positive regulation of microtubule nucleation [GO:0090063]; positive regulation of transcription by RNA polymerase II [GO:0045944]; post-embryonic development [GO:0009791]; proprioception [GO:0019230]; regulation of respiratory gaseous exchange by nervous system process [GO:0002087]; respiratory gaseous exchange by respiratory system [GO:0007585]; response to hypoxia [GO:0001666]; response to other organism [GO:0051707]; sensory perception of pain [GO:0019233]; social behavior [GO:0035176]; startle response [GO:0001964]; synapse assembly [GO:0007416]; trans-synaptic signaling by BDNF [GO:0099191]; ventricular system development [GO:0021591]; visual learning [GO:0008542],centrosome [GO:0005813]; cytosol [GO:0005829]; extracellular space [GO:0005615]; heterochromatin [GO:0000792]; nucleoplasm [GO:0005654]; nucleus [GO:0005634]; postsynapse [GO:0098794],centrosome [GO:0005813]; cytosol [GO:0005829]; extracellular space [GO:0005615]; heterochromatin [GO:0000792]; nucleoplasm [GO:0005654]; nucleus [GO:0005634]; postsynapse [GO:0098794]; chromatin binding [GO:0003682]; DNA binding [GO:0003677]; double-stranded methylated DNA binding [GO:0010385]; histone reader activity [GO:0140566]; methyl-CpG binding [GO:0008327]; molecular adaptor activity [GO:0060090]; molecular condensate scaffold activity [GO:0140693]; mRNA binding [GO:0003729]; nucleic acid binding [GO:0003676]; promoter-specific chromatin binding [GO:1990841]; RNA binding [GO:0003723]; siRNA binding [GO:0035197]; transcription corepressor activity [GO:0003714]; adult locomotory behavior [GO:0008344]; behavioral fear response [GO:0001662]; biogenic amine metabolic process [GO:0006576]; cardiolipin metabolic process [GO:0032048]; catecholamine secretion [GO:0050432]; cerebellum development [GO:0021549]; dendrite development [GO:0016358]; excitatory postsynaptic potential [GO:0060079]; gene expression [GO:0010467]; genomic imprinting [GO:0071514]; glial cell proliferation [GO:0014009]; glucocorticoid metabolic process [GO:0008211]; glutamine metabolic process [GO:0006541]; heterochromatin formation [GO:0031507]; inositol metabolic process [GO:0006020]; intracellular protein localization [GO:0008104]; long-term memory [GO:0007616]; long-term synaptic potentiation [GO:0060291]; negative regulation of angiogenesis [GO:0016525]; negative regulation of blood vessel endothelial cell migration [GO:0043537]; negative regulation of DNA-templated transcription [GO:0045892]; negative regulation of gene expression [GO:0010629]; negative regulation of gene expression via chromosomal CpG island methylation [GO:0044027]; negative regulation of neuron apoptotic process [GO:0043524]; negative regulation of smooth muscle cell differentiation [GO:0051151]; negative regulation of transcription by RNA polymerase II [GO:0000122]; nervous system process involved in regulation of systemic arterial blood pressure [GO:0001976]; neuron maturation [GO:0042551]; Notch signaling pathway [GO:0007219]; phosphatidylcholine metabolic process [GO:0046470]; positive regulation of glial cell proliferation [GO:0060252]; positive regulation of microtubule nucleation [GO:0090063]; positive regulation of transcription by RNA polymerase II [GO:0045944]; post-embryonic development [GO:0009791]; proprioception [GO:0019230]; regulation of respiratory gaseous exchange by nervous system process [GO:0002087]; respiratory gaseous exchange by respiratory system [GO:0007585]; response to hypoxia [GO:0001666]; response to other organism [GO:0051707]; sensory perception of pain [GO:0019233]; social behavior [GO:0035176]; startle response [GO:0001964]; synapse assembly [GO:0007416]; trans-synaptic signaling by BDNF [GO:0099191]; ventricular system development [GO:0021591]; visual learning [GO:0008542],chromatin binding [GO:0003682]; DNA binding [GO:0003677]; double-stranded methylated DNA binding [GO:0010385]; histone reader activity [GO:0140566]; methyl-CpG binding [GO:0008327]; molecular adaptor activity [GO:0060090]; molecular condensate scaffold activity [GO:0140693]; mRNA binding [GO:0003729]; nucleic acid binding [GO:0003676]; promoter-specific chromatin binding [GO:1990841]; RNA binding [GO:0003723]; siRNA binding [GO:0035197]; transcription corepressor activity [GO:0003714],GO:0000122; GO:0000792; GO:0001662; GO:0001666; GO:0001964; GO:0001976; GO:0002087; GO:0003676; GO:0003677; GO:0003682; GO:0003714; GO:0003723; GO:0003729; GO:0005615; GO:0005634; GO:0005654; GO:0005813; GO:0005829; GO:0006020; GO:0006541; GO:0006576; GO:0007219; GO:0007416; GO:0007585; GO:0007616; GO:0008104; GO:0008211; GO:0008327; GO:0008344; GO:0008542; GO:0009791; GO:0010385; GO:0010467; GO:0010629; GO:0014009; GO:0016358; GO:0016525; GO:0019230; GO:0019233; GO:0021549; GO:0021591; GO:0031507; GO:0032048; GO:0035176; GO:0035197; GO:0042551; GO:0043524; GO:0043537; GO:0044027; GO:0045892; GO:0045944; GO:0046470; GO:0050432; GO:0051151; GO:0051707; GO:0060079; GO:0060090; GO:0060252; GO:0060291; GO:0071514; GO:0090063; GO:0098794; GO:0099191; GO:0140566; GO:0140693; GO:1990841
P51617,IRAK1_HUMAN,Interleukin-1 receptor-associated kinase 1 (IRAK-1) (EC 2.7.11.1),IRAK1 IRAK,9606.ENSP00000358997,canonical NF-kappaB signal transduction [GO:0007249]; cellular response to heat [GO:0034605]; cellular response to hypoxia [GO:0071456]; innate immune response [GO:0045087]; interleukin-1-mediated signaling pathway [GO:0070498]; interleukin-33-mediated signaling pathway [GO:0038172]; intracellular signal transduction [GO:0035556]; JNK cascade [GO:0007254]; lipopolysaccharide-mediated signaling pathway [GO:0031663]; MyD88-dependent toll-like receptor signaling pathway [GO:0002755]; negative regulation of canonical NF-kappaB signal transduction [GO:0043124]; positive regulation of canonical NF-kappaB signal transduction [GO:0043123]; positive regulation of leukocyte adhesion to vascular endothelial cell [GO:1904996]; positive regulation of NF-kappaB transcription factor activity [GO:0051092]; positive regulation of smooth muscle cell proliferation [GO:0048661]; positive regulation of type I interferon production [GO:0032481]; protein autophosphorylation [GO:0046777]; regulation of cytokine-mediated signaling pathway [GO:0001959]; regulation of DNA-templated transcription [GO:0006355]; response to interleukin-1 [GO:0070555]; response to lipopolysaccharide [GO:0032496]; Toll signaling pathway [GO:0008063]; toll-like receptor 2 signaling pathway [GO:0034134]; toll-like receptor 4 signaling pathway [GO:0034142]; toll-like receptor 9 signaling pathway [GO:0034162]; toll-like receptor signaling pathway [GO:0002224]; type I interferon-mediated signaling pathway [GO:0060337],cell surface [GO:0009986]; cytoplasm [GO:0005737]; cytosol [GO:0005829]; endosome membrane [GO:0010008]; lipid droplet [GO:0005811]; nucleoplasm [GO:0005654]; nucleus [GO:0005634]; plasma membrane [GO:0005886]; protein-containing complex [GO:0032991],cell surface [GO:0009986]; cytoplasm [GO:0005737]; cytosol [GO:0005829]; endosome membrane [GO:0010008]; lipid droplet [GO:0005811]; nucleoplasm [GO:0005654]; nucleus [GO:0005634]; plasma membrane [GO:0005886]; protein-containing complex [GO:0032991]; ATP binding [GO:0005524]; heat shock protein binding [GO:0031072]; identical protein binding [GO:0042802]; kinase activity [GO:0016301]; protein heterodimerization activity [GO:0046982]; protein homodimerization activity [GO:0042803]; protein kinase activity [GO:0004672]; protein kinase binding [GO:0019901]; protein serine kinase activity [GO:0106310]; protein serine/threonine kinase activity [GO:0004674]; canonical NF-kappaB signal transduction [GO:0007249]; cellular response to heat [GO:0034605]; cellular response to hypoxia [GO:0071456]; innate immune response [GO:0045087]; interleukin-1-mediated signaling pathway [GO:0070498]; interleukin-33-mediated signaling pathway [GO:0038172]; intracellular signal transduction [GO:0035556]; JNK cascade [GO:0007254]; lipopolysaccharide-mediated signaling pathway [GO:0031663]; MyD88-dependent toll-like receptor signaling pathway [GO:0002755]; negative regulation of canonical NF-kappaB signal transduction [GO:0043124]; positive regulation of canonical NF-kappaB signal transduction [GO:0043123]; positive regulation of leukocyte adhesion to vascular endothelial cell [GO:1904996]; positive regulation of NF-kappaB transcription factor activity [GO:0051092]; positive regulation of smooth muscle cell proliferation [GO:0048661]; positive regulation of type I interferon production [GO:0032481]; protein autophosphorylation [GO:0046777]; regulation of cytokine-mediated signaling pathway [GO:0001959]; regulation of DNA-templated transcription [GO:0006355]; response to interleukin-1 [GO:0070555]; response to lipopolysaccharide [GO:0032496]; Toll signaling pathway [GO:0008063]; toll-like receptor 2 signaling pathway [GO:0034134]; toll-like receptor 4 signaling pathway [GO:0034142]; toll-like receptor 9 signaling pathway [GO:0034162]; toll-like receptor signaling pathway [GO:0002224]; type I interferon-mediated signaling pathway [GO:0060337],ATP binding [GO:0005524]; heat shock protein binding [GO:0031072]; identical protein binding [GO:0042802]; kinase activity [GO:0016301]; protein heterodimerization activity [GO:0046982]; protein homodimerization activity [GO:0042803]; protein kinase activity [GO:0004672]; protein kinase binding [GO:0019901]; protein serine kinase activity [GO:0106310]; protein serine/threonine kinase activity [GO:0004674],GO:0001959; GO:0002224; GO:0002755; GO:0004672; GO:0004674; GO:0005524; GO:0005634; GO:0005654; GO:0005737; GO:0005811; GO:0005829; GO:0005886; GO:0006355; GO:0007249; GO:0007254; GO:0008063; GO:0009986; GO:0010008; GO:0016301; GO:0019901; GO:0031072; GO:0031663; GO:0032481; GO:0032496; GO:0032991; GO:0034134; GO:0034142; GO:0034162; GO:0034605; GO:0035556; GO:0038172; GO:0042802; GO:0042803; GO:0043123; GO:0043124; GO:0045087; GO:0046777; GO:0046982; GO:0048661; GO:0051092; GO:0060337; GO:0070498; GO:0070555; GO:0071456; GO:0106310; GO:1904996
P61289,PSME3_HUMAN,Proteasome activator complex subunit 3 (11S regulator complex subunit gamma) (REG-gamma) (Activator of multicatalytic protease subunit 3) (Ki nuclear autoantigen) (Proteasome activator 28 subunit gamma) (PA28g) (PA28gamma),PSME3,9606.ENSP00000293362,apoptotic process [GO:0006915]; negative regulation of extrinsic apoptotic signaling pathway [GO:2001237]; regulation of G1/S transition of mitotic cell cycle [GO:2000045]; regulation of proteasomal protein catabolic process [GO:0061136],ciliary basal body [GO:0036064]; cilium [GO:0005929]; cytoplasm [GO:0005737]; cytosol [GO:0005829]; membrane [GO:0016020]; nucleoplasm [GO:0005654]; nucleus [GO:0005634]; proteasome activator complex [GO:0008537]; proteasome complex [GO:0000502],ciliary basal body [GO:0036064]; cilium [GO:0005929]; cytoplasm [GO:0005737]; cytosol [GO:0005829]; membrane [GO:0016020]; nucleoplasm [GO:0005654]; nucleus [GO:0005634]; proteasome activator complex [GO:0008537]; proteasome complex [GO:0000502]; endopeptidase activator activity [GO:0061133]; identical protein binding [GO:0042802]; MDM2/MDM4 family protein binding [GO:0097371]; p53 binding [GO:0002039]; apoptotic process [GO:0006915]; negative regulation of extrinsic apoptotic signaling pathway [GO:2001237]; regulation of G1/S transition of mitotic cell cycle [GO:2000045]; regulation of proteasomal protein catabolic process [GO:0061136],endopeptidase activator activity [GO:0061133]; identical protein binding [GO:0042802]; MDM2/MDM4 family protein binding [GO:0097371]; p53 binding [GO:0002039],GO:0000502; GO:0002039; GO:0005634; GO:0005654; GO:0005737; GO:0005829; GO:0005929; GO:0006915; GO:0008537; GO:0016020; GO:0036064; GO:0042802; GO:0061133; GO:0061136; GO:0097371; GO:2000045; GO:2001237
P62304,RUXE_HUMAN,Small nuclear ribonucleoprotein E (snRNP-E) (Sm protein E) (Sm-E) (SmE),SNRPE,9606.ENSP00000400591,"7-methylguanosine cap hypermethylation [GO:0036261]; mRNA splicing, via spliceosome [GO:0000398]; spliceosomal complex assembly [GO:0000245]; spliceosomal snRNP assembly [GO:0000387]; U2-type prespliceosome assembly [GO:1903241]",catalytic step 2 spliceosome [GO:0071013]; cytosol [GO:0005829]; methylosome [GO:0034709]; nucleoplasm [GO:0005654]; nucleus [GO:0005634]; pICln-Sm protein complex [GO:0034715]; precatalytic spliceosome [GO:0071011]; small nuclear ribonucleoprotein complex [GO:0030532]; SMN-Sm protein complex [GO:0034719]; spliceosomal complex [GO:0005681]; telomerase holoenzyme complex [GO:0005697]; U1 snRNP [GO:0005685]; U12-type spliceosomal complex [GO:0005689]; U2 snRNP [GO:0005686]; U2-type catalytic step 2 spliceosome [GO:0071007]; U2-type precatalytic spliceosome [GO:0071005]; U2-type spliceosomal complex [GO:0005684]; U4 snRNP [GO:0005687]; U4/U6 x U5 tri-snRNP complex [GO:0046540]; U5 snRNP [GO:0005682]; U7 snRNP [GO:0005683],"catalytic step 2 spliceosome [GO:0071013]; cytosol [GO:0005829]; methylosome [GO:0034709]; nucleoplasm [GO:0005654]; nucleus [GO:0005634]; pICln-Sm protein complex [GO:0034715]; precatalytic spliceosome [GO:0071011]; small nuclear ribonucleoprotein complex [GO:0030532]; SMN-Sm protein complex [GO:0034719]; spliceosomal complex [GO:0005681]; telomerase holoenzyme complex [GO:0005697]; U1 snRNP [GO:0005685]; U12-type spliceosomal complex [GO:0005689]; U2 snRNP [GO:0005686]; U2-type catalytic step 2 spliceosome [GO:0071007]; U2-type precatalytic spliceosome [GO:0071005]; U2-type spliceosomal complex [GO:0005684]; U4 snRNP [GO:0005687]; U4/U6 x U5 tri-snRNP complex [GO:0046540]; U5 snRNP [GO:0005682]; U7 snRNP [GO:0005683]; RNA binding [GO:0003723]; 7-methylguanosine cap hypermethylation [GO:0036261]; mRNA splicing, via spliceosome [GO:0000398]; spliceosomal complex assembly [GO:0000245]; spliceosomal snRNP assembly [GO:0000387]; U2-type prespliceosome assembly [GO:1903241]",RNA binding [GO:0003723],GO:0000245; GO:0000387; GO:0000398; GO:0003723; GO:0005634; GO:0005654; GO:0005681; GO:0005682; GO:0005683; GO:0005684; GO:0005685; GO:0005686; GO:0005687; GO:0005689; GO:0005697; GO:0005829; GO:0030532; GO:0034709; GO:0034715; GO:0034719; GO:0036261; GO:0046540; GO:0071005; GO:0071007; GO:0071011; GO:0071013; GO:1903241
P62314,SMD1_HUMAN,Small nuclear ribonucleoprotein Sm D1 (Sm-D1) (Sm-D autoantigen) (snRNP core protein D1),SNRPD1,9606.ENSP00000300413,"7-methylguanosine cap hypermethylation [GO:0036261]; mRNA splicing, via spliceosome [GO:0000398]; RNA splicing [GO:0008380]; spliceosomal complex assembly [GO:0000245]; spliceosomal snRNP assembly [GO:0000387]; U2-type prespliceosome assembly [GO:1903241]",catalytic step 2 spliceosome [GO:0071013]; commitment complex [GO:0000243]; cytosol [GO:0005829]; methylosome [GO:0034709]; nucleoplasm [GO:0005654]; nucleus [GO:0005634]; pICln-Sm protein complex [GO:0034715]; precatalytic spliceosome [GO:0071011]; small nuclear ribonucleoprotein complex [GO:0030532]; SMN-Sm protein complex [GO:0034719]; spliceosomal complex [GO:0005681]; spliceosomal tri-snRNP complex [GO:0097526]; U1 snRNP [GO:0005685]; U12-type spliceosomal complex [GO:0005689]; U2 snRNP [GO:0005686]; U2-type catalytic step 2 spliceosome [GO:0071007]; U2-type precatalytic spliceosome [GO:0071005]; U2-type spliceosomal complex [GO:0005684]; U4 snRNP [GO:0005687]; U4/U6 x U5 tri-snRNP complex [GO:0046540]; U5 snRNP [GO:0005682],"catalytic step 2 spliceosome [GO:0071013]; commitment complex [GO:0000243]; cytosol [GO:0005829]; methylosome [GO:0034709]; nucleoplasm [GO:0005654]; nucleus [GO:0005634]; pICln-Sm protein complex [GO:0034715]; precatalytic spliceosome [GO:0071011]; small nuclear ribonucleoprotein complex [GO:0030532]; SMN-Sm protein complex [GO:0034719]; spliceosomal complex [GO:0005681]; spliceosomal tri-snRNP complex [GO:0097526]; U1 snRNP [GO:0005685]; U12-type spliceosomal complex [GO:0005689]; U2 snRNP [GO:0005686]; U2-type catalytic step 2 spliceosome [GO:0071007]; U2-type precatalytic spliceosome [GO:0071005]; U2-type spliceosomal complex [GO:0005684]; U4 snRNP [GO:0005687]; U4/U6 x U5 tri-snRNP complex [GO:0046540]; U5 snRNP [GO:0005682]; RNA binding [GO:0003723]; U1 snRNP binding [GO:1990446]; 7-methylguanosine cap hypermethylation [GO:0036261]; mRNA splicing, via spliceosome [GO:0000398]; RNA splicing [GO:0008380]; spliceosomal complex assembly [GO:0000245]; spliceosomal snRNP assembly [GO:0000387]; U2-type prespliceosome assembly [GO:1903241]",RNA binding [GO:0003723]; U1 snRNP binding [GO:1990446],GO:0000243; GO:0000245; GO:0000387; GO:0000398; GO:0003723; GO:0005634; GO:0005654; GO:0005681; GO:0005682; GO:0005684; GO:0005685; GO:0005686; GO:0005687; GO:0005689; GO:0005829; GO:0008380; GO:0030532; GO:0034709; GO:0034715; GO:0034719; GO:0036261; GO:0046540; GO:0071005; GO:0071007; GO:0071011; GO:0071013; GO:0097526; GO:1903241; GO:1990446
P62316,SMD2_HUMAN,Small nuclear ribonucleoprotein Sm D2 (Sm-D2) (snRNP core protein D2),SNRPD2 SNRPD1,9606.ENSP00000342374,"7-methylguanosine cap hypermethylation [GO:0036261]; mRNA splicing, via spliceosome [GO:0000398]; RNA splicing [GO:0008380]; spliceosomal complex assembly [GO:0000245]; spliceosomal snRNP assembly [GO:0000387]; U2-type prespliceosome assembly [GO:1903241]",catalytic step 2 spliceosome [GO:0071013]; cytosol [GO:0005829]; extracellular exosome [GO:0070062]; methylosome [GO:0034709]; nucleoplasm [GO:0005654]; nucleus [GO:0005634]; pICln-Sm protein complex [GO:0034715]; precatalytic spliceosome [GO:0071011]; small nuclear ribonucleoprotein complex [GO:0030532]; SMN-Sm protein complex [GO:0034719]; spliceosomal complex [GO:0005681]; U1 snRNP [GO:0005685]; U12-type spliceosomal complex [GO:0005689]; U2 snRNP [GO:0005686]; U2-type catalytic step 2 spliceosome [GO:0071007]; U2-type precatalytic spliceosome [GO:0071005]; U2-type spliceosomal complex [GO:0005684]; U4 snRNP [GO:0005687]; U4/U6 x U5 tri-snRNP complex [GO:0046540]; U5 snRNP [GO:0005682],"catalytic step 2 spliceosome [GO:0071013]; cytosol [GO:0005829]; extracellular exosome [GO:0070062]; methylosome [GO:0034709]; nucleoplasm [GO:0005654]; nucleus [GO:0005634]; pICln-Sm protein complex [GO:0034715]; precatalytic spliceosome [GO:0071011]; small nuclear ribonucleoprotein complex [GO:0030532]; SMN-Sm protein complex [GO:0034719]; spliceosomal complex [GO:0005681]; U1 snRNP [GO:0005685]; U12-type spliceosomal complex [GO:0005689]; U2 snRNP [GO:0005686]; U2-type catalytic step 2 spliceosome [GO:0071007]; U2-type precatalytic spliceosome [GO:0071005]; U2-type spliceosomal complex [GO:0005684]; U4 snRNP [GO:0005687]; U4/U6 x U5 tri-snRNP complex [GO:0046540]; U5 snRNP [GO:0005682]; RNA binding [GO:0003723]; 7-methylguanosine cap hypermethylation [GO:0036261]; mRNA splicing, via spliceosome [GO:0000398]; RNA splicing [GO:0008380]; spliceosomal complex assembly [GO:0000245]; spliceosomal snRNP assembly [GO:0000387]; U2-type prespliceosome assembly [GO:1903241]",RNA binding [GO:0003723],GO:0000245; GO:0000387; GO:0000398; GO:0003723; GO:0005634; GO:0005654; GO:0005681; GO:0005682; GO:0005684; GO:0005685; GO:0005686; GO:0005687; GO:0005689; GO:0005829; GO:0008380; GO:0030532; GO:0034709; GO:0034715; GO:0034719; GO:0036261; GO:0046540; GO:0070062; GO:0071005; GO:0071007; GO:0071011; GO:0071013; GO:1903241
P62318,SMD3_HUMAN,Small nuclear ribonucleoprotein Sm D3 (Sm-D3) (snRNP core protein D3),SNRPD3,9606.ENSP00000215829,"7-methylguanosine cap hypermethylation [GO:0036261]; mRNA splicing, via spliceosome [GO:0000398]; protein methylation [GO:0006479]; RNA splicing [GO:0008380]; spliceosomal snRNP assembly [GO:0000387]; U2-type prespliceosome assembly [GO:1903241]",catalytic step 2 spliceosome [GO:0071013]; commitment complex [GO:0000243]; cytosol [GO:0005829]; methylosome [GO:0034709]; nuclear body [GO:0016604]; nucleoplasm [GO:0005654]; nucleus [GO:0005634]; pICln-Sm protein complex [GO:0034715]; precatalytic spliceosome [GO:0071011]; small nuclear ribonucleoprotein complex [GO:0030532]; SMN-Sm protein complex [GO:0034719]; spliceosomal complex [GO:0005681]; spliceosomal tri-snRNP complex [GO:0097526]; telomerase holoenzyme complex [GO:0005697]; U1 snRNP [GO:0005685]; U12-type spliceosomal complex [GO:0005689]; U2 snRNP [GO:0005686]; U2-type catalytic step 2 spliceosome [GO:0071007]; U2-type precatalytic spliceosome [GO:0071005]; U2-type spliceosomal complex [GO:0005684]; U4 snRNP [GO:0005687]; U4/U6 x U5 tri-snRNP complex [GO:0046540]; U5 snRNP [GO:0005682]; U7 snRNP [GO:0005683],"catalytic step 2 spliceosome [GO:0071013]; commitment complex [GO:0000243]; cytosol [GO:0005829]; methylosome [GO:0034709]; nuclear body [GO:0016604]; nucleoplasm [GO:0005654]; nucleus [GO:0005634]; pICln-Sm protein complex [GO:0034715]; precatalytic spliceosome [GO:0071011]; small nuclear ribonucleoprotein complex [GO:0030532]; SMN-Sm protein complex [GO:0034719]; spliceosomal complex [GO:0005681]; spliceosomal tri-snRNP complex [GO:0097526]; telomerase holoenzyme complex [GO:0005697]; U1 snRNP [GO:0005685]; U12-type spliceosomal complex [GO:0005689]; U2 snRNP [GO:0005686]; U2-type catalytic step 2 spliceosome [GO:0071007]; U2-type precatalytic spliceosome [GO:0071005]; U2-type spliceosomal complex [GO:0005684]; U4 snRNP [GO:0005687]; U4/U6 x U5 tri-snRNP complex [GO:0046540]; U5 snRNP [GO:0005682]; U7 snRNP [GO:0005683]; enzyme binding [GO:0019899]; histone pre-mRNA DCP binding [GO:0071208]; RNA binding [GO:0003723]; telomerase RNA binding [GO:0070034]; U7 snRNA binding [GO:0071209]; 7-methylguanosine cap hypermethylation [GO:0036261]; mRNA splicing, via spliceosome [GO:0000398]; protein methylation [GO:0006479]; RNA splicing [GO:0008380]; spliceosomal snRNP assembly [GO:0000387]; U2-type prespliceosome assembly [GO:1903241]",enzyme binding [GO:0019899]; histone pre-mRNA DCP binding [GO:0071208]; RNA binding [GO:0003723]; telomerase RNA binding [GO:0070034]; U7 snRNA binding [GO:0071209],GO:0000243; GO:0000387; GO:0000398; GO:0003723; GO:0005634; GO:0005654; GO:0005681; GO:0005682; GO:0005683; GO:0005684; GO:0005685; GO:0005686; GO:0005687; GO:0005689; GO:0005697; GO:0005829; GO:0006479; GO:0008380; GO:0016604; GO:0019899; GO:0030532; GO:0034709; GO:0034715; GO:0034719; GO:0036261; GO:0046540; GO:0070034; GO:0071005; GO:0071007; GO:0071011; GO:0071013; GO:0071208; GO:0071209; GO:0097526; GO:1903241
P63162,RSMN_HUMAN,Small nuclear ribonucleoprotein-associated protein N (snRNP-N) (Sm protein D) (Sm-D) (Sm protein N) (Sm-N) (SmN) (Tissue-specific-splicing protein),SNRPN HCERN3 SMN,9606.ENSP00000494831,"mRNA splicing, via spliceosome [GO:0000398]; RNA splicing [GO:0008380]",catalytic step 2 spliceosome [GO:0071013]; cytoplasm [GO:0005737]; nucleoplasm [GO:0005654]; small nuclear ribonucleoprotein complex [GO:0030532]; spliceosomal complex [GO:0005681]; U1 snRNP [GO:0005685]; U2 snRNP [GO:0005686]; U2-type prespliceosome [GO:0071004]; U4 snRNP [GO:0005687]; U4/U6 x U5 tri-snRNP complex [GO:0046540]; U5 snRNP [GO:0005682],"catalytic step 2 spliceosome [GO:0071013]; cytoplasm [GO:0005737]; nucleoplasm [GO:0005654]; small nuclear ribonucleoprotein complex [GO:0030532]; spliceosomal complex [GO:0005681]; U1 snRNP [GO:0005685]; U2 snRNP [GO:0005686]; U2-type prespliceosome [GO:0071004]; U4 snRNP [GO:0005687]; U4/U6 x U5 tri-snRNP complex [GO:0046540]; U5 snRNP [GO:0005682]; RNA binding [GO:0003723]; snRNP binding [GO:0070990]; mRNA splicing, via spliceosome [GO:0000398]; RNA splicing [GO:0008380]",RNA binding [GO:0003723]; snRNP binding [GO:0070990],GO:0000398; GO:0003723; GO:0005654; GO:0005681; GO:0005682; GO:0005685; GO:0005686; GO:0005687; GO:0005737; GO:0008380; GO:0030532; GO:0046540; GO:0070990; GO:0071004; GO:0071013
Q02223,TNR17_HUMAN,Tumor necrosis factor receptor superfamily member 17 (B-cell maturation protein) (CD antigen CD269),TNFRSF17 BCM BCMA,9606.ENSP00000053243,adaptive immune response [GO:0002250]; lymphocyte homeostasis [GO:0002260]; signal transduction [GO:0007165]; tumor necrosis factor-mediated signaling pathway [GO:0033209],endomembrane system [GO:0012505]; membrane [GO:0016020]; plasma membrane [GO:0005886],endomembrane system [GO:0012505]; membrane [GO:0016020]; plasma membrane [GO:0005886]; signaling receptor activity [GO:0038023]; adaptive immune response [GO:0002250]; lymphocyte homeostasis [GO:0002260]; signal transduction [GO:0007165]; tumor necrosis factor-mediated signaling pathway [GO:0033209],signaling receptor activity [GO:0038023],GO:0002250; GO:0002260; GO:0005886; GO:0007165; GO:0012505; GO:0016020; GO:0033209; GO:0038023
Q08945,SSRP1_HUMAN,FACT complex subunit SSRP1 (Chromatin-specific transcription elongation factor 80 kDa subunit) (Facilitates chromatin transcription complex 80 kDa subunit) (FACT 80 kDa subunit) (FACTp80) (Facilitates chromatin transcription complex subunit SSRP1) (Recombination signal sequence recognition protein 1) (Structure-specific recognition protein 1) (hSSRP1) (T160),SSRP1 FACT80,9606.ENSP00000278412,DNA repair [GO:0006281]; DNA replication [GO:0006260]; nucleosome assembly [GO:0006334]; nucleosome disassembly [GO:0006337]; regulation of chromatin organization [GO:1902275],FACT complex [GO:0035101]; nucleolus [GO:0005730]; nucleoplasm [GO:0005654]; nucleus [GO:0005634],FACT complex [GO:0035101]; nucleolus [GO:0005730]; nucleoplasm [GO:0005654]; nucleus [GO:0005634]; DNA binding [GO:0003677]; histone binding [GO:0042393]; nucleosome binding [GO:0031491]; RNA binding [GO:0003723]; DNA repair [GO:0006281]; DNA replication [GO:0006260]; nucleosome assembly [GO:0006334]; nucleosome disassembly [GO:0006337]; regulation of chromatin organization [GO:1902275],DNA binding [GO:0003677]; histone binding [GO:0042393]; nucleosome binding [GO:0031491]; RNA binding [GO:0003723],GO:0003677; GO:0003723; GO:0005634; GO:0005654; GO:0005730; GO:0006260; GO:0006281; GO:0006334; GO:0006337; GO:0031491; GO:0035101; GO:0042393; GO:1902275
Q13568,IRF5_HUMAN,Interferon regulatory factor 5 (IRF-5),IRF5,9606.ENSP00000418037,cellular response to muramyl dipeptide [GO:0071225]; cellular response to peptidoglycan [GO:0071224]; cellular response to virus [GO:0098586]; cytokine-mediated signaling pathway [GO:0019221]; defense response to virus [GO:0051607]; immune system process [GO:0002376]; inflammatory response [GO:0006954]; innate immune response [GO:0045087]; nucleotide-binding oligomerization domain containing 2 signaling pathway [GO:0070431]; positive regulation of apoptotic process [GO:0043065]; positive regulation of cytokine production involved in immune response [GO:0002720]; positive regulation of interferon-alpha production [GO:0032727]; positive regulation of interferon-beta production [GO:0032728]; positive regulation of interleukin-12 production [GO:0032735]; positive regulation of transcription by RNA polymerase II [GO:0045944]; positive regulation of type I interferon production [GO:0032481]; regulation of transcription by RNA polymerase II [GO:0006357],chromatin [GO:0000785]; cytoplasm [GO:0005737]; cytosol [GO:0005829]; nucleoplasm [GO:0005654]; nucleus [GO:0005634],"chromatin [GO:0000785]; cytoplasm [GO:0005737]; cytosol [GO:0005829]; nucleoplasm [GO:0005654]; nucleus [GO:0005634]; DNA-binding transcription activator activity, RNA polymerase II-specific [GO:0001228]; DNA-binding transcription factor activity, RNA polymerase II-specific [GO:0000981]; identical protein binding [GO:0042802]; protein kinase binding [GO:0019901]; protein serine/threonine kinase binding [GO:0120283]; RNA polymerase II cis-regulatory region sequence-specific DNA binding [GO:0000978]; sequence-specific DNA binding [GO:0043565]; sequence-specific double-stranded DNA binding [GO:1990837]; cellular response to muramyl dipeptide [GO:0071225]; cellular response to peptidoglycan [GO:0071224]; cellular response to virus [GO:0098586]; cytokine-mediated signaling pathway [GO:0019221]; defense response to virus [GO:0051607]; immune system process [GO:0002376]; inflammatory response [GO:0006954]; innate immune response [GO:0045087]; nucleotide-binding oligomerization domain containing 2 signaling pathway [GO:0070431]; positive regulation of apoptotic process [GO:0043065]; positive regulation of cytokine production involved in immune response [GO:0002720]; positive regulation of interferon-alpha production [GO:0032727]; positive regulation of interferon-beta production [GO:0032728]; positive regulation of interleukin-12 production [GO:0032735]; positive regulation of transcription by RNA polymerase II [GO:0045944]; positive regulation of type I interferon production [GO:0032481]; regulation of transcription by RNA polymerase II [GO:0006357]","DNA-binding transcription activator activity, RNA polymerase II-specific [GO:0001228]; DNA-binding transcription factor activity, RNA polymerase II-specific [GO:0000981]; identical protein binding [GO:0042802]; protein kinase binding [GO:0019901]; protein serine/threonine kinase binding [GO:0120283]; RNA polymerase II cis-regulatory region sequence-specific DNA binding [GO:0000978]; sequence-specific DNA binding [GO:0043565]; sequence-specific double-stranded DNA binding [GO:1990837]",GO:0000785; GO:0000978; GO:0000981; GO:0001228; GO:0002376; GO:0002720; GO:0005634; GO:0005654; GO:0005737; GO:0005829; GO:0006357; GO:0006954; GO:0019221; GO:0019901; GO:0032481; GO:0032727; GO:0032728; GO:0032735; GO:0042802; GO:0043065; GO:0043565; GO:0045087; GO:0045944; GO:0051607; GO:0070431; GO:0071224; GO:0071225; GO:0098586; GO:0120283; GO:1990837
Q13609,DNSL3_HUMAN,Deoxyribonuclease gamma (DNase gamma) (EC 3.1.21.-) (DNase I homolog protein DHP2) (Deoxyribonuclease I-like 3) (DNase I-like 3) (Liver and spleen DNase) (LS-DNase) (LSD),DNASE1L3 DHP2 DNAS1L3,9606.ENSP00000378053,apoptotic DNA fragmentation [GO:0006309]; DNA metabolic process [GO:0006259]; neutrophil activation involved in immune response [GO:0002283]; programmed cell death involved in cell development [GO:0010623]; regulation of acute inflammatory response [GO:0002673]; regulation of neutrophil mediated cytotoxicity [GO:0070948],endoplasmic reticulum [GO:0005783]; extracellular region [GO:0005576]; nucleus [GO:0005634],endoplasmic reticulum [GO:0005783]; extracellular region [GO:0005576]; nucleus [GO:0005634]; calcium ion binding [GO:0005509]; deoxyribonuclease I activity [GO:0004530]; DNA binding [GO:0003677]; DNA nuclease activity [GO:0004536]; apoptotic DNA fragmentation [GO:0006309]; DNA metabolic process [GO:0006259]; neutrophil activation involved in immune response [GO:0002283]; programmed cell death involved in cell development [GO:0010623]; regulation of acute inflammatory response [GO:0002673]; regulation of neutrophil mediated cytotoxicity [GO:0070948],calcium ion binding [GO:0005509]; deoxyribonuclease I activity [GO:0004530]; DNA binding [GO:0003677]; DNA nuclease activity [GO:0004536],GO:0002283; GO:0002673; GO:0003677; GO:0004530; GO:0004536; GO:0005509; GO:0005576; GO:0005634; GO:0005783; GO:0006259; GO:0006309; GO:0010623; GO:0070948
Q14765,STAT4_HUMAN,Signal transducer and activator of transcription 4,STAT4,9606.ENSP00000351255,cell surface receptor signaling pathway via JAK-STAT [GO:0007259]; cytokine-mediated signaling pathway [GO:0019221]; defense response [GO:0006952]; interleukin-12-mediated signaling pathway [GO:0035722]; positive regulation of transcription by RNA polymerase II [GO:0045944]; regulation of cell population proliferation [GO:0042127]; regulation of transcription by RNA polymerase II [GO:0006357]; response to interleukin-6 [GO:0070741]; response to peptide hormone [GO:0043434]; T-helper 1 cell differentiation [GO:0045063],centriole [GO:0005814]; chromatin [GO:0000785]; cytoplasm [GO:0005737]; cytosol [GO:0005829]; nuclear body [GO:0016604]; nucleoplasm [GO:0005654]; nucleus [GO:0005634]; RNA polymerase II transcription regulator complex [GO:0090575],"centriole [GO:0005814]; chromatin [GO:0000785]; cytoplasm [GO:0005737]; cytosol [GO:0005829]; nuclear body [GO:0016604]; nucleoplasm [GO:0005654]; nucleus [GO:0005634]; RNA polymerase II transcription regulator complex [GO:0090575]; DNA-binding transcription factor activity [GO:0003700]; DNA-binding transcription factor activity, RNA polymerase II-specific [GO:0000981]; identical protein binding [GO:0042802]; RNA polymerase II cis-regulatory region sequence-specific DNA binding [GO:0000978]; cell surface receptor signaling pathway via JAK-STAT [GO:0007259]; cytokine-mediated signaling pathway [GO:0019221]; defense response [GO:0006952]; interleukin-12-mediated signaling pathway [GO:0035722]; positive regulation of transcription by RNA polymerase II [GO:0045944]; regulation of cell population proliferation [GO:0042127]; regulation of transcription by RNA polymerase II [GO:0006357]; response to interleukin-6 [GO:0070741]; response to peptide hormone [GO:0043434]; T-helper 1 cell differentiation [GO:0045063]","DNA-binding transcription factor activity [GO:0003700]; DNA-binding transcription factor activity, RNA polymerase II-specific [GO:0000981]; identical protein binding [GO:0042802]; RNA polymerase II cis-regulatory region sequence-specific DNA binding [GO:0000978]",GO:0000785; GO:0000978; GO:0000981; GO:0003700; GO:0005634; GO:0005654; GO:0005737; GO:0005814; GO:0005829; GO:0006357; GO:0006952; GO:0007259; GO:0016604; GO:0019221; GO:0035722; GO:0042127; GO:0042802; GO:0043434; GO:0045063; GO:0045944; GO:0070741; GO:0090575
Q15025,TNIP1_HUMAN,TNFAIP3-interacting protein 1 (A20-binding inhibitor of NF-kappa-B activation 1) (ABIN-1) (HIV-1 Nef-interacting protein) (Nef-associated factor 1) (Naf1) (Nip40-1) (Virion-associated nuclear shuttling protein) (VAN) (hVAN),TNIP1 KIAA0113 NAF1,9606.ENSP00000317891,cellular response to lipopolysaccharide [GO:0071222]; defense response [GO:0006952]; glycoprotein biosynthetic process [GO:0009101]; inflammatory response [GO:0006954]; leukocyte cell-cell adhesion [GO:0007159]; MyD88-dependent toll-like receptor signaling pathway [GO:0002755]; negative regulation of canonical NF-kappaB signal transduction [GO:0043124]; negative regulation of ERK1 and ERK2 cascade [GO:0070373]; negative regulation of viral genome replication [GO:0045071]; positive regulation of inflammatory response [GO:0050729]; positive regulation of protein deubiquitination [GO:1903003]; positive regulation of transcription by RNA polymerase II [GO:0045944]; regulation of transcription by RNA polymerase II [GO:0006357]; translation [GO:0006412],cytosol [GO:0005829]; nucleoplasm [GO:0005654],cytosol [GO:0005829]; nucleoplasm [GO:0005654]; identical protein binding [GO:0042802]; mitogen-activated protein kinase binding [GO:0051019]; cellular response to lipopolysaccharide [GO:0071222]; defense response [GO:0006952]; glycoprotein biosynthetic process [GO:0009101]; inflammatory response [GO:0006954]; leukocyte cell-cell adhesion [GO:0007159]; MyD88-dependent toll-like receptor signaling pathway [GO:0002755]; negative regulation of canonical NF-kappaB signal transduction [GO:0043124]; negative regulation of ERK1 and ERK2 cascade [GO:0070373]; negative regulation of viral genome replication [GO:0045071]; positive regulation of inflammatory response [GO:0050729]; positive regulation of protein deubiquitination [GO:1903003]; positive regulation of transcription by RNA polymerase II [GO:0045944]; regulation of transcription by RNA polymerase II [GO:0006357]; translation [GO:0006412],identical protein binding [GO:0042802]; mitogen-activated protein kinase binding [GO:0051019],GO:0002755; GO:0005654; GO:0005829; GO:0006357; GO:0006412; GO:0006952; GO:0006954; GO:0007159; GO:0009101; GO:0042802; GO:0043124; GO:0045071; GO:0045944; GO:0050729; GO:0051019; GO:0070373; GO:0071222; GO:1903003
Q15116,PDCD1_HUMAN,Programmed cell death protein 1 (Protein PD-1) (hPD-1) (CD antigen CD279),PDCD1 PD1,9606.ENSP00000335062,adaptive immune response [GO:0002250]; apoptotic process [GO:0006915]; B cell apoptotic process [GO:0001783]; humoral immune response [GO:0006959]; negative regulation of B cell apoptotic process [GO:0002903]; negative regulation of immune response [GO:0050777]; negative regulation of inflammatory response [GO:0050728]; negative regulation of T cell activation [GO:0050868]; negative regulation of T cell mediated immune response to tumor cell [GO:0002841]; negative regulation of T cell receptor signaling pathway [GO:0050860]; negative regulation of tolerance induction [GO:0002644]; positive regulation of T cell apoptotic process [GO:0070234]; regulation of immune response [GO:0050776]; regulatory T cell apoptotic process [GO:1902482],external side of plasma membrane [GO:0009897]; plasma membrane [GO:0005886],external side of plasma membrane [GO:0009897]; plasma membrane [GO:0005886]; signaling receptor activity [GO:0038023]; transmembrane signaling receptor activity [GO:0004888]; adaptive immune response [GO:0002250]; apoptotic process [GO:0006915]; B cell apoptotic process [GO:0001783]; humoral immune response [GO:0006959]; negative regulation of B cell apoptotic process [GO:0002903]; negative regulation of immune response [GO:0050777]; negative regulation of inflammatory response [GO:0050728]; negative regulation of T cell activation [GO:0050868]; negative regulation of T cell mediated immune response to tumor cell [GO:0002841]; negative regulation of T cell receptor signaling pathway [GO:0050860]; negative regulation of tolerance induction [GO:0002644]; positive regulation of T cell apoptotic process [GO:0070234]; regulation of immune response [GO:0050776]; regulatory T cell apoptotic process [GO:1902482],signaling receptor activity [GO:0038023]; transmembrane signaling receptor activity [GO:0004888],GO:0001783; GO:0002250; GO:0002644; GO:0002841; GO:0002903; GO:0004888; GO:0005886; GO:0006915; GO:0006959; GO:0009897; GO:0038023; GO:0050728; GO:0050776; GO:0050777; GO:0050860; GO:0050868; GO:0070234; GO:1902482
Q5JSL3,DOC11_HUMAN,Dedicator of cytokinesis protein 11 (Activated Cdc42-associated guanine nucleotide exchange factor) (ACG) (Zizimin-2),DOCK11 ZIZ2,9606.ENSP00000276202,B cell homeostasis [GO:0001782]; marginal zone B cell differentiation [GO:0002315]; positive regulation of filopodium assembly [GO:0051491]; positive regulation of GTPase activity [GO:0043547]; regulation of Rho protein signal transduction [GO:0035023]; small GTPase-mediated signal transduction [GO:0007264],cytosol [GO:0005829],cytosol [GO:0005829]; guanyl-nucleotide exchange factor activity [GO:0005085]; small GTPase binding [GO:0031267]; B cell homeostasis [GO:0001782]; marginal zone B cell differentiation [GO:0002315]; positive regulation of filopodium assembly [GO:0051491]; positive regulation of GTPase activity [GO:0043547]; regulation of Rho protein signal transduction [GO:0035023]; small GTPase-mediated signal transduction [GO:0007264],guanyl-nucleotide exchange factor activity [GO:0005085]; small GTPase binding [GO:0031267],GO:0001782; GO:0002315; GO:0005085; GO:0005829; GO:0007264; GO:0031267; GO:0035023; GO:0043547; GO:0051491
Q6AZZ1,TRI68_HUMAN,E3 ubiquitin-protein ligase TRIM68 (EC 2.3.2.27) (RING finger protein 137) (RING-type E3 ubiquitin transferase TRIM68) (SSA protein SS-56) (SS-56) (Tripartite motif-containing protein 68),TRIM68 GC109 RNF137 SS56,9606.ENSP00000300747,innate immune response [GO:0045087]; protein autoubiquitination [GO:0051865]; regulation of androgen receptor signaling pathway [GO:0060765]; regulation of gene expression [GO:0010468],cytoplasm [GO:0005737]; cytosol [GO:0005829]; Golgi apparatus [GO:0005794]; nucleolus [GO:0005730]; nucleoplasm [GO:0005654]; nucleus [GO:0005634]; perinuclear region of cytoplasm [GO:0048471],cytoplasm [GO:0005737]; cytosol [GO:0005829]; Golgi apparatus [GO:0005794]; nucleolus [GO:0005730]; nucleoplasm [GO:0005654]; nucleus [GO:0005634]; perinuclear region of cytoplasm [GO:0048471]; histone acetyltransferase binding [GO:0035035]; identical protein binding [GO:0042802]; nuclear androgen receptor binding [GO:0050681]; ubiquitin protein ligase activity [GO:0061630]; ubiquitin-protein transferase activity [GO:0004842]; zinc ion binding [GO:0008270]; innate immune response [GO:0045087]; protein autoubiquitination [GO:0051865]; regulation of androgen receptor signaling pathway [GO:0060765]; regulation of gene expression [GO:0010468],histone acetyltransferase binding [GO:0035035]; identical protein binding [GO:0042802]; nuclear androgen receptor binding [GO:0050681]; ubiquitin protein ligase activity [GO:0061630]; ubiquitin-protein transferase activity [GO:0004842]; zinc ion binding [GO:0008270],GO:0004842; GO:0005634; GO:0005654; GO:0005730; GO:0005737; GO:0005794; GO:0005829; GO:0008270; GO:0010468; GO:0035035; GO:0042802; GO:0045087; GO:0048471; GO:0050681; GO:0051865; GO:0060765; GO:0061630
Q6DN72,FCRL6_HUMAN,Fc receptor-like protein 6 (FcR-like protein 6) (FcRL6) (Fc receptor homolog 6) (FcRH6) (IFGP6),FCRL6 FCRH6,9606.ENSP00000357086,cell surface receptor signaling pathway [GO:0007166]; immune response [GO:0006955],external side of plasma membrane [GO:0009897]; plasma membrane [GO:0005886],external side of plasma membrane [GO:0009897]; plasma membrane [GO:0005886]; MHC class II protein binding [GO:0042289]; phosphatase binding [GO:0019902]; protein phosphatase binding [GO:0019903]; transmembrane signaling receptor activity [GO:0004888]; cell surface receptor signaling pathway [GO:0007166]; immune response [GO:0006955],MHC class II protein binding [GO:0042289]; phosphatase binding [GO:0019902]; protein phosphatase binding [GO:0019903]; transmembrane signaling receptor activity [GO:0004888],GO:0004888; GO:0005886; GO:0006955; GO:0007166; GO:0009897; GO:0019902; GO:0019903; GO:0042289
Q7Z7A4,PXK_HUMAN,"PX domain-containing protein kinase-like protein (Modulator of Na,K-ATPase) (MONaKA)",PXK,9606.ENSP00000348472,inflammatory response [GO:0006954]; modulation of chemical synaptic transmission [GO:0050804]; negative regulation of ATP-dependent activity [GO:0032780]; negative regulation of monoatomic ion transport [GO:0043271],centriolar satellite [GO:0034451]; cytoplasm [GO:0005737]; cytosol [GO:0005829]; nucleus [GO:0005634]; plasma membrane [GO:0005886]; protein-containing complex [GO:0032991],centriolar satellite [GO:0034451]; cytoplasm [GO:0005737]; cytosol [GO:0005829]; nucleus [GO:0005634]; plasma membrane [GO:0005886]; protein-containing complex [GO:0032991]; actin binding [GO:0003779]; phosphatidylinositol binding [GO:0035091]; inflammatory response [GO:0006954]; modulation of chemical synaptic transmission [GO:0050804]; negative regulation of ATP-dependent activity [GO:0032780]; negative regulation of monoatomic ion transport [GO:0043271],actin binding [GO:0003779]; phosphatidylinositol binding [GO:0035091],GO:0003779; GO:0005634; GO:0005737; GO:0005829; GO:0005886; GO:0006954; GO:0032780; GO:0032991; GO:0034451; GO:0035091; GO:0043271; GO:0050804
Q86V81,THOC4_HUMAN,THO complex subunit 4 (Tho4) (Ally of AML-1 and LEF-1) (Aly/REF export factor) (Transcriptional coactivator Aly/REF) (bZIP-enhancing factor BEF),ALYREF ALY BEF THOC4,9606.ENSP00000421592,mRNA export from nucleus [GO:0006406]; mRNA processing [GO:0006397]; osteoblast differentiation [GO:0001649]; RNA export from nucleus [GO:0006405]; RNA splicing [GO:0008380],catalytic step 2 spliceosome [GO:0071013]; cytoplasm [GO:0005737]; cytosol [GO:0005829]; extracellular exosome [GO:0070062]; membrane [GO:0016020]; nuclear speck [GO:0016607]; nucleoplasm [GO:0005654]; nucleus [GO:0005634]; transcription export complex [GO:0000346],catalytic step 2 spliceosome [GO:0071013]; cytoplasm [GO:0005737]; cytosol [GO:0005829]; extracellular exosome [GO:0070062]; membrane [GO:0016020]; nuclear speck [GO:0016607]; nucleoplasm [GO:0005654]; nucleus [GO:0005634]; transcription export complex [GO:0000346]; C5-methylcytidine-containing RNA reader activity [GO:0062153]; mRNA binding [GO:0003729]; RNA binding [GO:0003723]; mRNA export from nucleus [GO:0006406]; mRNA processing [GO:0006397]; osteoblast differentiation [GO:0001649]; RNA export from nucleus [GO:0006405]; RNA splicing [GO:0008380],C5-methylcytidine-containing RNA reader activity [GO:0062153]; mRNA binding [GO:0003729]; RNA binding [GO:0003723],GO:0000346; GO:0001649; GO:0003723; GO:0003729; GO:0005634; GO:0005654; GO:0005737; GO:0005829; GO:0006397; GO:0006405; GO:0006406; GO:0008380; GO:0016020; GO:0016607; GO:0062153; GO:0070062; GO:0071013
Q86VZ6,JAZF1_HUMAN,Juxtaposed with another zinc finger protein 1 (TAK1-interacting protein 27) (Zinc finger protein 802),JAZF1 TIP27 ZNF802,9606.ENSP00000283928,lipid metabolic process [GO:0006629]; negative regulation of transcription by RNA polymerase II [GO:0000122],ciliary tip [GO:0097542]; cytosol [GO:0005829]; fibrillar center [GO:0001650]; nucleoplasm [GO:0005654]; nucleus [GO:0005634]; transcription repressor complex [GO:0017053],ciliary tip [GO:0097542]; cytosol [GO:0005829]; fibrillar center [GO:0001650]; nucleoplasm [GO:0005654]; nucleus [GO:0005634]; transcription repressor complex [GO:0017053]; transcription corepressor activity [GO:0003714]; zinc ion binding [GO:0008270]; lipid metabolic process [GO:0006629]; negative regulation of transcription by RNA polymerase II [GO:0000122],transcription corepressor activity [GO:0003714]; zinc ion binding [GO:0008270],GO:0000122; GO:0001650; GO:0003714; GO:0005634; GO:0005654; GO:0005829; GO:0006629; GO:0008270; GO:0017053; GO:0097542
Q8IZA0,K319L_HUMAN,Dyslexia-associated protein KIAA0319-like protein (Adeno-associated virus receptor) (AAVR),KIAA0319L AAVR KIAA1837 PP791,9606.ENSP00000318406,flagellated sperm motility [GO:0030317]; neuron migration [GO:0001764]; proacrosomal vesicle fusion [GO:0120211]; receptor-mediated endocytosis of virus by host cell [GO:0019065]; response to auditory stimulus [GO:0010996],cytoplasmic vesicle [GO:0031410]; Golgi apparatus [GO:0005794]; Golgi membrane [GO:0000139]; membrane [GO:0016020]; nucleolus [GO:0005730]; plasma membrane [GO:0005886]; trans-Golgi network membrane [GO:0032588],cytoplasmic vesicle [GO:0031410]; Golgi apparatus [GO:0005794]; Golgi membrane [GO:0000139]; membrane [GO:0016020]; nucleolus [GO:0005730]; plasma membrane [GO:0005886]; trans-Golgi network membrane [GO:0032588]; flagellated sperm motility [GO:0030317]; neuron migration [GO:0001764]; proacrosomal vesicle fusion [GO:0120211]; receptor-mediated endocytosis of virus by host cell [GO:0019065]; response to auditory stimulus [GO:0010996],,GO:0000139; GO:0001764; GO:0005730; GO:0005794; GO:0005886; GO:0010996; GO:0016020; GO:0019065; GO:0030317; GO:0031410; GO:0032588; GO:0120211
Q8NDB2,BANK1_HUMAN,B-cell scaffold protein with ankyrin repeats,BANK1,9606.ENSP00000320509,B cell activation [GO:0042113]; B cell receptor signaling pathway [GO:0050853]; MAPK cascade [GO:0000165]; negative regulation of B cell activation [GO:0050869]; negative regulation of interleukin-6 production [GO:0032715]; negative regulation of phosphatidylinositol 3-kinase/protein kinase B signal transduction [GO:0051898]; negative regulation of translational initiation [GO:0045947]; phosphatidylinositol 3-kinase/protein kinase B signal transduction [GO:0043491]; positive regulation of MAPK cascade [GO:0043410]; positive regulation of peptidyl-tyrosine phosphorylation [GO:0050731]; response to bacterium [GO:0009617],perinuclear region of cytoplasm [GO:0048471],perinuclear region of cytoplasm [GO:0048471]; phospholipase binding [GO:0043274]; protease binding [GO:0002020]; protein tyrosine kinase binding [GO:1990782]; signaling adaptor activity [GO:0035591]; signaling receptor binding [GO:0005102]; B cell activation [GO:0042113]; B cell receptor signaling pathway [GO:0050853]; MAPK cascade [GO:0000165]; negative regulation of B cell activation [GO:0050869]; negative regulation of interleukin-6 production [GO:0032715]; negative regulation of phosphatidylinositol 3-kinase/protein kinase B signal transduction [GO:0051898]; negative regulation of translational initiation [GO:0045947]; phosphatidylinositol 3-kinase/protein kinase B signal transduction [GO:0043491]; positive regulation of MAPK cascade [GO:0043410]; positive regulation of peptidyl-tyrosine phosphorylation [GO:0050731]; response to bacterium [GO:0009617],phospholipase binding [GO:0043274]; protease binding [GO:0002020]; protein tyrosine kinase binding [GO:1990782]; signaling adaptor activity [GO:0035591]; signaling receptor binding [GO:0005102],GO:0000165; GO:0002020; GO:0005102; GO:0009617; GO:0032715; GO:0035591; GO:0042113; GO:0043274; GO:0043410; GO:0043491; GO:0045947; GO:0048471; GO:0050731; GO:0050853; GO:0050869; GO:0051898; GO:1990782
Q8TDQ0,HAVR2_HUMAN,Hepatitis A virus cellular receptor 2 (HAVcr-2) (T-cell immunoglobulin and mucin domain-containing protein 3) (TIMD-3) (T-cell immunoglobulin mucin receptor 3) (TIM-3) (T-cell membrane protein 3) (CD antigen CD366),HAVCR2 TIM3 TIMD3,9606.ENSP00000312002,adaptive immune response [GO:0002250]; cellular response to lipopolysaccharide [GO:0071222]; defense response to Gram-positive bacterium [GO:0050830]; inflammatory response [GO:0006954]; innate immune response [GO:0045087]; macrophage activation involved in immune response [GO:0002281]; maternal process involved in female pregnancy [GO:0060135]; natural killer cell tolerance induction [GO:0002519]; negative regulation of defense response to bacterium [GO:1900425]; negative regulation of gene expression [GO:0010629]; negative regulation of granulocyte colony-stimulating factor production [GO:0071656]; negative regulation of immunological synapse formation [GO:2000521]; negative regulation of interferon-alpha production [GO:0032687]; negative regulation of interleukin-2 production [GO:0032703]; negative regulation of interleukin-3 production [GO:0032712]; negative regulation of interleukin-6 production [GO:0032715]; negative regulation of myeloid dendritic cell activation [GO:0030886]; negative regulation of natural killer cell activation [GO:0032815]; negative regulation of natural killer cell mediated cytotoxicity directed against tumor cell target [GO:0002859]; negative regulation of NF-kappaB transcription factor activity [GO:0032088]; negative regulation of T cell activation via T cell receptor contact with antigen bound to MHC molecule on antigen presenting cell [GO:2001189]; negative regulation of T cell proliferation [GO:0042130]; negative regulation of T-helper 1 type immune response [GO:0002826]; negative regulation of tumor necrosis factor production [GO:0032720]; negative regulation of type II interferon production [GO:0032689]; positive regulation of chemokine production [GO:0032722]; positive regulation of defense response to bacterium [GO:1900426]; positive regulation of ERK1 and ERK2 cascade [GO:0070374]; positive regulation of interleukin-1 production [GO:0032732]; positive regulation of interleukin-4 production [GO:0032753]; positive regulation of macrophage activation [GO:0043032]; positive regulation of non-canonical NF-kappaB signal transduction [GO:1901224]; positive regulation of T cell proliferation [GO:0042102]; positive regulation of tumor necrosis factor production [GO:0032760]; positive regulation of type II interferon production [GO:0032729]; regulation of tolerance induction dependent upon immune response [GO:0002652]; regulation of transcription by RNA polymerase II [GO:0006357]; toll-like receptor 3 signaling pathway [GO:0034138]; toll-like receptor 7 signaling pathway [GO:0034154]; toll-like receptor 9 signaling pathway [GO:0034162],anchoring junction [GO:0070161]; cell surface [GO:0009986]; early endosome [GO:0005769]; immunological synapse [GO:0001772]; mediator complex [GO:0016592]; plasma membrane [GO:0005886],anchoring junction [GO:0070161]; cell surface [GO:0009986]; early endosome [GO:0005769]; immunological synapse [GO:0001772]; mediator complex [GO:0016592]; plasma membrane [GO:0005886]; metal ion binding [GO:0046872]; transmembrane signaling receptor activity [GO:0004888]; adaptive immune response [GO:0002250]; cellular response to lipopolysaccharide [GO:0071222]; defense response to Gram-positive bacterium [GO:0050830]; inflammatory response [GO:0006954]; innate immune response [GO:0045087]; macrophage activation involved in immune response [GO:0002281]; maternal process involved in female pregnancy [GO:0060135]; natural killer cell tolerance induction [GO:0002519]; negative regulation of defense response to bacterium [GO:1900425]; negative regulation of gene expression [GO:0010629]; negative regulation of granulocyte colony-stimulating factor production [GO:0071656]; negative regulation of immunological synapse formation [GO:2000521]; negative regulation of interferon-alpha production [GO:0032687]; negative regulation of interleukin-2 production [GO:0032703]; negative regulation of interleukin-3 production [GO:0032712]; negative regulation of interleukin-6 production [GO:0032715]; negative regulation of myeloid dendritic cell activation [GO:0030886]; negative regulation of natural killer cell activation [GO:0032815]; negative regulation of natural killer cell mediated cytotoxicity directed against tumor cell target [GO:0002859]; negative regulation of NF-kappaB transcription factor activity [GO:0032088]; negative regulation of T cell activation via T cell receptor contact with antigen bound to MHC molecule on antigen presenting cell [GO:2001189]; negative regulation of T cell proliferation [GO:0042130]; negative regulation of T-helper 1 type immune response [GO:0002826]; negative regulation of tumor necrosis factor production [GO:0032720]; negative regulation of type II interferon production [GO:0032689]; positive regulation of chemokine production [GO:0032722]; positive regulation of defense response to bacterium [GO:1900426]; positive regulation of ERK1 and ERK2 cascade [GO:0070374]; positive regulation of interleukin-1 production [GO:0032732]; positive regulation of interleukin-4 production [GO:0032753]; positive regulation of macrophage activation [GO:0043032]; positive regulation of non-canonical NF-kappaB signal transduction [GO:1901224]; positive regulation of T cell proliferation [GO:0042102]; positive regulation of tumor necrosis factor production [GO:0032760]; positive regulation of type II interferon production [GO:0032729]; regulation of tolerance induction dependent upon immune response [GO:0002652]; regulation of transcription by RNA polymerase II [GO:0006357]; toll-like receptor 3 signaling pathway [GO:0034138]; toll-like receptor 7 signaling pathway [GO:0034154]; toll-like receptor 9 signaling pathway [GO:0034162],metal ion binding [GO:0046872]; transmembrane signaling receptor activity [GO:0004888],GO:0001772; GO:0002250; GO:0002281; GO:0002519; GO:0002652; GO:0002826; GO:0002859; GO:0004888; GO:0005769; GO:0005886; GO:0006357; GO:0006954; GO:0009986; GO:0010629; GO:0016592; GO:0030886; GO:0032088; GO:0032687; GO:0032689; GO:0032703; GO:0032712; GO:0032715; GO:0032720; GO:0032722; GO:0032729; GO:0032732; GO:0032753; GO:0032760; GO:0032815; GO:0034138; GO:0034154; GO:0034162; GO:0042102; GO:0042130; GO:0043032; GO:0045087; GO:0046872; GO:0050830; GO:0060135; GO:0070161; GO:0070374; GO:0071222; GO:0071656; GO:1900425; GO:1900426; GO:1901224; GO:2000521; GO:2001189
Q8WWX8,SC5AB_HUMAN,Sodium/myo-inositol cotransporter 2 (Na(+)/myo-inositol cotransporter 2) (Sodium-dependent glucose cotransporter) (Sodium/glucose cotransporter KST1) (Sodium/myo-inositol transporter 2) (SMIT2) (Solute carrier family 5 member 11),SLC5A11 KST1 SLGTX SMIT2,9606.ENSP00000289932,apoptotic process [GO:0006915]; myo-inositol transport [GO:0015798],apical plasma membrane [GO:0016324]; plasma membrane [GO:0005886],apical plasma membrane [GO:0016324]; plasma membrane [GO:0005886]; D-glucose:sodium symporter activity [GO:0005412]; myo-inositol transmembrane transporter activity [GO:0005365]; polyol transmembrane transporter activity [GO:0015166]; apoptotic process [GO:0006915]; myo-inositol transport [GO:0015798],D-glucose:sodium symporter activity [GO:0005412]; myo-inositol transmembrane transporter activity [GO:0005365]; polyol transmembrane transporter activity [GO:0015166],GO:0005365; GO:0005412; GO:0005886; GO:0006915; GO:0015166; GO:0015798; GO:0016324
Q969S6,TM203_HUMAN,Transmembrane protein 203,TMEM203,9606.ENSP00000375053,intracellular calcium ion homeostasis [GO:0006874]; spermatogenesis [GO:0007283],endoplasmic reticulum [GO:0005783]; endoplasmic reticulum membrane [GO:0005789]; endoplasmic reticulum-Golgi intermediate compartment [GO:0005793]; lysosomal membrane [GO:0005765],endoplasmic reticulum [GO:0005783]; endoplasmic reticulum membrane [GO:0005789]; endoplasmic reticulum-Golgi intermediate compartment [GO:0005793]; lysosomal membrane [GO:0005765]; intracellular calcium ion homeostasis [GO:0006874]; spermatogenesis [GO:0007283],,GO:0005765; GO:0005783; GO:0005789; GO:0005793; GO:0006874; GO:0007283
Q96DU3,SLAF6_HUMAN,SLAM family member 6 (Activating NK receptor) (NK-T-B-antigen) (NTB-A) (CD antigen CD352),SLAMF6 KALI UNQ6123/PRO20080,9606.ENSP00000357036,immune response [GO:0006955]; innate immune response [GO:0045087]; positive regulation of interleukin-17 production [GO:0032740]; positive regulation of natural killer cell mediated cytotoxicity [GO:0045954]; positive regulation of type II interferon production [GO:0032729]; T cell activation [GO:0042110]; T-helper 17 cell lineage commitment [GO:0072540],external side of plasma membrane [GO:0009897]; extracellular exosome [GO:0070062]; plasma membrane [GO:0005886],external side of plasma membrane [GO:0009897]; extracellular exosome [GO:0070062]; plasma membrane [GO:0005886]; immune response [GO:0006955]; innate immune response [GO:0045087]; positive regulation of interleukin-17 production [GO:0032740]; positive regulation of natural killer cell mediated cytotoxicity [GO:0045954]; positive regulation of type II interferon production [GO:0032729]; T cell activation [GO:0042110]; T-helper 17 cell lineage commitment [GO:0072540],,GO:0005886; GO:0006955; GO:0009897; GO:0032729; GO:0032740; GO:0042110; GO:0045087; GO:0045954; GO:0070062; GO:0072540
Q9BXF6,RFIP5_HUMAN,Rab11 family-interacting protein 5 (Rab11-FIP5) (Gamma-SNAP-associated factor 1) (Gaf-1) (Phosphoprotein pp75) (Rab11-interacting protein Rip11),RAB11FIP5 GAF1 KIAA0857 RIP11,9606.ENSP00000258098,cellular response to acidic pH [GO:0071468]; insulin secretion involved in cellular response to glucose stimulus [GO:0035773]; negative regulation of adiponectin secretion [GO:0070164]; regulated exocytosis [GO:0045055]; regulation of protein localization to cell surface [GO:2000008],acrosomal vesicle [GO:0001669]; centriolar satellite [GO:0034451]; ciliary basal body [GO:0036064]; cilium [GO:0005929]; early endosome [GO:0005769]; early endosome membrane [GO:0031901]; Golgi apparatus [GO:0005794]; Golgi membrane [GO:0000139]; mitochondrial outer membrane [GO:0005741]; mitochondrion [GO:0005739]; nuclear speck [GO:0016607]; phagocytic vesicle [GO:0045335]; plasma membrane [GO:0005886]; recycling endosome [GO:0055037]; recycling endosome membrane [GO:0055038]; secretory granule [GO:0030141]; sperm annulus [GO:0097227]; sperm end piece [GO:0097229]; sperm principal piece [GO:0097228]; transport vesicle membrane [GO:0030658],acrosomal vesicle [GO:0001669]; centriolar satellite [GO:0034451]; ciliary basal body [GO:0036064]; cilium [GO:0005929]; early endosome [GO:0005769]; early endosome membrane [GO:0031901]; Golgi apparatus [GO:0005794]; Golgi membrane [GO:0000139]; mitochondrial outer membrane [GO:0005741]; mitochondrion [GO:0005739]; nuclear speck [GO:0016607]; phagocytic vesicle [GO:0045335]; plasma membrane [GO:0005886]; recycling endosome [GO:0055037]; recycling endosome membrane [GO:0055038]; secretory granule [GO:0030141]; sperm annulus [GO:0097227]; sperm end piece [GO:0097229]; sperm principal piece [GO:0097228]; transport vesicle membrane [GO:0030658]; gamma-tubulin binding [GO:0043015]; small GTPase binding [GO:0031267]; cellular response to acidic pH [GO:0071468]; insulin secretion involved in cellular response to glucose stimulus [GO:0035773]; negative regulation of adiponectin secretion [GO:0070164]; regulated exocytosis [GO:0045055]; regulation of protein localization to cell surface [GO:2000008],gamma-tubulin binding [GO:0043015]; small GTPase binding [GO:0031267],GO:0000139; GO:0001669; GO:0005739; GO:0005741; GO:0005769; GO:0005794; GO:0005886; GO:0005929; GO:0016607; GO:0030141; GO:0030658; GO:0031267; GO:0031901; GO:0034451; GO:0035773; GO:0036064; GO:0043015; GO:0045055; GO:0045335; GO:0055037; GO:0055038; GO:0070164; GO:0071468; GO:0097227; GO:0097228; GO:0097229; GO:2000008
Q9BXJ3,C1QT4_HUMAN,Complement C1q tumor necrosis factor-related protein 4 (C1q/TNF-related protein 4),C1QTNF4 CTRP4,9606.ENSP00000302274,cell surface receptor signaling pathway via STAT [GO:0097696]; gene expression [GO:0010467]; positive regulation of interleukin-6 production [GO:0032755]; positive regulation of interleukin-6-mediated signaling pathway [GO:0070105]; positive regulation of non-canonical NF-kappaB signal transduction [GO:1901224]; positive regulation of tumor necrosis factor production [GO:0032760]; reduction of food intake in response to dietary excess [GO:0002023],extracellular space [GO:0005615],extracellular space [GO:0005615]; cytokine activity [GO:0005125]; cell surface receptor signaling pathway via STAT [GO:0097696]; gene expression [GO:0010467]; positive regulation of interleukin-6 production [GO:0032755]; positive regulation of interleukin-6-mediated signaling pathway [GO:0070105]; positive regulation of non-canonical NF-kappaB signal transduction [GO:1901224]; positive regulation of tumor necrosis factor production [GO:0032760]; reduction of food intake in response to dietary excess [GO:0002023],cytokine activity [GO:0005125],GO:0002023; GO:0005125; GO:0005615; GO:0010467; GO:0032755; GO:0032760; GO:0070105; GO:0097696; GO:1901224
Q9C000,NLRP1_HUMAN,"NACHT, LRR and PYD domains-containing protein 1 (EC 3.4.-.-) (EC 3.6.4.-) (Caspase recruitment domain-containing protein 7) (Death effector filament-forming ced-4-like apoptosis protein) (Nucleotide-binding domain and caspase recruitment domain) [Cleaved into: NACHT, LRR and PYD domains-containing protein 1, C-terminus (NLRP1-CT); NACHT, LRR and PYD domains-containing protein 1, N-terminus (NLRP1-NT)]",NLRP1 CARD7 DEFCAP KIAA0926 NAC NALP1,9606.ENSP00000460475,activation of innate immune response [GO:0002218]; antiviral innate immune response [GO:0140374]; apoptotic process [GO:0006915]; cellular response to UV-B [GO:0071493]; defense response to bacterium [GO:0042742]; defense response to virus [GO:0051607]; inflammatory response [GO:0006954]; intrinsic apoptotic signaling pathway [GO:0097193]; neuron apoptotic process [GO:0051402]; NLRP1 inflammasome complex assembly [GO:1904784]; pattern recognition receptor signaling pathway [GO:0002221]; positive regulation of inflammatory response [GO:0050729]; positive regulation of interleukin-1 beta production [GO:0032731]; protein homooligomerization [GO:0051260]; pyroptotic inflammatory response [GO:0070269]; regulation of apoptotic process [GO:0042981]; regulation of inflammatory response [GO:0050727]; response to muramyl dipeptide [GO:0032495]; self proteolysis [GO:0097264]; signal transduction [GO:0007165],cytoplasm [GO:0005737]; cytosol [GO:0005829]; NLRP1 inflammasome complex [GO:0072558]; NLRP3 inflammasome complex [GO:0072559]; nucleolus [GO:0005730]; nucleoplasm [GO:0005654]; nucleus [GO:0005634],cytoplasm [GO:0005737]; cytosol [GO:0005829]; NLRP1 inflammasome complex [GO:0072558]; NLRP3 inflammasome complex [GO:0072559]; nucleolus [GO:0005730]; nucleoplasm [GO:0005654]; nucleus [GO:0005634]; ATP binding [GO:0005524]; ATP hydrolysis activity [GO:0016887]; cysteine-type endopeptidase activator activity [GO:0140608]; cysteine-type endopeptidase activator activity involved in apoptotic process [GO:0008656]; double-stranded DNA binding [GO:0003690]; double-stranded RNA binding [GO:0003725]; enzyme binding [GO:0019899]; molecular condensate scaffold activity [GO:0140693]; pattern recognition receptor activity [GO:0038187]; peptidase activity [GO:0008233]; protein domain specific binding [GO:0019904]; signaling adaptor activity [GO:0035591]; activation of innate immune response [GO:0002218]; antiviral innate immune response [GO:0140374]; apoptotic process [GO:0006915]; cellular response to UV-B [GO:0071493]; defense response to bacterium [GO:0042742]; defense response to virus [GO:0051607]; inflammatory response [GO:0006954]; intrinsic apoptotic signaling pathway [GO:0097193]; neuron apoptotic process [GO:0051402]; NLRP1 inflammasome complex assembly [GO:1904784]; pattern recognition receptor signaling pathway [GO:0002221]; positive regulation of inflammatory response [GO:0050729]; positive regulation of interleukin-1 beta production [GO:0032731]; protein homooligomerization [GO:0051260]; pyroptotic inflammatory response [GO:0070269]; regulation of apoptotic process [GO:0042981]; regulation of inflammatory response [GO:0050727]; response to muramyl dipeptide [GO:0032495]; self proteolysis [GO:0097264]; signal transduction [GO:0007165],ATP binding [GO:0005524]; ATP hydrolysis activity [GO:0016887]; cysteine-type endopeptidase activator activity [GO:0140608]; cysteine-type endopeptidase activator activity involved in apoptotic process [GO:0008656]; double-stranded DNA binding [GO:0003690]; double-stranded RNA binding [GO:0003725]; enzyme binding [GO:0019899]; molecular condensate scaffold activity [GO:0140693]; pattern recognition receptor activity [GO:0038187]; peptidase activity [GO:0008233]; protein domain specific binding [GO:0019904]; signaling adaptor activity [GO:0035591],GO:0002218; GO:0002221; GO:0003690; GO:0003725; GO:0005524; GO:0005634; GO:0005654; GO:0005730; GO:0005737; GO:0005829; GO:0006915; GO:0006954; GO:0007165; GO:0008233; GO:0008656; GO:0016887; GO:0019899; GO:0019904; GO:0032495; GO:0032731; GO:0035591; GO:0038187; GO:0042742; GO:0042981; GO:0050727; GO:0050729; GO:0051260; GO:0051402; GO:0051607; GO:0070269; GO:0071493; GO:0072558; GO:0072559; GO:0097193; GO:0097264; GO:0140374; GO:0140608; GO:0140693; GO:1904784
Q9HAI6,TASL_HUMAN,TLR adapter interacting with SLC15A4 on the lysosome,TASL CXorf21,9606.ENSP00000368245,innate immune response [GO:0045087]; positive regulation of innate immune response [GO:0045089]; positive regulation of toll-like receptor 7 signaling pathway [GO:0034157]; positive regulation of toll-like receptor 8 signaling pathway [GO:0034161]; regulation of lysosomal lumen pH [GO:0035751]; regulation of toll-like receptor signaling pathway [GO:0034121],cytosol [GO:0005829]; endolysosome membrane [GO:0036020]; nucleoplasm [GO:0005654],cytosol [GO:0005829]; endolysosome membrane [GO:0036020]; nucleoplasm [GO:0005654]; innate immune response [GO:0045087]; positive regulation of innate immune response [GO:0045089]; positive regulation of toll-like receptor 7 signaling pathway [GO:0034157]; positive regulation of toll-like receptor 8 signaling pathway [GO:0034161]; regulation of lysosomal lumen pH [GO:0035751]; regulation of toll-like receptor signaling pathway [GO:0034121],,GO:0005654; GO:0005829; GO:0034121; GO:0034157; GO:0034161; GO:0035751; GO:0036020; GO:0045087; GO:0045089
Q9HAT2,SIAE_HUMAN,Sialate O-acetylesterase (SIAE) (EC 3.1.1.53) (H-Lse) (Sialic acid-specific 9-O-acetylesterase),SIAE YSG2,9606.ENSP00000263593,carbohydrate metabolic process [GO:0005975]; regulation of immune system process [GO:0002682],extracellular exosome [GO:0070062]; extracellular space [GO:0005615]; lysosome [GO:0005764],extracellular exosome [GO:0070062]; extracellular space [GO:0005615]; lysosome [GO:0005764]; sialate 9-O-acetylesterase activity [GO:0106330]; sialate O-acetylesterase activity [GO:0001681]; carbohydrate metabolic process [GO:0005975]; regulation of immune system process [GO:0002682],sialate 9-O-acetylesterase activity [GO:0106330]; sialate O-acetylesterase activity [GO:0001681],GO:0001681; GO:0002682; GO:0005615; GO:0005764; GO:0005975; GO:0070062; GO:0106330
Q9HBG7,LY9_HUMAN,T-lymphocyte surface antigen Ly-9 (Cell surface molecule Ly-9) (Lymphocyte antigen 9) (SLAM family member 3) (SLAMF3) (Signaling lymphocytic activation molecule 3) (CD antigen CD229),LY9 CDABP0070,9606.ENSP00000263285,cell adhesion [GO:0007155]; immune response [GO:0006955]; innate immune response [GO:0045087]; positive regulation of interleukin-17 production [GO:0032740]; T cell activation [GO:0042110]; T-helper 17 cell lineage commitment [GO:0072540],external side of plasma membrane [GO:0009897]; plasma membrane [GO:0005886],external side of plasma membrane [GO:0009897]; plasma membrane [GO:0005886]; cell adhesion [GO:0007155]; immune response [GO:0006955]; innate immune response [GO:0045087]; positive regulation of interleukin-17 production [GO:0032740]; T cell activation [GO:0042110]; T-helper 17 cell lineage commitment [GO:0072540],,GO:0005886; GO:0006955; GO:0007155; GO:0009897; GO:0032740; GO:0042110; GO:0045087; GO:0072540
Q9NQ25,SLAF7_HUMAN,SLAM family member 7 (CD2 subset 1) (CD2-like receptor-activating cytotoxic cells) (CRACC) (Membrane protein FOAP-12) (Novel Ly9) (Protein 19A) (CD antigen CD319),SLAMF7 CS1 UNQ576/PRO1138,9606.ENSP00000357022,adaptive immune response [GO:0002250]; cell adhesion [GO:0007155]; immune response [GO:0006955]; natural killer cell activation [GO:0030101]; natural killer cell mediated cytotoxicity [GO:0042267]; T cell activation [GO:0042110],external side of plasma membrane [GO:0009897]; plasma membrane [GO:0005886],external side of plasma membrane [GO:0009897]; plasma membrane [GO:0005886]; identical protein binding [GO:0042802]; adaptive immune response [GO:0002250]; cell adhesion [GO:0007155]; immune response [GO:0006955]; natural killer cell activation [GO:0030101]; natural killer cell mediated cytotoxicity [GO:0042267]; T cell activation [GO:0042110],identical protein binding [GO:0042802],GO:0002250; GO:0005886; GO:0006955; GO:0007155; GO:0009897; GO:0030101; GO:0042110; GO:0042267; GO:0042802
Q9NSU2,TREX1_HUMAN,Three-prime repair exonuclease 1 (EC 3.1.11.2) (3'-5' exonuclease TREX1) (Deoxyribonuclease III) (DNase III),TREX1,9606.ENSP00000486676,activation of immune response [GO:0002253]; apoptotic cell clearance [GO:0043277]; atrial cardiac muscle tissue development [GO:0003228]; blood vessel development [GO:0001568]; cellular response to gamma radiation [GO:0071480]; cellular response to hydroxyurea [GO:0072711]; cellular response to interferon-beta [GO:0035458]; cellular response to reactive oxygen species [GO:0034614]; defense response to virus [GO:0051607]; determination of adult lifespan [GO:0008340]; DNA catabolic process [GO:0006308]; DNA metabolic process [GO:0006259]; DNA modification [GO:0006304]; DNA recombination [GO:0006310]; DNA repair [GO:0006281]; DNA replication [GO:0006260]; DNA synthesis involved in UV-damage excision repair [GO:1904161]; establishment of protein localization [GO:0045184]; generation of precursor metabolites and energy [GO:0006091]; glycoprotein biosynthetic process [GO:0009101]; heart morphogenesis [GO:0003007]; heart process [GO:0003015]; immune complex formation [GO:0097281]; immune response in brain or nervous system [GO:0002383]; inflammatory response to antigenic stimulus [GO:0002437]; kidney development [GO:0001822]; lymphoid progenitor cell differentiation [GO:0002320]; macrophage activation involved in immune response [GO:0002281]; mismatch repair [GO:0006298]; mitotic G1 DNA damage checkpoint signaling [GO:0031571]; negative regulation of cGAS/STING signaling pathway [GO:0160049]; negative regulation of innate immune response [GO:0045824]; negative regulation of type I interferon-mediated signaling pathway [GO:0060339]; protein stabilization [GO:0050821]; regulation of cellular respiration [GO:0043457]; regulation of fatty acid metabolic process [GO:0019217]; regulation of glycolytic process [GO:0006110]; regulation of immunoglobulin production [GO:0002637]; regulation of inflammatory response [GO:0050727]; regulation of lipid biosynthetic process [GO:0046890]; regulation of lysosome organization [GO:1905671]; regulation of protein complex stability [GO:0061635]; regulation of T cell activation [GO:0050863]; regulation of tumor necrosis factor production [GO:0032680]; regulation of type I interferon production [GO:0032479]; retrotransposition [GO:0032197]; T cell antigen processing and presentation [GO:0002457]; type I interferon-mediated signaling pathway [GO:0060337],cytoplasm [GO:0005737]; cytosol [GO:0005829]; endoplasmic reticulum membrane [GO:0005789]; nuclear envelope [GO:0005635]; nuclear replication fork [GO:0043596]; oligosaccharyltransferase complex [GO:0008250]; protein-DNA complex [GO:0032993],"cytoplasm [GO:0005737]; cytosol [GO:0005829]; endoplasmic reticulum membrane [GO:0005789]; nuclear envelope [GO:0005635]; nuclear replication fork [GO:0043596]; oligosaccharyltransferase complex [GO:0008250]; protein-DNA complex [GO:0032993]; 3'-5' exonuclease activity [GO:0008408]; 3'-5'-DNA exonuclease activity [GO:0008296]; adenyl deoxyribonucleotide binding [GO:0032558]; DNA binding, bending [GO:0008301]; double-stranded DNA 3'-5' DNA exonuclease activity [GO:0008311]; double-stranded DNA binding [GO:0003690]; magnesium ion binding [GO:0000287]; metal ion binding [GO:0046872]; MutLalpha complex binding [GO:0032405]; MutSalpha complex binding [GO:0032407]; protein homodimerization activity [GO:0042803]; single-stranded DNA binding [GO:0003697]; WW domain binding [GO:0050699]; activation of immune response [GO:0002253]; apoptotic cell clearance [GO:0043277]; atrial cardiac muscle tissue development [GO:0003228]; blood vessel development [GO:0001568]; cellular response to gamma radiation [GO:0071480]; cellular response to hydroxyurea [GO:0072711]; cellular response to interferon-beta [GO:0035458]; cellular response to reactive oxygen species [GO:0034614]; defense response to virus [GO:0051607]; determination of adult lifespan [GO:0008340]; DNA catabolic process [GO:0006308]; DNA metabolic process [GO:0006259]; DNA modification [GO:0006304]; DNA recombination [GO:0006310]; DNA repair [GO:0006281]; DNA replication [GO:0006260]; DNA synthesis involved in UV-damage excision repair [GO:1904161]; establishment of protein localization [GO:0045184]; generation of precursor metabolites and energy [GO:0006091]; glycoprotein biosynthetic process [GO:0009101]; heart morphogenesis [GO:0003007]; heart process [GO:0003015]; immune complex formation [GO:0097281]; immune response in brain or nervous system [GO:0002383]; inflammatory response to antigenic stimulus [GO:0002437]; kidney development [GO:0001822]; lymphoid progenitor cell differentiation [GO:0002320]; macrophage activation involved in immune response [GO:0002281]; mismatch repair [GO:0006298]; mitotic G1 DNA damage checkpoint signaling [GO:0031571]; negative regulation of cGAS/STING signaling pathway [GO:0160049]; negative regulation of innate immune response [GO:0045824]; negative regulation of type I interferon-mediated signaling pathway [GO:0060339]; protein stabilization [GO:0050821]; regulation of cellular respiration [GO:0043457]; regulation of fatty acid metabolic process [GO:0019217]; regulation of glycolytic process [GO:0006110]; regulation of immunoglobulin production [GO:0002637]; regulation of inflammatory response [GO:0050727]; regulation of lipid biosynthetic process [GO:0046890]; regulation of lysosome organization [GO:1905671]; regulation of protein complex stability [GO:0061635]; regulation of T cell activation [GO:0050863]; regulation of tumor necrosis factor production [GO:0032680]; regulation of type I interferon production [GO:0032479]; retrotransposition [GO:0032197]; T cell antigen processing and presentation [GO:0002457]; type I interferon-mediated signaling pathway [GO:0060337]","3'-5' exonuclease activity [GO:0008408]; 3'-5'-DNA exonuclease activity [GO:0008296]; adenyl deoxyribonucleotide binding [GO:0032558]; DNA binding, bending [GO:0008301]; double-stranded DNA 3'-5' DNA exonuclease activity [GO:0008311]; double-stranded DNA binding [GO:0003690]; magnesium ion binding [GO:0000287]; metal ion binding [GO:0046872]; MutLalpha complex binding [GO:0032405]; MutSalpha complex binding [GO:0032407]; protein homodimerization activity [GO:0042803]; single-stranded DNA binding [GO:0003697]; WW domain binding [GO:0050699]",GO:0000287; GO:0001568; GO:0001822; GO:0002253; GO:0002281; GO:0002320; GO:0002383; GO:0002437; GO:0002457; GO:0002637; GO:0003007; GO:0003015; GO:0003228; GO:0003690; GO:0003697; GO:0005635; GO:0005737; GO:0005789; GO:0005829; GO:0006091; GO:0006110; GO:0006259; GO:0006260; GO:0006281; GO:0006298; GO:0006304; GO:0006308; GO:0006310; GO:0008250; GO:0008296; GO:0008301; GO:0008311; GO:0008340; GO:0008408; GO:0009101; GO:0019217; GO:0031571; GO:0032197; GO:0032405; GO:0032407; GO:0032479; GO:0032558; GO:0032680; GO:0032993; GO:0034614; GO:0035458; GO:0042803; GO:0043277; GO:0043457; GO:0043596; GO:0045184; GO:0045824; GO:0046872; GO:0046890; GO:0050699; GO:0050727; GO:0050821; GO:0050863; GO:0051607; GO:0060337; GO:0060339; GO:0061635; GO:0071480; GO:0072711; GO:0097281; GO:0160049; GO:1904161; GO:1905671
Q9NYK1,TLR7_HUMAN,Toll-like receptor 7,TLR7 UNQ248/PRO285,9606.ENSP00000370034,canonical NF-kappaB signal transduction [GO:0007249]; cellular response to mechanical stimulus [GO:0071260]; cellular response to virus [GO:0098586]; defense response to virus [GO:0051607]; inflammatory response [GO:0006954]; innate immune response [GO:0045087]; JNK cascade [GO:0007254]; positive regulation of canonical NF-kappaB signal transduction [GO:0043123]; positive regulation of chemokine production [GO:0032722]; positive regulation of inflammatory response [GO:0050729]; positive regulation of interferon-alpha production [GO:0032727]; positive regulation of interferon-beta production [GO:0032728]; positive regulation of interleukin-6 production [GO:0032755]; positive regulation of interleukin-8 production [GO:0032757]; positive regulation of macrophage cytokine production [GO:0060907]; positive regulation of transcription by RNA polymerase II [GO:0045944]; positive regulation of type II interferon production [GO:0032729]; response to cGMP [GO:0070305]; toll-like receptor 7 signaling pathway [GO:0034154]; toll-like receptor 8 signaling pathway [GO:0034158]; toll-like receptor signaling pathway [GO:0002224],cytoplasm [GO:0005737]; early phagosome [GO:0032009]; endolysosome membrane [GO:0036020]; endoplasmic reticulum [GO:0005783]; endoplasmic reticulum membrane [GO:0005789]; endosome [GO:0005768]; endosome membrane [GO:0010008]; Golgi membrane [GO:0000139]; lysosome [GO:0005764]; plasma membrane [GO:0005886]; receptor complex [GO:0043235],cytoplasm [GO:0005737]; early phagosome [GO:0032009]; endolysosome membrane [GO:0036020]; endoplasmic reticulum [GO:0005783]; endoplasmic reticulum membrane [GO:0005789]; endosome [GO:0005768]; endosome membrane [GO:0010008]; Golgi membrane [GO:0000139]; lysosome [GO:0005764]; plasma membrane [GO:0005886]; receptor complex [GO:0043235]; double-stranded RNA binding [GO:0003725]; pattern recognition receptor activity [GO:0038187]; single-stranded RNA binding [GO:0003727]; siRNA binding [GO:0035197]; canonical NF-kappaB signal transduction [GO:0007249]; cellular response to mechanical stimulus [GO:0071260]; cellular response to virus [GO:0098586]; defense response to virus [GO:0051607]; inflammatory response [GO:0006954]; innate immune response [GO:0045087]; JNK cascade [GO:0007254]; positive regulation of canonical NF-kappaB signal transduction [GO:0043123]; positive regulation of chemokine production [GO:0032722]; positive regulation of inflammatory response [GO:0050729]; positive regulation of interferon-alpha production [GO:0032727]; positive regulation of interferon-beta production [GO:0032728]; positive regulation of interleukin-6 production [GO:0032755]; positive regulation of interleukin-8 production [GO:0032757]; positive regulation of macrophage cytokine production [GO:0060907]; positive regulation of transcription by RNA polymerase II [GO:0045944]; positive regulation of type II interferon production [GO:0032729]; response to cGMP [GO:0070305]; toll-like receptor 7 signaling pathway [GO:0034154]; toll-like receptor 8 signaling pathway [GO:0034158]; toll-like receptor signaling pathway [GO:0002224],double-stranded RNA binding [GO:0003725]; pattern recognition receptor activity [GO:0038187]; single-stranded RNA binding [GO:0003727]; siRNA binding [GO:0035197],GO:0000139; GO:0002224; GO:0003725; GO:0003727; GO:0005737; GO:0005764; GO:0005768; GO:0005783; GO:0005789; GO:0005886; GO:0006954; GO:0007249; GO:0007254; GO:0010008; GO:0032009; GO:0032722; GO:0032727; GO:0032728; GO:0032729; GO:0032755; GO:0032757; GO:0034154; GO:0034158; GO:0035197; GO:0036020; GO:0038187; GO:0043123; GO:0043235; GO:0045087; GO:0045944; GO:0050729; GO:0051607; GO:0060907; GO:0070305; GO:0071260; GO:0098586
Q9UKS7,IKZF2_HUMAN,Zinc finger protein Helios (Ikaros family zinc finger protein 2),IKZF2 HELIOS ZNFN1A2,9606.ENSP00000412869,positive regulation of transcription by RNA polymerase II [GO:0045944]; regulation of transcription by RNA polymerase II [GO:0006357]; sensory perception of sound [GO:0007605],nucleus [GO:0005634],nucleus [GO:0005634]; DNA-binding transcription factor activity [GO:0003700]; identical protein binding [GO:0042802]; RNA polymerase II cis-regulatory region sequence-specific DNA binding [GO:0000978]; zinc ion binding [GO:0008270]; positive regulation of transcription by RNA polymerase II [GO:0045944]; regulation of transcription by RNA polymerase II [GO:0006357]; sensory perception of sound [GO:0007605],DNA-binding transcription factor activity [GO:0003700]; identical protein binding [GO:0042802]; RNA polymerase II cis-regulatory region sequence-specific DNA binding [GO:0000978]; zinc ion binding [GO:0008270],GO:0000978; GO:0003700; GO:0005634; GO:0006357; GO:0007605; GO:0008270; GO:0042802; GO:0045944
Q9Y2R2,PTN22_HUMAN,Tyrosine-protein phosphatase non-receptor type 22 (EC 3.1.3.48) (Hematopoietic cell protein-tyrosine phosphatase 70Z-PEP) (Lymphoid phosphatase) (LyP) (PEST-domain phosphatase) (PEP),PTPN22 PTPN8,9606.ENSP00000352833,autophagy [GO:0006914]; cellular response to muramyl dipeptide [GO:0071225]; lipid metabolic process [GO:0006629]; lipopolysaccharide-mediated signaling pathway [GO:0031663]; negative regulation of autophagy [GO:0010507]; negative regulation of gene expression [GO:0010629]; negative regulation of interleukin-6 production [GO:0032715]; negative regulation of interleukin-8 production [GO:0032717]; negative regulation of JUN kinase activity [GO:0043508]; negative regulation of nucleotide-binding oligomerization domain containing 2 signaling pathway [GO:0070433]; negative regulation of p38MAPK cascade [GO:1903753]; negative regulation of T cell activation [GO:0050868]; negative regulation of T cell receptor signaling pathway [GO:0050860]; negative regulation of tumor necrosis factor production [GO:0032720]; phosphoanandamide dephosphorylation [GO:0035644]; positive regulation of ERK1 and ERK2 cascade [GO:0070374]; positive regulation of gene expression [GO:0010628]; positive regulation of NLRP3 inflammasome complex assembly [GO:1900227]; positive regulation of protein K63-linked ubiquitination [GO:1902523]; positive regulation of toll-like receptor 3 signaling pathway [GO:0034141]; positive regulation of toll-like receptor 4 signaling pathway [GO:0034145]; positive regulation of type I interferon production [GO:0032481]; positive regulation of type II interferon production [GO:0032729]; regulation of B cell receptor signaling pathway [GO:0050855]; regulation of innate immune response [GO:0045088]; regulation of natural killer cell proliferation [GO:0032817]; regulation of non-canonical NF-kappaB signal transduction [GO:1901222]; response to lipopolysaccharide [GO:0032496]; T cell differentiation [GO:0030217]; T cell receptor signaling pathway [GO:0050852],cytoplasm [GO:0005737]; cytoplasmic side of plasma membrane [GO:0009898]; cytosol [GO:0005829]; nucleus [GO:0005634]; perinuclear region of cytoplasm [GO:0048471],cytoplasm [GO:0005737]; cytoplasmic side of plasma membrane [GO:0009898]; cytosol [GO:0005829]; nucleus [GO:0005634]; perinuclear region of cytoplasm [GO:0048471]; kinase binding [GO:0019900]; non-membrane spanning protein tyrosine phosphatase activity [GO:0004726]; phosphatase activity [GO:0016791]; protein tyrosine phosphatase activity [GO:0004725]; SH3 domain binding [GO:0017124]; ubiquitin protein ligase binding [GO:0031625]; autophagy [GO:0006914]; cellular response to muramyl dipeptide [GO:0071225]; lipid metabolic process [GO:0006629]; lipopolysaccharide-mediated signaling pathway [GO:0031663]; negative regulation of autophagy [GO:0010507]; negative regulation of gene expression [GO:0010629]; negative regulation of interleukin-6 production [GO:0032715]; negative regulation of interleukin-8 production [GO:0032717]; negative regulation of JUN kinase activity [GO:0043508]; negative regulation of nucleotide-binding oligomerization domain containing 2 signaling pathway [GO:0070433]; negative regulation of p38MAPK cascade [GO:1903753]; negative regulation of T cell activation [GO:0050868]; negative regulation of T cell receptor signaling pathway [GO:0050860]; negative regulation of tumor necrosis factor production [GO:0032720]; phosphoanandamide dephosphorylation [GO:0035644]; positive regulation of ERK1 and ERK2 cascade [GO:0070374]; positive regulation of gene expression [GO:0010628]; positive regulation of NLRP3 inflammasome complex assembly [GO:1900227]; positive regulation of protein K63-linked ubiquitination [GO:1902523]; positive regulation of toll-like receptor 3 signaling pathway [GO:0034141]; positive regulation of toll-like receptor 4 signaling pathway [GO:0034145]; positive regulation of type I interferon production [GO:0032481]; positive regulation of type II interferon production [GO:0032729]; regulation of B cell receptor signaling pathway [GO:0050855]; regulation of innate immune response [GO:0045088]; regulation of natural killer cell proliferation [GO:0032817]; regulation of non-canonical NF-kappaB signal transduction [GO:1901222]; response to lipopolysaccharide [GO:0032496]; T cell differentiation [GO:0030217]; T cell receptor signaling pathway [GO:0050852],kinase binding [GO:0019900]; non-membrane spanning protein tyrosine phosphatase activity [GO:0004726]; phosphatase activity [GO:0016791]; protein tyrosine phosphatase activity [GO:0004725]; SH3 domain binding [GO:0017124]; ubiquitin protein ligase binding [GO:0031625],GO:0004725; GO:0004726; GO:0005634; GO:0005737; GO:0005829; GO:0006629; GO:0006914; GO:0009898; GO:0010507; GO:0010628; GO:0010629; GO:0016791; GO:0017124; GO:0019900; GO:0030217; GO:0031625; GO:0031663; GO:0032481; GO:0032496; GO:0032715; GO:0032717; GO:0032720; GO:0032729; GO:0032817; GO:0034141; GO:0034145; GO:0035644; GO:0043508; GO:0045088; GO:0048471; GO:0050852; GO:0050855; GO:0050860; GO:0050868; GO:0070374; GO:0070433; GO:0071225; GO:1900227; GO:1901222; GO:1902523; GO:1903753
P0DY56,IFNA1_HUMAN,Interferon alpha-1 (IFN-alpha-1) (Interferon alpha-D) (LeIF D),IFNA1,9606.ENSP00000276927,,,,,
Q7Z553,MDGA2_HUMAN,MAM domain-containing glycosylphosphatidylinositol anchor protein 2 (MAM domain-containing protein 1),MDGA2 MAMDC1 UNQ8188/PRO23197,9606.ENSP00000405456,nervous system development [GO:0007399]; spinal cord motor neuron differentiation [GO:0021522],extracellular region [GO:0005576]; plasma membrane [GO:0005886]; side of membrane [GO:0098552],extracellular region [GO:0005576]; plasma membrane [GO:0005886]; side of membrane [GO:0098552]; nervous system development [GO:0007399]; spinal cord motor neuron differentiation [GO:0021522],,GO:0005576; GO:0005886; GO:0007399; GO:0021522; GO:0098552
Q96J88,ESIP1_HUMAN,Epithelial-stromal interaction protein 1,EPSTI1,9606.ENSP00000318982,,,,,
