"#node1","automated_textmining","combined_score","database_annotated","EdgeBetweenness","experimentally_determined_interaction","homology","interaction","name","node2","Origin","selected","shared interaction","shared name"
"AATF","0","0.8","0","304.0","0.8","0","interacts with","9606.ENSP00000477848 (interacts with) 9606.ENSP00000272317","RPS27A","1","false","interacts with","9606.ENSP00000477848 (interacts with) 9606.ENSP00000272317"
"RPS27A","0","0.591","0","265.04846264846236","0.591","0","interacts with","9606.ENSP00000272317 (interacts with) 9606.ENSP00000400906","UBE2L3","1","false","interacts with","9606.ENSP00000272317 (interacts with) 9606.ENSP00000400906"
"RPS27A","0","0.55","0","167.20405150405165","0.55","0","interacts with","9606.ENSP00000272317 (interacts with) 9606.ENSP00000374455","SQSTM1","1","false","interacts with","9606.ENSP00000272317 (interacts with) 9606.ENSP00000374455"
"RPS27A","0","0.962","0","239.30659340659312","0.962","0","interacts with","9606.ENSP00000272317 (interacts with) 9606.ENSP00000365576","UBQLN1","1","false","interacts with","9606.ENSP00000272317 (interacts with) 9606.ENSP00000365576"
"RPS27A","0","0.972","0","157.38266295108386","0.972","0","interacts with","9606.ENSP00000272317 (interacts with) 9606.ENSP00000284440","UCHL1","1","false","interacts with","9606.ENSP00000272317 (interacts with) 9606.ENSP00000284440"
"RPS27A","0","0.947","0","102.62987012987014","0.947","0","interacts with","9606.ENSP00000272317 (interacts with) 9606.ENSP00000478771","UBB","1","false","interacts with","9606.ENSP00000272317 (interacts with) 9606.ENSP00000478771"
"RPS27A","0","0.956","0","95.77434787434778","0.956","0","interacts with","9606.ENSP00000272317 (interacts with) 9606.ENSP00000441543","UBC","1","false","interacts with","9606.ENSP00000272317 (interacts with) 9606.ENSP00000441543"
"RPS27A","0","0.99","0","102.62987012987014","0.99","0","interacts with","9606.ENSP00000272317 (interacts with) 9606.ENSP00000388107","UBA52","1","false","interacts with","9606.ENSP00000272317 (interacts with) 9606.ENSP00000388107"
"ABI1","0","0.697","0","2.0","0.697","0","interacts with","9606.ENSP00000365312 (interacts with) 9606.ENSP00000354251","NCKAP1","1","false","interacts with","9606.ENSP00000365312 (interacts with) 9606.ENSP00000354251"
"AGER","0","0.549","0","4.0","0.549","0","interacts with","9606.ENSP00000364210 (interacts with) 9606.ENSP00000345347","HMGB1","1","false","interacts with","9606.ENSP00000364210 (interacts with) 9606.ENSP00000345347"
"HMGB1","0","0.42","0","4.0","0.421","0","interacts with","9606.ENSP00000345347 (interacts with) 9606.ENSP00000245185","MT2A","1","false","interacts with","9606.ENSP00000345347 (interacts with) 9606.ENSP00000245185"
"AP2A1","0","0.457","0","91.29047619047607","0.457","0","interacts with","9606.ENSP00000351926 (interacts with) 9606.ENSP00000451300","NUMB","1","false","interacts with","9606.ENSP00000351926 (interacts with) 9606.ENSP00000451300"
"AP2A1","0","0.457","0","56.21428571428567","0.457","0","interacts with","9606.ENSP00000351926 (interacts with) 9606.ENSP00000377015","PICALM","1","false","interacts with","9606.ENSP00000351926 (interacts with) 9606.ENSP00000377015"
"AP2A1","0","0.755","0","3.0","0.755","0","interacts with","9606.ENSP00000351926 (interacts with) 9606.ENSP00000483185","AP2B1","1","false","interacts with","9606.ENSP00000351926 (interacts with) 9606.ENSP00000483185"
"AP2A1","0","0.844","0","162.4","0.844","0","interacts with","9606.ENSP00000351926 (interacts with) 9606.ENSP00000403362","AP2M1","1","false","interacts with","9606.ENSP00000351926 (interacts with) 9606.ENSP00000403362"
"PICALM","0","0.9","0","128.3706626706627","0.9","0","interacts with","9606.ENSP00000377015 (interacts with) 9606.ENSP00000272317","RPS27A","1","false","interacts with","9606.ENSP00000377015 (interacts with) 9606.ENSP00000272317"
"PICALM","0","0.9","0","193.1549117549123","0.9","0","interacts with","9606.ENSP00000377015 (interacts with) 9606.ENSP00000441543","UBC","1","false","interacts with","9606.ENSP00000377015 (interacts with) 9606.ENSP00000441543"
"PICALM","0","0.9","0","26.199411699411694","0.9","0","interacts with","9606.ENSP00000377015 (interacts with) 9606.ENSP00000478771","UBB","1","false","interacts with","9606.ENSP00000377015 (interacts with) 9606.ENSP00000478771"
"PICALM","0","0.9","0","26.199411699411694","0.9","0","interacts with","9606.ENSP00000377015 (interacts with) 9606.ENSP00000388107","UBA52","1","false","interacts with","9606.ENSP00000377015 (interacts with) 9606.ENSP00000388107"
"AP2B1","0","0.529","0","66.78791208791208","0.529","0","interacts with","9606.ENSP00000483185 (interacts with) 9606.ENSP00000377015","PICALM","1","false","interacts with","9606.ENSP00000483185 (interacts with) 9606.ENSP00000377015"
"AP2B1","0","0.975","0","161.4","0.975","0","interacts with","9606.ENSP00000483185 (interacts with) 9606.ENSP00000403362","AP2M1","1","false","interacts with","9606.ENSP00000483185 (interacts with) 9606.ENSP00000403362"
"AP2B1","0","0.457","0","104.3457875457875","0.457","0","interacts with","9606.ENSP00000483185 (interacts with) 9606.ENSP00000451300","NUMB","1","false","interacts with","9606.ENSP00000483185 (interacts with) 9606.ENSP00000451300"
"AP2M1","0","0.457","0","462.1428737928737","0.457","0","interacts with","9606.ENSP00000403362 (interacts with) 9606.ENSP00000298910","LRRK2","1","false","interacts with","9606.ENSP00000403362 (interacts with) 9606.ENSP00000298910"
"AP2M1","0","0.457","0","490.3792041292037","0.457","0","interacts with","9606.ENSP00000403362 (interacts with) 9606.ENSP00000340820","MAPT","1","false","interacts with","9606.ENSP00000403362 (interacts with) 9606.ENSP00000340820"
"AP2M1","0","0.628","0","84.91272061272063","0.628","0","interacts with","9606.ENSP00000403362 (interacts with) 9606.ENSP00000377015","PICALM","1","false","interacts with","9606.ENSP00000403362 (interacts with) 9606.ENSP00000377015"
"AP2M1","0","0.457","0","107.24366744366755","0.457","0","interacts with","9606.ENSP00000403362 (interacts with) 9606.ENSP00000451300","NUMB","1","false","interacts with","9606.ENSP00000403362 (interacts with) 9606.ENSP00000451300"
"AP2A2","0","0.973","0","277.37106227106216","0.973","0","interacts with","9606.ENSP00000327694 (interacts with) 9606.ENSP00000403362","AP2M1","1","false","interacts with","9606.ENSP00000327694 (interacts with) 9606.ENSP00000403362"
"AP2A2","0","0.966","0","26.628937728937714","0.966","0","interacts with","9606.ENSP00000327694 (interacts with) 9606.ENSP00000483185","AP2B1","1","false","interacts with","9606.ENSP00000327694 (interacts with) 9606.ENSP00000483185"
"APBB1","0","0.667","0","304.0","0.667","0","interacts with","9606.ENSP00000477213 (interacts with) 9606.ENSP00000221891","APLP1","1","false","interacts with","9606.ENSP00000477213 (interacts with) 9606.ENSP00000221891"
"APBB1","0","0.457","0","304.0","0.457","0","interacts with","9606.ENSP00000477213 (interacts with) 9606.ENSP00000263233","SYP","1","false","interacts with","9606.ENSP00000477213 (interacts with) 9606.ENSP00000263233"
"APBB1","0","0.95","0","1192.0","0.95","0","interacts with","9606.ENSP00000477213 (interacts with) 9606.ENSP00000284981","APP","1","false","interacts with","9606.ENSP00000477213 (interacts with) 9606.ENSP00000284981"
"APBB1","0","0.528","0","304.0","0.528","0","interacts with","9606.ENSP00000477213 (interacts with) 9606.ENSP00000497691","APLP2","1","false","interacts with","9606.ENSP00000477213 (interacts with) 9606.ENSP00000497691"
"APOE","0","0.57","0","388.7761904761903","0.57","0","interacts with","9606.ENSP00000252486 (interacts with) 9606.ENSP00000340820","MAPT","1","false","interacts with","9606.ENSP00000252486 (interacts with) 9606.ENSP00000340820"
"APOE","0","0.691","0","701.5238095238087","0.691","0","interacts with","9606.ENSP00000252486 (interacts with) 9606.ENSP00000500990","SNCA","1","false","interacts with","9606.ENSP00000252486 (interacts with) 9606.ENSP00000500990"
"APOE","0","0.514","0","604.0","0.514","0","interacts with","9606.ENSP00000252486 (interacts with) 9606.ENSP00000362205","TREM2","1","false","interacts with","9606.ENSP00000252486 (interacts with) 9606.ENSP00000362205"
"APOE","0","0.457","0","272.188888888889","0.457","0","interacts with","9606.ENSP00000252486 (interacts with) 9606.ENSP00000303634","LRP8","1","false","interacts with","9606.ENSP00000252486 (interacts with) 9606.ENSP00000303634"
"APOE","0","0.549","0","179.336507936508","0.549","0","interacts with","9606.ENSP00000252486 (interacts with) 9606.ENSP00000260197","SORL1","1","false","interacts with","9606.ENSP00000252486 (interacts with) 9606.ENSP00000260197"
"APOE","0","0.621","0","211.22539682539687","0.621","0","interacts with","9606.ENSP00000252486 (interacts with) 9606.ENSP00000284981","APP","1","false","interacts with","9606.ENSP00000252486 (interacts with) 9606.ENSP00000284981"
"TREM2","0","0.526","0","304.0","0.526","0","interacts with","9606.ENSP00000362205 (interacts with) 9606.ENSP00000262629","TYROBP","1","false","interacts with","9606.ENSP00000362205 (interacts with) 9606.ENSP00000262629"
"LRP8","0","0.457","0","37.811111111111124","0.457","0","interacts with","9606.ENSP00000303634 (interacts with) 9606.ENSP00000241014","MAPK8IP1","1","false","interacts with","9606.ENSP00000303634 (interacts with) 9606.ENSP00000241014"
"HSD17B10","0","0.441","0","304.0","0.441","0","interacts with","9606.ENSP00000168216 (interacts with) 9606.ENSP00000410339","TOMM40","1","false","interacts with","9606.ENSP00000168216 (interacts with) 9606.ENSP00000410339"
"GSK3A","0","0.42","0","304.0","0.42","0","interacts with","9606.ENSP00000222330 (interacts with) 9606.ENSP00000378323","PPP3CA","1","false","interacts with","9606.ENSP00000222330 (interacts with) 9606.ENSP00000378323"
"GSK3A","0","0.457","0","300.56666666666666","0.457","0","interacts with","9606.ENSP00000222330 (interacts with) 9606.ENSP00000340820","MAPT","1","false","interacts with","9606.ENSP00000222330 (interacts with) 9606.ENSP00000340820"
"GSK3A","0","0.653","0","62.772727272727266","0.653","0","interacts with","9606.ENSP00000222330 (interacts with) 9606.ENSP00000324806","GSK3B","1","false","interacts with","9606.ENSP00000222330 (interacts with) 9606.ENSP00000324806"
"GSK3B","0","0.457","0","501.40813630813625","0.457","0","interacts with","9606.ENSP00000324806 (interacts with) 9606.ENSP00000298910","LRRK2","1","false","interacts with","9606.ENSP00000324806 (interacts with) 9606.ENSP00000298910"
"GSK3B","0","0.55","0","291.0744810744812","0.55","0","interacts with","9606.ENSP00000324806 (interacts with) 9606.ENSP00000360266","JUN","1","false","interacts with","9606.ENSP00000324806 (interacts with) 9606.ENSP00000360266"
"GSK3B","0","0.457","0","193.15054945054936","0.457","0","interacts with","9606.ENSP00000324806 (interacts with) 9606.ENSP00000326366","PSEN1","1","false","interacts with","9606.ENSP00000324806 (interacts with) 9606.ENSP00000326366"
"GSK3B","0","0.457","0","202.53125763125772","0.457","0","interacts with","9606.ENSP00000324806 (interacts with) 9606.ENSP00000340820","MAPT","1","false","interacts with","9606.ENSP00000324806 (interacts with) 9606.ENSP00000340820"
"UBQLN1","0","0.42","0","304.0","0.42","0","interacts with","9606.ENSP00000365576 (interacts with) 9606.ENSP00000272638","UBXN4","1","false","interacts with","9606.ENSP00000365576 (interacts with) 9606.ENSP00000272638"
"PSEN1","0","0.457","0","167.19821844821843","0.457","0","interacts with","9606.ENSP00000326366 (interacts with) 9606.ENSP00000441543","UBC","1","false","interacts with","9606.ENSP00000326366 (interacts with) 9606.ENSP00000441543"
"PSEN1","0","0.483","0","19.871428571428574","0.483","0","interacts with","9606.ENSP00000326366 (interacts with) 9606.ENSP00000365576","UBQLN1","1","false","interacts with","9606.ENSP00000326366 (interacts with) 9606.ENSP00000365576"
"PSEN1","0","0.734","0","142.3835164835165","0.734","0","interacts with","9606.ENSP00000326366 (interacts with) 9606.ENSP00000355747","PSEN2","1","false","interacts with","9606.ENSP00000326366 (interacts with) 9606.ENSP00000355747"
"BACE1","0","0.4","0","95.78730158730153","0.4","0","interacts with","9606.ENSP00000318585 (interacts with) 9606.ENSP00000381531","CSNK1D","1","false","interacts with","9606.ENSP00000318585 (interacts with) 9606.ENSP00000381531"
"CSNK1D","0","0.457","0","144.1095238095238","0.457","0","interacts with","9606.ENSP00000381531 (interacts with) 9606.ENSP00000340820","MAPT","1","false","interacts with","9606.ENSP00000381531 (interacts with) 9606.ENSP00000340820"
"CSNK1D","0","0.548","0","225.83968253968257","0.548","0","interacts with","9606.ENSP00000381531 (interacts with) 9606.ENSP00000500990","SNCA","1","false","interacts with","9606.ENSP00000381531 (interacts with) 9606.ENSP00000500990"
"BCL2L11","0","0.57","0","302.0","0.57","0","interacts with","9606.ENSP00000376943 (interacts with) 9606.ENSP00000339527","FOXO3","1","false","interacts with","9606.ENSP00000376943 (interacts with) 9606.ENSP00000339527"
"BCL2L11","0","0.422","0","2.0","0.422","0","interacts with","9606.ENSP00000376943 (interacts with) 9606.ENSP00000356694","FASLG","1","false","interacts with","9606.ENSP00000376943 (interacts with) 9606.ENSP00000356694"
"FOXO3","0","0.457","0","900.0","0.457","0","interacts with","9606.ENSP00000339527 (interacts with) 9606.ENSP00000264335","YWHAE","1","false","interacts with","9606.ENSP00000339527 (interacts with) 9606.ENSP00000264335"
"FASLG","0","0.422","0","302.0","0.422","0","interacts with","9606.ENSP00000356694 (interacts with) 9606.ENSP00000339527","FOXO3","1","false","interacts with","9606.ENSP00000356694 (interacts with) 9606.ENSP00000339527"
"BIN1","0","0.576","0","304.0","0.576","0","interacts with","9606.ENSP00000316779 (interacts with) 9606.ENSP00000340820","MAPT","1","false","interacts with","9606.ENSP00000316779 (interacts with) 9606.ENSP00000340820"
"BPTF","0","0.457","0","2.0","0.457","0","interacts with","9606.ENSP00000307208 (interacts with) 9606.ENSP00000219782","MAZ","1","false","interacts with","9606.ENSP00000307208 (interacts with) 9606.ENSP00000219782"
"CAPN1","0","0.575","0","2.0","0.575","0","interacts with","9606.ENSP00000431984 (interacts with) 9606.ENSP00000400882","CAPNS2","1","false","interacts with","9606.ENSP00000431984 (interacts with) 9606.ENSP00000400882"
"CAPN1","0","0.766","0","3.0","0.766","0","interacts with","9606.ENSP00000431984 (interacts with) 9606.ENSP00000422176","CAST","1","false","interacts with","9606.ENSP00000431984 (interacts with) 9606.ENSP00000422176"
"CAPN1","0","0.653","0","3.0","0.653","0","interacts with","9606.ENSP00000431984 (interacts with) 9606.ENSP00000464849","CAPNS1","1","false","interacts with","9606.ENSP00000431984 (interacts with) 9606.ENSP00000464849"
"CAPNS2","0","0.664","0","3.0","0.664","0","interacts with","9606.ENSP00000400882 (interacts with) 9606.ENSP00000422176","CAST","1","false","interacts with","9606.ENSP00000400882 (interacts with) 9606.ENSP00000422176"
"CAPNS1","0","0.655","0","3.0","0.655","0","interacts with","9606.ENSP00000464849 (interacts with) 9606.ENSP00000400882","CAPNS2","1","false","interacts with","9606.ENSP00000464849 (interacts with) 9606.ENSP00000400882"
"CAPNS1","0","0.441","0","2.0","0.441","0","interacts with","9606.ENSP00000464849 (interacts with) 9606.ENSP00000422176","CAST","1","false","interacts with","9606.ENSP00000464849 (interacts with) 9606.ENSP00000422176"
"CAPN2","0","0.681","0","4.0","0.681","0","interacts with","9606.ENSP00000295006 (interacts with) 9606.ENSP00000422176","CAST","1","false","interacts with","9606.ENSP00000295006 (interacts with) 9606.ENSP00000422176"
"CAPN2","0","0.961","0","4.0","0.961","0","interacts with","9606.ENSP00000295006 (interacts with) 9606.ENSP00000464849","CAPNS1","1","false","interacts with","9606.ENSP00000295006 (interacts with) 9606.ENSP00000464849"
"CDC25A","0","0.457","0","304.0","0.457","0","interacts with","9606.ENSP00000303706 (interacts with) 9606.ENSP00000264335","YWHAE","1","false","interacts with","9606.ENSP00000303706 (interacts with) 9606.ENSP00000264335"
"CDC25B","0","0.457","0","152.13333333333333","0.457","0","interacts with","9606.ENSP00000245960 (interacts with) 9606.ENSP00000419782","CDK5","1","false","interacts with","9606.ENSP00000245960 (interacts with) 9606.ENSP00000419782"
"CDC25B","0","0.457","0","172.13333333333333","0.457","0","interacts with","9606.ENSP00000245960 (interacts with) 9606.ENSP00000264335","YWHAE","1","false","interacts with","9606.ENSP00000245960 (interacts with) 9606.ENSP00000264335"
"CDC25C","0","0.457","0","299.0","0.457","0","interacts with","9606.ENSP00000321656 (interacts with) 9606.ENSP00000264335","YWHAE","1","false","interacts with","9606.ENSP00000321656 (interacts with) 9606.ENSP00000264335"
"CDC25C","0","0.457","0","5.0","0.457","0","interacts with","9606.ENSP00000321656 (interacts with) 9606.ENSP00000411397","MARK3","1","false","interacts with","9606.ENSP00000321656 (interacts with) 9606.ENSP00000411397"
"MARK3","0","0.538","0","70.70476190476182","0.538","0","interacts with","9606.ENSP00000411397 (interacts with) 9606.ENSP00000262891","MARK4","1","false","interacts with","9606.ENSP00000411397 (interacts with) 9606.ENSP00000262891"
"MARK3","0","0.457","0","162.25714285714298","0.457","0","interacts with","9606.ENSP00000411397 (interacts with) 9606.ENSP00000264335","YWHAE","1","false","interacts with","9606.ENSP00000411397 (interacts with) 9606.ENSP00000264335"
"CLN3","0","0.42","0","2.0","0.421","0","interacts with","9606.ENSP00000454229 (interacts with) 9606.ENSP00000387262","IMMT","1","false","interacts with","9606.ENSP00000454229 (interacts with) 9606.ENSP00000387262"
"CNR1","0","0.483","0","2.0","0.483","0","interacts with","9606.ENSP00000358513 (interacts with) 9606.ENSP00000363596","CNR2","1","false","interacts with","9606.ENSP00000358513 (interacts with) 9606.ENSP00000363596"
"CTSD","0","0.437","0","2.0","0.437","0","interacts with","9606.ENSP00000236671 (interacts with) 9606.ENSP00000253719","NAPSA","1","false","interacts with","9606.ENSP00000236671 (interacts with) 9606.ENSP00000253719"
"DNM1L","0","0.457","0","304.0","0.457","0","interacts with","9606.ENSP00000449089 (interacts with) 9606.ENSP00000298910","LRRK2","1","false","interacts with","9606.ENSP00000449089 (interacts with) 9606.ENSP00000298910"
"GAPDH","0","0.418","0","304.0","0.418","0","interacts with","9606.ENSP00000380070 (interacts with) 9606.ENSP00000264335","YWHAE","1","false","interacts with","9606.ENSP00000380070 (interacts with) 9606.ENSP00000264335"
"GDNF","0","0.404","0","304.0","0.405","0","interacts with","9606.ENSP00000409007 (interacts with) 9606.ENSP00000260197","SORL1","1","false","interacts with","9606.ENSP00000409007 (interacts with) 9606.ENSP00000260197"
"GOLGA2","0","0.457","0","304.0","0.457","0","interacts with","9606.ENSP00000416097 (interacts with) 9606.ENSP00000298910","LRRK2","1","false","interacts with","9606.ENSP00000416097 (interacts with) 9606.ENSP00000298910"
"JUN","0","0.457","0","319.43980463980455","0.457","0","interacts with","9606.ENSP00000360266 (interacts with) 9606.ENSP00000272317","RPS27A","1","false","interacts with","9606.ENSP00000360266 (interacts with) 9606.ENSP00000272317"
"JUN","0","0.457","0","304.0","0.457","0","interacts with","9606.ENSP00000360266 (interacts with) 9606.ENSP00000329357","SP1","1","false","interacts with","9606.ENSP00000360266 (interacts with) 9606.ENSP00000329357"
"HERPUD1","0","0.422","0","222.85497835497847","0.422","0","interacts with","9606.ENSP00000409555 (interacts with) 9606.ENSP00000272317","RPS27A","1","false","interacts with","9606.ENSP00000409555 (interacts with) 9606.ENSP00000272317"
"HERPUD1","0","0.457","0","89.07835497835502","0.457","0","interacts with","9606.ENSP00000409555 (interacts with) 9606.ENSP00000326366","PSEN1","1","false","interacts with","9606.ENSP00000409555 (interacts with) 9606.ENSP00000326366"
"HRAS","0","0.412","0","304.0","0.412","0","interacts with","9606.ENSP00000407586 (interacts with) 9606.ENSP00000385751","MARK2","1","false","interacts with","9606.ENSP00000407586 (interacts with) 9606.ENSP00000385751"
"MARK2","0","0.457","0","77.68888888888888","0.457","0","interacts with","9606.ENSP00000385751 (interacts with) 9606.ENSP00000264335","YWHAE","1","false","interacts with","9606.ENSP00000385751 (interacts with) 9606.ENSP00000264335"
"MARK2","0","0.647","0","74.70476190476184","0.647","0","interacts with","9606.ENSP00000385751 (interacts with) 9606.ENSP00000411397","MARK3","1","false","interacts with","9606.ENSP00000385751 (interacts with) 9606.ENSP00000411397"
"KCNIP3","0","0.457","0","296.26666666666665","0.457","0","interacts with","9606.ENSP00000295225 (interacts with) 9606.ENSP00000326366","PSEN1","1","false","interacts with","9606.ENSP00000295225 (interacts with) 9606.ENSP00000326366"
"KCNIP3","0","0.457","0","7.733333333333333","0.457","0","interacts with","9606.ENSP00000295225 (interacts with) 9606.ENSP00000355747","PSEN2","1","false","interacts with","9606.ENSP00000295225 (interacts with) 9606.ENSP00000355747"
"PSEN2","0","0.457","0","165.34981684981682","0.457","0","interacts with","9606.ENSP00000355747 (interacts with) 9606.ENSP00000365576","UBQLN1","1","false","interacts with","9606.ENSP00000355747 (interacts with) 9606.ENSP00000365576"
"LMNA","0","0.688","0","304.0","0.688","0","interacts with","9606.ENSP00000357283 (interacts with) 9606.ENSP00000261366","LMNB1","1","false","interacts with","9606.ENSP00000357283 (interacts with) 9606.ENSP00000261366"
"LMNB1","0","0.457","0","604.0","0.457","0","interacts with","9606.ENSP00000261366 (interacts with) 9606.ENSP00000298910","LRRK2","1","false","interacts with","9606.ENSP00000261366 (interacts with) 9606.ENSP00000298910"
"SPTLC1","0","0.965","0","304.0","0.965","0","interacts with","9606.ENSP00000262554 (interacts with) 9606.ENSP00000216484","SPTLC2","1","false","interacts with","9606.ENSP00000262554 (interacts with) 9606.ENSP00000216484"
"MARK4","0","0.42","0","40.511111111111106","0.421","0","interacts with","9606.ENSP00000262891 (interacts with) 9606.ENSP00000264335","YWHAE","1","false","interacts with","9606.ENSP00000262891 (interacts with) 9606.ENSP00000264335"
"MARK1","0","0.42","0","41.17777777777777","0.421","0","interacts with","9606.ENSP00000483424 (interacts with) 9606.ENSP00000264335","YWHAE","1","false","interacts with","9606.ENSP00000483424 (interacts with) 9606.ENSP00000264335"
"MARK1","0","0.584","0","5.0","0.584","0","interacts with","9606.ENSP00000483424 (interacts with) 9606.ENSP00000385751","MARK2","1","false","interacts with","9606.ENSP00000483424 (interacts with) 9606.ENSP00000385751"
"UBC","0","0.972","0","37.04014465067095","0.972","0","interacts with","9606.ENSP00000441543 (interacts with) 9606.ENSP00000284440","UCHL1","1","false","interacts with","9606.ENSP00000441543 (interacts with) 9606.ENSP00000284440"
"UBC","0","0.955","0","131.29542124542107","0.955","0","interacts with","9606.ENSP00000441543 (interacts with) 9606.ENSP00000365576","UBQLN1","1","false","interacts with","9606.ENSP00000441543 (interacts with) 9606.ENSP00000365576"
"UBB","0","0.93","0","91.81433011433012","0.93","0","interacts with","9606.ENSP00000478771 (interacts with) 9606.ENSP00000284440","UCHL1","1","false","interacts with","9606.ENSP00000478771 (interacts with) 9606.ENSP00000284440"
"UBB","0","0.925","0","38.13113553113555","0.925","0","interacts with","9606.ENSP00000478771 (interacts with) 9606.ENSP00000365576","UBQLN1","1","false","interacts with","9606.ENSP00000478771 (interacts with) 9606.ENSP00000365576"
"UBB","0","0.9","0","73.17965367965368","0.9","0","interacts with","9606.ENSP00000478771 (interacts with) 9606.ENSP00000441543","UBC","1","false","interacts with","9606.ENSP00000478771 (interacts with) 9606.ENSP00000441543"
"UBA52","0","0.934","0","91.81433011433012","0.934","0","interacts with","9606.ENSP00000388107 (interacts with) 9606.ENSP00000284440","UCHL1","1","false","interacts with","9606.ENSP00000388107 (interacts with) 9606.ENSP00000284440"
"UBA52","0","0.922","0","38.13113553113555","0.922","0","interacts with","9606.ENSP00000388107 (interacts with) 9606.ENSP00000365576","UBQLN1","1","false","interacts with","9606.ENSP00000388107 (interacts with) 9606.ENSP00000365576"
"UBA52","0","0.948","0","2.0","0.948","0","interacts with","9606.ENSP00000388107 (interacts with) 9606.ENSP00000478771","UBB","1","false","interacts with","9606.ENSP00000388107 (interacts with) 9606.ENSP00000478771"
"UBA52","0","0.969","0","73.17965367965368","0.969","0","interacts with","9606.ENSP00000388107 (interacts with) 9606.ENSP00000441543","UBC","1","false","interacts with","9606.ENSP00000388107 (interacts with) 9606.ENSP00000441543"
"PRDX1","0","0.636","0","2.0","0.636","0","interacts with","9606.ENSP00000262746 (interacts with) 9606.ENSP00000301522","PRDX2","1","false","interacts with","9606.ENSP00000262746 (interacts with) 9606.ENSP00000301522"
"PSMD4","0","0.974","0","115.28368298368302","0.974","0","interacts with","9606.ENSP00000357876 (interacts with) 9606.ENSP00000272317","RPS27A","1","false","interacts with","9606.ENSP00000357876 (interacts with) 9606.ENSP00000272317"
"PSMD4","0","0.736","0","51.517482517482534","0.736","0","interacts with","9606.ENSP00000357876 (interacts with) 9606.ENSP00000365576","UBQLN1","1","false","interacts with","9606.ENSP00000357876 (interacts with) 9606.ENSP00000365576"
"PSMD4","0","0.953","0","6.250815850815849","0.953","0","interacts with","9606.ENSP00000357876 (interacts with) 9606.ENSP00000388107","UBA52","1","false","interacts with","9606.ENSP00000357876 (interacts with) 9606.ENSP00000388107"
"PSMD4","0","0.956","0","124.69720279720278","0.956","0","interacts with","9606.ENSP00000357876 (interacts with) 9606.ENSP00000441543","UBC","1","false","interacts with","9606.ENSP00000357876 (interacts with) 9606.ENSP00000441543"
"PSMD4","0","0.963","0","6.250815850815849","0.963","0","interacts with","9606.ENSP00000357876 (interacts with) 9606.ENSP00000478771","UBB","1","false","interacts with","9606.ENSP00000357876 (interacts with) 9606.ENSP00000478771"
"RBM25","0","0.461","0","2.0","0.462","0","interacts with","9606.ENSP00000261973 (interacts with) 9606.ENSP00000334538","SREK1","1","false","interacts with","9606.ENSP00000261973 (interacts with) 9606.ENSP00000334538"
"S100A9","0","0.487","0","304.0","0.488","0","interacts with","9606.ENSP00000357727 (interacts with) 9606.ENSP00000500990","SNCA","1","false","interacts with","9606.ENSP00000357727 (interacts with) 9606.ENSP00000500990"
"TSHZ1","0","0.596","0","2.0","0.596","0","interacts with","9606.ENSP00000464391 (interacts with) 9606.ENSP00000240587","TSHZ3","1","false","interacts with","9606.ENSP00000464391 (interacts with) 9606.ENSP00000240587"
"AIMP2","0","0.457","0","34.154112554112544","0.457","0","interacts with","9606.ENSP00000223029 (interacts with) 9606.ENSP00000349156","SIAH1","2","false","interacts with","9606.ENSP00000223029 (interacts with) 9606.ENSP00000349156"
"AIMP2","0","0.457","0","283.31255411255415","0.457","0","interacts with","9606.ENSP00000223029 (interacts with) 9606.ENSP00000355865","PRKN","2","false","interacts with","9606.ENSP00000223029 (interacts with) 9606.ENSP00000355865"
"SIAH1","0","0.457","0","9.733333333333336","0.457","0","interacts with","9606.ENSP00000349156 (interacts with) 9606.ENSP00000261367","SNCAIP","2","false","interacts with","9606.ENSP00000349156 (interacts with) 9606.ENSP00000261367"
"SIAH1","0","0.457","0","310.9541125541123","0.457","0","interacts with","9606.ENSP00000349156 (interacts with) 9606.ENSP00000500990","SNCA","2","false","interacts with","9606.ENSP00000349156 (interacts with) 9606.ENSP00000500990"
"PRKN","0","0.457","0","122.81238761238758","0.457","0","interacts with","9606.ENSP00000355865 (interacts with) 9606.ENSP00000261367","SNCAIP","2","false","interacts with","9606.ENSP00000355865 (interacts with) 9606.ENSP00000261367"
"PRKN","0","0.457","0","324.96541937594606","0.457","0","interacts with","9606.ENSP00000355865 (interacts with) 9606.ENSP00000284440","UCHL1","2","false","interacts with","9606.ENSP00000355865 (interacts with) 9606.ENSP00000284440"
"PRKN","0","0.55","0","300.0","0.55","0","interacts with","9606.ENSP00000355865 (interacts with) 9606.ENSP00000321971","RHOT2","2","false","interacts with","9606.ENSP00000355865 (interacts with) 9606.ENSP00000321971"
"PRKN","0","0.55","0","233.07922077922078","0.55","0","interacts with","9606.ENSP00000355865 (interacts with) 9606.ENSP00000351132","RHOT1","2","false","interacts with","9606.ENSP00000355865 (interacts with) 9606.ENSP00000351132"
"PRKN","0","0.55","0","429.88962148962116","0.55","0","interacts with","9606.ENSP00000355865 (interacts with) 9606.ENSP00000351777","VCP","2","false","interacts with","9606.ENSP00000355865 (interacts with) 9606.ENSP00000351777"
"PRKN","0","0.422","0","304.0","0.422","0","interacts with","9606.ENSP00000355865 (interacts with) 9606.ENSP00000448182","TBC1D15","2","false","interacts with","9606.ENSP00000355865 (interacts with) 9606.ENSP00000448182"
"PRKN","0","0.457","0","304.0","0.457","0","interacts with","9606.ENSP00000355865 (interacts with) 9606.ENSP00000391311","SEPTIN5","2","false","interacts with","9606.ENSP00000355865 (interacts with) 9606.ENSP00000391311"
"PRKN","0","0.55","0","294.31253191253177","0.55","0","interacts with","9606.ENSP00000355865 (interacts with) 9606.ENSP00000374455","SQSTM1","2","false","interacts with","9606.ENSP00000355865 (interacts with) 9606.ENSP00000374455"
"PRKN","0","0.457","0","354.2191253191252","0.457","0","interacts with","9606.ENSP00000355865 (interacts with) 9606.ENSP00000400906","UBE2L3","2","false","interacts with","9606.ENSP00000355865 (interacts with) 9606.ENSP00000400906"
"PRKN","0","0.457","0","364.0467824573088","0.457","0","interacts with","9606.ENSP00000355865 (interacts with) 9606.ENSP00000500990","SNCA","2","false","interacts with","9606.ENSP00000355865 (interacts with) 9606.ENSP00000500990"
"APP","0","0.549","0","604.0","0.549","0","interacts with","9606.ENSP00000284981 (interacts with) 9606.ENSP00000168216","HSD17B10","1","false","interacts with","9606.ENSP00000284981 (interacts with) 9606.ENSP00000168216"
"APP","0","0.549","0","240.66060606060606","0.549","0","interacts with","9606.ENSP00000284981 (interacts with) 9606.ENSP00000222330","GSK3A","1","false","interacts with","9606.ENSP00000284981 (interacts with) 9606.ENSP00000222330"
"APP","0","0.483","0","331.811111111111","0.483","0","interacts with","9606.ENSP00000284981 (interacts with) 9606.ENSP00000241014","MAPK8IP1","1","false","interacts with","9606.ENSP00000284981 (interacts with) 9606.ENSP00000241014"
"APP","0","0.457","0","304.0","0.457","0","interacts with","9606.ENSP00000284981 (interacts with) 9606.ENSP00000257626","GSAP","1","false","interacts with","9606.ENSP00000284981 (interacts with) 9606.ENSP00000257626"
"APP","0","0.618","0","424.6634920634919","0.618","0","interacts with","9606.ENSP00000284981 (interacts with) 9606.ENSP00000260197","SORL1","1","false","interacts with","9606.ENSP00000284981 (interacts with) 9606.ENSP00000260197"
"APP","0","0.457","0","304.0","0.457","0","interacts with","9606.ENSP00000284981 (interacts with) 9606.ENSP00000366513","CLSTN1","1","false","interacts with","9606.ENSP00000284981 (interacts with) 9606.ENSP00000366513"
"APP","0","0.457","0","304.0","0.457","0","interacts with","9606.ENSP00000284981 (interacts with) 9606.ENSP00000382083","COL25A1","1","false","interacts with","9606.ENSP00000284981 (interacts with) 9606.ENSP00000382083"
"APP","0","0.549","0","371.10598290598256","0.549","0","interacts with","9606.ENSP00000284981 (interacts with) 9606.ENSP00000324806","GSK3B","1","false","interacts with","9606.ENSP00000284981 (interacts with) 9606.ENSP00000324806"
"APP","0","0.483","0","509.1887279387282","0.483","0","interacts with","9606.ENSP00000284981 (interacts with) 9606.ENSP00000365576","UBQLN1","1","false","interacts with","9606.ENSP00000284981 (interacts with) 9606.ENSP00000365576"
"APP","0","0.42","0","437.5535242535247","0.421","0","interacts with","9606.ENSP00000284981 (interacts with) 9606.ENSP00000451300","NUMB","1","false","interacts with","9606.ENSP00000284981 (interacts with) 9606.ENSP00000451300"
"APP","0","0.549","0","304.0","0.549","0","interacts with","9606.ENSP00000284981 (interacts with) 9606.ENSP00000399376","PRNP","1","false","interacts with","9606.ENSP00000284981 (interacts with) 9606.ENSP00000399376"
"APP","0","0.946","0","459.2321511821511","0.946","0","interacts with","9606.ENSP00000284981 (interacts with) 9606.ENSP00000326366","PSEN1","1","false","interacts with","9606.ENSP00000284981 (interacts with) 9606.ENSP00000326366"
"APP","0","0.483","0","234.0507936507936","0.483","0","interacts with","9606.ENSP00000284981 (interacts with) 9606.ENSP00000318585","BACE1","1","false","interacts with","9606.ENSP00000284981 (interacts with) 9606.ENSP00000318585"
"APP","0","0.512","0","304.0","0.512","0","interacts with","9606.ENSP00000284981 (interacts with) 9606.ENSP00000296861","TNFRSF21","1","false","interacts with","9606.ENSP00000284981 (interacts with) 9606.ENSP00000296861"
"APP","0","0.479","0","157.17978279030913","0.479","0","interacts with","9606.ENSP00000284981 (interacts with) 9606.ENSP00000284440","UCHL1","3","false","interacts with","9606.ENSP00000284981 (interacts with) 9606.ENSP00000284440"
"APP","0","0.457","0","1583.431512931513","0.457","0","interacts with","9606.ENSP00000284981 (interacts with) 9606.ENSP00000355865","PRKN","2","false","interacts with","9606.ENSP00000284981 (interacts with) 9606.ENSP00000355865"
"APP","0","0.542","0","1818.788041198567","0.542","0","interacts with","9606.ENSP00000284981 (interacts with) 9606.ENSP00000500990","SNCA","3","false","interacts with","9606.ENSP00000284981 (interacts with) 9606.ENSP00000500990"
"APP","0","0.57","0","949.5233211233215","0.57","0","interacts with","9606.ENSP00000284981 (interacts with) 9606.ENSP00000340820","MAPT","3","false","interacts with","9606.ENSP00000284981 (interacts with) 9606.ENSP00000340820"
"APP","0","0.929","0","304.0","0.929","0","interacts with","9606.ENSP00000284981 (interacts with) 9606.ENSP00000366047","KLK6","3","false","interacts with","9606.ENSP00000284981 (interacts with) 9606.ENSP00000366047"
"SNCA","0","0.483","0","838.259225569752","0.483","0","interacts with","9606.ENSP00000500990 (interacts with) 9606.ENSP00000441543","UBC","1","false","interacts with","9606.ENSP00000500990 (interacts with) 9606.ENSP00000441543"
"SNCA","0","0.526","0","184.9209457209457","0.526","0","interacts with","9606.ENSP00000500990 (interacts with) 9606.ENSP00000261367","SNCAIP","2","false","interacts with","9606.ENSP00000500990 (interacts with) 9606.ENSP00000261367"
"SNCA","0","0.412","0","241.33177933177933","0.412","0","interacts with","9606.ENSP00000500990 (interacts with) 9606.ENSP00000374455","SQSTM1","3","false","interacts with","9606.ENSP00000500990 (interacts with) 9606.ENSP00000374455"
"SNCA","0","0.457","0","304.0","0.457","0","interacts with","9606.ENSP00000500990 (interacts with) 9606.ENSP00000377296","SNCB","3","false","interacts with","9606.ENSP00000500990 (interacts with) 9606.ENSP00000377296"
"MAPT","0","0.457","0","304.0","0.457","0","interacts with","9606.ENSP00000340820 (interacts with) 9606.ENSP00000012443","PPP5C","1","false","interacts with","9606.ENSP00000340820 (interacts with) 9606.ENSP00000012443"
"MAPT","0","0.438","0","325.52698412698373","0.438","0","interacts with","9606.ENSP00000340820 (interacts with) 9606.ENSP00000262891","MARK4","1","false","interacts with","9606.ENSP00000340820 (interacts with) 9606.ENSP00000262891"
"MAPT","0","0.57","0","1313.2047619047617","0.57","0","interacts with","9606.ENSP00000340820 (interacts with) 9606.ENSP00000264335","YWHAE","1","false","interacts with","9606.ENSP00000340820 (interacts with) 9606.ENSP00000264335"
"MAPT","0","0.457","0","517.7761516261521","0.457","0","interacts with","9606.ENSP00000340820 (interacts with) 9606.ENSP00000272317","RPS27A","1","false","interacts with","9606.ENSP00000340820 (interacts with) 9606.ENSP00000272317"
"MAPT","0","0.457","0","257.82222222222214","0.457","0","interacts with","9606.ENSP00000340820 (interacts with) 9606.ENSP00000483424","MARK1","1","false","interacts with","9606.ENSP00000340820 (interacts with) 9606.ENSP00000483424"
"MAPT","0","0.618","0","581.3492063492064","0.618","0","interacts with","9606.ENSP00000340820 (interacts with) 9606.ENSP00000385751","MARK2","1","false","interacts with","9606.ENSP00000340820 (interacts with) 9606.ENSP00000385751"
"MAPT","0","0.457","0","1421.1639138639127","0.457","0","interacts with","9606.ENSP00000340820 (interacts with) 9606.ENSP00000355865","PRKN","2","false","interacts with","9606.ENSP00000340820 (interacts with) 9606.ENSP00000355865"
"MAPT","0","0.457","0","304.0","0.457","0","interacts with","9606.ENSP00000340820 (interacts with) 9606.ENSP00000377036","PTPA","2","false","interacts with","9606.ENSP00000340820 (interacts with) 9606.ENSP00000377036"
"MAPT","0","0.457","0","124.30476190476188","0.457","0","interacts with","9606.ENSP00000340820 (interacts with) 9606.ENSP00000374455","SQSTM1","3","false","interacts with","9606.ENSP00000340820 (interacts with) 9606.ENSP00000374455"
"MAPT","0","0.457","0","1174.3827505827494","0.457","0","interacts with","9606.ENSP00000340820 (interacts with) 9606.ENSP00000500990","SNCA","3","false","interacts with","9606.ENSP00000340820 (interacts with) 9606.ENSP00000500990"
"ATP5PF","0","0.629","0","304.0","0.629","0","interacts with","9606.ENSP00000389649 (interacts with) 9606.ENSP00000423673","NDUFA13","2","false","interacts with","9606.ENSP00000389649 (interacts with) 9606.ENSP00000423673"
"CAV1","0","0.457","0","48.25873015873019","0.457","0","interacts with","9606.ENSP00000339191 (interacts with) 9606.ENSP00000261349","LRP6","2","false","interacts with","9606.ENSP00000339191 (interacts with) 9606.ENSP00000261349"
"CAV1","0","0.457","0","234.54236874236813","0.457","0","interacts with","9606.ENSP00000339191 (interacts with) 9606.ENSP00000374455","SQSTM1","2","false","interacts with","9606.ENSP00000339191 (interacts with) 9606.ENSP00000374455"
"CAV1","0","0.457","0","71.22967032967043","0.457","0","interacts with","9606.ENSP00000339191 (interacts with) 9606.ENSP00000351777","VCP","2","false","interacts with","9606.ENSP00000339191 (interacts with) 9606.ENSP00000351777"
"LRP6","0","0.457","0","328.30634920634907","0.457","0","interacts with","9606.ENSP00000261349 (interacts with) 9606.ENSP00000298910","LRRK2","2","false","interacts with","9606.ENSP00000261349 (interacts with) 9606.ENSP00000298910"
"SQSTM1","0","0.619","0","71.57599067599064","0.619","0","interacts with","9606.ENSP00000374455 (interacts with) 9606.ENSP00000441543","UBC","1","false","interacts with","9606.ENSP00000374455 (interacts with) 9606.ENSP00000441543"
"SQSTM1","0","0.457","0","135.6333333333336","0.457","0","interacts with","9606.ENSP00000374455 (interacts with) 9606.ENSP00000378487","VDAC1","1","false","interacts with","9606.ENSP00000374455 (interacts with) 9606.ENSP00000378487"
"CDK5","0","0.973","0","304.0","0.973","0","interacts with","9606.ENSP00000419782 (interacts with) 9606.ENSP00000318486","CDK5R1","1","false","interacts with","9606.ENSP00000419782 (interacts with) 9606.ENSP00000318486"
"CDK5","0","0.457","0","287.63333333333367","0.457","0","interacts with","9606.ENSP00000419782 (interacts with) 9606.ENSP00000298910","LRRK2","3","false","interacts with","9606.ENSP00000419782 (interacts with) 9606.ENSP00000298910"
"CDK5","0","0.457","0","440.2333333333333","0.457","0","interacts with","9606.ENSP00000419782 (interacts with) 9606.ENSP00000340820","MAPT","3","false","interacts with","9606.ENSP00000419782 (interacts with) 9606.ENSP00000340820"
"LRRK2","0","0.457","0","604.0","0.457","0","interacts with","9606.ENSP00000298910 (interacts with) 9606.ENSP00000262554","SPTLC1","1","false","interacts with","9606.ENSP00000298910 (interacts with) 9606.ENSP00000262554"
"LRRK2","0","0.46","0","1014.630158730159","0.46","0","interacts with","9606.ENSP00000298910 (interacts with) 9606.ENSP00000264335","YWHAE","1","false","interacts with","9606.ENSP00000298910 (interacts with) 9606.ENSP00000264335"
"LRRK2","0","0.457","0","771.2771295955507","0.457","0","interacts with","9606.ENSP00000298910 (interacts with) 9606.ENSP00000272317","RPS27A","1","false","interacts with","9606.ENSP00000298910 (interacts with) 9606.ENSP00000272317"
"LRRK2","0","0.457","0","168.3666666666668","0.457","0","interacts with","9606.ENSP00000298910 (interacts with) 9606.ENSP00000378487","VDAC1","1","false","interacts with","9606.ENSP00000298910 (interacts with) 9606.ENSP00000378487"
"LRRK2","0","0.457","0","524.8054682159946","0.457","0","interacts with","9606.ENSP00000298910 (interacts with) 9606.ENSP00000264710","RAB10","3","false","interacts with","9606.ENSP00000298910 (interacts with) 9606.ENSP00000264710"
"LRRK2","0","0.457","0","159.50606060606054","0.457","0","interacts with","9606.ENSP00000298910 (interacts with) 9606.ENSP00000374455","SQSTM1","3","false","interacts with","9606.ENSP00000298910 (interacts with) 9606.ENSP00000374455"
"LRRK2","0","0.457","0","304.0","0.457","0","interacts with","9606.ENSP00000298910 (interacts with) 9606.ENSP00000409667","SYNJ1","2","false","interacts with","9606.ENSP00000298910 (interacts with) 9606.ENSP00000409667"
"LRRK2","0","0.457","0","621.6731601731598","0.457","0","interacts with","9606.ENSP00000298910 (interacts with) 9606.ENSP00000340820","MAPT","3","false","interacts with","9606.ENSP00000298910 (interacts with) 9606.ENSP00000340820"
"LRRK2","0","0.457","0","495.3612440191391","0.457","0","interacts with","9606.ENSP00000298910 (interacts with) 9606.ENSP00000300935","RAB8A","2","false","interacts with","9606.ENSP00000298910 (interacts with) 9606.ENSP00000300935"
"LRRK2","0","0.457","0","2345.1606726606715","0.457","0","interacts with","9606.ENSP00000298910 (interacts with) 9606.ENSP00000500990","SNCA","3","false","interacts with","9606.ENSP00000298910 (interacts with) 9606.ENSP00000500990"
"LRRK2","0","0.457","0","182.65079365079362","0.457","0","interacts with","9606.ENSP00000298910 (interacts with) 9606.ENSP00000420617","MFN1","2","false","interacts with","9606.ENSP00000298910 (interacts with) 9606.ENSP00000420617"
"LRRK2","0","0.483","0","701.119047619048","0.483","0","interacts with","9606.ENSP00000298910 (interacts with) 9606.ENSP00000356107","RAB29","2","false","interacts with","9606.ENSP00000298910 (interacts with) 9606.ENSP00000356107"
"CHCHD2","0","0.461","0","304.0","0.462","0","interacts with","9606.ENSP00000378812 (interacts with) 9606.ENSP00000362873","NDUFA8","2","false","interacts with","9606.ENSP00000378812 (interacts with) 9606.ENSP00000362873"
"CHM","0","0.457","0","335.10871876661355","0.457","0","interacts with","9606.ENSP00000350386 (interacts with) 9606.ENSP00000222256","RAB3A","2","false","interacts with","9606.ENSP00000350386 (interacts with) 9606.ENSP00000222256"
"CHM","0","0.435","0","144.82041467304614","0.435","0","interacts with","9606.ENSP00000350386 (interacts with) 9606.ENSP00000264710","RAB10","2","false","interacts with","9606.ENSP00000350386 (interacts with) 9606.ENSP00000264710"
"CHM","0","0.46","0","84.58468899521532","0.46","0","interacts with","9606.ENSP00000350386 (interacts with) 9606.ENSP00000331748","RAB12","2","false","interacts with","9606.ENSP00000350386 (interacts with) 9606.ENSP00000331748"
"CHM","0","0.765","0","131.34444444444466","0.765","0","interacts with","9606.ENSP00000350386 (interacts with) 9606.ENSP00000382341","RABGGTA","2","false","interacts with","9606.ENSP00000350386 (interacts with) 9606.ENSP00000382341"
"RAB3A","0","0.457","0","953.1785600364552","0.457","0","interacts with","9606.ENSP00000222256 (interacts with) 9606.ENSP00000500990","SNCA","2","false","interacts with","9606.ENSP00000222256 (interacts with) 9606.ENSP00000500990"
"RAB10","0","0.569","0","81.97619047619051","0.569","0","interacts with","9606.ENSP00000264710 (interacts with) 9606.ENSP00000300935","RAB8A","2","false","interacts with","9606.ENSP00000264710 (interacts with) 9606.ENSP00000300935"
"RAB10","0","0.457","0","74.92041467304618","0.457","0","interacts with","9606.ENSP00000264710 (interacts with) 9606.ENSP00000366070","RILPL1","2","false","interacts with","9606.ENSP00000264710 (interacts with) 9606.ENSP00000366070"
"RAB12","0","0.457","0","83.40510366826163","0.457","0","interacts with","9606.ENSP00000331748 (interacts with) 9606.ENSP00000366070","RILPL1","2","false","interacts with","9606.ENSP00000331748 (interacts with) 9606.ENSP00000366070"
"RABGGTA","0","0.869","0","304.0","0.869","0","interacts with","9606.ENSP00000382341 (interacts with) 9606.ENSP00000317473","RABGGTB","2","false","interacts with","9606.ENSP00000382341 (interacts with) 9606.ENSP00000317473"
"CHML","0","0.457","0","359.5365079365082","0.457","0","interacts with","9606.ENSP00000355511 (interacts with) 9606.ENSP00000222256","RAB3A","2","false","interacts with","9606.ENSP00000355511 (interacts with) 9606.ENSP00000222256"
"CHML","0","0.765","0","128.35238095238114","0.765","0","interacts with","9606.ENSP00000355511 (interacts with) 9606.ENSP00000382341","RABGGTA","2","false","interacts with","9606.ENSP00000355511 (interacts with) 9606.ENSP00000382341"
"CLTC","0","0.457","0","604.0","0.457","0","interacts with","9606.ENSP00000479606 (interacts with) 9606.ENSP00000298910","LRRK2","2","false","interacts with","9606.ENSP00000479606 (interacts with) 9606.ENSP00000298910"
"CLTC","0","0.862","0","304.0","0.862","0","interacts with","9606.ENSP00000479606 (interacts with) 9606.ENSP00000360108","DNAJC6","2","false","interacts with","9606.ENSP00000479606 (interacts with) 9606.ENSP00000360108"
"FBXO7","0","0.457","0","304.0","0.457","0","interacts with","9606.ENSP00000266087 (interacts with) 9606.ENSP00000364204","PINK1","2","false","interacts with","9606.ENSP00000266087 (interacts with) 9606.ENSP00000364204"
"PINK1","0","0.457","0","70.92077922077921","0.457","0","interacts with","9606.ENSP00000364204 (interacts with) 9606.ENSP00000351132","RHOT1","2","false","interacts with","9606.ENSP00000364204 (interacts with) 9606.ENSP00000351132"
"PINK1","0","0.485","0","146.15810855810858","0.485","0","interacts with","9606.ENSP00000364204 (interacts with) 9606.ENSP00000355865","PRKN","2","false","interacts with","9606.ENSP00000364204 (interacts with) 9606.ENSP00000355865"
"PINK1","0","0.457","0","316.7626706626704","0.457","0","interacts with","9606.ENSP00000364204 (interacts with) 9606.ENSP00000500990","SNCA","2","false","interacts with","9606.ENSP00000364204 (interacts with) 9606.ENSP00000500990"
"GBA","0","0.457","0","304.0","0.457","0","interacts with","9606.ENSP00000314508 (interacts with) 9606.ENSP00000500990","SNCA","2","false","interacts with","9606.ENSP00000314508 (interacts with) 9606.ENSP00000500990"
"GDI1","0","0.574","0","74.25374800637955","0.574","0","interacts with","9606.ENSP00000394071 (interacts with) 9606.ENSP00000264710","RAB10","2","false","interacts with","9606.ENSP00000394071 (interacts with) 9606.ENSP00000264710"
"GDI1","0","0.624","0","296.21802232854895","0.624","0","interacts with","9606.ENSP00000394071 (interacts with) 9606.ENSP00000300935","RAB8A","2","false","interacts with","9606.ENSP00000394071 (interacts with) 9606.ENSP00000300935"
"GDI1","0","0.508","0","82.73843700159495","0.508","0","interacts with","9606.ENSP00000394071 (interacts with) 9606.ENSP00000331748","RAB12","2","false","interacts with","9606.ENSP00000394071 (interacts with) 9606.ENSP00000331748"
"GDI1","0","0.671","0","2.0","0.671","0","interacts with","9606.ENSP00000394071 (interacts with) 9606.ENSP00000369538","GDI2","2","false","interacts with","9606.ENSP00000394071 (interacts with) 9606.ENSP00000369538"
"RAB8A","0","0.422","0","1289.2690134426978","0.423","0","interacts with","9606.ENSP00000300935 (interacts with) 9606.ENSP00000500990","SNCA","2","false","interacts with","9606.ENSP00000300935 (interacts with) 9606.ENSP00000500990"
"RAB8A","0","0.457","0","296.88468899521547","0.457","0","interacts with","9606.ENSP00000300935 (interacts with) 9606.ENSP00000366070","RILPL1","2","false","interacts with","9606.ENSP00000300935 (interacts with) 9606.ENSP00000366070"
"GDI2","0","0.574","0","74.25374800637955","0.574","0","interacts with","9606.ENSP00000369538 (interacts with) 9606.ENSP00000264710","RAB10","2","false","interacts with","9606.ENSP00000369538 (interacts with) 9606.ENSP00000264710"
"GDI2","0","0.574","0","296.21802232854895","0.574","0","interacts with","9606.ENSP00000369538 (interacts with) 9606.ENSP00000300935","RAB8A","2","false","interacts with","9606.ENSP00000369538 (interacts with) 9606.ENSP00000300935"
"GDI2","0","0.48","0","82.73843700159495","0.48","0","interacts with","9606.ENSP00000369538 (interacts with) 9606.ENSP00000331748","RAB12","2","false","interacts with","9606.ENSP00000369538 (interacts with) 9606.ENSP00000331748"
"GPR37","0","0.457","0","304.0","0.457","0","interacts with","9606.ENSP00000306449 (interacts with) 9606.ENSP00000355865","PRKN","2","false","interacts with","9606.ENSP00000306449 (interacts with) 9606.ENSP00000355865"
"INPP5B","0","0.457","0","304.0","0.457","0","interacts with","9606.ENSP00000362115 (interacts with) 9606.ENSP00000300935","RAB8A","2","false","interacts with","9606.ENSP00000362115 (interacts with) 9606.ENSP00000300935"
"LRRK1","0","0.457","0","304.0","0.457","0","interacts with","9606.ENSP00000373600 (interacts with) 9606.ENSP00000298910","LRRK2","2","false","interacts with","9606.ENSP00000373600 (interacts with) 9606.ENSP00000298910"
"MFN1","0","0.552","0","228.18412698412698","0.552","0","interacts with","9606.ENSP00000420617 (interacts with) 9606.ENSP00000355865","PRKN","2","false","interacts with","9606.ENSP00000420617 (interacts with) 9606.ENSP00000355865"
"RAB29","0","0.416","0","419.7857142857138","0.416","0","interacts with","9606.ENSP00000356107 (interacts with) 9606.ENSP00000382341","RABGGTA","2","false","interacts with","9606.ENSP00000356107 (interacts with) 9606.ENSP00000382341"
"MT-ND1","0","0.945","0","304.0","0.945","0","interacts with","9606.ENSP00000354687 (interacts with) 9606.ENSP00000355046","MT-ND2","1","false","interacts with","9606.ENSP00000354687 (interacts with) 9606.ENSP00000355046"
"MT-ND1","0","0.97","0","232.3650793650794","0.97","0","interacts with","9606.ENSP00000354687 (interacts with) 9606.ENSP00000215565","NDUFB7","2","false","interacts with","9606.ENSP00000354687 (interacts with) 9606.ENSP00000215565"
"MT-ND1","0","0.973","0","748.2000000000012","0.973","0","interacts with","9606.ENSP00000354687 (interacts with) 9606.ENSP00000233627","NDUFS7","2","false","interacts with","9606.ENSP00000354687 (interacts with) 9606.ENSP00000233627"
"MT-ND1","0","0.951","0","232.3650793650794","0.951","0","interacts with","9606.ENSP00000354687 (interacts with) 9606.ENSP00000252102","NDUFA2","2","false","interacts with","9606.ENSP00000354687 (interacts with) 9606.ENSP00000252102"
"MT-ND1","0","0.833","0","232.3650793650794","0.833","0","interacts with","9606.ENSP00000354687 (interacts with) 9606.ENSP00000252711","NDUFA10","2","false","interacts with","9606.ENSP00000354687 (interacts with) 9606.ENSP00000252711"
"MT-ND1","0","0.516","0","326.77070707070686","0.516","0","interacts with","9606.ENSP00000354687 (interacts with) 9606.ENSP00000260361","NDUFAF1","2","false","interacts with","9606.ENSP00000354687 (interacts with) 9606.ENSP00000260361"
"MT-ND1","0","0.951","0","322.86666666666645","0.951","0","interacts with","9606.ENSP00000354687 (interacts with) 9606.ENSP00000263774","NDUFS3","2","false","interacts with","9606.ENSP00000354687 (interacts with) 9606.ENSP00000263774"
"MT-ND1","0","0.946","0","232.2","0.946","0","interacts with","9606.ENSP00000354687 (interacts with) 9606.ENSP00000266544","NDUFA9","2","false","interacts with","9606.ENSP00000354687 (interacts with) 9606.ENSP00000266544"
"MT-ND1","0","0.947","0","255.3818181818179","0.947","0","interacts with","9606.ENSP00000354687 (interacts with) 9606.ENSP00000268668","NDUFB10","2","false","interacts with","9606.ENSP00000354687 (interacts with) 9606.ENSP00000268668"
"MT-ND1","0","0.966","0","232.36507936507937","0.966","0","interacts with","9606.ENSP00000354687 (interacts with) 9606.ENSP00000274137","NDUFS6","2","false","interacts with","9606.ENSP00000354687 (interacts with) 9606.ENSP00000274137"
"MT-ND1","0","0.921","0","270.7916666666665","0.921","0","interacts with","9606.ENSP00000354687 (interacts with) 9606.ENSP00000276062","NDUFB11","2","false","interacts with","9606.ENSP00000354687 (interacts with) 9606.ENSP00000276062"
"MT-ND1","0","0.947","0","278.5999999999995","0.947","0","interacts with","9606.ENSP00000354687 (interacts with) 9606.ENSP00000276689","NDUFB9","2","false","interacts with","9606.ENSP00000354687 (interacts with) 9606.ENSP00000276689"
"MT-ND1","0","0.825","0","299.8333333333337","0.825","0","interacts with","9606.ENSP00000354687 (interacts with) 9606.ENSP00000281031","NDUFC2","2","false","interacts with","9606.ENSP00000354687 (interacts with) 9606.ENSP00000281031"
"MT-ND1","0","0.951","0","232.36507936507937","0.951","0","interacts with","9606.ENSP00000354687 (interacts with) 9606.ENSP00000296684","NDUFS4","2","false","interacts with","9606.ENSP00000354687 (interacts with) 9606.ENSP00000296684"
"MT-ND1","0","0.945","0","278.59999999999957","0.945","0","interacts with","9606.ENSP00000354687 (interacts with) 9606.ENSP00000299166","NDUFB8","2","false","interacts with","9606.ENSP00000354687 (interacts with) 9606.ENSP00000299166"
"MT-ND1","0","0.973","0","330.76666666666705","0.973","0","interacts with","9606.ENSP00000354687 (interacts with) 9606.ENSP00000315774","NDUFS8","2","false","interacts with","9606.ENSP00000354687 (interacts with) 9606.ENSP00000315774"
"MT-ND1","0","0.978","0","278.765079365079","0.978","0","interacts with","9606.ENSP00000354687 (interacts with) 9606.ENSP00000327268","NDUFV2","2","false","interacts with","9606.ENSP00000354687 (interacts with) 9606.ENSP00000327268"
"MT-ND1","0","0.972","0","232.0","0.972","0","interacts with","9606.ENSP00000354687 (interacts with) 9606.ENSP00000330737","NDUFA12","2","false","interacts with","9606.ENSP00000354687 (interacts with) 9606.ENSP00000330737"
"MT-ND1","0","0.457","0","8892.0","0.457","0","interacts with","9606.ENSP00000354687 (interacts with) 9606.ENSP00000340278","PARK7","2","false","interacts with","9606.ENSP00000354687 (interacts with) 9606.ENSP00000340278"
"MT-ND1","0","0.925","0","255.53333333333305","0.925","0","interacts with","9606.ENSP00000354687 (interacts with) 9606.ENSP00000354665","MT-ND6","2","false","interacts with","9606.ENSP00000354687 (interacts with) 9606.ENSP00000354665"
"MT-ND1","0","0.734","0","324.82023809523764","0.734","0","interacts with","9606.ENSP00000354687 (interacts with) 9606.ENSP00000418803","TIMMDC1","2","false","interacts with","9606.ENSP00000354687 (interacts with) 9606.ENSP00000418803"
"MT-ND1","0","0.825","0","232.36507936507937","0.825","0","interacts with","9606.ENSP00000354687 (interacts with) 9606.ENSP00000389160","NDUFA11","2","false","interacts with","9606.ENSP00000354687 (interacts with) 9606.ENSP00000389160"
"MT-ND1","0","0.961","0","232.36507936507937","0.961","0","interacts with","9606.ENSP00000354687 (interacts with) 9606.ENSP00000407336","NDUFB3","2","false","interacts with","9606.ENSP00000354687 (interacts with) 9606.ENSP00000407336"
"MT-ND1","0","0.951","0","232.36507936507937","0.951","0","interacts with","9606.ENSP00000354687 (interacts with) 9606.ENSP00000482543","NDUFA6","2","false","interacts with","9606.ENSP00000354687 (interacts with) 9606.ENSP00000482543"
"MT-ND1","0","0.955","0","232.36507936507937","0.955","0","interacts with","9606.ENSP00000354687 (interacts with) 9606.ENSP00000360492","NDUFA1","2","false","interacts with","9606.ENSP00000354687 (interacts with) 9606.ENSP00000360492"
"MT-ND1","0","0.983","0","554.8666666666653","0.983","0","interacts with","9606.ENSP00000354687 (interacts with) 9606.ENSP00000423673","NDUFA13","2","false","interacts with","9606.ENSP00000354687 (interacts with) 9606.ENSP00000423673"
"MT-ND1","0","0.973","0","284.366666666667","0.973","0","interacts with","9606.ENSP00000354687 (interacts with) 9606.ENSP00000356972","NDUFS2","2","false","interacts with","9606.ENSP00000354687 (interacts with) 9606.ENSP00000356972"
"MT-ND1","0","0.971","0","278.5333333333331","0.971","0","interacts with","9606.ENSP00000354687 (interacts with) 9606.ENSP00000392709","NDUFS1","2","false","interacts with","9606.ENSP00000354687 (interacts with) 9606.ENSP00000392709"
"MT-ND1","0","0.987","0","487.200000000002","0.987","0","interacts with","9606.ENSP00000354687 (interacts with) 9606.ENSP00000362873","NDUFA8","2","false","interacts with","9606.ENSP00000354687 (interacts with) 9606.ENSP00000362873"
"MT-ND1","0","0.973","0","232.13333333333333","0.973","0","interacts with","9606.ENSP00000354687 (interacts with) 9606.ENSP00000355206","MT-ND3","2","false","interacts with","9606.ENSP00000354687 (interacts with) 9606.ENSP00000355206"
"MT-ND1","0","0.951","0","232.2","0.951","0","interacts with","9606.ENSP00000354687 (interacts with) 9606.ENSP00000497587","NDUFV1","2","false","interacts with","9606.ENSP00000354687 (interacts with) 9606.ENSP00000497587"
"PARK7","0","0.457","0","5836.837828837828","0.457","0","interacts with","9606.ENSP00000340278 (interacts with) 9606.ENSP00000500990","SNCA","2","false","interacts with","9606.ENSP00000340278 (interacts with) 9606.ENSP00000500990"
"PARK7","0","0.457","0","3003.1621711621733","0.457","0","interacts with","9606.ENSP00000340278 (interacts with) 9606.ENSP00000355865","PRKN","2","false","interacts with","9606.ENSP00000340278 (interacts with) 9606.ENSP00000355865"
"PARK7","0","0.457","0","200.0","0.457","0","interacts with","9606.ENSP00000340278 (interacts with) 9606.ENSP00000364204","PINK1","2","false","interacts with","9606.ENSP00000340278 (interacts with) 9606.ENSP00000364204"
"NDUFAF3","0","0.734","0","32.66666666666667","0.734","0","interacts with","9606.ENSP00000323076 (interacts with) 9606.ENSP00000367346","NDUFAF5","2","false","interacts with","9606.ENSP00000323076 (interacts with) 9606.ENSP00000367346"
"NDUFAF5","0","0.734","0","571.3333333333334","0.734","0","interacts with","9606.ENSP00000367346 (interacts with) 9606.ENSP00000233627","NDUFS7","2","false","interacts with","9606.ENSP00000367346 (interacts with) 9606.ENSP00000233627"
"NDUFAF5","0","0.457","0","304.0","0.457","0","interacts with","9606.ENSP00000367346 (interacts with) 9606.ENSP00000400184","NDUFAF8","2","false","interacts with","9606.ENSP00000367346 (interacts with) 9606.ENSP00000400184"
"RHOT1","0","0.613","0","4.0","0.613","0","interacts with","9606.ENSP00000351132 (interacts with) 9606.ENSP00000321971","RHOT2","2","false","interacts with","9606.ENSP00000351132 (interacts with) 9606.ENSP00000321971"
"RAB3IP","0","0.968","0","304.0","0.968","0","interacts with","9606.ENSP00000447300 (interacts with) 9606.ENSP00000300935","RAB8A","2","false","interacts with","9606.ENSP00000447300 (interacts with) 9606.ENSP00000300935"
"RNF19A","0","0.457","0","111.25848595848595","0.457","0","interacts with","9606.ENSP00000428968 (interacts with) 9606.ENSP00000351777","VCP","2","false","interacts with","9606.ENSP00000428968 (interacts with) 9606.ENSP00000351777"
"RNF19A","0","0.457","0","199.2616605616605","0.457","0","interacts with","9606.ENSP00000428968 (interacts with) 9606.ENSP00000400906","UBE2L3","2","false","interacts with","9606.ENSP00000428968 (interacts with) 9606.ENSP00000400906"
"VPS35","0","0.457","0","2.0","0.457","0","interacts with","9606.ENSP00000299138 (interacts with) 9606.ENSP00000485513","WASHC2C","2","false","interacts with","9606.ENSP00000299138 (interacts with) 9606.ENSP00000485513"
"NDUFS1","0","0.984","0","7.707936507936508","0.984","0","interacts with","9606.ENSP00000392709 (interacts with) 9606.ENSP00000233627","NDUFS7","2","false","interacts with","9606.ENSP00000392709 (interacts with) 9606.ENSP00000233627"
"NDUFS1","0","0.972","0","2.2222222222222223","0.972","0","interacts with","9606.ENSP00000392709 (interacts with) 9606.ENSP00000327268","NDUFV2","2","false","interacts with","9606.ENSP00000392709 (interacts with) 9606.ENSP00000327268"
"NDUFS1","0","0.972","0","3.518192918192918","0.972","0","interacts with","9606.ENSP00000392709 (interacts with) 9606.ENSP00000263774","NDUFS3","2","false","interacts with","9606.ENSP00000392709 (interacts with) 9606.ENSP00000263774"
"NDUFS1","0","0.983","0","2.8079365079365077","0.983","0","interacts with","9606.ENSP00000392709 (interacts with) 9606.ENSP00000315774","NDUFS8","2","false","interacts with","9606.ENSP00000392709 (interacts with) 9606.ENSP00000315774"
"NDUFS1","0","0.987","0","3.207936507936508","0.987","0","interacts with","9606.ENSP00000392709 (interacts with) 9606.ENSP00000356972","NDUFS2","2","false","interacts with","9606.ENSP00000392709 (interacts with) 9606.ENSP00000356972"
"NDUFS1","0","0.972","0","2.6222222222222227","0.972","0","interacts with","9606.ENSP00000392709 (interacts with) 9606.ENSP00000274137","NDUFS6","2","false","interacts with","9606.ENSP00000392709 (interacts with) 9606.ENSP00000274137"
"NDUFS1","0","0.972","0","2.7333333333333334","0.972","0","interacts with","9606.ENSP00000392709 (interacts with) 9606.ENSP00000497587","NDUFV1","2","false","interacts with","9606.ENSP00000392709 (interacts with) 9606.ENSP00000497587"
"NDUFS1","0","0.972","0","2.6222222222222227","0.972","0","interacts with","9606.ENSP00000392709 (interacts with) 9606.ENSP00000296684","NDUFS4","2","false","interacts with","9606.ENSP00000392709 (interacts with) 9606.ENSP00000296684"
"NDUFA11","0","0.956","0","6.948412698412699","0.956","0","interacts with","9606.ENSP00000389160 (interacts with) 9606.ENSP00000233627","NDUFS7","2","false","interacts with","9606.ENSP00000389160 (interacts with) 9606.ENSP00000233627"
"NDUFA11","0","0.952","0","2.142857142857143","0.952","0","interacts with","9606.ENSP00000389160 (interacts with) 9606.ENSP00000266544","NDUFA9","2","false","interacts with","9606.ENSP00000389160 (interacts with) 9606.ENSP00000266544"
"NDUFA11","0","0.949","0","2.7222222222222223","0.949","0","interacts with","9606.ENSP00000389160 (interacts with) 9606.ENSP00000276062","NDUFB11","2","false","interacts with","9606.ENSP00000389160 (interacts with) 9606.ENSP00000276062"
"NDUFA11","0","0.949","0","2.5428571428571427","0.949","0","interacts with","9606.ENSP00000389160 (interacts with) 9606.ENSP00000299166","NDUFB8","2","false","interacts with","9606.ENSP00000389160 (interacts with) 9606.ENSP00000299166"
"NDUFA11","0","0.949","0","2.6222222222222227","0.949","0","interacts with","9606.ENSP00000389160 (interacts with) 9606.ENSP00000392709","NDUFS1","2","false","interacts with","9606.ENSP00000389160 (interacts with) 9606.ENSP00000392709"
"NDUFA11","0","0.949","0","2.0","0.949","0","interacts with","9606.ENSP00000389160 (interacts with) 9606.ENSP00000407336","NDUFB3","2","false","interacts with","9606.ENSP00000389160 (interacts with) 9606.ENSP00000407336"
"NDUFA11","0","0.949","0","2.0","0.949","0","interacts with","9606.ENSP00000389160 (interacts with) 9606.ENSP00000482543","NDUFA6","2","false","interacts with","9606.ENSP00000389160 (interacts with) 9606.ENSP00000482543"
"NDUFA11","0","0.844","0","2.0","0.844","0","interacts with","9606.ENSP00000389160 (interacts with) 9606.ENSP00000215565","NDUFB7","2","false","interacts with","9606.ENSP00000389160 (interacts with) 9606.ENSP00000215565"
"NDUFA11","0","0.949","0","2.4000000000000004","0.949","0","interacts with","9606.ENSP00000389160 (interacts with) 9606.ENSP00000327268","NDUFV2","2","false","interacts with","9606.ENSP00000389160 (interacts with) 9606.ENSP00000327268"
"NDUFA11","0","0.949","0","3.448412698412698","0.949","0","interacts with","9606.ENSP00000389160 (interacts with) 9606.ENSP00000263774","NDUFS3","2","false","interacts with","9606.ENSP00000389160 (interacts with) 9606.ENSP00000263774"
"NDUFA11","0","0.844","0","2.5428571428571427","0.844","0","interacts with","9606.ENSP00000389160 (interacts with) 9606.ENSP00000276689","NDUFB9","2","false","interacts with","9606.ENSP00000389160 (interacts with) 9606.ENSP00000276689"
"NDUFA11","0","0.949","0","3.126190476190476","0.949","0","interacts with","9606.ENSP00000389160 (interacts with) 9606.ENSP00000315774","NDUFS8","2","false","interacts with","9606.ENSP00000389160 (interacts with) 9606.ENSP00000315774"
"NDUFA11","0","0.949","0","2.726190476190476","0.949","0","interacts with","9606.ENSP00000389160 (interacts with) 9606.ENSP00000356972","NDUFS2","2","false","interacts with","9606.ENSP00000389160 (interacts with) 9606.ENSP00000356972"
"NDUFA11","0","0.949","0","2.0","0.949","0","interacts with","9606.ENSP00000389160 (interacts with) 9606.ENSP00000274137","NDUFS6","2","false","interacts with","9606.ENSP00000389160 (interacts with) 9606.ENSP00000274137"
"NDUFA11","0","0.844","0","2.392857142857143","0.844","0","interacts with","9606.ENSP00000389160 (interacts with) 9606.ENSP00000268668","NDUFB10","2","false","interacts with","9606.ENSP00000389160 (interacts with) 9606.ENSP00000268668"
"NDUFA11","0","0.939","0","4.615079365079366","0.939","0","interacts with","9606.ENSP00000389160 (interacts with) 9606.ENSP00000362873","NDUFA8","2","false","interacts with","9606.ENSP00000389160 (interacts with) 9606.ENSP00000362873"
"NDUFA11","0","0.949","0","2.142857142857143","0.949","0","interacts with","9606.ENSP00000389160 (interacts with) 9606.ENSP00000497587","NDUFV1","2","false","interacts with","9606.ENSP00000389160 (interacts with) 9606.ENSP00000497587"
"NDUFA11","0","0.949","0","2.0","0.949","0","interacts with","9606.ENSP00000389160 (interacts with) 9606.ENSP00000252102","NDUFA2","2","false","interacts with","9606.ENSP00000389160 (interacts with) 9606.ENSP00000252102"
"NDUFA11","0","0.825","0","5.448412698412699","0.825","0","interacts with","9606.ENSP00000389160 (interacts with) 9606.ENSP00000423673","NDUFA13","2","false","interacts with","9606.ENSP00000389160 (interacts with) 9606.ENSP00000423673"
"NDUFA11","0","0.949","0","2.365079365079365","0.949","0","interacts with","9606.ENSP00000389160 (interacts with) 9606.ENSP00000330737","NDUFA12","2","false","interacts with","9606.ENSP00000389160 (interacts with) 9606.ENSP00000330737"
"NDUFA11","0","0.949","0","2.0","0.949","0","interacts with","9606.ENSP00000389160 (interacts with) 9606.ENSP00000296684","NDUFS4","2","false","interacts with","9606.ENSP00000389160 (interacts with) 9606.ENSP00000296684"
"NDUFA11","0","0.832","0","2.976190476190476","0.832","0","interacts with","9606.ENSP00000389160 (interacts with) 9606.ENSP00000281031","NDUFC2","2","false","interacts with","9606.ENSP00000389160 (interacts with) 9606.ENSP00000281031"
"NDUFA1","0","0.898","0","6.948412698412699","0.898","0","interacts with","9606.ENSP00000360492 (interacts with) 9606.ENSP00000233627","NDUFS7","2","false","interacts with","9606.ENSP00000360492 (interacts with) 9606.ENSP00000233627"
"NDUFA1","0","0.924","0","2.142857142857143","0.924","0","interacts with","9606.ENSP00000360492 (interacts with) 9606.ENSP00000266544","NDUFA9","2","false","interacts with","9606.ENSP00000360492 (interacts with) 9606.ENSP00000266544"
"NDUFA1","0","0.926","0","2.7222222222222223","0.926","0","interacts with","9606.ENSP00000360492 (interacts with) 9606.ENSP00000276062","NDUFB11","2","false","interacts with","9606.ENSP00000360492 (interacts with) 9606.ENSP00000276062"
"NDUFA1","0","0.903","0","2.5428571428571427","0.903","0","interacts with","9606.ENSP00000360492 (interacts with) 9606.ENSP00000299166","NDUFB8","2","false","interacts with","9606.ENSP00000360492 (interacts with) 9606.ENSP00000299166"
"NDUFA1","0","0.825","0","2.0","0.825","0","interacts with","9606.ENSP00000360492 (interacts with) 9606.ENSP00000389160","NDUFA11","2","false","interacts with","9606.ENSP00000360492 (interacts with) 9606.ENSP00000389160"
"NDUFA1","0","0.906","0","2.0","0.906","0","interacts with","9606.ENSP00000360492 (interacts with) 9606.ENSP00000407336","NDUFB3","2","false","interacts with","9606.ENSP00000360492 (interacts with) 9606.ENSP00000407336"
"NDUFA1","0","0.929","0","2.6222222222222227","0.929","0","interacts with","9606.ENSP00000360492 (interacts with) 9606.ENSP00000392709","NDUFS1","2","false","interacts with","9606.ENSP00000360492 (interacts with) 9606.ENSP00000392709"
"NDUFA1","0","0.951","0","2.0","0.951","0","interacts with","9606.ENSP00000360492 (interacts with) 9606.ENSP00000482543","NDUFA6","2","false","interacts with","9606.ENSP00000360492 (interacts with) 9606.ENSP00000482543"
"NDUFA1","0","0.931","0","2.0","0.931","0","interacts with","9606.ENSP00000360492 (interacts with) 9606.ENSP00000215565","NDUFB7","2","false","interacts with","9606.ENSP00000360492 (interacts with) 9606.ENSP00000215565"
"NDUFA1","0","0.931","0","2.4000000000000004","0.931","0","interacts with","9606.ENSP00000360492 (interacts with) 9606.ENSP00000327268","NDUFV2","2","false","interacts with","9606.ENSP00000360492 (interacts with) 9606.ENSP00000327268"
"NDUFA1","0","0.929","0","3.448412698412698","0.929","0","interacts with","9606.ENSP00000360492 (interacts with) 9606.ENSP00000263774","NDUFS3","2","false","interacts with","9606.ENSP00000360492 (interacts with) 9606.ENSP00000263774"
"NDUFA1","0","0.907","0","2.5428571428571427","0.907","0","interacts with","9606.ENSP00000360492 (interacts with) 9606.ENSP00000276689","NDUFB9","2","false","interacts with","9606.ENSP00000360492 (interacts with) 9606.ENSP00000276689"
"NDUFA1","0","0.968","0","3.126190476190476","0.968","0","interacts with","9606.ENSP00000360492 (interacts with) 9606.ENSP00000315774","NDUFS8","2","false","interacts with","9606.ENSP00000360492 (interacts with) 9606.ENSP00000315774"
"NDUFA1","0","0.916","0","2.726190476190476","0.916","0","interacts with","9606.ENSP00000360492 (interacts with) 9606.ENSP00000356972","NDUFS2","2","false","interacts with","9606.ENSP00000360492 (interacts with) 9606.ENSP00000356972"
"NDUFA1","0","0.931","0","2.0","0.931","0","interacts with","9606.ENSP00000360492 (interacts with) 9606.ENSP00000274137","NDUFS6","2","false","interacts with","9606.ENSP00000360492 (interacts with) 9606.ENSP00000274137"
"NDUFA1","0","0.931","0","2.392857142857143","0.931","0","interacts with","9606.ENSP00000360492 (interacts with) 9606.ENSP00000268668","NDUFB10","2","false","interacts with","9606.ENSP00000360492 (interacts with) 9606.ENSP00000268668"
"NDUFA1","0","0.972","0","4.615079365079366","0.972","0","interacts with","9606.ENSP00000360492 (interacts with) 9606.ENSP00000362873","NDUFA8","2","false","interacts with","9606.ENSP00000360492 (interacts with) 9606.ENSP00000362873"
"NDUFA1","0","0.931","0","2.142857142857143","0.931","0","interacts with","9606.ENSP00000360492 (interacts with) 9606.ENSP00000497587","NDUFV1","2","false","interacts with","9606.ENSP00000360492 (interacts with) 9606.ENSP00000497587"
"NDUFA1","0","0.901","0","2.0","0.901","0","interacts with","9606.ENSP00000360492 (interacts with) 9606.ENSP00000252102","NDUFA2","2","false","interacts with","9606.ENSP00000360492 (interacts with) 9606.ENSP00000252102"
"NDUFA1","0","0.961","0","5.448412698412699","0.961","0","interacts with","9606.ENSP00000360492 (interacts with) 9606.ENSP00000423673","NDUFA13","2","false","interacts with","9606.ENSP00000360492 (interacts with) 9606.ENSP00000423673"
"NDUFA1","0","0.899","0","2.0","0.899","0","interacts with","9606.ENSP00000360492 (interacts with) 9606.ENSP00000252711","NDUFA10","2","false","interacts with","9606.ENSP00000360492 (interacts with) 9606.ENSP00000252711"
"NDUFA1","0","0.921","0","2.365079365079365","0.921","0","interacts with","9606.ENSP00000360492 (interacts with) 9606.ENSP00000330737","NDUFA12","2","false","interacts with","9606.ENSP00000360492 (interacts with) 9606.ENSP00000330737"
"NDUFA1","0","0.908","0","2.0","0.908","0","interacts with","9606.ENSP00000360492 (interacts with) 9606.ENSP00000296684","NDUFS4","2","false","interacts with","9606.ENSP00000360492 (interacts with) 9606.ENSP00000296684"
"NDUFA1","0","0.902","0","2.976190476190476","0.902","0","interacts with","9606.ENSP00000360492 (interacts with) 9606.ENSP00000281031","NDUFC2","2","false","interacts with","9606.ENSP00000360492 (interacts with) 9606.ENSP00000281031"
"NDUFA6","0","0.991","0","6.948412698412699","0.991","0","interacts with","9606.ENSP00000482543 (interacts with) 9606.ENSP00000233627","NDUFS7","2","false","interacts with","9606.ENSP00000482543 (interacts with) 9606.ENSP00000233627"
"NDUFA6","0","0.983","0","2.142857142857143","0.983","0","interacts with","9606.ENSP00000482543 (interacts with) 9606.ENSP00000266544","NDUFA9","2","false","interacts with","9606.ENSP00000482543 (interacts with) 9606.ENSP00000266544"
"NDUFA6","0","0.951","0","2.7222222222222223","0.951","0","interacts with","9606.ENSP00000482543 (interacts with) 9606.ENSP00000276062","NDUFB11","2","false","interacts with","9606.ENSP00000482543 (interacts with) 9606.ENSP00000276062"
"NDUFA6","0","0.951","0","2.5428571428571427","0.951","0","interacts with","9606.ENSP00000482543 (interacts with) 9606.ENSP00000299166","NDUFB8","2","false","interacts with","9606.ENSP00000482543 (interacts with) 9606.ENSP00000299166"
"NDUFA6","0","0.972","0","2.6222222222222227","0.972","0","interacts with","9606.ENSP00000482543 (interacts with) 9606.ENSP00000392709","NDUFS1","2","false","interacts with","9606.ENSP00000482543 (interacts with) 9606.ENSP00000392709"
"NDUFA6","0","0.951","0","2.0","0.951","0","interacts with","9606.ENSP00000482543 (interacts with) 9606.ENSP00000407336","NDUFB3","2","false","interacts with","9606.ENSP00000482543 (interacts with) 9606.ENSP00000407336"
"NDUFA6","0","0.951","0","2.0","0.951","0","interacts with","9606.ENSP00000482543 (interacts with) 9606.ENSP00000215565","NDUFB7","2","false","interacts with","9606.ENSP00000482543 (interacts with) 9606.ENSP00000215565"
"NDUFA6","0","0.951","0","2.4000000000000004","0.951","0","interacts with","9606.ENSP00000482543 (interacts with) 9606.ENSP00000327268","NDUFV2","2","false","interacts with","9606.ENSP00000482543 (interacts with) 9606.ENSP00000327268"
"NDUFA6","0","0.972","0","3.448412698412698","0.972","0","interacts with","9606.ENSP00000482543 (interacts with) 9606.ENSP00000263774","NDUFS3","2","false","interacts with","9606.ENSP00000482543 (interacts with) 9606.ENSP00000263774"
"NDUFA6","0","0.951","0","2.5428571428571427","0.951","0","interacts with","9606.ENSP00000482543 (interacts with) 9606.ENSP00000276689","NDUFB9","2","false","interacts with","9606.ENSP00000482543 (interacts with) 9606.ENSP00000276689"
"NDUFA6","0","0.951","0","3.126190476190476","0.951","0","interacts with","9606.ENSP00000482543 (interacts with) 9606.ENSP00000315774","NDUFS8","2","false","interacts with","9606.ENSP00000482543 (interacts with) 9606.ENSP00000315774"
"NDUFA6","0","0.972","0","2.726190476190476","0.972","0","interacts with","9606.ENSP00000482543 (interacts with) 9606.ENSP00000356972","NDUFS2","2","false","interacts with","9606.ENSP00000482543 (interacts with) 9606.ENSP00000356972"
"NDUFA6","0","0.951","0","2.0","0.951","0","interacts with","9606.ENSP00000482543 (interacts with) 9606.ENSP00000274137","NDUFS6","2","false","interacts with","9606.ENSP00000482543 (interacts with) 9606.ENSP00000274137"
"NDUFA6","0","0.951","0","2.392857142857143","0.951","0","interacts with","9606.ENSP00000482543 (interacts with) 9606.ENSP00000268668","NDUFB10","2","false","interacts with","9606.ENSP00000482543 (interacts with) 9606.ENSP00000268668"
"NDUFA6","0","0.951","0","4.615079365079366","0.951","0","interacts with","9606.ENSP00000482543 (interacts with) 9606.ENSP00000362873","NDUFA8","2","false","interacts with","9606.ENSP00000482543 (interacts with) 9606.ENSP00000362873"
"NDUFA6","0","0.951","0","2.142857142857143","0.951","0","interacts with","9606.ENSP00000482543 (interacts with) 9606.ENSP00000497587","NDUFV1","2","false","interacts with","9606.ENSP00000482543 (interacts with) 9606.ENSP00000497587"
"NDUFA6","0","0.972","0","2.0","0.972","0","interacts with","9606.ENSP00000482543 (interacts with) 9606.ENSP00000296684","NDUFS4","2","false","interacts with","9606.ENSP00000482543 (interacts with) 9606.ENSP00000296684"
"NDUFA6","0","0.949","0","2.976190476190476","0.949","0","interacts with","9606.ENSP00000482543 (interacts with) 9606.ENSP00000281031","NDUFC2","2","false","interacts with","9606.ENSP00000482543 (interacts with) 9606.ENSP00000281031"
"NDUFB7","0","0.947","0","2.6222222222222227","0.947","0","interacts with","9606.ENSP00000215565 (interacts with) 9606.ENSP00000392709","NDUFS1","2","false","interacts with","9606.ENSP00000215565 (interacts with) 9606.ENSP00000392709"
"NDUFB7","0","0.975","0","6.948412698412699","0.975","0","interacts with","9606.ENSP00000215565 (interacts with) 9606.ENSP00000233627","NDUFS7","2","false","interacts with","9606.ENSP00000215565 (interacts with) 9606.ENSP00000233627"
"NDUFB7","0","0.984","0","2.542857142857143","0.984","0","interacts with","9606.ENSP00000215565 (interacts with) 9606.ENSP00000299166","NDUFB8","2","false","interacts with","9606.ENSP00000215565 (interacts with) 9606.ENSP00000299166"
"NDUFB7","0","0.977","0","2.4000000000000004","0.977","0","interacts with","9606.ENSP00000215565 (interacts with) 9606.ENSP00000327268","NDUFV2","2","false","interacts with","9606.ENSP00000215565 (interacts with) 9606.ENSP00000327268"
"NDUFB7","0","0.951","0","3.4484126984126986","0.951","0","interacts with","9606.ENSP00000215565 (interacts with) 9606.ENSP00000263774","NDUFS3","2","false","interacts with","9606.ENSP00000215565 (interacts with) 9606.ENSP00000263774"
"NDUFB7","0","0.978","0","2.542857142857143","0.978","0","interacts with","9606.ENSP00000215565 (interacts with) 9606.ENSP00000276689","NDUFB9","2","false","interacts with","9606.ENSP00000215565 (interacts with) 9606.ENSP00000276689"
"NDUFB7","0","0.977","0","3.1261904761904766","0.977","0","interacts with","9606.ENSP00000215565 (interacts with) 9606.ENSP00000315774","NDUFS8","2","false","interacts with","9606.ENSP00000215565 (interacts with) 9606.ENSP00000315774"
"NDUFB7","0","0.947","0","2.726190476190476","0.947","0","interacts with","9606.ENSP00000215565 (interacts with) 9606.ENSP00000356972","NDUFS2","2","false","interacts with","9606.ENSP00000215565 (interacts with) 9606.ENSP00000356972"
"NDUFB7","0","0.978","0","2.0","0.978","0","interacts with","9606.ENSP00000215565 (interacts with) 9606.ENSP00000274137","NDUFS6","2","false","interacts with","9606.ENSP00000215565 (interacts with) 9606.ENSP00000274137"
"NDUFB7","0","0.977","0","2.142857142857143","0.977","0","interacts with","9606.ENSP00000215565 (interacts with) 9606.ENSP00000497587","NDUFV1","2","false","interacts with","9606.ENSP00000215565 (interacts with) 9606.ENSP00000497587"
"NDUFB7","0","0.974","0","2.0","0.974","0","interacts with","9606.ENSP00000215565 (interacts with) 9606.ENSP00000296684","NDUFS4","2","false","interacts with","9606.ENSP00000215565 (interacts with) 9606.ENSP00000296684"
"NDUFB7","0","0.928","0","2.9761904761904763","0.928","0","interacts with","9606.ENSP00000215565 (interacts with) 9606.ENSP00000281031","NDUFC2","2","false","interacts with","9606.ENSP00000215565 (interacts with) 9606.ENSP00000281031"
"NDUFS3","0","0.991","0","4.25","0.991","0","interacts with","9606.ENSP00000263774 (interacts with) 9606.ENSP00000233627","NDUFS7","2","false","interacts with","9606.ENSP00000263774 (interacts with) 9606.ENSP00000233627"
"NDUFS3","0","0.614","0","50.91080586080578","0.614","0","interacts with","9606.ENSP00000263774 (interacts with) 9606.ENSP00000351737","TMEM126B","2","false","interacts with","9606.ENSP00000263774 (interacts with) 9606.ENSP00000351737"
"NDUFS3","0","0.549","0","3.953571428571429","0.549","0","interacts with","9606.ENSP00000263774 (interacts with) 9606.ENSP00000418803","TIMMDC1","2","false","interacts with","9606.ENSP00000263774 (interacts with) 9606.ENSP00000418803"
"NDUFS3","0","0.951","0","3.9253357753357756","0.951","0","interacts with","9606.ENSP00000263774 (interacts with) 9606.ENSP00000327268","NDUFV2","2","false","interacts with","9606.ENSP00000263774 (interacts with) 9606.ENSP00000327268"
"NDUFS3","0","0.972","0","2.929304029304029","0.972","0","interacts with","9606.ENSP00000263774 (interacts with) 9606.ENSP00000315774","NDUFS8","2","false","interacts with","9606.ENSP00000263774 (interacts with) 9606.ENSP00000315774"
"NDUFS3","0","0.951","0","3.4484126984126986","0.951","0","interacts with","9606.ENSP00000263774 (interacts with) 9606.ENSP00000274137","NDUFS6","2","false","interacts with","9606.ENSP00000263774 (interacts with) 9606.ENSP00000274137"
"NDUFS3","0","0.951","0","3.1079365079365084","0.951","0","interacts with","9606.ENSP00000263774 (interacts with) 9606.ENSP00000497587","NDUFV1","2","false","interacts with","9606.ENSP00000263774 (interacts with) 9606.ENSP00000497587"
"NDUFS3","0","0.972","0","3.4484126984126986","0.972","0","interacts with","9606.ENSP00000263774 (interacts with) 9606.ENSP00000296684","NDUFS4","2","false","interacts with","9606.ENSP00000263774 (interacts with) 9606.ENSP00000296684"
"NDUFB9","0","0.969","0","7.774603174603175","0.969","0","interacts with","9606.ENSP00000276689 (interacts with) 9606.ENSP00000233627","NDUFS7","2","false","interacts with","9606.ENSP00000276689 (interacts with) 9606.ENSP00000233627"
"NDUFB9","0","0.978","0","3.584859584859585","0.978","0","interacts with","9606.ENSP00000276689 (interacts with) 9606.ENSP00000263774","NDUFS3","2","false","interacts with","9606.ENSP00000276689 (interacts with) 9606.ENSP00000263774"
"NDUFB9","0","0.734","0","5.8050976800976795","0.734","0","interacts with","9606.ENSP00000276689 (interacts with) 9606.ENSP00000418803","TIMMDC1","2","false","interacts with","9606.ENSP00000276689 (interacts with) 9606.ENSP00000418803"
"NDUFB9","0","0.971","0","2.142857142857143","0.971","0","interacts with","9606.ENSP00000276689 (interacts with) 9606.ENSP00000327268","NDUFV2","2","false","interacts with","9606.ENSP00000276689 (interacts with) 9606.ENSP00000327268"
"NDUFB9","0","0.963","0","2.3333333333333335","0.963","0","interacts with","9606.ENSP00000276689 (interacts with) 9606.ENSP00000392709","NDUFS1","2","false","interacts with","9606.ENSP00000276689 (interacts with) 9606.ENSP00000392709"
"NDUFB9","0","0.954","0","2.507936507936508","0.954","0","interacts with","9606.ENSP00000276689 (interacts with) 9606.ENSP00000315774","NDUFS8","2","false","interacts with","9606.ENSP00000276689 (interacts with) 9606.ENSP00000315774"
"NDUFB9","0","0.947","0","2.9079365079365083","0.947","0","interacts with","9606.ENSP00000276689 (interacts with) 9606.ENSP00000356972","NDUFS2","2","false","interacts with","9606.ENSP00000276689 (interacts with) 9606.ENSP00000356972"
"NDUFB9","0","0.975","0","2.542857142857143","0.975","0","interacts with","9606.ENSP00000276689 (interacts with) 9606.ENSP00000274137","NDUFS6","2","false","interacts with","9606.ENSP00000276689 (interacts with) 9606.ENSP00000274137"
"NDUFB9","0","0.954","0","2.4000000000000004","0.954","0","interacts with","9606.ENSP00000276689 (interacts with) 9606.ENSP00000497587","NDUFV1","2","false","interacts with","9606.ENSP00000276689 (interacts with) 9606.ENSP00000497587"
"NDUFB9","0","0.947","0","2.542857142857143","0.947","0","interacts with","9606.ENSP00000276689 (interacts with) 9606.ENSP00000296684","NDUFS4","2","false","interacts with","9606.ENSP00000276689 (interacts with) 9606.ENSP00000296684"
"NDUFB9","0","0.916","0","3.1626373626373625","0.916","0","interacts with","9606.ENSP00000276689 (interacts with) 9606.ENSP00000281031","NDUFC2","2","false","interacts with","9606.ENSP00000276689 (interacts with) 9606.ENSP00000281031"
"NDUFS8","0","0.734","0","5.149542124542123","0.734","0","interacts with","9606.ENSP00000315774 (interacts with) 9606.ENSP00000418803","TIMMDC1","2","false","interacts with","9606.ENSP00000315774 (interacts with) 9606.ENSP00000418803"
"NDUFS8","0","0.98","0","2.7261904761904763","0.98","0","interacts with","9606.ENSP00000315774 (interacts with) 9606.ENSP00000327268","NDUFV2","2","false","interacts with","9606.ENSP00000315774 (interacts with) 9606.ENSP00000327268"
"NDUFS8","0","0.951","0","2.9079365079365083","0.951","0","interacts with","9606.ENSP00000315774 (interacts with) 9606.ENSP00000497587","NDUFV1","2","false","interacts with","9606.ENSP00000315774 (interacts with) 9606.ENSP00000497587"
"NDUFS2","0","0.991","0","4.166666666666666","0.991","0","interacts with","9606.ENSP00000356972 (interacts with) 9606.ENSP00000233627","NDUFS7","2","false","interacts with","9606.ENSP00000356972 (interacts with) 9606.ENSP00000233627"
"NDUFS2","0","0.972","0","2.452380952380952","0.972","0","interacts with","9606.ENSP00000356972 (interacts with) 9606.ENSP00000263774","NDUFS3","2","false","interacts with","9606.ENSP00000356972 (interacts with) 9606.ENSP00000263774"
"NDUFS2","0","0.988","0","2.4000000000000004","0.988","0","interacts with","9606.ENSP00000356972 (interacts with) 9606.ENSP00000315774","NDUFS8","2","false","interacts with","9606.ENSP00000356972 (interacts with) 9606.ENSP00000315774"
"NDUFS2","0","0.951","0","3.126190476190476","0.951","0","interacts with","9606.ENSP00000356972 (interacts with) 9606.ENSP00000327268","NDUFV2","2","false","interacts with","9606.ENSP00000356972 (interacts with) 9606.ENSP00000327268"
"NDUFS2","0","0.734","0","4.405952380952382","0.734","0","interacts with","9606.ENSP00000356972 (interacts with) 9606.ENSP00000418803","TIMMDC1","2","false","interacts with","9606.ENSP00000356972 (interacts with) 9606.ENSP00000418803"
"NDUFS2","0","0.972","0","2.726190476190476","0.972","0","interacts with","9606.ENSP00000356972 (interacts with) 9606.ENSP00000274137","NDUFS6","2","false","interacts with","9606.ENSP00000356972 (interacts with) 9606.ENSP00000274137"
"NDUFS2","0","0.951","0","2.507936507936508","0.951","0","interacts with","9606.ENSP00000356972 (interacts with) 9606.ENSP00000497587","NDUFV1","2","false","interacts with","9606.ENSP00000356972 (interacts with) 9606.ENSP00000497587"
"NDUFS2","0","0.951","0","2.726190476190476","0.951","0","interacts with","9606.ENSP00000356972 (interacts with) 9606.ENSP00000296684","NDUFS4","2","false","interacts with","9606.ENSP00000356972 (interacts with) 9606.ENSP00000296684"
"MT-ND6","0","0.861","0","2.25","0.861","0","interacts with","9606.ENSP00000354665 (interacts with) 9606.ENSP00000215565","NDUFB7","2","false","interacts with","9606.ENSP00000354665 (interacts with) 9606.ENSP00000215565"
"MT-ND6","0","0.861","0","4.619047619047619","0.861","0","interacts with","9606.ENSP00000354665 (interacts with) 9606.ENSP00000233627","NDUFS7","2","false","interacts with","9606.ENSP00000354665 (interacts with) 9606.ENSP00000233627"
"MT-ND6","0","0.951","0","3.0190476190476194","0.951","0","interacts with","9606.ENSP00000354665 (interacts with) 9606.ENSP00000263774","NDUFS3","2","false","interacts with","9606.ENSP00000354665 (interacts with) 9606.ENSP00000263774"
"MT-ND6","0","0.93","0","2.355555555555556","0.93","0","interacts with","9606.ENSP00000354665 (interacts with) 9606.ENSP00000266544","NDUFA9","2","false","interacts with","9606.ENSP00000354665 (interacts with) 9606.ENSP00000266544"
"MT-ND6","0","0.861","0","2.8000000000000003","0.861","0","interacts with","9606.ENSP00000354665 (interacts with) 9606.ENSP00000276062","NDUFB11","2","false","interacts with","9606.ENSP00000354665 (interacts with) 9606.ENSP00000276062"
"MT-ND6","0","0.861","0","2.755555555555556","0.861","0","interacts with","9606.ENSP00000354665 (interacts with) 9606.ENSP00000276689","NDUFB9","2","false","interacts with","9606.ENSP00000354665 (interacts with) 9606.ENSP00000276689"
"MT-ND6","0","0.861","0","2.755555555555556","0.861","0","interacts with","9606.ENSP00000354665 (interacts with) 9606.ENSP00000299166","NDUFB8","2","false","interacts with","9606.ENSP00000354665 (interacts with) 9606.ENSP00000299166"
"MT-ND6","0","0.861","0","2.8190476190476192","0.861","0","interacts with","9606.ENSP00000354665 (interacts with) 9606.ENSP00000315774","NDUFS8","2","false","interacts with","9606.ENSP00000354665 (interacts with) 9606.ENSP00000315774"
"MT-ND6","0","0.734","0","32.634199134199164","0.734","0","interacts with","9606.ENSP00000354665 (interacts with) 9606.ENSP00000323076","NDUFAF3","2","false","interacts with","9606.ENSP00000354665 (interacts with) 9606.ENSP00000323076"
"MT-ND6","0","0.861","0","2.6500000000000004","0.861","0","interacts with","9606.ENSP00000354665 (interacts with) 9606.ENSP00000327268","NDUFV2","2","false","interacts with","9606.ENSP00000354665 (interacts with) 9606.ENSP00000327268"
"MT-ND6","0","0.868","0","2.25","0.868","0","interacts with","9606.ENSP00000354665 (interacts with) 9606.ENSP00000389160","NDUFA11","2","false","interacts with","9606.ENSP00000354665 (interacts with) 9606.ENSP00000389160"
"MT-ND6","0","0.861","0","2.25","0.861","0","interacts with","9606.ENSP00000354665 (interacts with) 9606.ENSP00000407336","NDUFB3","2","false","interacts with","9606.ENSP00000354665 (interacts with) 9606.ENSP00000407336"
"MT-ND6","0","0.861","0","2.25","0.861","0","interacts with","9606.ENSP00000354665 (interacts with) 9606.ENSP00000482543","NDUFA6","2","false","interacts with","9606.ENSP00000354665 (interacts with) 9606.ENSP00000482543"
"MT-ND6","0","0.861","0","2.8222222222222224","0.861","0","interacts with","9606.ENSP00000354665 (interacts with) 9606.ENSP00000392709","NDUFS1","2","false","interacts with","9606.ENSP00000354665 (interacts with) 9606.ENSP00000392709"
"MT-ND6","0","0.861","0","2.419047619047619","0.861","0","interacts with","9606.ENSP00000354665 (interacts with) 9606.ENSP00000356972","NDUFS2","2","false","interacts with","9606.ENSP00000354665 (interacts with) 9606.ENSP00000356972"
"MT-ND6","0","0.925","0","2.25","0.925","0","interacts with","9606.ENSP00000354665 (interacts with) 9606.ENSP00000360492","NDUFA1","2","false","interacts with","9606.ENSP00000354665 (interacts with) 9606.ENSP00000360492"
"MT-ND6","0","0.833","0","2.25","0.833","0","interacts with","9606.ENSP00000354665 (interacts with) 9606.ENSP00000274137","NDUFS6","2","false","interacts with","9606.ENSP00000354665 (interacts with) 9606.ENSP00000274137"
"MT-ND6","0","0.861","0","2.1333333333333333","0.861","0","interacts with","9606.ENSP00000354665 (interacts with) 9606.ENSP00000268668","NDUFB10","2","false","interacts with","9606.ENSP00000354665 (interacts with) 9606.ENSP00000268668"
"MT-ND6","0","0.861","0","4.333333333333334","0.861","0","interacts with","9606.ENSP00000354665 (interacts with) 9606.ENSP00000362873","NDUFA8","2","false","interacts with","9606.ENSP00000354665 (interacts with) 9606.ENSP00000362873"
"MT-ND6","0","0.861","0","2.3555555555555556","0.861","0","interacts with","9606.ENSP00000354665 (interacts with) 9606.ENSP00000497587","NDUFV1","2","false","interacts with","9606.ENSP00000354665 (interacts with) 9606.ENSP00000497587"
"MT-ND6","0","0.861","0","2.25","0.861","0","interacts with","9606.ENSP00000354665 (interacts with) 9606.ENSP00000252102","NDUFA2","2","false","interacts with","9606.ENSP00000354665 (interacts with) 9606.ENSP00000252102"
"MT-ND6","0","0.925","0","5.019047619047619","0.925","0","interacts with","9606.ENSP00000354665 (interacts with) 9606.ENSP00000423673","NDUFA13","2","false","interacts with","9606.ENSP00000354665 (interacts with) 9606.ENSP00000423673"
"MT-ND6","0","0.881","0","2.25","0.881","0","interacts with","9606.ENSP00000354665 (interacts with) 9606.ENSP00000252711","NDUFA10","2","false","interacts with","9606.ENSP00000354665 (interacts with) 9606.ENSP00000252711"
"MT-ND6","0","0.861","0","2.533333333333334","0.861","0","interacts with","9606.ENSP00000354665 (interacts with) 9606.ENSP00000330737","NDUFA12","2","false","interacts with","9606.ENSP00000354665 (interacts with) 9606.ENSP00000330737"
"MT-ND6","0","0.861","0","2.25","0.861","0","interacts with","9606.ENSP00000354665 (interacts with) 9606.ENSP00000296684","NDUFS4","2","false","interacts with","9606.ENSP00000354665 (interacts with) 9606.ENSP00000296684"
"MT-ND6","0","0.867","0","3.000865800865801","0.867","0","interacts with","9606.ENSP00000354665 (interacts with) 9606.ENSP00000281031","NDUFC2","2","false","interacts with","9606.ENSP00000354665 (interacts with) 9606.ENSP00000281031"
"NDUFS6","0","0.972","0","6.948412698412699","0.972","0","interacts with","9606.ENSP00000274137 (interacts with) 9606.ENSP00000233627","NDUFS7","2","false","interacts with","9606.ENSP00000274137 (interacts with) 9606.ENSP00000233627"
"NDUFS6","0","0.972","0","2.4000000000000004","0.972","0","interacts with","9606.ENSP00000274137 (interacts with) 9606.ENSP00000327268","NDUFV2","2","false","interacts with","9606.ENSP00000274137 (interacts with) 9606.ENSP00000327268"
"NDUFS6","0","0.972","0","3.1261904761904766","0.972","0","interacts with","9606.ENSP00000274137 (interacts with) 9606.ENSP00000315774","NDUFS8","2","false","interacts with","9606.ENSP00000274137 (interacts with) 9606.ENSP00000315774"
"NDUFS6","0","0.951","0","2.142857142857143","0.951","0","interacts with","9606.ENSP00000274137 (interacts with) 9606.ENSP00000497587","NDUFV1","2","false","interacts with","9606.ENSP00000274137 (interacts with) 9606.ENSP00000497587"
"NDUFB10","0","0.98","0","2.392857142857143","0.98","0","interacts with","9606.ENSP00000268668 (interacts with) 9606.ENSP00000215565","NDUFB7","2","false","interacts with","9606.ENSP00000268668 (interacts with) 9606.ENSP00000215565"
"NDUFB10","0","0.896","0","4.431818181818182","0.896","0","interacts with","9606.ENSP00000268668 (interacts with) 9606.ENSP00000233627","NDUFS7","2","false","interacts with","9606.ENSP00000268668 (interacts with) 9606.ENSP00000233627"
"NDUFB10","0","0.951","0","2.765151515151515","0.951","0","interacts with","9606.ENSP00000268668 (interacts with) 9606.ENSP00000263774","NDUFS3","2","false","interacts with","9606.ENSP00000268668 (interacts with) 9606.ENSP00000263774"
"NDUFB10","0","0.734","0","4.718722943722942","0.734","0","interacts with","9606.ENSP00000268668 (interacts with) 9606.ENSP00000418803","TIMMDC1","2","false","interacts with","9606.ENSP00000268668 (interacts with) 9606.ENSP00000418803"
"NDUFB10","0","0.954","0","2.6500000000000004","0.954","0","interacts with","9606.ENSP00000268668 (interacts with) 9606.ENSP00000315774","NDUFS8","2","false","interacts with","9606.ENSP00000268668 (interacts with) 9606.ENSP00000315774"
"NDUFB10","0","0.976","0","2.840151515151515","0.976","0","interacts with","9606.ENSP00000268668 (interacts with) 9606.ENSP00000276062","NDUFB11","2","false","interacts with","9606.ENSP00000268668 (interacts with) 9606.ENSP00000276062"
"NDUFB10","0","0.973","0","2.6222222222222222","0.973","0","interacts with","9606.ENSP00000268668 (interacts with) 9606.ENSP00000299166","NDUFB8","2","false","interacts with","9606.ENSP00000268668 (interacts with) 9606.ENSP00000299166"
"NDUFB10","0","0.978","0","2.392857142857143","0.978","0","interacts with","9606.ENSP00000268668 (interacts with) 9606.ENSP00000274137","NDUFS6","2","false","interacts with","9606.ENSP00000268668 (interacts with) 9606.ENSP00000274137"
"NDUFB10","0","0.97","0","2.392857142857143","0.97","0","interacts with","9606.ENSP00000268668 (interacts with) 9606.ENSP00000407336","NDUFB3","2","false","interacts with","9606.ENSP00000268668 (interacts with) 9606.ENSP00000407336"
"NDUFB10","0","0.963","0","2.6222222222222222","0.963","0","interacts with","9606.ENSP00000268668 (interacts with) 9606.ENSP00000276689","NDUFB9","2","false","interacts with","9606.ENSP00000268668 (interacts with) 9606.ENSP00000276689"
"NDUFB10","0","0.971","0","2.9373737373737376","0.971","0","interacts with","9606.ENSP00000268668 (interacts with) 9606.ENSP00000392709","NDUFS1","2","false","interacts with","9606.ENSP00000268668 (interacts with) 9606.ENSP00000392709"
"NDUFB10","0","0.98","0","2.792857142857143","0.98","0","interacts with","9606.ENSP00000268668 (interacts with) 9606.ENSP00000327268","NDUFV2","2","false","interacts with","9606.ENSP00000268668 (interacts with) 9606.ENSP00000327268"
"NDUFB10","0","0.947","0","2.25","0.947","0","interacts with","9606.ENSP00000268668 (interacts with) 9606.ENSP00000356972","NDUFS2","2","false","interacts with","9606.ENSP00000268668 (interacts with) 9606.ENSP00000356972"
"NDUFB10","0","0.957","0","2.2222222222222223","0.957","0","interacts with","9606.ENSP00000268668 (interacts with) 9606.ENSP00000497587","NDUFV1","2","false","interacts with","9606.ENSP00000268668 (interacts with) 9606.ENSP00000497587"
"NDUFB10","0","0.951","0","2.392857142857143","0.951","0","interacts with","9606.ENSP00000268668 (interacts with) 9606.ENSP00000296684","NDUFS4","2","false","interacts with","9606.ENSP00000268668 (interacts with) 9606.ENSP00000296684"
"NDUFB10","0","0.97","0","2.7651515151515147","0.97","0","interacts with","9606.ENSP00000268668 (interacts with) 9606.ENSP00000281031","NDUFC2","2","false","interacts with","9606.ENSP00000268668 (interacts with) 9606.ENSP00000281031"
"NDUFAF1","0","0.457","0","8.1540404040404","0.457","0","interacts with","9606.ENSP00000260361 (interacts with) 9606.ENSP00000233627","NDUFS7","2","false","interacts with","9606.ENSP00000260361 (interacts with) 9606.ENSP00000233627"
"NDUFAF1","0","0.734","0","3.8734848484848494","0.734","0","interacts with","9606.ENSP00000260361 (interacts with) 9606.ENSP00000418803","TIMMDC1","2","false","interacts with","9606.ENSP00000260361 (interacts with) 9606.ENSP00000418803"
"NDUFAF1","0","0.559","0","33.01587301587301","0.559","0","interacts with","9606.ENSP00000260361 (interacts with) 9606.ENSP00000358272","NDUFAF4","2","false","interacts with","9606.ENSP00000260361 (interacts with) 9606.ENSP00000358272"
"NDUFAF1","0","0.734","0","28.75959595959599","0.734","0","interacts with","9606.ENSP00000260361 (interacts with) 9606.ENSP00000323076","NDUFAF3","2","false","interacts with","9606.ENSP00000260361 (interacts with) 9606.ENSP00000323076"
"NDUFAF1","0","0.734","0","5.9040404040403995","0.734","0","interacts with","9606.ENSP00000260361 (interacts with) 9606.ENSP00000263774","NDUFS3","2","false","interacts with","9606.ENSP00000260361 (interacts with) 9606.ENSP00000263774"
"NDUFAF1","0","0.734","0","6.4790404040404","0.734","0","interacts with","9606.ENSP00000260361 (interacts with) 9606.ENSP00000276062","NDUFB11","2","false","interacts with","9606.ENSP00000260361 (interacts with) 9606.ENSP00000276062"
"NDUFAF1","0","0.734","0","9.022233322233317","0.734","0","interacts with","9606.ENSP00000260361 (interacts with) 9606.ENSP00000392709","NDUFS1","2","false","interacts with","9606.ENSP00000260361 (interacts with) 9606.ENSP00000392709"
"NDUFAF1","0","0.734","0","42.865018315018226","0.734","0","interacts with","9606.ENSP00000260361 (interacts with) 9606.ENSP00000351737","TMEM126B","2","false","interacts with","9606.ENSP00000260361 (interacts with) 9606.ENSP00000351737"
"MT-ND3","0","0.947","0","2.2222222222222223","0.947","0","interacts with","9606.ENSP00000355206 (interacts with) 9606.ENSP00000215565","NDUFB7","2","false","interacts with","9606.ENSP00000355206 (interacts with) 9606.ENSP00000215565"
"MT-ND3","0","0.973","0","6.641269841269842","0.973","0","interacts with","9606.ENSP00000355206 (interacts with) 9606.ENSP00000233627","NDUFS7","2","false","interacts with","9606.ENSP00000355206 (interacts with) 9606.ENSP00000233627"
"MT-ND3","0","0.422","0","6.945310245310243","0.422","0","interacts with","9606.ENSP00000355206 (interacts with) 9606.ENSP00000260361","NDUFAF1","2","false","interacts with","9606.ENSP00000355206 (interacts with) 9606.ENSP00000260361"
"MT-ND3","0","0.947","0","3.041269841269841","0.947","0","interacts with","9606.ENSP00000355206 (interacts with) 9606.ENSP00000263774","NDUFS3","2","false","interacts with","9606.ENSP00000355206 (interacts with) 9606.ENSP00000263774"
"MT-ND3","0","0.946","0","2.3333333333333335","0.946","0","interacts with","9606.ENSP00000355206 (interacts with) 9606.ENSP00000266544","NDUFA9","2","false","interacts with","9606.ENSP00000355206 (interacts with) 9606.ENSP00000266544"
"MT-ND3","0","0.947","0","2.5373737373737373","0.947","0","interacts with","9606.ENSP00000355206 (interacts with) 9606.ENSP00000268668","NDUFB10","2","false","interacts with","9606.ENSP00000355206 (interacts with) 9606.ENSP00000268668"
"MT-ND3","0","0.954","0","2.2222222222222223","0.954","0","interacts with","9606.ENSP00000355206 (interacts with) 9606.ENSP00000274137","NDUFS6","2","false","interacts with","9606.ENSP00000355206 (interacts with) 9606.ENSP00000274137"
"MT-ND3","0","0.861","0","2.4000000000000004","0.861","0","interacts with","9606.ENSP00000355206 (interacts with) 9606.ENSP00000276062","NDUFB11","2","false","interacts with","9606.ENSP00000355206 (interacts with) 9606.ENSP00000276062"
"MT-ND3","0","0.947","0","2.7333333333333334","0.947","0","interacts with","9606.ENSP00000355206 (interacts with) 9606.ENSP00000276689","NDUFB9","2","false","interacts with","9606.ENSP00000355206 (interacts with) 9606.ENSP00000276689"
"MT-ND3","0","0.946","0","2.7333333333333334","0.946","0","interacts with","9606.ENSP00000355206 (interacts with) 9606.ENSP00000299166","NDUFB8","2","false","interacts with","9606.ENSP00000355206 (interacts with) 9606.ENSP00000299166"
"MT-ND3","0","0.947","0","3.207936507936508","0.947","0","interacts with","9606.ENSP00000355206 (interacts with) 9606.ENSP00000315774","NDUFS8","2","false","interacts with","9606.ENSP00000355206 (interacts with) 9606.ENSP00000315774"
"MT-ND3","0","0.947","0","2.6222222222222227","0.947","0","interacts with","9606.ENSP00000355206 (interacts with) 9606.ENSP00000327268","NDUFV2","2","false","interacts with","9606.ENSP00000355206 (interacts with) 9606.ENSP00000327268"
"MT-ND3","0","0.933","0","2.4222222222222225","0.933","0","interacts with","9606.ENSP00000355206 (interacts with) 9606.ENSP00000354665","MT-ND6","2","false","interacts with","9606.ENSP00000355206 (interacts with) 9606.ENSP00000354665"
"MT-ND3","0","0.844","0","2.2222222222222223","0.844","0","interacts with","9606.ENSP00000355206 (interacts with) 9606.ENSP00000389160","NDUFA11","2","false","interacts with","9606.ENSP00000355206 (interacts with) 9606.ENSP00000389160"
"MT-ND3","0","0.833","0","2.2222222222222223","0.833","0","interacts with","9606.ENSP00000355206 (interacts with) 9606.ENSP00000360492","NDUFA1","2","false","interacts with","9606.ENSP00000355206 (interacts with) 9606.ENSP00000360492"
"MT-ND3","0","0.946","0","2.2222222222222223","0.946","0","interacts with","9606.ENSP00000355206 (interacts with) 9606.ENSP00000407336","NDUFB3","2","false","interacts with","9606.ENSP00000355206 (interacts with) 9606.ENSP00000407336"
"MT-ND3","0","0.972","0","2.2222222222222223","0.972","0","interacts with","9606.ENSP00000355206 (interacts with) 9606.ENSP00000482543","NDUFA6","2","false","interacts with","9606.ENSP00000355206 (interacts with) 9606.ENSP00000482543"
"MT-ND3","0","0.947","0","2.4000000000000004","0.947","0","interacts with","9606.ENSP00000355206 (interacts with) 9606.ENSP00000392709","NDUFS1","2","false","interacts with","9606.ENSP00000355206 (interacts with) 9606.ENSP00000392709"
"MT-ND3","0","0.973","0","2.8079365079365077","0.973","0","interacts with","9606.ENSP00000355206 (interacts with) 9606.ENSP00000356972","NDUFS2","2","false","interacts with","9606.ENSP00000355206 (interacts with) 9606.ENSP00000356972"
"MT-ND3","0","0.947","0","4.355555555555556","0.947","0","interacts with","9606.ENSP00000355206 (interacts with) 9606.ENSP00000362873","NDUFA8","2","false","interacts with","9606.ENSP00000355206 (interacts with) 9606.ENSP00000362873"
"MT-ND3","0","0.947","0","2.3333333333333335","0.947","0","interacts with","9606.ENSP00000355206 (interacts with) 9606.ENSP00000497587","NDUFV1","2","false","interacts with","9606.ENSP00000355206 (interacts with) 9606.ENSP00000497587"
"MT-ND3","0","0.947","0","2.2222222222222223","0.947","0","interacts with","9606.ENSP00000355206 (interacts with) 9606.ENSP00000252102","NDUFA2","2","false","interacts with","9606.ENSP00000355206 (interacts with) 9606.ENSP00000252102"
"MT-ND3","0","0.973","0","5.041269841269841","0.973","0","interacts with","9606.ENSP00000355206 (interacts with) 9606.ENSP00000423673","NDUFA13","2","false","interacts with","9606.ENSP00000355206 (interacts with) 9606.ENSP00000423673"
"MT-ND3","0","0.874","0","2.2222222222222223","0.874","0","interacts with","9606.ENSP00000355206 (interacts with) 9606.ENSP00000252711","NDUFA10","2","false","interacts with","9606.ENSP00000355206 (interacts with) 9606.ENSP00000252711"
"MT-ND3","0","0.947","0","2.1333333333333333","0.947","0","interacts with","9606.ENSP00000355206 (interacts with) 9606.ENSP00000330737","NDUFA12","2","false","interacts with","9606.ENSP00000355206 (interacts with) 9606.ENSP00000330737"
"MT-ND3","0","0.947","0","2.2222222222222223","0.947","0","interacts with","9606.ENSP00000355206 (interacts with) 9606.ENSP00000296684","NDUFS4","2","false","interacts with","9606.ENSP00000355206 (interacts with) 9606.ENSP00000296684"
"MT-ND3","0","0.844","0","2.9857142857142853","0.844","0","interacts with","9606.ENSP00000355206 (interacts with) 9606.ENSP00000281031","NDUFC2","2","false","interacts with","9606.ENSP00000355206 (interacts with) 9606.ENSP00000281031"
"NDUFAF2","0","0.638","0","59.71794871794876","0.638","0","interacts with","9606.ENSP00000296597 (interacts with) 9606.ENSP00000276689","NDUFB9","2","false","interacts with","9606.ENSP00000296597 (interacts with) 9606.ENSP00000276689"
"NDUFAF2","0","0.422","0","64.53846153846159","0.422","0","interacts with","9606.ENSP00000296597 (interacts with) 9606.ENSP00000315774","NDUFS8","2","false","interacts with","9606.ENSP00000296597 (interacts with) 9606.ENSP00000315774"
"NDUFAF2","0","0.621","0","59.71794871794876","0.621","0","interacts with","9606.ENSP00000296597 (interacts with) 9606.ENSP00000299166","NDUFB8","2","false","interacts with","9606.ENSP00000296597 (interacts with) 9606.ENSP00000299166"
"NDUFAF2","0","0.422","0","61.05128205128209","0.422","0","interacts with","9606.ENSP00000296597 (interacts with) 9606.ENSP00000392709","NDUFS1","2","false","interacts with","9606.ENSP00000296597 (interacts with) 9606.ENSP00000392709"
"NDUFAF2","0","0.64","0","58.97435897435901","0.64","0","interacts with","9606.ENSP00000296597 (interacts with) 9606.ENSP00000327268","NDUFV2","2","false","interacts with","9606.ENSP00000296597 (interacts with) 9606.ENSP00000327268"
"NDUFA8","0","0.98","0","4.615079365079365","0.98","0","interacts with","9606.ENSP00000362873 (interacts with) 9606.ENSP00000215565","NDUFB7","2","false","interacts with","9606.ENSP00000362873 (interacts with) 9606.ENSP00000215565"
"NDUFA8","0","0.969","0","8.444444444444445","0.969","0","interacts with","9606.ENSP00000362873 (interacts with) 9606.ENSP00000233627","NDUFS7","2","false","interacts with","9606.ENSP00000362873 (interacts with) 9606.ENSP00000233627"
"NDUFA8","0","0.637","0","8.919913419913417","0.637","0","interacts with","9606.ENSP00000362873 (interacts with) 9606.ENSP00000260361","NDUFAF1","2","false","interacts with","9606.ENSP00000362873 (interacts with) 9606.ENSP00000260361"
"NDUFA8","0","0.975","0","5.015873015873016","0.975","0","interacts with","9606.ENSP00000362873 (interacts with) 9606.ENSP00000263774","NDUFS3","2","false","interacts with","9606.ENSP00000362873 (interacts with) 9606.ENSP00000263774"
"NDUFA8","0","0.958","0","4.4222222222222225","0.958","0","interacts with","9606.ENSP00000362873 (interacts with) 9606.ENSP00000266544","NDUFA9","2","false","interacts with","9606.ENSP00000362873 (interacts with) 9606.ENSP00000266544"
"NDUFA8","0","0.954","0","4.181818181818182","0.954","0","interacts with","9606.ENSP00000362873 (interacts with) 9606.ENSP00000268668","NDUFB10","2","false","interacts with","9606.ENSP00000362873 (interacts with) 9606.ENSP00000268668"
"NDUFA8","0","0.977","0","4.615079365079366","0.977","0","interacts with","9606.ENSP00000362873 (interacts with) 9606.ENSP00000274137","NDUFS6","2","false","interacts with","9606.ENSP00000362873 (interacts with) 9606.ENSP00000274137"
"NDUFA8","0","0.861","0","4.896428571428571","0.861","0","interacts with","9606.ENSP00000362873 (interacts with) 9606.ENSP00000276062","NDUFB11","2","false","interacts with","9606.ENSP00000362873 (interacts with) 9606.ENSP00000276062"
"NDUFA8","0","0.978","0","5.222222222222222","0.978","0","interacts with","9606.ENSP00000362873 (interacts with) 9606.ENSP00000276689","NDUFB9","2","false","interacts with","9606.ENSP00000362873 (interacts with) 9606.ENSP00000276689"
"NDUFA8","0","0.977","0","5.222222222222222","0.977","0","interacts with","9606.ENSP00000362873 (interacts with) 9606.ENSP00000299166","NDUFB8","2","false","interacts with","9606.ENSP00000362873 (interacts with) 9606.ENSP00000299166"
"NDUFA8","0","0.98","0","5.411111111111111","0.98","0","interacts with","9606.ENSP00000362873 (interacts with) 9606.ENSP00000315774","NDUFS8","2","false","interacts with","9606.ENSP00000362873 (interacts with) 9606.ENSP00000315774"
"NDUFA8","0","0.734","0","36.63102453102456","0.734","0","interacts with","9606.ENSP00000362873 (interacts with) 9606.ENSP00000323076","NDUFAF3","2","false","interacts with","9606.ENSP00000362873 (interacts with) 9606.ENSP00000323076"
"NDUFA8","0","0.979","0","5.415079365079365","0.979","0","interacts with","9606.ENSP00000362873 (interacts with) 9606.ENSP00000327268","NDUFV2","2","false","interacts with","9606.ENSP00000362873 (interacts with) 9606.ENSP00000327268"
"NDUFA8","0","0.974","0","4.611111111111112","0.974","0","interacts with","9606.ENSP00000362873 (interacts with) 9606.ENSP00000356972","NDUFS2","2","false","interacts with","9606.ENSP00000362873 (interacts with) 9606.ENSP00000356972"
"NDUFA8","0","0.734","0","6.969444444444443","0.734","0","interacts with","9606.ENSP00000362873 (interacts with) 9606.ENSP00000418803","TIMMDC1","2","false","interacts with","9606.ENSP00000362873 (interacts with) 9606.ENSP00000418803"
"NDUFA8","0","0.979","0","5.155555555555556","0.979","0","interacts with","9606.ENSP00000362873 (interacts with) 9606.ENSP00000392709","NDUFS1","2","false","interacts with","9606.ENSP00000362873 (interacts with) 9606.ENSP00000392709"
"NDUFA8","0","0.978","0","4.615079365079366","0.978","0","interacts with","9606.ENSP00000362873 (interacts with) 9606.ENSP00000407336","NDUFB3","2","false","interacts with","9606.ENSP00000362873 (interacts with) 9606.ENSP00000407336"
"NDUFA8","0","0.98","0","4.4222222222222225","0.98","0","interacts with","9606.ENSP00000362873 (interacts with) 9606.ENSP00000497587","NDUFV1","2","false","interacts with","9606.ENSP00000362873 (interacts with) 9606.ENSP00000497587"
"NDUFA8","0","0.976","0","4.615079365079366","0.976","0","interacts with","9606.ENSP00000362873 (interacts with) 9606.ENSP00000296684","NDUFS4","2","false","interacts with","9606.ENSP00000362873 (interacts with) 9606.ENSP00000296684"
"NDUFA8","0","0.972","0","5.364357864357864","0.972","0","interacts with","9606.ENSP00000362873 (interacts with) 9606.ENSP00000281031","NDUFC2","2","false","interacts with","9606.ENSP00000362873 (interacts with) 9606.ENSP00000281031"
"NDUFV1","0","0.972","0","2.5428571428571427","0.972","0","interacts with","9606.ENSP00000497587 (interacts with) 9606.ENSP00000327268","NDUFV2","2","false","interacts with","9606.ENSP00000497587 (interacts with) 9606.ENSP00000327268"
"NDUFV1","0","0.734","0","5.061507936507938","0.734","0","interacts with","9606.ENSP00000497587 (interacts with) 9606.ENSP00000418803","TIMMDC1","2","false","interacts with","9606.ENSP00000497587 (interacts with) 9606.ENSP00000418803"
"NDUFA2","0","0.951","0","2.0","0.951","0","interacts with","9606.ENSP00000252102 (interacts with) 9606.ENSP00000215565","NDUFB7","2","false","interacts with","9606.ENSP00000252102 (interacts with) 9606.ENSP00000215565"
"NDUFA2","0","0.984","0","6.948412698412699","0.984","0","interacts with","9606.ENSP00000252102 (interacts with) 9606.ENSP00000233627","NDUFS7","2","false","interacts with","9606.ENSP00000252102 (interacts with) 9606.ENSP00000233627"
"NDUFA2","0","0.951","0","2.542857142857143","0.951","0","interacts with","9606.ENSP00000252102 (interacts with) 9606.ENSP00000299166","NDUFB8","2","false","interacts with","9606.ENSP00000252102 (interacts with) 9606.ENSP00000299166"
"NDUFA2","0","0.951","0","3.4484126984126986","0.951","0","interacts with","9606.ENSP00000252102 (interacts with) 9606.ENSP00000263774","NDUFS3","2","false","interacts with","9606.ENSP00000252102 (interacts with) 9606.ENSP00000263774"
"NDUFA2","0","0.951","0","2.7222222222222223","0.951","0","interacts with","9606.ENSP00000252102 (interacts with) 9606.ENSP00000276062","NDUFB11","2","false","interacts with","9606.ENSP00000252102 (interacts with) 9606.ENSP00000276062"
"NDUFA2","0","0.951","0","4.615079365079365","0.951","0","interacts with","9606.ENSP00000252102 (interacts with) 9606.ENSP00000362873","NDUFA8","2","false","interacts with","9606.ENSP00000252102 (interacts with) 9606.ENSP00000362873"
"NDUFA2","0","0.969","0","2.142857142857143","0.969","0","interacts with","9606.ENSP00000252102 (interacts with) 9606.ENSP00000266544","NDUFA9","2","false","interacts with","9606.ENSP00000252102 (interacts with) 9606.ENSP00000266544"
"NDUFA2","0","0.951","0","2.726190476190476","0.951","0","interacts with","9606.ENSP00000252102 (interacts with) 9606.ENSP00000356972","NDUFS2","2","false","interacts with","9606.ENSP00000252102 (interacts with) 9606.ENSP00000356972"
"NDUFA2","0","0.951","0","2.392857142857143","0.951","0","interacts with","9606.ENSP00000252102 (interacts with) 9606.ENSP00000268668","NDUFB10","2","false","interacts with","9606.ENSP00000252102 (interacts with) 9606.ENSP00000268668"
"NDUFA2","0","0.951","0","3.1261904761904766","0.951","0","interacts with","9606.ENSP00000252102 (interacts with) 9606.ENSP00000315774","NDUFS8","2","false","interacts with","9606.ENSP00000252102 (interacts with) 9606.ENSP00000315774"
"NDUFA2","0","0.951","0","2.542857142857143","0.951","0","interacts with","9606.ENSP00000252102 (interacts with) 9606.ENSP00000276689","NDUFB9","2","false","interacts with","9606.ENSP00000252102 (interacts with) 9606.ENSP00000276689"
"NDUFA2","0","0.951","0","2.142857142857143","0.951","0","interacts with","9606.ENSP00000252102 (interacts with) 9606.ENSP00000497587","NDUFV1","2","false","interacts with","9606.ENSP00000252102 (interacts with) 9606.ENSP00000497587"
"NDUFA2","0","0.951","0","2.0","0.951","0","interacts with","9606.ENSP00000252102 (interacts with) 9606.ENSP00000274137","NDUFS6","2","false","interacts with","9606.ENSP00000252102 (interacts with) 9606.ENSP00000274137"
"NDUFA2","0","0.951","0","2.0","0.951","0","interacts with","9606.ENSP00000252102 (interacts with) 9606.ENSP00000482543","NDUFA6","2","false","interacts with","9606.ENSP00000252102 (interacts with) 9606.ENSP00000482543"
"NDUFA2","0","0.951","0","2.4000000000000004","0.951","0","interacts with","9606.ENSP00000252102 (interacts with) 9606.ENSP00000327268","NDUFV2","2","false","interacts with","9606.ENSP00000252102 (interacts with) 9606.ENSP00000327268"
"NDUFA2","0","0.972","0","2.6222222222222227","0.972","0","interacts with","9606.ENSP00000252102 (interacts with) 9606.ENSP00000392709","NDUFS1","2","false","interacts with","9606.ENSP00000252102 (interacts with) 9606.ENSP00000392709"
"NDUFA2","0","0.951","0","2.0","0.951","0","interacts with","9606.ENSP00000252102 (interacts with) 9606.ENSP00000407336","NDUFB3","2","false","interacts with","9606.ENSP00000252102 (interacts with) 9606.ENSP00000407336"
"NDUFA2","0","0.951","0","2.0","0.951","0","interacts with","9606.ENSP00000252102 (interacts with) 9606.ENSP00000296684","NDUFS4","2","false","interacts with","9606.ENSP00000252102 (interacts with) 9606.ENSP00000296684"
"NDUFA2","0","0.949","0","2.9761904761904763","0.949","0","interacts with","9606.ENSP00000252102 (interacts with) 9606.ENSP00000281031","NDUFC2","2","false","interacts with","9606.ENSP00000252102 (interacts with) 9606.ENSP00000281031"
"NDUFA13","0","0.947","0","5.448412698412699","0.947","0","interacts with","9606.ENSP00000423673 (interacts with) 9606.ENSP00000215565","NDUFB7","2","false","interacts with","9606.ENSP00000423673 (interacts with) 9606.ENSP00000215565"
"NDUFA13","0","0.984","0","8.25","0.984","0","interacts with","9606.ENSP00000423673 (interacts with) 9606.ENSP00000233627","NDUFS7","2","false","interacts with","9606.ENSP00000423673 (interacts with) 9606.ENSP00000233627"
"NDUFA13","0","0.951","0","5.448412698412699","0.951","0","interacts with","9606.ENSP00000423673 (interacts with) 9606.ENSP00000252102","NDUFA2","2","false","interacts with","9606.ENSP00000423673 (interacts with) 9606.ENSP00000252102"
"NDUFA13","0","0.817","0","7.9040404040403995","0.817","0","interacts with","9606.ENSP00000423673 (interacts with) 9606.ENSP00000260361","NDUFAF1","2","false","interacts with","9606.ENSP00000423673 (interacts with) 9606.ENSP00000260361"
"NDUFA13","0","0.951","0","4.0","0.951","0","interacts with","9606.ENSP00000423673 (interacts with) 9606.ENSP00000263774","NDUFS3","2","false","interacts with","9606.ENSP00000423673 (interacts with) 9606.ENSP00000263774"
"NDUFA13","0","0.969","0","5.1079365079365076","0.969","0","interacts with","9606.ENSP00000423673 (interacts with) 9606.ENSP00000266544","NDUFA9","2","false","interacts with","9606.ENSP00000423673 (interacts with) 9606.ENSP00000266544"
"NDUFA13","0","0.977","0","4.765151515151516","0.977","0","interacts with","9606.ENSP00000423673 (interacts with) 9606.ENSP00000268668","NDUFB10","2","false","interacts with","9606.ENSP00000423673 (interacts with) 9606.ENSP00000268668"
"NDUFA13","0","0.975","0","5.448412698412699","0.975","0","interacts with","9606.ENSP00000423673 (interacts with) 9606.ENSP00000274137","NDUFS6","2","false","interacts with","9606.ENSP00000423673 (interacts with) 9606.ENSP00000274137"
"NDUFA13","0","0.921","0","4.574999999999999","0.921","0","interacts with","9606.ENSP00000423673 (interacts with) 9606.ENSP00000276062","NDUFB11","2","false","interacts with","9606.ENSP00000423673 (interacts with) 9606.ENSP00000276062"
"NDUFA13","0","0.968","0","5.984859584859585","0.968","0","interacts with","9606.ENSP00000423673 (interacts with) 9606.ENSP00000276689","NDUFB9","2","false","interacts with","9606.ENSP00000423673 (interacts with) 9606.ENSP00000276689"
"NDUFA13","0","0.945","0","5.984859584859585","0.945","0","interacts with","9606.ENSP00000423673 (interacts with) 9606.ENSP00000299166","NDUFB8","2","false","interacts with","9606.ENSP00000423673 (interacts with) 9606.ENSP00000299166"
"NDUFA13","0","0.989","0","5.32930402930403","0.989","0","interacts with","9606.ENSP00000423673 (interacts with) 9606.ENSP00000315774","NDUFS8","2","false","interacts with","9606.ENSP00000423673 (interacts with) 9606.ENSP00000315774"
"NDUFA13","0","0.734","0","35.61515151515154","0.734","0","interacts with","9606.ENSP00000423673 (interacts with) 9606.ENSP00000323076","NDUFAF3","2","false","interacts with","9606.ENSP00000423673 (interacts with) 9606.ENSP00000323076"
"NDUFA13","0","0.951","0","6.325335775335776","0.951","0","interacts with","9606.ENSP00000423673 (interacts with) 9606.ENSP00000327268","NDUFV2","2","false","interacts with","9606.ENSP00000423673 (interacts with) 9606.ENSP00000327268"
"NDUFA13","0","0.734","0","52.91080586080578","0.734","0","interacts with","9606.ENSP00000423673 (interacts with) 9606.ENSP00000351737","TMEM126B","2","false","interacts with","9606.ENSP00000423673 (interacts with) 9606.ENSP00000351737"
"NDUFA13","0","0.972","0","4.452380952380953","0.972","0","interacts with","9606.ENSP00000423673 (interacts with) 9606.ENSP00000356972","NDUFS2","2","false","interacts with","9606.ENSP00000423673 (interacts with) 9606.ENSP00000356972"
"NDUFA13","0","0.734","0","39.52777777777777","0.734","0","interacts with","9606.ENSP00000423673 (interacts with) 9606.ENSP00000358272","NDUFAF4","2","false","interacts with","9606.ENSP00000423673 (interacts with) 9606.ENSP00000358272"
"NDUFA13","0","0.987","0","9.015873015873016","0.987","0","interacts with","9606.ENSP00000423673 (interacts with) 9606.ENSP00000362873","NDUFA8","2","false","interacts with","9606.ENSP00000423673 (interacts with) 9606.ENSP00000362873"
"NDUFA13","0","0.951","0","5.9181929181929185","0.951","0","interacts with","9606.ENSP00000423673 (interacts with) 9606.ENSP00000392709","NDUFS1","2","false","interacts with","9606.ENSP00000423673 (interacts with) 9606.ENSP00000392709"
"NDUFA13","0","0.951","0","5.448412698412699","0.951","0","interacts with","9606.ENSP00000423673 (interacts with) 9606.ENSP00000407336","NDUFB3","2","false","interacts with","9606.ENSP00000423673 (interacts with) 9606.ENSP00000407336"
"NDUFA13","0","0.734","0","5.953571428571427","0.734","0","interacts with","9606.ENSP00000423673 (interacts with) 9606.ENSP00000418803","TIMMDC1","2","false","interacts with","9606.ENSP00000423673 (interacts with) 9606.ENSP00000418803"
"NDUFA13","0","0.951","0","5.1079365079365076","0.951","0","interacts with","9606.ENSP00000423673 (interacts with) 9606.ENSP00000497587","NDUFV1","2","false","interacts with","9606.ENSP00000423673 (interacts with) 9606.ENSP00000497587"
"NDUFA13","0","0.951","0","5.448412698412699","0.951","0","interacts with","9606.ENSP00000423673 (interacts with) 9606.ENSP00000482543","NDUFA6","2","false","interacts with","9606.ENSP00000423673 (interacts with) 9606.ENSP00000482543"
"NDUFA13","0","0.951","0","5.448412698412699","0.951","0","interacts with","9606.ENSP00000423673 (interacts with) 9606.ENSP00000296684","NDUFS4","2","false","interacts with","9606.ENSP00000423673 (interacts with) 9606.ENSP00000296684"
"NDUFA13","0","0.948","0","4.348484848484849","0.948","0","interacts with","9606.ENSP00000423673 (interacts with) 9606.ENSP00000281031","NDUFC2","2","false","interacts with","9606.ENSP00000423673 (interacts with) 9606.ENSP00000281031"
"NDUFA10","0","0.947","0","2.0","0.947","0","interacts with","9606.ENSP00000252711 (interacts with) 9606.ENSP00000215565","NDUFB7","2","false","interacts with","9606.ENSP00000252711 (interacts with) 9606.ENSP00000215565"
"NDUFA10","0","0.897","0","6.948412698412699","0.897","0","interacts with","9606.ENSP00000252711 (interacts with) 9606.ENSP00000233627","NDUFS7","2","false","interacts with","9606.ENSP00000252711 (interacts with) 9606.ENSP00000233627"
"NDUFA10","0","0.963","0","2.0","0.963","0","interacts with","9606.ENSP00000252711 (interacts with) 9606.ENSP00000252102","NDUFA2","2","false","interacts with","9606.ENSP00000252711 (interacts with) 9606.ENSP00000252102"
"NDUFA10","0","0.867","0","3.1261904761904766","0.867","0","interacts with","9606.ENSP00000252711 (interacts with) 9606.ENSP00000315774","NDUFS8","2","false","interacts with","9606.ENSP00000252711 (interacts with) 9606.ENSP00000315774"
"NDUFA10","0","0.86","0","5.448412698412699","0.86","0","interacts with","9606.ENSP00000252711 (interacts with) 9606.ENSP00000423673","NDUFA13","2","false","interacts with","9606.ENSP00000252711 (interacts with) 9606.ENSP00000423673"
"NDUFA10","0","0.89","0","2.0","0.89","0","interacts with","9606.ENSP00000252711 (interacts with) 9606.ENSP00000274137","NDUFS6","2","false","interacts with","9606.ENSP00000252711 (interacts with) 9606.ENSP00000274137"
"NDUFA10","0","0.894","0","2.142857142857143","0.894","0","interacts with","9606.ENSP00000252711 (interacts with) 9606.ENSP00000497587","NDUFV1","2","false","interacts with","9606.ENSP00000252711 (interacts with) 9606.ENSP00000497587"
"NDUFA10","0","0.877","0","4.615079365079365","0.877","0","interacts with","9606.ENSP00000252711 (interacts with) 9606.ENSP00000362873","NDUFA8","2","false","interacts with","9606.ENSP00000252711 (interacts with) 9606.ENSP00000362873"
"NDUFA10","0","0.861","0","2.542857142857143","0.861","0","interacts with","9606.ENSP00000252711 (interacts with) 9606.ENSP00000299166","NDUFB8","2","false","interacts with","9606.ENSP00000252711 (interacts with) 9606.ENSP00000299166"
"NDUFA10","0","0.894","0","2.0","0.894","0","interacts with","9606.ENSP00000252711 (interacts with) 9606.ENSP00000407336","NDUFB3","2","false","interacts with","9606.ENSP00000252711 (interacts with) 9606.ENSP00000407336"
"NDUFA10","0","0.956","0","2.0","0.956","0","interacts with","9606.ENSP00000252711 (interacts with) 9606.ENSP00000389160","NDUFA11","2","false","interacts with","9606.ENSP00000252711 (interacts with) 9606.ENSP00000389160"
"NDUFA10","0","0.89","0","3.4484126984126986","0.89","0","interacts with","9606.ENSP00000252711 (interacts with) 9606.ENSP00000263774","NDUFS3","2","false","interacts with","9606.ENSP00000252711 (interacts with) 9606.ENSP00000263774"
"NDUFA10","0","0.871","0","2.6222222222222227","0.871","0","interacts with","9606.ENSP00000252711 (interacts with) 9606.ENSP00000392709","NDUFS1","2","false","interacts with","9606.ENSP00000252711 (interacts with) 9606.ENSP00000392709"
"NDUFA10","0","0.941","0","2.4000000000000004","0.941","0","interacts with","9606.ENSP00000252711 (interacts with) 9606.ENSP00000327268","NDUFV2","2","false","interacts with","9606.ENSP00000252711 (interacts with) 9606.ENSP00000327268"
"NDUFA10","0","0.877","0","2.392857142857143","0.877","0","interacts with","9606.ENSP00000252711 (interacts with) 9606.ENSP00000268668","NDUFB10","2","false","interacts with","9606.ENSP00000252711 (interacts with) 9606.ENSP00000268668"
"NDUFA10","0","0.869","0","2.542857142857143","0.869","0","interacts with","9606.ENSP00000252711 (interacts with) 9606.ENSP00000276689","NDUFB9","2","false","interacts with","9606.ENSP00000252711 (interacts with) 9606.ENSP00000276689"
"NDUFA10","0","0.95","0","2.726190476190476","0.95","0","interacts with","9606.ENSP00000252711 (interacts with) 9606.ENSP00000356972","NDUFS2","2","false","interacts with","9606.ENSP00000252711 (interacts with) 9606.ENSP00000356972"
"NDUFA10","0","0.957","0","2.142857142857143","0.957","0","interacts with","9606.ENSP00000252711 (interacts with) 9606.ENSP00000266544","NDUFA9","2","false","interacts with","9606.ENSP00000252711 (interacts with) 9606.ENSP00000266544"
"NDUFA10","0","0.97","0","2.7222222222222223","0.97","0","interacts with","9606.ENSP00000252711 (interacts with) 9606.ENSP00000276062","NDUFB11","2","false","interacts with","9606.ENSP00000252711 (interacts with) 9606.ENSP00000276062"
"NDUFA10","0","0.959","0","2.0","0.959","0","interacts with","9606.ENSP00000252711 (interacts with) 9606.ENSP00000482543","NDUFA6","2","false","interacts with","9606.ENSP00000252711 (interacts with) 9606.ENSP00000482543"
"NDUFA10","0","0.891","0","2.365079365079365","0.891","0","interacts with","9606.ENSP00000252711 (interacts with) 9606.ENSP00000330737","NDUFA12","2","false","interacts with","9606.ENSP00000252711 (interacts with) 9606.ENSP00000330737"
"NDUFA10","0","0.877","0","2.0","0.877","0","interacts with","9606.ENSP00000252711 (interacts with) 9606.ENSP00000296684","NDUFS4","2","false","interacts with","9606.ENSP00000252711 (interacts with) 9606.ENSP00000296684"
"NDUFA10","0","0.95","0","2.9761904761904763","0.95","0","interacts with","9606.ENSP00000252711 (interacts with) 9606.ENSP00000281031","NDUFC2","2","false","interacts with","9606.ENSP00000252711 (interacts with) 9606.ENSP00000281031"
"NDUFA12","0","0.951","0","2.365079365079365","0.951","0","interacts with","9606.ENSP00000330737 (interacts with) 9606.ENSP00000215565","NDUFB7","2","false","interacts with","9606.ENSP00000330737 (interacts with) 9606.ENSP00000215565"
"NDUFA12","0","0.991","0","6.449999999999999","0.991","0","interacts with","9606.ENSP00000330737 (interacts with) 9606.ENSP00000233627","NDUFS7","2","false","interacts with","9606.ENSP00000330737 (interacts with) 9606.ENSP00000233627"
"NDUFA12","0","0.951","0","2.365079365079365","0.951","0","interacts with","9606.ENSP00000330737 (interacts with) 9606.ENSP00000252102","NDUFA2","2","false","interacts with","9606.ENSP00000330737 (interacts with) 9606.ENSP00000252102"
"NDUFA12","0","0.734","0","6.687373737373735","0.734","0","interacts with","9606.ENSP00000330737 (interacts with) 9606.ENSP00000260361","NDUFAF1","2","false","interacts with","9606.ENSP00000330737 (interacts with) 9606.ENSP00000260361"
"NDUFA12","0","0.951","0","2.783333333333333","0.951","0","interacts with","9606.ENSP00000330737 (interacts with) 9606.ENSP00000263774","NDUFS3","2","false","interacts with","9606.ENSP00000330737 (interacts with) 9606.ENSP00000263774"
"NDUFA12","0","0.969","0","2.2","0.969","0","interacts with","9606.ENSP00000330737 (interacts with) 9606.ENSP00000266544","NDUFA9","2","false","interacts with","9606.ENSP00000330737 (interacts with) 9606.ENSP00000266544"
"NDUFA12","0","0.951","0","2.381818181818182","0.951","0","interacts with","9606.ENSP00000330737 (interacts with) 9606.ENSP00000268668","NDUFB10","2","false","interacts with","9606.ENSP00000330737 (interacts with) 9606.ENSP00000268668"
"NDUFA12","0","0.972","0","2.365079365079365","0.972","0","interacts with","9606.ENSP00000330737 (interacts with) 9606.ENSP00000274137","NDUFS6","2","false","interacts with","9606.ENSP00000330737 (interacts with) 9606.ENSP00000274137"
"NDUFA12","0","0.951","0","2.4583333333333335","0.951","0","interacts with","9606.ENSP00000330737 (interacts with) 9606.ENSP00000276062","NDUFB11","2","false","interacts with","9606.ENSP00000330737 (interacts with) 9606.ENSP00000276062"
"NDUFA12","0","0.951","0","2.6000000000000005","0.951","0","interacts with","9606.ENSP00000330737 (interacts with) 9606.ENSP00000276689","NDUFB9","2","false","interacts with","9606.ENSP00000330737 (interacts with) 9606.ENSP00000276689"
"NDUFA12","0","0.951","0","2.6000000000000005","0.951","0","interacts with","9606.ENSP00000330737 (interacts with) 9606.ENSP00000299166","NDUFB8","2","false","interacts with","9606.ENSP00000330737 (interacts with) 9606.ENSP00000299166"
"NDUFA12","0","0.972","0","3.016666666666667","0.972","0","interacts with","9606.ENSP00000330737 (interacts with) 9606.ENSP00000315774","NDUFS8","2","false","interacts with","9606.ENSP00000330737 (interacts with) 9606.ENSP00000315774"
"NDUFA12","0","0.951","0","2.7650793650793655","0.951","0","interacts with","9606.ENSP00000330737 (interacts with) 9606.ENSP00000327268","NDUFV2","2","false","interacts with","9606.ENSP00000330737 (interacts with) 9606.ENSP00000327268"
"NDUFA12","0","0.734","0","4.736904761904761","0.734","0","interacts with","9606.ENSP00000330737 (interacts with) 9606.ENSP00000418803","TIMMDC1","2","false","interacts with","9606.ENSP00000330737 (interacts with) 9606.ENSP00000418803"
"NDUFA12","0","0.951","0","2.365079365079365","0.951","0","interacts with","9606.ENSP00000330737 (interacts with) 9606.ENSP00000407336","NDUFB3","2","false","interacts with","9606.ENSP00000330737 (interacts with) 9606.ENSP00000407336"
"NDUFA12","0","0.951","0","2.6166666666666667","0.951","0","interacts with","9606.ENSP00000330737 (interacts with) 9606.ENSP00000356972","NDUFS2","2","false","interacts with","9606.ENSP00000330737 (interacts with) 9606.ENSP00000356972"
"NDUFA12","0","0.951","0","2.365079365079365","0.951","0","interacts with","9606.ENSP00000330737 (interacts with) 9606.ENSP00000482543","NDUFA6","2","false","interacts with","9606.ENSP00000330737 (interacts with) 9606.ENSP00000482543"
"NDUFA12","0","0.951","0","4.783333333333333","0.951","0","interacts with","9606.ENSP00000330737 (interacts with) 9606.ENSP00000423673","NDUFA13","2","false","interacts with","9606.ENSP00000330737 (interacts with) 9606.ENSP00000423673"
"NDUFA12","0","0.972","0","2.533333333333333","0.972","0","interacts with","9606.ENSP00000330737 (interacts with) 9606.ENSP00000392709","NDUFS1","2","false","interacts with","9606.ENSP00000330737 (interacts with) 9606.ENSP00000392709"
"NDUFA12","0","0.977","0","4.199999999999999","0.977","0","interacts with","9606.ENSP00000330737 (interacts with) 9606.ENSP00000362873","NDUFA8","2","false","interacts with","9606.ENSP00000330737 (interacts with) 9606.ENSP00000362873"
"NDUFA12","0","0.951","0","2.2","0.951","0","interacts with","9606.ENSP00000330737 (interacts with) 9606.ENSP00000497587","NDUFV1","2","false","interacts with","9606.ENSP00000330737 (interacts with) 9606.ENSP00000497587"
"NDUFA12","0","0.972","0","2.365079365079365","0.972","0","interacts with","9606.ENSP00000330737 (interacts with) 9606.ENSP00000296684","NDUFS4","2","false","interacts with","9606.ENSP00000330737 (interacts with) 9606.ENSP00000296684"
"NDUFA12","0","0.92","0","2.7499999999999996","0.92","0","interacts with","9606.ENSP00000330737 (interacts with) 9606.ENSP00000281031","NDUFC2","2","false","interacts with","9606.ENSP00000330737 (interacts with) 9606.ENSP00000281031"
"NDUFS4","0","0.968","0","6.948412698412699","0.968","0","interacts with","9606.ENSP00000296684 (interacts with) 9606.ENSP00000233627","NDUFS7","2","false","interacts with","9606.ENSP00000296684 (interacts with) 9606.ENSP00000233627"
"NDUFS4","0","0.974","0","2.0","0.974","0","interacts with","9606.ENSP00000296684 (interacts with) 9606.ENSP00000274137","NDUFS6","2","false","interacts with","9606.ENSP00000296684 (interacts with) 9606.ENSP00000274137"
"NDUFS4","0","0.972","0","2.142857142857143","0.972","0","interacts with","9606.ENSP00000296684 (interacts with) 9606.ENSP00000497587","NDUFV1","2","false","interacts with","9606.ENSP00000296684 (interacts with) 9606.ENSP00000497587"
"NDUFS4","0","0.972","0","3.1261904761904766","0.972","0","interacts with","9606.ENSP00000296684 (interacts with) 9606.ENSP00000315774","NDUFS8","2","false","interacts with","9606.ENSP00000296684 (interacts with) 9606.ENSP00000315774"
"NDUFS4","0","0.972","0","2.4000000000000004","0.972","0","interacts with","9606.ENSP00000296684 (interacts with) 9606.ENSP00000327268","NDUFV2","2","false","interacts with","9606.ENSP00000296684 (interacts with) 9606.ENSP00000327268"
"NDUFC2","0","0.917","0","6.598484848484849","0.917","0","interacts with","9606.ENSP00000281031 (interacts with) 9606.ENSP00000233627","NDUFS7","2","false","interacts with","9606.ENSP00000281031 (interacts with) 9606.ENSP00000233627"
"NDUFC2","0","0.884","0","2.3484848484848486","0.884","0","interacts with","9606.ENSP00000281031 (interacts with) 9606.ENSP00000263774","NDUFS3","2","false","interacts with","9606.ENSP00000281031 (interacts with) 9606.ENSP00000263774"
"NDUFC2","0","0.925","0","2.9761904761904763","0.925","0","interacts with","9606.ENSP00000281031 (interacts with) 9606.ENSP00000274137","NDUFS6","2","false","interacts with","9606.ENSP00000281031 (interacts with) 9606.ENSP00000274137"
"NDUFC2","0","0.666","0","51.25929070929063","0.666","0","interacts with","9606.ENSP00000281031 (interacts with) 9606.ENSP00000351737","TMEM126B","2","false","interacts with","9606.ENSP00000281031 (interacts with) 9606.ENSP00000351737"
"NDUFC2","0","0.656","0","4.302056277056276","0.656","0","interacts with","9606.ENSP00000281031 (interacts with) 9606.ENSP00000418803","TIMMDC1","2","false","interacts with","9606.ENSP00000281031 (interacts with) 9606.ENSP00000418803"
"NDUFC2","0","0.862","0","3.4626373626373623","0.862","0","interacts with","9606.ENSP00000281031 (interacts with) 9606.ENSP00000392709","NDUFS1","2","false","interacts with","9606.ENSP00000281031 (interacts with) 9606.ENSP00000392709"
"NDUFC2","0","0.859","0","2.9444555444555442","0.859","0","interacts with","9606.ENSP00000281031 (interacts with) 9606.ENSP00000315774","NDUFS8","2","false","interacts with","9606.ENSP00000281031 (interacts with) 9606.ENSP00000315774"
"NDUFC2","0","0.865","0","2.4675324675324672","0.865","0","interacts with","9606.ENSP00000281031 (interacts with) 9606.ENSP00000356972","NDUFS2","2","false","interacts with","9606.ENSP00000281031 (interacts with) 9606.ENSP00000356972"
"NDUFC2","0","0.924","0","3.4531135531135533","0.924","0","interacts with","9606.ENSP00000281031 (interacts with) 9606.ENSP00000327268","NDUFV2","2","false","interacts with","9606.ENSP00000281031 (interacts with) 9606.ENSP00000327268"
"NDUFC2","0","0.912","0","2.9761904761904763","0.912","0","interacts with","9606.ENSP00000281031 (interacts with) 9606.ENSP00000296684","NDUFS4","2","false","interacts with","9606.ENSP00000281031 (interacts with) 9606.ENSP00000296684"
"NDUFC2","0","0.925","0","2.685714285714286","0.925","0","interacts with","9606.ENSP00000281031 (interacts with) 9606.ENSP00000497587","NDUFV1","2","false","interacts with","9606.ENSP00000281031 (interacts with) 9606.ENSP00000497587"
"NDUFB11","0","0.937","0","3.201923076923077","0.937","0","interacts with","9606.ENSP00000276062 (interacts with) 9606.ENSP00000299166","NDUFB8","2","false","interacts with","9606.ENSP00000276062 (interacts with) 9606.ENSP00000299166"
"NDUFB11","0","0.931","0","6.824999999999999","0.931","0","interacts with","9606.ENSP00000276062 (interacts with) 9606.ENSP00000233627","NDUFS7","2","false","interacts with","9606.ENSP00000276062 (interacts with) 9606.ENSP00000233627"
"NDUFB11","0","0.939","0","2.7222222222222223","0.939","0","interacts with","9606.ENSP00000276062 (interacts with) 9606.ENSP00000407336","NDUFB3","2","false","interacts with","9606.ENSP00000276062 (interacts with) 9606.ENSP00000407336"
"NDUFB11","0","0.949","0","2.876923076923077","0.949","0","interacts with","9606.ENSP00000276062 (interacts with) 9606.ENSP00000392709","NDUFS1","2","false","interacts with","9606.ENSP00000276062 (interacts with) 9606.ENSP00000392709"
"NDUFB11","0","0.601","0","51.48580586080578","0.601","0","interacts with","9606.ENSP00000276062 (interacts with) 9606.ENSP00000351737","TMEM126B","2","false","interacts with","9606.ENSP00000276062 (interacts with) 9606.ENSP00000351737"
"NDUFB11","0","0.949","0","2.7222222222222223","0.949","0","interacts with","9606.ENSP00000276062 (interacts with) 9606.ENSP00000215565","NDUFB7","2","false","interacts with","9606.ENSP00000276062 (interacts with) 9606.ENSP00000215565"
"NDUFB11","0","0.949","0","3.1991452991452993","0.949","0","interacts with","9606.ENSP00000276062 (interacts with) 9606.ENSP00000327268","NDUFV2","2","false","interacts with","9606.ENSP00000276062 (interacts with) 9606.ENSP00000327268"
"NDUFB11","0","0.951","0","2.575","0.951","0","interacts with","9606.ENSP00000276062 (interacts with) 9606.ENSP00000263774","NDUFS3","2","false","interacts with","9606.ENSP00000276062 (interacts with) 9606.ENSP00000263774"
"NDUFB11","0","0.974","0","3.201923076923077","0.974","0","interacts with","9606.ENSP00000276062 (interacts with) 9606.ENSP00000276689","NDUFB9","2","false","interacts with","9606.ENSP00000276062 (interacts with) 9606.ENSP00000276689"
"NDUFB11","0","0.951","0","3.5043040293040293","0.951","0","interacts with","9606.ENSP00000276062 (interacts with) 9606.ENSP00000315774","NDUFS8","2","false","interacts with","9606.ENSP00000276062 (interacts with) 9606.ENSP00000315774"
"NDUFB11","0","0.972","0","3.0273809523809527","0.972","0","interacts with","9606.ENSP00000276062 (interacts with) 9606.ENSP00000356972","NDUFS2","2","false","interacts with","9606.ENSP00000276062 (interacts with) 9606.ENSP00000356972"
"NDUFB11","0","0.93","0","2.7222222222222223","0.93","0","interacts with","9606.ENSP00000276062 (interacts with) 9606.ENSP00000274137","NDUFS6","2","false","interacts with","9606.ENSP00000276062 (interacts with) 9606.ENSP00000274137"
"NDUFB11","0","0.949","0","2.7250000000000005","0.949","0","interacts with","9606.ENSP00000276062 (interacts with) 9606.ENSP00000497587","NDUFV1","2","false","interacts with","9606.ENSP00000276062 (interacts with) 9606.ENSP00000497587"
"NDUFB11","0","0.943","0","2.7222222222222223","0.943","0","interacts with","9606.ENSP00000276062 (interacts with) 9606.ENSP00000296684","NDUFS4","2","false","interacts with","9606.ENSP00000276062 (interacts with) 9606.ENSP00000296684"
"NDUFB11","0","0.971","0","2.5416666666666665","0.971","0","interacts with","9606.ENSP00000276062 (interacts with) 9606.ENSP00000281031","NDUFC2","2","false","interacts with","9606.ENSP00000276062 (interacts with) 9606.ENSP00000281031"
"NDUFB8","0","0.734","0","5.8050976800976795","0.734","0","interacts with","9606.ENSP00000299166 (interacts with) 9606.ENSP00000418803","TIMMDC1","2","false","interacts with","9606.ENSP00000299166 (interacts with) 9606.ENSP00000418803"
"NDUFB8","0","0.927","0","7.774603174603175","0.927","0","interacts with","9606.ENSP00000299166 (interacts with) 9606.ENSP00000233627","NDUFS7","2","false","interacts with","9606.ENSP00000299166 (interacts with) 9606.ENSP00000233627"
"NDUFB8","0","0.946","0","2.3333333333333335","0.946","0","interacts with","9606.ENSP00000299166 (interacts with) 9606.ENSP00000392709","NDUFS1","2","false","interacts with","9606.ENSP00000299166 (interacts with) 9606.ENSP00000392709"
"NDUFB8","0","0.969","0","2.142857142857143","0.969","0","interacts with","9606.ENSP00000299166 (interacts with) 9606.ENSP00000327268","NDUFV2","2","false","interacts with","9606.ENSP00000299166 (interacts with) 9606.ENSP00000327268"
"NDUFB8","0","0.951","0","3.584859584859585","0.951","0","interacts with","9606.ENSP00000299166 (interacts with) 9606.ENSP00000263774","NDUFS3","2","false","interacts with","9606.ENSP00000299166 (interacts with) 9606.ENSP00000263774"
"NDUFB8","0","0.988","0","2.0","0.988","0","interacts with","9606.ENSP00000299166 (interacts with) 9606.ENSP00000276689","NDUFB9","2","false","interacts with","9606.ENSP00000299166 (interacts with) 9606.ENSP00000276689"
"NDUFB8","0","0.953","0","2.507936507936508","0.953","0","interacts with","9606.ENSP00000299166 (interacts with) 9606.ENSP00000315774","NDUFS8","2","false","interacts with","9606.ENSP00000299166 (interacts with) 9606.ENSP00000315774"
"NDUFB8","0","0.946","0","2.9079365079365083","0.946","0","interacts with","9606.ENSP00000299166 (interacts with) 9606.ENSP00000356972","NDUFS2","2","false","interacts with","9606.ENSP00000299166 (interacts with) 9606.ENSP00000356972"
"NDUFB8","0","0.973","0","2.542857142857143","0.973","0","interacts with","9606.ENSP00000299166 (interacts with) 9606.ENSP00000274137","NDUFS6","2","false","interacts with","9606.ENSP00000299166 (interacts with) 9606.ENSP00000274137"
"NDUFB8","0","0.956","0","2.4000000000000004","0.956","0","interacts with","9606.ENSP00000299166 (interacts with) 9606.ENSP00000497587","NDUFV1","2","false","interacts with","9606.ENSP00000299166 (interacts with) 9606.ENSP00000497587"
"NDUFB8","0","0.951","0","2.542857142857143","0.951","0","interacts with","9606.ENSP00000299166 (interacts with) 9606.ENSP00000296684","NDUFS4","2","false","interacts with","9606.ENSP00000299166 (interacts with) 9606.ENSP00000296684"
"NDUFB8","0","0.907","0","3.1626373626373625","0.907","0","interacts with","9606.ENSP00000299166 (interacts with) 9606.ENSP00000281031","NDUFC2","2","false","interacts with","9606.ENSP00000299166 (interacts with) 9606.ENSP00000281031"
"NDUFA9","0","0.959","0","2.7250000000000005","0.959","0","interacts with","9606.ENSP00000266544 (interacts with) 9606.ENSP00000276062","NDUFB11","2","false","interacts with","9606.ENSP00000266544 (interacts with) 9606.ENSP00000276062"
"NDUFA9","0","0.969","0","2.4000000000000004","0.969","0","interacts with","9606.ENSP00000266544 (interacts with) 9606.ENSP00000299166","NDUFB8","2","false","interacts with","9606.ENSP00000266544 (interacts with) 9606.ENSP00000299166"
"NDUFA9","0","0.734","0","5.061507936507936","0.734","0","interacts with","9606.ENSP00000266544 (interacts with) 9606.ENSP00000418803","TIMMDC1","2","false","interacts with","9606.ENSP00000266544 (interacts with) 9606.ENSP00000418803"
"NDUFA9","0","0.982","0","6.707936507936508","0.982","0","interacts with","9606.ENSP00000266544 (interacts with) 9606.ENSP00000233627","NDUFS7","2","false","interacts with","9606.ENSP00000266544 (interacts with) 9606.ENSP00000233627"
"NDUFA9","0","0.969","0","2.142857142857143","0.969","0","interacts with","9606.ENSP00000266544 (interacts with) 9606.ENSP00000407336","NDUFB3","2","false","interacts with","9606.ENSP00000266544 (interacts with) 9606.ENSP00000407336"
"NDUFA9","0","0.969","0","2.7333333333333334","0.969","0","interacts with","9606.ENSP00000266544 (interacts with) 9606.ENSP00000392709","NDUFS1","2","false","interacts with","9606.ENSP00000266544 (interacts with) 9606.ENSP00000392709"
"NDUFA9","0","0.969","0","2.142857142857143","0.969","0","interacts with","9606.ENSP00000266544 (interacts with) 9606.ENSP00000215565","NDUFB7","2","false","interacts with","9606.ENSP00000266544 (interacts with) 9606.ENSP00000215565"
"NDUFA9","0","0.969","0","2.542857142857143","0.969","0","interacts with","9606.ENSP00000266544 (interacts with) 9606.ENSP00000327268","NDUFV2","2","false","interacts with","9606.ENSP00000266544 (interacts with) 9606.ENSP00000327268"
"NDUFA9","0","0.983","0","3.1079365079365084","0.983","0","interacts with","9606.ENSP00000266544 (interacts with) 9606.ENSP00000263774","NDUFS3","2","false","interacts with","9606.ENSP00000266544 (interacts with) 9606.ENSP00000263774"
"NDUFA9","0","0.954","0","2.4000000000000004","0.954","0","interacts with","9606.ENSP00000266544 (interacts with) 9606.ENSP00000276689","NDUFB9","2","false","interacts with","9606.ENSP00000266544 (interacts with) 9606.ENSP00000276689"
"NDUFA9","0","0.983","0","2.9079365079365083","0.983","0","interacts with","9606.ENSP00000266544 (interacts with) 9606.ENSP00000315774","NDUFS8","2","false","interacts with","9606.ENSP00000266544 (interacts with) 9606.ENSP00000315774"
"NDUFA9","0","0.969","0","2.507936507936508","0.969","0","interacts with","9606.ENSP00000266544 (interacts with) 9606.ENSP00000356972","NDUFS2","2","false","interacts with","9606.ENSP00000266544 (interacts with) 9606.ENSP00000356972"
"NDUFA9","0","0.983","0","2.142857142857143","0.983","0","interacts with","9606.ENSP00000266544 (interacts with) 9606.ENSP00000274137","NDUFS6","2","false","interacts with","9606.ENSP00000266544 (interacts with) 9606.ENSP00000274137"
"NDUFA9","0","0.969","0","2.2222222222222223","0.969","0","interacts with","9606.ENSP00000266544 (interacts with) 9606.ENSP00000268668","NDUFB10","2","false","interacts with","9606.ENSP00000266544 (interacts with) 9606.ENSP00000268668"
"NDUFA9","0","0.969","0","2.0","0.969","0","interacts with","9606.ENSP00000266544 (interacts with) 9606.ENSP00000497587","NDUFV1","2","false","interacts with","9606.ENSP00000266544 (interacts with) 9606.ENSP00000497587"
"NDUFA9","0","0.983","0","2.142857142857143","0.983","0","interacts with","9606.ENSP00000266544 (interacts with) 9606.ENSP00000296684","NDUFS4","2","false","interacts with","9606.ENSP00000266544 (interacts with) 9606.ENSP00000296684"
"NDUFA9","0","0.909","0","2.685714285714286","0.909","0","interacts with","9606.ENSP00000266544 (interacts with) 9606.ENSP00000281031","NDUFC2","2","false","interacts with","9606.ENSP00000266544 (interacts with) 9606.ENSP00000281031"
"TIMMDC1","0","0.734","0","44.68195970695962","0.734","0","interacts with","9606.ENSP00000418803 (interacts with) 9606.ENSP00000351737","TMEM126B","2","false","interacts with","9606.ENSP00000418803 (interacts with) 9606.ENSP00000351737"
"NDUFAF3","0","0.734","0","28.604040404040436","0.734","0","interacts with","9606.ENSP00000323076 (interacts with) 9606.ENSP00000418803","TIMMDC1","2","false","interacts with","9606.ENSP00000323076 (interacts with) 9606.ENSP00000418803"
"NDUFAF3","0","0.734","0","29.865151515151545","0.734","0","interacts with","9606.ENSP00000323076 (interacts with) 9606.ENSP00000233627","NDUFS7","2","false","interacts with","9606.ENSP00000323076 (interacts with) 9606.ENSP00000233627"
"NDUFAF3","0","0.734","0","5.161976911976912","0.734","0","interacts with","9606.ENSP00000323076 (interacts with) 9606.ENSP00000358272","NDUFAF4","2","false","interacts with","9606.ENSP00000323076 (interacts with) 9606.ENSP00000358272"
"NDUFAF3","0","0.61","0","8.584931734931734","0.61","0","interacts with","9606.ENSP00000323076 (interacts with) 9606.ENSP00000351737","TMEM126B","2","false","interacts with","9606.ENSP00000323076 (interacts with) 9606.ENSP00000351737"
"NDUFAF3","0","0.734","0","31.615151515151545","0.734","0","interacts with","9606.ENSP00000323076 (interacts with) 9606.ENSP00000263774","NDUFS3","2","false","interacts with","9606.ENSP00000323076 (interacts with) 9606.ENSP00000263774"
"NDUFAF3","0","0.734","0","34.811122211122246","0.734","0","interacts with","9606.ENSP00000323076 (interacts with) 9606.ENSP00000315774","NDUFS8","2","false","interacts with","9606.ENSP00000323076 (interacts with) 9606.ENSP00000315774"
"NDUFAF3","0","0.734","0","32.067532467532494","0.734","0","interacts with","9606.ENSP00000323076 (interacts with) 9606.ENSP00000356972","NDUFS2","2","false","interacts with","9606.ENSP00000323076 (interacts with) 9606.ENSP00000356972"
"NDUFAF3","0","0.734","0","32.38030303030306","0.734","0","interacts with","9606.ENSP00000323076 (interacts with) 9606.ENSP00000268668","NDUFB10","2","false","interacts with","9606.ENSP00000323076 (interacts with) 9606.ENSP00000268668"
"NDUFS7","0","0.734","0","6.2035714285714265","0.734","0","interacts with","9606.ENSP00000233627 (interacts with) 9606.ENSP00000418803","TIMMDC1","2","false","interacts with","9606.ENSP00000233627 (interacts with) 9606.ENSP00000418803"
"NDUFS7","0","0.974","0","8.015079365079366","0.974","0","interacts with","9606.ENSP00000233627 (interacts with) 9606.ENSP00000327268","NDUFV2","2","false","interacts with","9606.ENSP00000233627 (interacts with) 9606.ENSP00000327268"
"NDUFS7","0","0.991","0","5.233333333333333","0.991","0","interacts with","9606.ENSP00000233627 (interacts with) 9606.ENSP00000315774","NDUFS8","2","false","interacts with","9606.ENSP00000233627 (interacts with) 9606.ENSP00000315774"
"NDUFS7","0","0.975","0","6.707936507936508","0.975","0","interacts with","9606.ENSP00000233627 (interacts with) 9606.ENSP00000497587","NDUFV1","2","false","interacts with","9606.ENSP00000233627 (interacts with) 9606.ENSP00000497587"
"NDUFAF4","0","0.734","0","39.77777777777777","0.734","0","interacts with","9606.ENSP00000358272 (interacts with) 9606.ENSP00000233627","NDUFS7","2","false","interacts with","9606.ENSP00000358272 (interacts with) 9606.ENSP00000233627"
"NDUFAF4","0","0.734","0","33.08730158730158","0.734","0","interacts with","9606.ENSP00000358272 (interacts with) 9606.ENSP00000418803","TIMMDC1","2","false","interacts with","9606.ENSP00000358272 (interacts with) 9606.ENSP00000418803"
"NDUFAF4","0","0.522","0","3.1483516483516483","0.522","0","interacts with","9606.ENSP00000358272 (interacts with) 9606.ENSP00000351737","TMEM126B","2","false","interacts with","9606.ENSP00000358272 (interacts with) 9606.ENSP00000351737"
"NDUFAF4","0","0.609","0","37.52777777777777","0.609","0","interacts with","9606.ENSP00000358272 (interacts with) 9606.ENSP00000263774","NDUFS3","2","false","interacts with","9606.ENSP00000358272 (interacts with) 9606.ENSP00000263774"
"NDUFAF4","0","0.61","0","40.057081807081794","0.61","0","interacts with","9606.ENSP00000358272 (interacts with) 9606.ENSP00000315774","NDUFS8","2","false","interacts with","9606.ENSP00000358272 (interacts with) 9606.ENSP00000315774"
"NDUFAF4","0","0.586","0","37.98015873015872","0.586","0","interacts with","9606.ENSP00000358272 (interacts with) 9606.ENSP00000356972","NDUFS2","2","false","interacts with","9606.ENSP00000358272 (interacts with) 9606.ENSP00000356972"
"NDUFAF4","0","0.577","0","37.876262626262616","0.577","0","interacts with","9606.ENSP00000358272 (interacts with) 9606.ENSP00000281031","NDUFC2","2","false","interacts with","9606.ENSP00000358272 (interacts with) 9606.ENSP00000281031"
"NDUFB3","0","0.925","0","6.948412698412699","0.925","0","interacts with","9606.ENSP00000407336 (interacts with) 9606.ENSP00000233627","NDUFS7","2","false","interacts with","9606.ENSP00000407336 (interacts with) 9606.ENSP00000233627"
"NDUFB3","0","0.97","0","2.5428571428571427","0.97","0","interacts with","9606.ENSP00000407336 (interacts with) 9606.ENSP00000299166","NDUFB8","2","false","interacts with","9606.ENSP00000407336 (interacts with) 9606.ENSP00000299166"
"NDUFB3","0","0.968","0","2.6222222222222227","0.968","0","interacts with","9606.ENSP00000407336 (interacts with) 9606.ENSP00000392709","NDUFS1","2","false","interacts with","9606.ENSP00000407336 (interacts with) 9606.ENSP00000392709"
"NDUFB3","0","0.97","0","2.0","0.97","0","interacts with","9606.ENSP00000407336 (interacts with) 9606.ENSP00000215565","NDUFB7","2","false","interacts with","9606.ENSP00000407336 (interacts with) 9606.ENSP00000215565"
"NDUFB3","0","0.97","0","2.4000000000000004","0.97","0","interacts with","9606.ENSP00000407336 (interacts with) 9606.ENSP00000327268","NDUFV2","2","false","interacts with","9606.ENSP00000407336 (interacts with) 9606.ENSP00000327268"
"NDUFB3","0","0.978","0","3.448412698412698","0.978","0","interacts with","9606.ENSP00000407336 (interacts with) 9606.ENSP00000263774","NDUFS3","2","false","interacts with","9606.ENSP00000407336 (interacts with) 9606.ENSP00000263774"
"NDUFB3","0","0.984","0","2.5428571428571427","0.984","0","interacts with","9606.ENSP00000407336 (interacts with) 9606.ENSP00000276689","NDUFB9","2","false","interacts with","9606.ENSP00000407336 (interacts with) 9606.ENSP00000276689"
"NDUFB3","0","0.97","0","3.126190476190476","0.97","0","interacts with","9606.ENSP00000407336 (interacts with) 9606.ENSP00000315774","NDUFS8","2","false","interacts with","9606.ENSP00000407336 (interacts with) 9606.ENSP00000315774"
"NDUFB3","0","0.968","0","2.726190476190476","0.968","0","interacts with","9606.ENSP00000407336 (interacts with) 9606.ENSP00000356972","NDUFS2","2","false","interacts with","9606.ENSP00000407336 (interacts with) 9606.ENSP00000356972"
"NDUFB3","0","0.972","0","2.0","0.972","0","interacts with","9606.ENSP00000407336 (interacts with) 9606.ENSP00000274137","NDUFS6","2","false","interacts with","9606.ENSP00000407336 (interacts with) 9606.ENSP00000274137"
"NDUFB3","0","0.97","0","2.142857142857143","0.97","0","interacts with","9606.ENSP00000407336 (interacts with) 9606.ENSP00000497587","NDUFV1","2","false","interacts with","9606.ENSP00000407336 (interacts with) 9606.ENSP00000497587"
"NDUFB3","0","0.976","0","2.0","0.976","0","interacts with","9606.ENSP00000407336 (interacts with) 9606.ENSP00000296684","NDUFS4","2","false","interacts with","9606.ENSP00000407336 (interacts with) 9606.ENSP00000296684"
"NDUFB3","0","0.907","0","2.976190476190476","0.907","0","interacts with","9606.ENSP00000407336 (interacts with) 9606.ENSP00000281031","NDUFC2","2","false","interacts with","9606.ENSP00000407336 (interacts with) 9606.ENSP00000281031"
