id,STRING_id,features,label
2,9606.ENSP00000377296,"[0.315, 0.343666666666667, 1.0, 0.422666666666667, 0.308666666666667, 0.354333333333333, 0.277, 0.310666666666667, 0.274333333333333, 0.356666666666667, 0.375, 0.51, 0.375, 0.3115, 0.14, 0.242, 0.298, 0.194, 0.318, 0.323333333333333, 0.109666666666667, 0.276666666666667, 0.267, 0.140333333333333, 0.135666666666667, 0.134666666666667, 0.2025, 0.272, 0.133333333333333, 0.392666666666667, 0.183333333333333, 0.247, 0.295666666666667, 0.139, 0.134666666666667, 0.172666666666667, 0.13, 0.2025, 0.117333333333333, 0.134666666666667, 0.178666666666667, 0.136666666666667, 0.253333333333333, 0.187333333333333, 0.135666666666667, 0.353, 0.136, 0.215333333333333, 0.354666666666667, 0.331, 0.238333333333333, 0.343, 0.336, 0.32, 0.312, 0.367666666666667, 0.380666666666667, 0.422666666666667, 0.188, 0.396, 0.318666666666667, 0.361, 0.242333333333333, 0.367, 0.348666666666667, 0.360333333333333, 0.334333333333333, 0.388, 0.358, 0.161, 0.189, 0.333, 0.403333333333333, 0.282333333333333, 0.347666666666667, 0.280666666666667, 0.243666666666667, 0.398333333333333, 0.100333333333333, 0.157, 0.348666666666667, 0.480666666666667, 0.341, 0.38, 0.366666666666667, 0.425333333333333, 0.234333333333333, 0.2495, 0.361333333333333, 0.241666666666667, 0.234, 0.217, 0.338333333333333, 0.131666666666667, 0.276333333333333, 0.200333333333333, 0.259, 0.217333333333333, 0.21, 0.282, 0.154, 0.154666666666667, 0.402666666666667, 0.371, 0.256, 0.297666666666667, 0.261333333333333, 0.182666666666667, 0.232333333333333, 0.177, 0.434666666666667, 0.231, 0.194666666666667, 0.327333333333333, 0.367333333333333, 0.442333333333333, 0.241333333333333, 0.182333333333333, 0.339, 0.209, 0.222333333333333, 0.295, 0.345333333333333, 0.076, 0.176666666666667, 0.273333333333333, 0.285, 0.167333333333333, 0.296, 0.42, 0.379333333333333, 0.232666666666667, 0.223666666666667, 0.298666666666667, 0.233333333333333, 0.366333333333333, 0.322333333333333, 0.407, 0.44, 0.329666666666667, 0.352666666666667, 0.363333333333333, 0.359666666666667, 0.266666666666667, 0.237, 0.225333333333333, 0.300666666666667, 0.194, 0.259333333333333, 0.262333333333333, 0.407666666666667, 0.284666666666667, 0.341333333333333, 0.094, 0.430333333333333, 0.172333333333333, 0.423333333333333, 0.386666666666667, 0.211333333333333, 0.261666666666667, 0.347, 0.135333333333333, 0.255, 0.328333333333333, 0.419666666666667, 0.307, 0.328666666666667, 0.317333333333333, 0.332333333333333, 0.268, 0.356, 0.263, 0.313666666666667, 0.195666666666667, 0.177, 0.3735, 0.300666666666667, 0.290666666666667, 0.246666666666667]",2
3,9606.ENSP00000428968,"[0.288333333333333, 0.305333333333333, 0.422666666666667, 1.0, 0.513, 0.278, 0.360333333333333, 0.53, 0.320333333333333, 0.128666666666667, 0.365666666666667, 0.381, 0.372, 0.341, 0.294666666666667, 0.225333333333333, 0.242, 0.2125, 0.375, 0.354666666666667, 0.248333333333333, 0.326333333333333, 0.310333333333333, 0.300333333333333, 0.289666666666667, 0.295, 0.317, 0.26, 0.243, 0.360333333333333, 0.322, 0.285333333333333, 0.35, 0.295333333333333, 0.315, 0.345666666666667, 0.284333333333333, 0.317, 0.213666666666667, 0.295, 0.255666666666667, 0.239333333333333, 0.283333333333333, 0.33, 0.289666666666667, 0.394, 0.293, 0.252666666666667, 0.371333333333333, 0.347666666666667, 0.317, 0.347, 0.439, 0.412, 0.341, 0.327333333333333, 0.410666666666667, 0.269666666666667, 0.248333333333333, 0.413, 0.457333333333333, 0.346333333333333, 0.326666666666667, 0.299333333333333, 0.539666666666667, 0.418333333333333, 0.288333333333333, 0.329333333333333, 0.315, 0.262333333333333, 0.214666666666667, 0.356, 0.396, 0.405333333333333, 0.365, 0.249666666666667, 0.297, 0.351333333333333, 0.171333333333333, 0.368, 0.329666666666667, 0.375666666666667, 0.369, 0.339, 0.471333333333333, 0.614666666666667, 0.337666666666667, 0.4065, 0.313666666666667, 0.229666666666667, 0.267666666666667, 0.320666666666667, 0.346333333333333, 0.186666666666667, 0.215333333333333, 0.499333333333333, 0.219333333333333, 0.243333333333333, 0.488666666666667, 0.347333333333333, 0.44, 0.299666666666667, 0.536, 0.444333333333333, 0.384333333333333, 0.334, 0.333333333333333, 0.261, 0.22, 0.443666666666667, 0.288333333333333, 0.265666666666667, 0.192666666666667, 0.421, 0.405, 0.344666666666667, 0.304666666666667, 0.223, 0.439333333333333, 0.355333333333333, 0.177666666666667, 0.387333333333333, 0.411666666666667, 0.319, 0.346333333333333, 0.250666666666667, 0.309333333333333, 0.227, 0.306, 0.402333333333333, 0.420333333333333, 0.365, 0.415, 0.306, 0.345666666666667, 0.445666666666667, 0.482666666666667, 0.332333333333333, 0.4475, 0.496333333333333, 0.305333333333333, 0.302333333333333, 0.340666666666667, 0.210333333333333, 0.261666666666667, 0.262333333333333, 0.463333333333333, 0.474, 0.408, 0.337, 0.356333333333333, 0.443333333333333, 0.477333333333333, 0.211, 0.336, 0.297333333333333, 0.337666666666667, 0.435666666666667, 0.350333333333333, 0.238333333333333, 0.319, 0.206333333333333, 0.266, 0.361666666666667, 0.34, 0.276666666666667, 0.321, 0.278333333333333, 0.288333333333333, 0.256666666666667, 0.323333333333333, 0.283, 0.316, 0.214666666666667, 0.268, 0.3655, 0.302666666666667, 0.538666666666667, 0.306666666666667]",1
4,9606.ENSP00000317473,"[0.259, 0.192666666666667, 0.308666666666667, 0.513, 1.0, 0.246666666666667, 0.309666666666667, 0.454666666666667, 0.247333333333333, 0.0943333333333333, 0.298, 0.289333333333333, 0.298666666666667, 0.145, 0.257333333333333, 0.166333333333333, 0.254666666666667, 0.1855, 0.1875, 0.398, 0.247666666666667, 0.305666666666667, 0.321666666666667, 0.264666666666667, 0.257, 0.261333333333333, 0.2915, 0.326, 0.226, 0.273, 0.312333333333333, 0.343333333333333, 0.327, 0.255666666666667, 0.313, 0.315, 0.314333333333333, 0.2915, 0.230666666666667, 0.261333333333333, 0.225666666666667, 0.229333333333333, 0.270666666666667, 0.272, 0.275333333333333, 0.333, 0.253, 0.212333333333333, 0.26, 0.320666666666667, 0.294333333333333, 0.278333333333333, 0.525333333333333, 0.400666666666667, 0.251666666666667, 0.247, 0.307, 0.245333333333333, 0.231333333333333, 0.315, 0.341666666666667, 0.230666666666667, 0.245, 0.452333333333333, 0.98, 0.352333333333333, 0.239, 0.223, 0.6, 0.237666666666667, 0.182, 0.265333333333333, 0.275333333333333, 0.290666666666667, 0.260333333333333, 0.213666666666667, 0.284333333333333, 0.283666666666667, 0.213, 0.290666666666667, 0.213666666666667, 0.27, 0.346, 0.284666666666667, 0.315333333333333, 0.461666666666667, 0.350666666666667, 0.394, 0.324333333333333, 0.238, 0.315333333333333, 0.305, 0.301666666666667, 0.193666666666667, 0.208, 0.390333333333333, 0.226333333333333, 0.232, 0.438, 0.32, 0.415, 0.303, 0.341666666666667, 0.259, 0.392, 0.288, 0.308666666666667, 0.204333333333333, 0.174666666666667, 0.323333333333333, 0.321, 0.233333333333333, 0.177333333333333, 0.346, 0.319333333333333, 0.366333333333333, 0.262, 0.188333333333333, 0.358333333333333, 0.227, 0.194333333333333, 0.304333333333333, 0.328, 0.278, 0.268333333333333, 0.197, 0.216666666666667, 0.180666666666667, 0.227333333333333, 0.295666666666667, 0.434666666666667, 0.336, 0.338333333333333, 0.271666666666667, 0.349, 0.344333333333333, 0.475333333333333, 0.319666666666667, 0.5835, 0.397333333333333, 0.247666666666667, 0.279666666666667, 0.254, 0.203, 0.247, 0.283, 0.331, 0.59, 0.351666666666667, 0.258666666666667, 0.285, 0.379333333333333, 0.317, 0.286, 0.192, 0.248666666666667, 0.281666666666667, 0.314333333333333, 0.314333333333333, 0.243, 0.214666666666667, 0.245333333333333, 0.221333333333333, 0.366333333333333, 0.151, 0.338, 0.266333333333333, 0.247333333333333, 0.190333333333333, 0.231333333333333, 0.295, 0.221, 0.273666666666667, 0.187, 0.191, 0.2085, 0.191666666666667, 0.457, 0.265666666666667]",1
5,9606.ENSP00000447300,"[0.395666666666667, 0.362, 0.354333333333333, 0.278, 0.246666666666667, 1.0, 0.567666666666667, 0.356666666666667, 0.404, 0.405333333333333, 0.244666666666667, 0.542666666666667, 0.254333333333333, 0.3755, 0.155, 0.295, 0.281333333333333, 0.2385, 0.451, 0.172666666666667, 0.105, 0.176666666666667, 0.247333333333333, 0.159, 0.154666666666667, 0.153333333333333, 0.235, 0.338, 0.143, 0.392, 0.184, 0.130333333333333, 0.184, 0.154, 0.143666666666667, 0.178666666666667, 0.149, 0.235, 0.107333333333333, 0.153333333333333, 0.254, 0.160666666666667, 0.298, 0.169, 0.154666666666667, 0.268333333333333, 0.152333333333333, 0.195333333333333, 0.356666666666667, 0.475333333333333, 0.332, 0.320333333333333, 0.254333333333333, 0.187, 0.264666666666667, 0.592, 0.556666666666667, 0.609666666666667, 0.225333333333333, 0.385333333333333, 0.355, 0.358, 0.399666666666667, 0.582666666666667, 0.260666666666667, 0.340333333333333, 0.455333333333333, 0.383, 0.546333333333333, 0.178, 0.246, 0.369, 0.333333333333333, 0.384333333333333, 0.363666666666667, 0.323, 0.392666666666667, 0.345666666666667, 0.101666666666667, 0.197666666666667, 0.403, 0.371, 0.343, 0.404666666666667, 0.377, 0.344333333333333, 0.223666666666667, 0.2505, 0.250666666666667, 0.187333333333333, 0.305, 0.133666666666667, 0.272333333333333, 0.171333333333333, 0.19, 0.259, 0.166666666666667, 0.283666666666667, 0.260333333333333, 0.382333333333333, 0.250666666666667, 0.245666666666667, 0.331333333333333, 0.429333333333333, 0.252333333333333, 0.326, 0.144333333333333, 0.374333333333333, 0.471333333333333, 0.226666666666667, 0.372666666666667, 0.282333333333333, 0.314, 0.343666666666667, 0.299333333333333, 0.222333333333333, 0.245, 0.309666666666667, 0.319666666666667, 0.500333333333333, 0.346333333333333, 0.359333333333333, 0.546333333333333, 0.0776666666666667, 0.234, 0.180333333333333, 0.349, 0.208333333333333, 0.356666666666667, 0.414, 0.3, 0.339, 0.360333333333333, 0.411666666666667, 0.292, 0.343, 0.177, 0.309666666666667, 0.1915, 0.167333333333333, 0.431333333333333, 0.291666666666667, 0.47, 0.321666666666667, 0.264333333333333, 0.299, 0.448, 0.255, 0.263666666666667, 0.297333333333333, 0.355666666666667, 0.435, 0.363, 0.289, 0.362, 0.360333333333333, 0.454666666666667, 0.339666666666667, 0.165, 0.418, 0.238, 0.185333333333333, 0.318666666666667, 0.376666666666667, 0.423, 0.377, 0.407666666666667, 0.394, 0.373666666666667, 0.288333333333333, 0.430666666666667, 0.311333333333333, 0.448333333333333, 0.284333333333333, 0.230666666666667, 0.4655, 0.392666666666667, 0.252, 0.313666666666667]",1
6,9606.ENSP00000366070,"[0.355, 0.289666666666667, 0.277, 0.360333333333333, 0.309666666666667, 0.567666666666667, 1.0, 0.329333333333333, 0.293, 0.149333333333333, 0.294333333333333, 0.421666666666667, 0.297333333333333, 0.4305, 0.175666666666667, 0.274666666666667, 0.309, 0.309, 0.4745, 0.201, 0.152, 0.218, 0.3, 0.181666666666667, 0.187333333333333, 0.178, 0.2765, 0.463, 0.180666666666667, 0.349, 0.221, 0.202666666666667, 0.225, 0.192, 0.186, 0.238333333333333, 0.170666666666667, 0.2765, 0.131666666666667, 0.178, 0.233666666666667, 0.209666666666667, 0.349333333333333, 0.225, 0.189333333333333, 0.259333333333333, 0.185333333333333, 0.205333333333333, 0.366666666666667, 0.436, 0.261333333333333, 0.268, 0.324666666666667, 0.261666666666667, 0.329666666666667, 0.434, 0.488333333333333, 0.415333333333333, 0.231666666666667, 0.360333333333333, 0.386666666666667, 0.326333333333333, 0.357, 0.447, 0.34, 0.280666666666667, 0.385666666666667, 0.296, 0.411, 0.215, 0.283666666666667, 0.325333333333333, 0.327333333333333, 0.313333333333333, 0.343, 0.286333333333333, 0.365333333333333, 0.288333333333333, 0.144666666666667, 0.265666666666667, 0.399, 0.309333333333333, 0.357333333333333, 0.315, 0.331333333333333, 0.353666666666667, 0.286333333333333, 0.305, 0.305666666666667, 0.249, 0.322666666666667, 0.155, 0.339, 0.199333333333333, 0.259, 0.216666666666667, 0.226333333333333, 0.286333333333333, 0.293, 0.399333333333333, 0.28, 0.284, 0.401333333333333, 0.443, 0.300666666666667, 0.308666666666667, 0.146, 0.374666666666667, 0.361666666666667, 0.241, 0.332333333333333, 0.319666666666667, 0.272333333333333, 0.393, 0.318333333333333, 0.28, 0.256333333333333, 0.28, 0.412, 0.382333333333333, 0.331, 0.324, 0.439666666666667, 0.077, 0.196, 0.254, 0.321, 0.261666666666667, 0.325666666666667, 0.38, 0.334, 0.358666666666667, 0.427, 0.395, 0.344333333333333, 0.343, 0.232333333333333, 0.299, 0.2835, 0.246, 0.347333333333333, 0.325, 0.399333333333333, 0.302, 0.335666666666667, 0.326333333333333, 0.422333333333333, 0.6085, 0.273, 0.314666666666667, 0.316333333333333, 0.397666666666667, 0.408666666666667, 0.284, 0.297, 0.156666666666667, 0.369333333333333, 0.32, 0.246333333333333, 0.316666666666667, 0.275, 0.22, 0.297666666666667, 0.368, 0.288666666666667, 0.352666666666667, 0.41, 0.346, 0.323333333333333, 0.292333333333333, 0.370333333333333, 0.355333333333333, 0.385, 0.265, 0.240666666666667, 0.5045, 0.388666666666667, 0.289666666666667, 0.373333333333333]",1
7,9606.ENSP00000400906,"[0.330666666666667, 0.301, 0.310666666666667, 0.53, 0.454666666666667, 0.356666666666667, 0.329333333333333, 1.0, 0.295333333333333, 0.572333333333333, 0.271, 0.382, 0.272333333333333, 0.252, 0.256333333333333, 0.228333333333333, 0.327, 0.2305, 0.32, 0.388, 0.361666666666667, 0.326, 0.469666666666667, 0.311666666666667, 0.318333333333333, 0.314, 0.3315, 0.57, 0.316666666666667, 0.489333333333333, 0.366333333333333, 0.300666666666667, 0.328, 0.328333333333333, 0.401333333333333, 0.331666666666667, 0.310333333333333, 0.3315, 0.251333333333333, 0.314, 0.326, 0.279, 0.308333333333333, 0.367333333333333, 0.308, 0.339666666666667, 0.319666666666667, 0.326333333333333, 0.495333333333333, 0.406, 0.297333333333333, 0.312, 0.481666666666667, 0.322333333333333, 0.322, 0.413666666666667, 0.392333333333333, 0.383333333333333, 0.327, 0.515, 0.631666666666667, 0.346333333333333, 0.372666666666667, 0.553, 0.495666666666667, 0.402, 0.312333333333333, 0.307, 0.561, 0.276333333333333, 0.419666666666667, 0.412, 0.402666666666667, 0.548666666666667, 0.468666666666667, 0.292, 0.386666666666667, 0.529333333333333, 0.219666666666667, 0.430333333333333, 0.376666666666667, 0.395, 0.490333333333333, 0.381333333333333, 0.533666666666667, 0.633333333333333, 0.713, 0.4635, 0.416333333333333, 0.408333333333333, 0.3, 0.338666666666667, 0.361333333333333, 0.627666666666667, 0.480333333333333, 0.741666666666667, 0.341333333333333, 0.444333333333333, 0.486333333333333, 0.431666666666667, 0.529333333333333, 0.339333333333333, 0.391333333333333, 0.432666666666667, 0.595, 0.347, 0.353666666666667, 0.375, 0.381666666666667, 0.373, 0.456333333333333, 0.572333333333333, 0.224333333333333, 0.457, 0.523666666666667, 0.426333333333333, 0.359333333333333, 0.571333333333333, 0.443333333333333, 0.327333333333333, 0.278, 0.435, 0.456333333333333, 0.292666666666667, 0.359666666666667, 0.233, 0.233666666666667, 0.460666666666667, 0.316, 0.424666666666667, 0.482666666666667, 0.582, 0.586333333333333, 0.46, 0.620333333333333, 0.431666666666667, 0.406, 0.411333333333333, 0.372, 0.427333333333333, 0.661666666666667, 0.458333333333333, 0.374666666666667, 0.316, 0.577333333333333, 0.333666666666667, 0.498666666666667, 0.154, 0.379333333333333, 0.319666666666667, 0.393, 0.516333333333333, 0.491333333333333, 0.224, 0.218, 0.275666666666667, 0.433, 0.524666666666667, 0.395666666666667, 0.328, 0.216, 0.239666666666667, 0.329, 0.394333333333333, 0.163, 0.335333333333333, 0.488666666666667, 0.290666666666667, 0.246666666666667, 0.174333333333333, 0.329, 0.213, 0.299, 0.458333333333333, 0.239, 0.236, 0.377, 0.54, 0.546666666666667]",2
8,9606.ENSP00000391311,"[0.384333333333333, 0.311666666666667, 0.274333333333333, 0.320333333333333, 0.247333333333333, 0.404, 0.293, 0.295333333333333, 1.0, 0.099, 0.394666666666667, 0.386333333333333, 0.392, 0.1145, 0.141333333333333, 0.239666666666667, 0.196333333333333, 0.1385, 0.161, 0.215666666666667, 0.188333333333333, 0.186, 0.215333333333333, 0.198, 0.196666666666667, 0.191, 0.155, 0.242, 0.181, 0.315666666666667, 0.19, 0.216333333333333, 0.194333333333333, 0.189, 0.218, 0.257666666666667, 0.209666666666667, 0.155, 0.128333333333333, 0.191, 0.200666666666667, 0.153333333333333, 0.169333333333333, 0.193666666666667, 0.214, 0.249, 0.188, 0.178666666666667, 0.293666666666667, 0.458, 0.436, 0.420333333333333, 0.409666666666667, 0.327333333333333, 0.267333333333333, 0.356333333333333, 0.513, 0.250666666666667, 0.244666666666667, 0.292, 0.261333333333333, 0.354333333333333, 0.46, 0.239333333333333, 0.247666666666667, 0.529333333333333, 0.493666666666667, 0.588333333333333, 0.266666666666667, 0.144, 0.166, 0.378, 0.349666666666667, 0.341666666666667, 0.318, 0.338666666666667, 0.378333333333333, 0.248333333333333, 0.119333333333333, 0.34, 0.319, 0.391, 0.265333333333333, 0.358333333333333, 0.301, 0.264333333333333, 0.489333333333333, 0.177, 0.325666666666667, 0.234333333333333, 0.482666666666667, 0.193333333333333, 0.299333333333333, 0.235666666666667, 0.172666666666667, 0.263333333333333, 0.171666666666667, 0.283, 0.260333333333333, 0.248333333333333, 0.205666666666667, 0.158333333333333, 0.414, 0.393333333333333, 0.36, 0.406333333333333, 0.206333333333333, 0.345333333333333, 0.436, 0.4, 0.325, 0.298, 0.242333333333333, 0.325, 0.466333333333333, 0.175, 0.294333333333333, 0.263333333333333, 0.354666666666667, 0.374333333333333, 0.249333333333333, 0.343, 0.431333333333333, 0.194, 0.301333333333333, 0.21, 0.380333333333333, 0.273, 0.334666666666667, 0.299, 0.334, 0.262666666666667, 0.342333333333333, 0.375, 0.258333333333333, 0.345666666666667, 0.283666666666667, 0.203333333333333, 0.3385, 0.305333333333333, 0.243333333333333, 0.247333333333333, 0.384333333333333, 0.266666666666667, 0.232, 0.208666666666667, 0.415333333333333, 0.58, 0.296, 0.325666666666667, 0.363333333333333, 0.295333333333333, 0.333666666666667, 0.414, 0.310666666666667, 0.185333333333333, 0.329333333333333, 0.257333333333333, 0.227333333333333, 0.296333333333333, 0.283666666666667, 0.28, 0.327, 0.391, 0.437666666666667, 0.372333333333333, 0.362666666666667, 0.452333333333333, 0.427666666666667, 0.374333333333333, 0.374333333333333, 0.350333333333333, 0.443666666666667, 0.298, 0.373333333333333, 0.2505, 0.266333333333333, 0.302666666666667, 0.264666666666667]",1
9,9606.ENSP00000448182,"[0.145333333333333, 0.147333333333333, 0.356666666666667, 0.128666666666667, 0.0943333333333333, 0.405333333333333, 0.149333333333333, 0.572333333333333, 0.099, 1.0, 0.142333333333333, 0.170666666666667, 0.142333333333333, 0.1785, 0.109, 0.154666666666667, 0.188, 0.1795, 0.1795, 0.115666666666667, 0.0963333333333333, 0.099, 0.237, 0.102333333333333, 0.102333333333333, 0.0963333333333333, 0.1445, 0.338, 0.119666666666667, 0.603666666666667, 0.115666666666667, 0.0963333333333333, 0.100333333333333, 0.100333333333333, 0.145666666666667, 0.133666666666667, 0.0963333333333333, 0.1445, 0.0963333333333333, 0.0963333333333333, 0.106666666666667, 0.099, 0.135, 0.156666666666667, 0.102333333333333, 0.0766666666666667, 0.0956666666666667, 0.078, 0.414, 0.190333333333333, 0.127, 0.108, 0.174333333333333, 0.159, 0.143666666666667, 0.565666666666667, 0.13, 0.504333333333333, 0.368333333333333, 0.617333333333333, 0.142, 0.164, 0.142333333333333, 0.543666666666667, 0.157666666666667, 0.143333333333333, 0.110666666666667, 0.14, 0.556666666666667, 0.0956666666666667, 0.165, 0.719, 0.242, 0.587333333333333, 0.183, 0.525, 0.515666666666667, 0.413333333333333, 0.0806666666666667, 0.232, 0.333333333333333, 0.573333333333333, 0.338666666666667, 0.578, 0.283, 0.212333333333333, 0.137, 0.1865, 0.114666666666667, 0.133666666666667, 0.107666666666667, 0.104, 0.423, 0.055, 0.215, 0.0833333333333333, 0.333666666666667, 0.291, 0.150666666666667, 0.178666666666667, 0.151, 0.0963333333333333, 0.153, 0.154333333333333, 0.135666666666667, 0.152666666666667, 0.126666666666667, 0.0966666666666667, 0.128666666666667, 0.128666666666667, 0.342, 0.168333333333333, 0.0893333333333333, 0.574, 0.448333333333333, 0.241, 0.127333333333333, 0.569666666666667, 0.133666666666667, 0.272, 0.637666666666667, 0.551333333333333, 0.516333333333333, 0.183, 0.4, 0.162333333333333, 0.145, 0.0873333333333333, 0.159, 0.551, 0.389333333333333, 0.378, 0.197333333333333, 0.536, 0.396666666666667, 0.153, 0.196333333333333, 0.61, 0.1405, 0.438, 0.174333333333333, 0.196, 0.422333333333333, 0.592333333333333, 0.183, 0.325333333333333, 0.154, 0.0795, 0.109666666666667, 0.251666666666667, 0.524333333333333, 0.265333333333333, 0.407333333333333, 0.202, 0.153, 0.153, 0.504, 0.274, 0.168333333333333, 0.325, 0.116333333333333, 0.607, 0.558333333333333, 0.603666666666667, 0.0786666666666667, 0.122333333333333, 0.166333333333333, 0.119, 0.137, 0.101, 0.123333333333333, 0.142666666666667, 0.100666666666667, 0.602, 0.298, 0.2175, 0.539333333333333, 0.135666666666667, 0.174]",1
10,9606.ENSP00000321971,"[0.378666666666667, 0.242333333333333, 0.375, 0.365666666666667, 0.298, 0.244666666666667, 0.294333333333333, 0.271, 0.394666666666667, 0.142333333333333, 1.0, 0.256, 0.996, 0.7565, 0.429333333333333, 0.517, 0.424666666666667, 0.608, 0.787, 0.420666666666667, 0.381666666666667, 0.475666666666667, 0.436333333333333, 0.439666666666667, 0.445, 0.431, 0.53, 0.741, 0.455666666666667, 0.317666666666667, 0.419, 0.404666666666667, 0.512666666666667, 0.432, 0.418333333333333, 0.428, 0.421333333333333, 0.53, 0.3, 0.431, 0.402333333333333, 0.359666666666667, 0.402333333333333, 0.422666666666667, 0.43, 0.451, 0.427666666666667, 0.384666666666667, 0.353666666666667, 0.489, 0.753666666666667, 0.347333333333333, 0.578666666666667, 0.456, 0.226333333333333, 0.346666666666667, 0.448, 0.219333333333333, 0.270333333333333, 0.391333333333333, 0.221, 0.286333333333333, 0.273666666666667, 0.282666666666667, 0.307, 0.567666666666667, 0.411333333333333, 0.438, 0.285666666666667, 0.398666666666667, 0.418, 0.337, 0.278333333333333, 0.283666666666667, 0.274333333333333, 0.206333333333333, 0.29, 0.490666666666667, 0.236666666666667, 0.367333333333333, 0.281333333333333, 0.323666666666667, 0.280666666666667, 0.273, 0.28, 0.314333333333333, 0.252333333333333, 0.3425, 0.343333333333333, 0.265, 0.379666666666667, 0.277333333333333, 0.328666666666667, 0.253333333333333, 0.276, 0.136333333333333, 0.262333333333333, 0.29, 0.183333333333333, 0.315333333333333, 0.248, 0.393, 0.411, 0.317333333333333, 0.369333333333333, 0.436, 0.293666666666667, 0.378, 0.274, 0.415333333333333, 0.405, 0.246666666666667, 0.415666666666667, 0.432666666666667, 0.507666666666667, 0.407333333333333, 0.315666666666667, 0.214666666666667, 0.351333333333333, 0.260666666666667, 0.154666666666667, 0.34, 0.467666666666667, 0.226666666666667, 0.299333333333333, 0.219, 0.287333333333333, 0.635333333333333, 0.35, 0.260333333333333, 0.389666666666667, 0.292333333333333, 0.261666666666667, 0.351, 0.258333333333333, 0.331333333333333, 0.439, 0.325, 0.57, 0.435666666666667, 0.372333333333333, 0.286333333333333, 0.250333333333333, 0.304666666666667, 0.326, 0.308333333333333, 0.391666666666667, 0.5345, 0.27, 0.284666666666667, 0.285, 0.246666666666667, 0.315333333333333, 0.3175, 0.329, 0.140666666666667, 0.296, 0.318, 0.392666666666667, 0.256, 0.254666666666667, 0.296666666666667, 0.228666666666667, 0.401666666666667, 0.269666666666667, 0.325666666666667, 0.265333333333333, 0.283, 0.292333333333333, 0.249666666666667, 0.316666666666667, 0.244333333333333, 0.289666666666667, 0.235333333333333, 0.213333333333333, 0.2845, 0.170333333333333, 0.288, 0.243]",1
11,9606.ENSP00000261367,"[0.35, 0.378, 0.51, 0.381, 0.289333333333333, 0.542666666666667, 0.421666666666667, 0.382, 0.386333333333333, 0.170666666666667, 0.256, 1.0, 0.264333333333333, 0.3765, 0.170666666666667, 0.270666666666667, 0.346666666666667, 0.2385, 0.4075, 0.223666666666667, 0.135333333333333, 0.220666666666667, 0.293666666666667, 0.175, 0.167333333333333, 0.172333333333333, 0.261, 0.456, 0.157, 0.412333333333333, 0.207, 0.166, 0.224, 0.188333333333333, 0.163666666666667, 0.237666666666667, 0.164666666666667, 0.261, 0.145666666666667, 0.172333333333333, 0.239, 0.195666666666667, 0.330333333333333, 0.228666666666667, 0.167333333333333, 0.350333333333333, 0.181333333333333, 0.208666666666667, 0.422333333333333, 0.373666666666667, 0.330333333333333, 0.362666666666667, 0.347333333333333, 0.271333333333333, 0.399333333333333, 0.417333333333333, 0.424333333333333, 0.378, 0.241333333333333, 0.363666666666667, 0.366333333333333, 0.407, 0.355333333333333, 0.410666666666667, 0.324333333333333, 0.346666666666667, 0.346, 0.393333333333333, 0.369666666666667, 0.213333333333333, 0.264, 0.337, 0.341333333333333, 0.411333333333333, 0.418666666666667, 0.343333333333333, 0.341666666666667, 0.312333333333333, 0.131, 0.241, 0.396333333333333, 0.393666666666667, 0.385666666666667, 0.374333333333333, 0.416333333333333, 0.461666666666667, 0.289, 0.2895, 0.311333333333333, 0.2, 0.334666666666667, 0.193, 0.316, 0.227, 0.366333333333333, 0.363, 0.277, 0.363, 0.404, 0.472333333333333, 0.381333333333333, 0.282666666666667, 0.348666666666667, 0.337, 0.315333333333333, 0.390666666666667, 0.23, 0.347333333333333, 0.448666666666667, 0.242, 0.375666666666667, 0.328666666666667, 0.234333333333333, 0.337, 0.322, 0.269, 0.253, 0.332333333333333, 0.387666666666667, 0.402666666666667, 0.307, 0.35, 0.466, 0.130666666666667, 0.252666666666667, 0.296, 0.419666666666667, 0.197, 0.336333333333333, 0.374, 0.346666666666667, 0.364666666666667, 0.367333333333333, 0.410333333333333, 0.362666666666667, 0.376333333333333, 0.246333333333333, 0.329333333333333, 0.2685, 0.253, 0.394333333333333, 0.318, 0.435666666666667, 0.369333333333333, 0.321, 0.383333333333333, 0.321, 0.3985, 0.343666666666667, 0.322666666666667, 0.366666666666667, 0.512333333333333, 0.417666666666667, 0.3865, 0.320666666666667, 0.205333333333333, 0.429666666666667, 0.376, 0.258, 0.336, 0.294333333333333, 0.188666666666667, 0.325666666666667, 0.351, 0.499666666666667, 0.374, 0.439333333333333, 0.414666666666667, 0.371333333333333, 0.312666666666667, 0.398, 0.325666666666667, 0.418666666666667, 0.266333333333333, 0.292333333333333, 0.4185, 0.272, 0.372333333333333, 0.399333333333333]",1
12,9606.ENSP00000351132,"[0.39, 0.252333333333333, 0.375, 0.372, 0.298666666666667, 0.254333333333333, 0.297333333333333, 0.272333333333333, 0.392, 0.142333333333333, 0.996, 0.264333333333333, 1.0, 0.7565, 0.445, 0.521666666666667, 0.435333333333333, 0.6285, 0.787, 0.420666666666667, 0.379333333333333, 0.489666666666667, 0.447, 0.454333333333333, 0.457666666666667, 0.445666666666667, 0.5525, 0.741, 0.467, 0.321333333333333, 0.432, 0.405333333333333, 0.527333333333333, 0.446666666666667, 0.429666666666667, 0.442666666666667, 0.435666666666667, 0.5525, 0.3, 0.445666666666667, 0.414333333333333, 0.373, 0.414333333333333, 0.437333333333333, 0.444333333333333, 0.463666666666667, 0.442333333333333, 0.395, 0.354333333333333, 0.497333333333333, 0.76, 0.352, 0.574333333333333, 0.454666666666667, 0.227666666666667, 0.352666666666667, 0.449, 0.226, 0.274, 0.398, 0.229, 0.295333333333333, 0.279333333333333, 0.273, 0.307666666666667, 0.561666666666667, 0.412, 0.442333333333333, 0.279, 0.413333333333333, 0.431333333333333, 0.340666666666667, 0.28, 0.287, 0.28, 0.205666666666667, 0.292, 0.497, 0.237, 0.378, 0.289, 0.327, 0.280666666666667, 0.275, 0.285, 0.315333333333333, 0.256333333333333, 0.335, 0.342666666666667, 0.268666666666667, 0.382666666666667, 0.278666666666667, 0.337, 0.253666666666667, 0.275666666666667, 0.136333333333333, 0.260333333333333, 0.287666666666667, 0.184333333333333, 0.315666666666667, 0.248, 0.405333333333333, 0.42, 0.323, 0.368666666666667, 0.433666666666667, 0.293666666666667, 0.377333333333333, 0.281666666666667, 0.412666666666667, 0.400666666666667, 0.246666666666667, 0.421333333333333, 0.444666666666667, 0.512, 0.403666666666667, 0.311666666666667, 0.214333333333333, 0.354666666666667, 0.261666666666667, 0.156, 0.343, 0.476666666666667, 0.221333333333333, 0.303333333333333, 0.218333333333333, 0.290333333333333, 0.639, 0.357666666666667, 0.267333333333333, 0.388, 0.306666666666667, 0.265333333333333, 0.349333333333333, 0.258666666666667, 0.341666666666667, 0.441666666666667, 0.327, 0.57, 0.437333333333333, 0.371, 0.290333333333333, 0.257, 0.303666666666667, 0.325666666666667, 0.314, 0.392666666666667, 0.535, 0.271666666666667, 0.287666666666667, 0.286333333333333, 0.249, 0.322333333333333, 0.3175, 0.343, 0.143333333333333, 0.292, 0.324, 0.403, 0.260333333333333, 0.259333333333333, 0.299666666666667, 0.233, 0.405, 0.271333333333333, 0.327666666666667, 0.270666666666667, 0.276, 0.296333333333333, 0.246666666666667, 0.320666666666667, 0.249666666666667, 0.299, 0.237666666666667, 0.214, 0.304, 0.174666666666667, 0.288666666666667, 0.244333333333333]",1
13,9606.ENSP00000400184,"[0.4035, 0.453, 0.3115, 0.341, 0.145, 0.3755, 0.4305, 0.252, 0.1145, 0.1785, 0.7565, 0.3765, 0.7565, 1.0, 0.901, 0.942, 0.8945, 0.942, 0.8955, 0.3545, 0.382, 0.8855, 0.884, 0.8635, 0.8635, 0.8545, 0.8545, 0.826, 0.942, 0.6175, 0.827, 0.382, 0.8985, 0.8985, 0.8545, 0.768, 0.8545, 0.8545, 0.382, 0.8545, 0.8765, 0.8795, 0.9295, 0.879, 0.8635, 0.8005, 0.8465, 0.774, 0.367, 0.5965, 0.67, 0.3615, 0.3505, 0.1535, 0.256, 0.3435, 0.358, 0.2535, 0.4495, 0.604, 0.333, 0.405, 0.3585, 0.2615, 0.1865, 0.158, 0.2995, 0.5015, 0.231, 0.8465, 0.7895, 0.554, 0.325, 0.4375, 0.5365, 0.0955, 0.3115, 0.8045, 0.321, 0.3705, 0.439, 0.4885, 0.294, 0.3125, 0.581, 0.3455, 0.487, 0.187, 0.196, 0.2035, 0.302, 0.1315, 0.3455, 0.249, 0.2985, 0.161, 0.2375, 0.202, 0.1915, 0.377, 0.183, 0.8545, 0.364, 0.373, 0.201, 0.257, 0.151, 0.3625, 0.494, 0.219, 0.176, 0.203, 0.578, 0.431, 0.379, 0.244, 0.1365, 0.194, 0.2965, 0.3875, 0.2755, 0.37, 0.598, 0.1165, 0.356, 0.128, 0.277, 0.6595, 0.3925, 0.36, 0.183, 0.453, 0.385, 0.2405, 0.2855, 0.3265, 0.1375, 0.3065, 0.246, 0.203, 0.2435, 0.328, 0.355, 0.285, 0.295, 0.546, 0.4235, 0.143, 0.2375, 0.3415, 0.3975, 0.42, 0.565, 0.131, 0.309, 0.122, 0.1985, 0.474, 0.737, 0.403, 0.1785, 0.2585, 0.3915, 0.3055, 0.2995, 0.3235, 0.3395, 0.131, 0.449, 0.1115, 0.4565, 0.271, 0.226, 0.3545, 0.243, 0.3555, 0.3165, 0.188, 0.424]",1
14,9606.ENSP00000367346,"[0.173, 0.146333333333333, 0.14, 0.294666666666667, 0.257333333333333, 0.155, 0.175666666666667, 0.256333333333333, 0.141333333333333, 0.109, 0.429333333333333, 0.170666666666667, 0.445, 0.901, 1.0, 0.446666666666667, 0.386333333333333, 0.6655, 0.923, 0.384666666666667, 0.534666666666667, 0.474666666666667, 0.396666666666667, 0.642666666666667, 0.625333333333333, 0.636, 0.6385, 0.833, 0.632, 0.221, 0.598333333333333, 0.403, 0.516333333333333, 0.633333333333333, 0.611333333333333, 0.595666666666667, 0.618666666666667, 0.6385, 0.461, 0.636, 0.516, 0.517666666666667, 0.454, 0.621666666666667, 0.625333333333333, 0.442, 0.632, 0.530666666666667, 0.180333333333333, 0.244333333333333, 0.412333333333333, 0.252333333333333, 0.380333333333333, 0.243666666666667, 0.137, 0.136666666666667, 0.194333333333333, 0.106666666666667, 0.234, 0.304666666666667, 0.231, 0.245, 0.150333333333333, 0.170666666666667, 0.273333333333333, 0.241666666666667, 0.144333333333333, 0.185333333333333, 0.214666666666667, 0.541666666666667, 0.348666666666667, 0.225, 0.201, 0.178666666666667, 0.165, 0.112, 0.142333333333333, 0.332666666666667, 0.285, 0.312333333333333, 0.163666666666667, 0.181666666666667, 0.228, 0.132, 0.207333333333333, 0.268333333333333, 0.225666666666667, 0.352, 0.150666666666667, 0.14, 0.155333333333333, 0.250666666666667, 0.131, 0.148666666666667, 0.177666666666667, 0.182333333333333, 0.263666666666667, 0.238333333333333, 0.243666666666667, 0.221333333333333, 0.248333333333333, 0.495666666666667, 0.256666666666667, 0.248666666666667, 0.214333333333333, 0.217333333333333, 0.254333333333333, 0.238666666666667, 0.184, 0.276333333333333, 0.159, 0.132333333333333, 0.287333333333333, 0.316, 0.221666666666667, 0.139333333333333, 0.18, 0.118666666666667, 0.188, 0.211333333333333, 0.0873333333333333, 0.247, 0.294333333333333, 0.256333333333333, 0.283333333333333, 0.147, 0.149666666666667, 0.358333333333333, 0.184333333333333, 0.181, 0.313, 0.31, 0.265666666666667, 0.177, 0.253, 0.196333333333333, 0.250333333333333, 0.207, 0.2665, 0.288, 0.193666666666667, 0.140666666666667, 0.149, 0.14, 0.187333333333333, 0.189666666666667, 0.310333333333333, 0.2555, 0.219, 0.199333333333333, 0.166666666666667, 0.182333333333333, 0.240333333333333, 0.107, 0.145333333333333, 0.153666666666667, 0.19, 0.266333333333333, 0.470333333333333, 0.161666666666667, 0.0963333333333333, 0.114666666666667, 0.107, 0.196, 0.116333333333333, 0.145, 0.159666666666667, 0.141666666666667, 0.183333333333333, 0.124, 0.162666666666667, 0.146666666666667, 0.157333333333333, 0.130666666666667, 0.093, 0.21, 0.146666666666667, 0.229, 0.170666666666667]",1
15,9606.ENSP00000296597,"[0.478333333333333, 0.239666666666667, 0.242, 0.225333333333333, 0.166333333333333, 0.295, 0.274666666666667, 0.228333333333333, 0.239666666666667, 0.154666666666667, 0.517, 0.270666666666667, 0.521666666666667, 0.942, 0.446666666666667, 1.0, 0.496666666666667, 0.828, 0.942, 0.324333333333333, 0.34, 0.431, 0.403666666666667, 0.411333333333333, 0.409333333333333, 0.405333333333333, 0.64, 0.868, 0.475, 0.284666666666667, 0.377333333333333, 0.345333333333333, 0.450666666666667, 0.400666666666667, 0.392, 0.356, 0.388, 0.64, 0.300333333333333, 0.405333333333333, 0.715, 0.353333333333333, 0.504666666666667, 0.385666666666667, 0.394, 0.397, 0.399, 0.348333333333333, 0.241, 0.491333333333333, 0.440333333333333, 0.247666666666667, 0.373333333333333, 0.220666666666667, 0.217333333333333, 0.298666666666667, 0.284, 0.247, 0.225333333333333, 0.587666666666667, 0.214, 0.290333333333333, 0.259666666666667, 0.272666666666667, 0.184, 0.284666666666667, 0.289, 0.274333333333333, 0.269666666666667, 0.732333333333333, 0.447666666666667, 0.388666666666667, 0.197, 0.37, 0.534, 0.202333333333333, 0.546666666666667, 0.403666666666667, 0.259, 0.213, 0.430333333333333, 0.435, 0.427, 0.205, 0.544, 0.214, 0.206333333333333, 0.386, 0.256666666666667, 0.185666666666667, 0.249666666666667, 0.172, 0.211333333333333, 0.161, 0.214333333333333, 0.133, 0.23, 0.238, 0.180666666666667, 0.259, 0.203666666666667, 0.430333333333333, 0.236, 0.229666666666667, 0.226666666666667, 0.312, 0.175333333333333, 0.329333333333333, 0.293, 0.196, 0.271666666666667, 0.215666666666667, 0.394333333333333, 0.275666666666667, 0.247, 0.318333333333333, 0.257333333333333, 0.186666666666667, 0.533666666666667, 0.274333333333333, 0.164666666666667, 0.240666666666667, 0.346666666666667, 0.130666666666667, 0.176333333333333, 0.203666666666667, 0.284, 0.517, 0.262, 0.415333333333333, 0.257, 0.253333333333333, 0.204, 0.496333333333333, 0.218666666666667, 0.487, 0.192666666666667, 0.279333333333333, 0.236, 0.207333333333333, 0.263, 0.191666666666667, 0.477666666666667, 0.229, 0.289666666666667, 0.256333333333333, 0.255333333333333, 0.3095, 0.199666666666667, 0.213333333333333, 0.541666666666667, 0.244666666666667, 0.247666666666667, 0.1735, 0.244666666666667, 0.142, 0.269666666666667, 0.249333333333333, 0.357, 0.444666666666667, 0.345333333333333, 0.507, 0.489666666666667, 0.264, 0.241666666666667, 0.215666666666667, 0.236666666666667, 0.287333333333333, 0.31, 0.215, 0.257333333333333, 0.242666666666667, 0.565666666666667, 0.411, 0.483, 0.2415, 0.191, 0.193, 0.241333333333333]",1
16,9606.ENSP00000358272,"[0.262666666666667, 0.255333333333333, 0.298, 0.242, 0.254666666666667, 0.281333333333333, 0.309, 0.327, 0.196333333333333, 0.188, 0.424666666666667, 0.346666666666667, 0.435333333333333, 0.8945, 0.386333333333333, 0.496666666666667, 1.0, 0.655, 0.911, 0.358333333333333, 0.323, 0.391666666666667, 0.418666666666667, 0.373666666666667, 0.397, 0.363333333333333, 0.5615, 0.811, 0.404, 0.356333333333333, 0.421333333333333, 0.319333333333333, 0.401, 0.362, 0.359333333333333, 0.339, 0.352666666666667, 0.5615, 0.284333333333333, 0.363333333333333, 0.373333333333333, 0.335333333333333, 0.523, 0.361333333333333, 0.363, 0.367333333333333, 0.362, 0.336, 0.351333333333333, 0.339, 0.402, 0.266, 0.446666666666667, 0.268333333333333, 0.264, 0.291, 0.242, 0.282, 0.278666666666667, 0.358666666666667, 0.288, 0.293666666666667, 0.246, 0.289, 0.261666666666667, 0.226666666666667, 0.239333333333333, 0.233333333333333, 0.289, 0.397, 0.462333333333333, 0.294333333333333, 0.214333333333333, 0.288666666666667, 0.310333333333333, 0.245666666666667, 0.289, 0.426666666666667, 0.255, 0.225666666666667, 0.292666666666667, 0.309333333333333, 0.299666666666667, 0.265666666666667, 0.318333333333333, 0.360333333333333, 0.34, 0.4855, 0.243, 0.181333333333333, 0.310666666666667, 0.194, 0.326333333333333, 0.147333333333333, 0.286, 0.207333333333333, 0.347666666666667, 0.345666666666667, 0.253, 0.326333333333333, 0.254, 0.442666666666667, 0.277666666666667, 0.315666666666667, 0.298666666666667, 0.384666666666667, 0.219333333333333, 0.296666666666667, 0.355666666666667, 0.191333333333333, 0.337, 0.310333333333333, 0.322666666666667, 0.306333333333333, 0.336666666666667, 0.311666666666667, 0.314333333333333, 0.309333333333333, 0.571, 0.291, 0.245, 0.371333333333333, 0.385333333333333, 0.0733333333333333, 0.196, 0.231333333333333, 0.307, 0.388666666666667, 0.282666666666667, 0.236666666666667, 0.297666666666667, 0.379666666666667, 0.330333333333333, 0.356, 0.350666666666667, 0.274, 0.325333333333333, 0.373666666666667, 0.325, 0.292, 0.339, 0.240333333333333, 0.304333333333333, 0.352333333333333, 0.378333333333333, 0.380333333333333, 0.298666666666667, 0.4325, 0.242666666666667, 0.255333333333333, 0.319666666666667, 0.332, 0.314333333333333, 0.2345, 0.231, 0.165333333333333, 0.359333333333333, 0.326666666666667, 0.313666666666667, 0.263333333333333, 0.21, 0.254666666666667, 0.234666666666667, 0.299, 0.221666666666667, 0.268333333333333, 0.330333333333333, 0.241333333333333, 0.280333333333333, 0.206333333333333, 0.268333333333333, 0.283666666666667, 0.258666666666667, 0.273, 0.250666666666667, 0.349, 0.292, 0.246666666666667, 0.317]",1
17,9606.ENSP00000351737,"[0.2695, 0.2065, 0.194, 0.2125, 0.1855, 0.2385, 0.309, 0.2305, 0.1385, 0.1795, 0.608, 0.2385, 0.6285, 0.942, 0.6655, 0.828, 0.655, 1.0, 0.942, 0.4075, 0.5045, 0.568, 0.525, 0.6135, 0.617, 0.6045, 0.6355, 0.868, 0.6985, 0.2815, 0.569, 0.4395, 0.5975, 0.5975, 0.574, 0.5305, 0.5785, 0.6355, 0.4455, 0.6045, 0.5335, 0.527, 0.7025, 0.575, 0.5875, 0.489, 0.595, 0.5245, 0.2585, 0.317, 0.515, 0.239, 0.421, 0.244, 0.237, 0.2535, 0.2285, 0.2185, 0.2445, 0.3145, 0.197, 0.2955, 0.211, 0.249, 0.212, 0.224, 0.2375, 0.208, 0.2435, 0.595, 0.574, 0.247, 0.146, 0.214, 0.222, 0.167, 0.2255, 0.508, 0.3845, 0.2685, 0.242, 0.2225, 0.2335, 0.181, 0.2425, 0.238, 0.2715, 0.398, 0.182, 0.182, 0.2445, 0.2025, 0.219, 0.163, 0.2235, 0.1275, 0.2845, 0.2345, 0.2135, 0.2815, 0.2335, 0.588, 0.253, 0.249, 0.251, 0.3125, 0.2055, 0.3455, 0.2815, 0.242, 0.2465, 0.2225, 0.4475, 0.321, 0.258, 0.328, 0.272, 0.1635, 0.2215, 0.288, 0.1315, 0.2585, 0.394, 0.101, 0.2005, 0.2445, 0.2585, 0.568, 0.2655, 0.1815, 0.2335, 0.3045, 0.2275, 0.2855, 0.255, 0.208, 0.1985, 0.2845, 0.353, 0.232, 0.257, 0.185, 0.2155, 0.209, 0.3275, 0.289, 0.266, 0.275, 0.199, 0.2005, 0.225, 0.2595, 0.2425, 0.209, 0.222, 0.122, 0.2745, 0.2475, 0.3925, 0.2405, 0.1645, 0.1935, 0.153, 0.287, 0.19, 0.223, 0.23, 0.1965, 0.265, 0.167, 0.227, 0.2245, 0.2075, 0.1745, 0.154, 0.232, 0.1995, 0.21, 0.2355]",1
18,9606.ENSP00000323076,"[0.467, 0.489, 0.318, 0.375, 0.1875, 0.451, 0.4745, 0.32, 0.161, 0.1795, 0.787, 0.4075, 0.787, 0.8955, 0.923, 0.942, 0.911, 0.942, 1.0, 0.3885, 0.4165, 0.8855, 0.908, 0.902, 0.902, 0.889, 0.889, 0.919, 0.942, 0.662, 0.861, 0.4165, 0.888, 0.888, 0.889, 0.8355, 0.889, 0.889, 0.4165, 0.889, 0.9425, 0.8905, 0.8975, 0.8725, 0.902, 0.819, 0.886, 0.814, 0.442, 0.632, 0.708, 0.413, 0.367, 0.238, 0.3045, 0.362, 0.408, 0.2645, 0.4765, 0.668, 0.378, 0.454, 0.4075, 0.328, 0.2205, 0.2205, 0.3625, 0.5515, 0.316, 0.886, 0.869, 0.586, 0.3765, 0.4775, 0.5605, 0.1565, 0.3945, 0.8625, 0.3715, 0.422, 0.481, 0.5415, 0.337, 0.339, 0.6215, 0.4325, 0.625, 0.2995, 0.3025, 0.3335, 0.413, 0.2075, 0.4085, 0.2845, 0.315, 0.2255, 0.2385, 0.2755, 0.274, 0.463, 0.294, 0.889, 0.4005, 0.3855, 0.2955, 0.353, 0.218, 0.5155, 0.5845, 0.318, 0.2965, 0.266, 0.6375, 0.5005, 0.4405, 0.3395, 0.2175, 0.268, 0.342, 0.4385, 0.296, 0.4735, 0.655, 0.115, 0.3675, 0.188, 0.338, 0.7295, 0.4755, 0.4135, 0.219, 0.537, 0.4495, 0.3315, 0.358, 0.384, 0.2115, 0.352, 0.332, 0.2395, 0.5335, 0.385, 0.4265, 0.3625, 0.3425, 0.5555, 0.498, 0.3435, 0.2735, 0.4165, 0.4735, 0.4555, 0.621, 0.218, 0.4075, 0.132, 0.2835, 0.5225, 0.7115, 0.4715, 0.232, 0.356, 0.429, 0.4335, 0.3345, 0.3795, 0.4125, 0.21, 0.524, 0.1835, 0.536, 0.3315, 0.306, 0.3925, 0.2935, 0.376, 0.3735, 0.2755, 0.4905]",1
19,9606.ENSP00000497587,"[0.275, 0.174333333333333, 0.323333333333333, 0.354666666666667, 0.398, 0.172666666666667, 0.201, 0.388, 0.215666666666667, 0.115666666666667, 0.420666666666667, 0.223666666666667, 0.420666666666667, 0.3545, 0.384666666666667, 0.324333333333333, 0.358333333333333, 0.4075, 0.3885, 1.0, 0.870666666666667, 0.877, 0.744666666666667, 0.931, 0.898333333333333, 0.929333333333333, 0.874, 0.71, 0.803, 0.284666666666667, 0.926, 0.841666666666667, 0.876333333333333, 0.923, 0.854333333333333, 0.892, 0.896666666666667, 0.874, 0.774333333333333, 0.929333333333333, 0.657, 0.675333333333333, 0.531, 0.918666666666667, 0.898333333333333, 0.763333333333333, 0.922, 0.773333333333333, 0.313666666666667, 0.299333333333333, 0.466, 0.320333333333333, 0.518666666666667, 0.402666666666667, 0.191666666666667, 0.208, 0.271333333333333, 0.172, 0.229, 0.349666666666667, 0.26, 0.252666666666667, 0.237333333333333, 0.255333333333333, 0.404, 0.366333333333333, 0.274, 0.239, 0.269, 0.711, 0.452333333333333, 0.255333333333333, 0.233, 0.309333333333333, 0.235333333333333, 0.190333333333333, 0.199666666666667, 0.590666666666667, 0.839666666666667, 0.269666666666667, 0.192666666666667, 0.287666666666667, 0.293666666666667, 0.239666666666667, 0.263, 0.370666666666667, 0.258333333333333, 0.4075, 0.334, 0.321, 0.268, 0.372333333333333, 0.277333333333333, 0.336, 0.308333333333333, 0.318666666666667, 0.251333333333333, 0.284, 0.277, 0.233666666666667, 0.318333333333333, 0.655666666666667, 0.302666666666667, 0.275, 0.399666666666667, 0.373666666666667, 0.372666666666667, 0.262666666666667, 0.211333333333333, 0.260666666666667, 0.406666666666667, 0.284333333333333, 0.324, 0.342666666666667, 0.349333333333333, 0.39, 0.193, 0.227, 0.289666666666667, 0.199, 0.124666666666667, 0.390333333333333, 0.328666666666667, 0.178333333333333, 0.192333333333333, 0.149666666666667, 0.177333333333333, 0.384, 0.259, 0.227333333333333, 0.396, 0.305666666666667, 0.271333333333333, 0.245666666666667, 0.292, 0.27, 0.399333333333333, 0.305, 0.5075, 0.369, 0.383333333333333, 0.353, 0.173666666666667, 0.158666666666667, 0.306, 0.248666666666667, 0.322333333333333, 0.2595, 0.194333333333333, 0.225666666666667, 0.242666666666667, 0.256666666666667, 0.287666666666667, 0.226, 0.220666666666667, 0.193333333333333, 0.256333333333333, 0.347333333333333, 0.438, 0.174333333333333, 0.164666666666667, 0.166, 0.192333333333333, 0.302, 0.168333333333333, 0.256, 0.206, 0.196, 0.182, 0.178, 0.223333333333333, 0.156666666666667, 0.211333333333333, 0.211, 0.121, 0.1935, 0.179666666666667, 0.384666666666667, 0.289666666666667]",1
20,9606.ENSP00000355206,"[0.143333333333333, 0.140666666666667, 0.109666666666667, 0.248333333333333, 0.247666666666667, 0.105, 0.152, 0.361666666666667, 0.188333333333333, 0.0963333333333333, 0.381666666666667, 0.135333333333333, 0.379333333333333, 0.382, 0.534666666666667, 0.34, 0.323, 0.5045, 0.4165, 0.870666666666667, 1.0, 0.860666666666667, 0.831, 0.868, 0.920666666666667, 0.870333333333333, 0.777, 0.765, 0.861333333333333, 0.424666666666667, 0.890666666666667, 0.85, 0.859, 0.859, 0.869, 0.809666666666667, 0.851666666666667, 0.777, 0.891, 0.870333333333333, 0.804333333333333, 0.805666666666667, 0.388666666666667, 0.840666666666667, 0.849333333333333, 0.781333333333333, 0.857666666666667, 0.846666666666667, 0.250333333333333, 0.264333333333333, 0.406333333333333, 0.271, 0.414, 0.295, 0.227, 0.156333333333333, 0.237666666666667, 0.155333333333333, 0.279, 0.361333333333333, 0.286666666666667, 0.239333333333333, 0.157, 0.205, 0.260333333333333, 0.272, 0.156333333333333, 0.212666666666667, 0.264666666666667, 0.857666666666667, 0.434666666666667, 0.294, 0.228666666666667, 0.315333333333333, 0.176666666666667, 0.3, 0.185666666666667, 0.46, 0.772666666666667, 0.286, 0.149333333333333, 0.411, 0.299333333333333, 0.157666666666667, 0.295333333333333, 0.295, 0.193333333333333, 0.4075, 0.171666666666667, 0.145333333333333, 0.188, 0.303333333333333, 0.199, 0.179, 0.185666666666667, 0.218, 0.382333333333333, 0.378333333333333, 0.2, 0.193333333333333, 0.201666666666667, 0.893666666666667, 0.261666666666667, 0.245333333333333, 0.362333333333333, 0.41, 0.3, 0.193666666666667, 0.186333333333333, 0.297333333333333, 0.449333333333333, 0.236666666666667, 0.373666666666667, 0.321, 0.308, 0.2, 0.221666666666667, 0.198, 0.276666666666667, 0.153333333333333, 0.0906666666666667, 0.398333333333333, 0.311, 0.200666666666667, 0.254666666666667, 0.206, 0.185, 0.266, 0.28, 0.241, 0.319, 0.288, 0.248333333333333, 0.209, 0.313, 0.289666666666667, 0.253666666666667, 0.180333333333333, 0.305, 0.297333333333333, 0.238333333333333, 0.205333333333333, 0.14, 0.164333333333333, 0.287666666666667, 0.215333333333333, 0.284333333333333, 0.2935, 0.272, 0.378666666666667, 0.183333333333333, 0.234, 0.297666666666667, 0.127, 0.107, 0.127, 0.226666666666667, 0.329, 0.457666666666667, 0.171333333333333, 0.150666666666667, 0.176, 0.291333333333333, 0.193333333333333, 0.0873333333333333, 0.159666666666667, 0.189, 0.137333333333333, 0.128333333333333, 0.126333333333333, 0.139666666666667, 0.117333333333333, 0.150666666666667, 0.256, 0.146666666666667, 0.1535, 0.132333333333333, 0.202333333333333, 0.22]",1
21,9606.ENSP00000392709,"[0.268333333333333, 0.188333333333333, 0.276666666666667, 0.326333333333333, 0.305666666666667, 0.176666666666667, 0.218, 0.326, 0.186, 0.099, 0.475666666666667, 0.220666666666667, 0.489666666666667, 0.8855, 0.474666666666667, 0.431, 0.391666666666667, 0.568, 0.8855, 0.877, 0.860666666666667, 1.0, 0.806666666666667, 0.98, 0.946666666666667, 0.978333333333333, 0.9595, 0.793, 0.856666666666667, 0.301666666666667, 0.921, 0.876, 0.981666666666667, 0.989666666666667, 0.897, 0.934666666666667, 0.945, 0.9595, 0.796, 0.978333333333333, 0.754333333333333, 0.788666666666667, 0.599, 0.974666666666667, 0.946666666666667, 0.857, 0.990666666666667, 0.821333333333333, 0.332333333333333, 0.304333333333333, 0.485, 0.294333333333333, 0.447666666666667, 0.336333333333333, 0.191333333333333, 0.178333333333333, 0.256, 0.146333333333333, 0.240666666666667, 0.355, 0.255666666666667, 0.254666666666667, 0.218, 0.219333333333333, 0.321333333333333, 0.295333333333333, 0.240333333333333, 0.221333333333333, 0.204333333333333, 0.819666666666667, 0.488, 0.263666666666667, 0.225666666666667, 0.303, 0.238666666666667, 0.183, 0.196, 0.603, 0.817666666666667, 0.295666666666667, 0.219, 0.291, 0.272333333333333, 0.230666666666667, 0.273666666666667, 0.307, 0.23, 0.3255, 0.33, 0.290333333333333, 0.254333333333333, 0.321, 0.258, 0.298, 0.272333333333333, 0.262, 0.186, 0.211333333333333, 0.244, 0.239666666666667, 0.26, 0.737, 0.313, 0.274333333333333, 0.351333333333333, 0.365, 0.323, 0.290333333333333, 0.235333333333333, 0.266333333333333, 0.332, 0.265333333333333, 0.344333333333333, 0.362333333333333, 0.307333333333333, 0.302666666666667, 0.178666666666667, 0.224333333333333, 0.277666666666667, 0.252, 0.127, 0.334, 0.374333333333333, 0.178, 0.221333333333333, 0.139666666666667, 0.185, 0.408333333333333, 0.235666666666667, 0.237, 0.312333333333333, 0.312, 0.252666666666667, 0.214333333333333, 0.254, 0.252, 0.320666666666667, 0.226, 0.375, 0.338, 0.348, 0.338, 0.192666666666667, 0.175, 0.270333333333333, 0.243333333333333, 0.315666666666667, 0.269, 0.200333333333333, 0.239666666666667, 0.225333333333333, 0.249666666666667, 0.291, 0.1915, 0.237666666666667, 0.180333333333333, 0.235333333333333, 0.319333333333333, 0.472333333333333, 0.194333333333333, 0.168333333333333, 0.147333333333333, 0.199, 0.294333333333333, 0.189666666666667, 0.267, 0.234666666666667, 0.163666666666667, 0.199666666666667, 0.147333333333333, 0.232, 0.171666666666667, 0.198333333333333, 0.205666666666667, 0.140333333333333, 0.224, 0.173666666666667, 0.34, 0.29]",1
22,9606.ENSP00000356972,"[0.272, 0.228333333333333, 0.267, 0.310333333333333, 0.321666666666667, 0.247333333333333, 0.3, 0.469666666666667, 0.215333333333333, 0.237, 0.436333333333333, 0.293666666666667, 0.447, 0.884, 0.396666666666667, 0.403666666666667, 0.418666666666667, 0.525, 0.908, 0.744666666666667, 0.831, 0.806666666666667, 1.0, 0.867666666666667, 0.860333333333333, 0.865333333333333, 0.7795, 0.877, 0.811666666666667, 0.409, 0.839333333333333, 0.781666666666667, 0.794333333333333, 0.887666666666667, 0.878666666666667, 0.826, 0.867, 0.7795, 0.631, 0.865333333333333, 0.655, 0.702666666666667, 0.536333333333333, 0.873333333333333, 0.872, 0.763666666666667, 0.864666666666667, 0.819666666666667, 0.404333333333333, 0.372, 0.435333333333333, 0.295333333333333, 0.464333333333333, 0.353666666666667, 0.293333333333333, 0.276333333333333, 0.318333333333333, 0.274666666666667, 0.312333333333333, 0.438333333333333, 0.366666666666667, 0.248666666666667, 0.279, 0.335333333333333, 0.338666666666667, 0.284333333333333, 0.300333333333333, 0.260333333333333, 0.318, 0.651333333333333, 0.497333333333333, 0.340666666666667, 0.322666666666667, 0.403666666666667, 0.339666666666667, 0.272333333333333, 0.32, 0.626666666666667, 0.771, 0.388666666666667, 0.320333333333333, 0.34, 0.386333333333333, 0.353333333333333, 0.366666666666667, 0.406333333333333, 0.286, 0.3315, 0.361666666666667, 0.349, 0.313, 0.313666666666667, 0.324666666666667, 0.390333333333333, 0.320333333333333, 0.319666666666667, 0.247666666666667, 0.325333333333333, 0.295666666666667, 0.367, 0.324666666666667, 0.692333333333333, 0.359, 0.312666666666667, 0.412333333333333, 0.420333333333333, 0.299666666666667, 0.343, 0.323, 0.295333333333333, 0.373, 0.388333333333333, 0.306333333333333, 0.441, 0.393, 0.355666666666667, 0.214666666666667, 0.365333333333333, 0.387, 0.270333333333333, 0.276666666666667, 0.398333333333333, 0.439333333333333, 0.170333333333333, 0.219333333333333, 0.190333333333333, 0.243, 0.437666666666667, 0.255666666666667, 0.389, 0.311666666666667, 0.383, 0.343666666666667, 0.36, 0.374666666666667, 0.353, 0.316666666666667, 0.259333333333333, 0.338, 0.351666666666667, 0.476666666666667, 0.412666666666667, 0.283666666666667, 0.275, 0.426666666666667, 0.333666666666667, 0.368, 0.3875, 0.272666666666667, 0.325333333333333, 0.287, 0.333333333333333, 0.413666666666667, 0.2085, 0.269666666666667, 0.156666666666667, 0.318, 0.403666666666667, 0.451333333333333, 0.253, 0.247, 0.229, 0.273666666666667, 0.408, 0.197666666666667, 0.385666666666667, 0.35, 0.199333333333333, 0.200666666666667, 0.202666666666667, 0.295, 0.261333333333333, 0.249, 0.327, 0.227333333333333, 0.2995, 0.294333333333333, 0.38, 0.384]",1
23,9606.ENSP00000360492,"[0.182333333333333, 0.164333333333333, 0.140333333333333, 0.300333333333333, 0.264666666666667, 0.159, 0.181666666666667, 0.311666666666667, 0.198, 0.102333333333333, 0.439666666666667, 0.175, 0.454333333333333, 0.8635, 0.642666666666667, 0.411333333333333, 0.373666666666667, 0.6135, 0.902, 0.931, 0.868, 0.98, 0.867666666666667, 1.0, 0.963, 0.997666666666667, 0.9875, 0.792, 0.865, 0.387666666666667, 0.931666666666667, 0.888666666666667, 0.988333333333333, 0.988333333333333, 0.909, 0.945333333333333, 0.960666666666667, 0.9875, 0.952666666666667, 0.997666666666667, 0.906, 0.909333333333333, 0.554333333333333, 0.972, 0.963, 0.899, 0.988333333333333, 0.823, 0.292, 0.292666666666667, 0.482333333333333, 0.328, 0.396666666666667, 0.282333333333333, 0.180333333333333, 0.149666666666667, 0.249333333333333, 0.133, 0.261333333333333, 0.355666666666667, 0.297666666666667, 0.301666666666667, 0.192333333333333, 0.183, 0.275333333333333, 0.269, 0.153333333333333, 0.228666666666667, 0.244333333333333, 0.988333333333333, 0.428666666666667, 0.286333333333333, 0.236, 0.306333333333333, 0.174333333333333, 0.273666666666667, 0.161333333333333, 0.495666666666667, 0.824, 0.282666666666667, 0.175333333333333, 0.411, 0.292333333333333, 0.149, 0.298333333333333, 0.291333333333333, 0.246, 0.349, 0.192, 0.161333333333333, 0.174666666666667, 0.328333333333333, 0.154, 0.203, 0.207, 0.215, 0.296666666666667, 0.308666666666667, 0.225, 0.215666666666667, 0.23, 0.939666666666667, 0.293666666666667, 0.282666666666667, 0.311666666666667, 0.410666666666667, 0.323333333333333, 0.250666666666667, 0.194666666666667, 0.271666666666667, 0.425333333333333, 0.179666666666667, 0.435, 0.353, 0.281333333333333, 0.133666666666667, 0.179666666666667, 0.168, 0.259, 0.231333333333333, 0.092, 0.388, 0.388333333333333, 0.216, 0.258666666666667, 0.14, 0.164333333333333, 0.354666666666667, 0.311, 0.260333333333333, 0.304333333333333, 0.325333333333333, 0.269333333333333, 0.189, 0.27, 0.233333333333333, 0.274666666666667, 0.214333333333333, 0.31, 0.299333333333333, 0.227666666666667, 0.200666666666667, 0.163666666666667, 0.134333333333333, 0.222333333333333, 0.215333333333333, 0.296, 0.2795, 0.238333333333333, 0.374666666666667, 0.167666666666667, 0.207333333333333, 0.304333333333333, 0.141, 0.154333333333333, 0.142333333333333, 0.218333333333333, 0.308333333333333, 0.511, 0.168666666666667, 0.118, 0.147666666666667, 0.294333333333333, 0.199, 0.122666666666667, 0.158333333333333, 0.19, 0.146666666666667, 0.183333333333333, 0.133666666666667, 0.178, 0.155333333333333, 0.179333333333333, 0.232666666666667, 0.112666666666667, 0.2295, 0.150666666666667, 0.228333333333333, 0.234333333333333]",1
24,9606.ENSP00000482543,"[0.178333333333333, 0.173333333333333, 0.135666666666667, 0.289666666666667, 0.257, 0.154666666666667, 0.187333333333333, 0.318333333333333, 0.196666666666667, 0.102333333333333, 0.445, 0.167333333333333, 0.457666666666667, 0.8635, 0.625333333333333, 0.409333333333333, 0.397, 0.617, 0.902, 0.898333333333333, 0.920666666666667, 0.946666666666667, 0.860333333333333, 0.963, 1.0, 0.960666666666667, 0.926, 0.792, 0.905333333333333, 0.431666666666667, 0.969, 0.866, 0.951333333333333, 0.951333333333333, 0.901333333333333, 0.908333333333333, 0.931, 0.926, 0.916666666666667, 0.960666666666667, 0.881666666666667, 0.884333333333333, 0.522, 0.935, 0.933333333333333, 0.869, 0.951333333333333, 0.870666666666667, 0.283666666666667, 0.302, 0.467333333333333, 0.321, 0.416333333333333, 0.293333333333333, 0.236, 0.170333333333333, 0.252333333333333, 0.160666666666667, 0.278, 0.388333333333333, 0.300333333333333, 0.293333333333333, 0.189, 0.194666666666667, 0.267666666666667, 0.274, 0.158, 0.234666666666667, 0.254666666666667, 0.951333333333333, 0.476333333333333, 0.312, 0.24, 0.329333333333333, 0.193666666666667, 0.285666666666667, 0.182666666666667, 0.499666666666667, 0.795666666666667, 0.303, 0.197666666666667, 0.430333333333333, 0.304666666666667, 0.17, 0.319666666666667, 0.299, 0.238, 0.417, 0.184, 0.154, 0.201, 0.32, 0.202333333333333, 0.188333333333333, 0.196666666666667, 0.215, 0.367333333333333, 0.376, 0.216, 0.218, 0.220666666666667, 0.942333333333333, 0.302, 0.288333333333333, 0.339, 0.420666666666667, 0.316, 0.242333333333333, 0.209333333333333, 0.295666666666667, 0.439666666666667, 0.212666666666667, 0.428, 0.359, 0.307, 0.169666666666667, 0.229, 0.187, 0.282, 0.225666666666667, 0.0996666666666667, 0.416666666666667, 0.387666666666667, 0.208666666666667, 0.258333333333333, 0.183333333333333, 0.188333333333333, 0.344666666666667, 0.314666666666667, 0.264666666666667, 0.316666666666667, 0.32, 0.265333333333333, 0.214666666666667, 0.280333333333333, 0.275666666666667, 0.266333333333333, 0.206, 0.31, 0.303333333333333, 0.235, 0.204333333333333, 0.167, 0.160333333333333, 0.267666666666667, 0.232333333333333, 0.310666666666667, 0.304, 0.255, 0.390666666666667, 0.193, 0.238333333333333, 0.317666666666667, 0.141, 0.150333333333333, 0.133333333333333, 0.236666666666667, 0.324, 0.504, 0.174333333333333, 0.146333333333333, 0.182, 0.311666666666667, 0.21, 0.126, 0.164333333333333, 0.207666666666667, 0.144666666666667, 0.179333333333333, 0.132666666666667, 0.179, 0.151666666666667, 0.175, 0.256, 0.147666666666667, 0.2335, 0.156333333333333, 0.219, 0.236666666666667]",1
25,9606.ENSP00000407336,"[0.178, 0.159, 0.134666666666667, 0.295, 0.261333333333333, 0.153333333333333, 0.178, 0.314, 0.191, 0.0963333333333333, 0.431, 0.172333333333333, 0.445666666666667, 0.8545, 0.636, 0.405333333333333, 0.363333333333333, 0.6045, 0.889, 0.929333333333333, 0.870333333333333, 0.978333333333333, 0.865333333333333, 0.997666666666667, 0.960666666666667, 1.0, 0.991, 0.765, 0.859, 0.380333333333333, 0.93, 0.891, 0.988666666666667, 0.988666666666667, 0.911333333333333, 0.939333333333333, 0.963, 0.991, 0.955, 1.0, 0.901333333333333, 0.904, 0.546666666666667, 0.970333333333333, 0.960666666666667, 0.893, 0.987333333333333, 0.814, 0.294333333333333, 0.285333333333333, 0.474666666666667, 0.319666666666667, 0.387333333333333, 0.276333333333333, 0.173, 0.144333333333333, 0.244333333333333, 0.130333333333333, 0.254, 0.346, 0.29, 0.299666666666667, 0.189, 0.184, 0.274, 0.262333333333333, 0.147333333333333, 0.223333333333333, 0.246, 0.987333333333333, 0.419666666666667, 0.280333333333333, 0.231333333333333, 0.302666666666667, 0.167666666666667, 0.267666666666667, 0.155333333333333, 0.490666666666667, 0.822666666666667, 0.272666666666667, 0.168333333333333, 0.403333333333333, 0.283333333333333, 0.143, 0.290666666666667, 0.293, 0.241666666666667, 0.325, 0.186333333333333, 0.158666666666667, 0.164, 0.318333333333333, 0.151, 0.204333333333333, 0.204333333333333, 0.218, 0.294, 0.305333333333333, 0.216, 0.206, 0.218333333333333, 0.942, 0.287666666666667, 0.279, 0.310333333333333, 0.398333333333333, 0.314, 0.239, 0.183666666666667, 0.265, 0.425, 0.178333333333333, 0.425, 0.342, 0.274666666666667, 0.132666666666667, 0.168, 0.167333333333333, 0.250333333333333, 0.224, 0.087, 0.379666666666667, 0.38, 0.213666666666667, 0.251666666666667, 0.134333333333333, 0.149666666666667, 0.347333333333333, 0.305666666666667, 0.256333333333333, 0.300333333333333, 0.313666666666667, 0.267, 0.173333333333333, 0.268666666666667, 0.23, 0.268666666666667, 0.210333333333333, 0.305, 0.289666666666667, 0.227666666666667, 0.199333333333333, 0.155666666666667, 0.129333333333333, 0.213, 0.203666666666667, 0.292333333333333, 0.266, 0.232333333333333, 0.367666666666667, 0.159, 0.205333333333333, 0.295666666666667, 0.127, 0.144666666666667, 0.142333333333333, 0.203, 0.298, 0.504666666666667, 0.162333333333333, 0.110666666666667, 0.137, 0.291, 0.192333333333333, 0.114666666666667, 0.152333333333333, 0.185666666666667, 0.141, 0.178, 0.128333333333333, 0.174, 0.148, 0.174, 0.231666666666667, 0.103666666666667, 0.225, 0.148333333333333, 0.219, 0.234]",1
26,9606.ENSP00000389160,"[0.271, 0.2375, 0.2025, 0.317, 0.2915, 0.235, 0.2765, 0.3315, 0.155, 0.1445, 0.53, 0.261, 0.5525, 0.8545, 0.6385, 0.64, 0.5615, 0.6355, 0.889, 0.874, 0.777, 0.9595, 0.7795, 0.9875, 0.926, 0.991, 1.0, 0.765, 0.769, 0.302, 0.889, 0.808, 0.974, 0.974, 0.8495, 0.9, 0.9295, 1.0, 0.911, 0.991, 0.834, 0.8395, 0.8015, 0.9465, 0.926, 0.825, 0.972, 0.7, 0.3415, 0.298, 0.596, 0.3755, 0.4375, 0.312, 0.259, 0.2205, 0.234, 0.197, 0.264, 0.361, 0.2965, 0.332, 0.283, 0.2725, 0.3105, 0.2575, 0.222, 0.205, 0.268, 0.972, 0.6185, 0.2675, 0.1935, 0.3195, 0.2505, 0.211, 0.232, 0.7255, 0.7845, 0.283, 0.2525, 0.264, 0.291, 0.212, 0.2985, 0.301, 0.3645, 0.3215, 0.2765, 0.232, 0.244, 0.381, 0.2245, 0.3115, 0.3085, 0.327, 0.212, 0.1925, 0.324, 0.308, 0.3265, 0.8965, 0.291, 0.2785, 0.325, 0.355, 0.374, 0.36, 0.274, 0.291, 0.322, 0.2645, 0.4455, 0.372, 0.2795, 0.1985, 0.25, 0.2485, 0.2515, 0.3395, 0.128, 0.344, 0.441, 0.172, 0.233, 0.196, 0.2225, 0.5375, 0.286, 0.231, 0.309, 0.34, 0.268, 0.2595, 0.2705, 0.2145, 0.296, 0.3165, 0.4, 0.2865, 0.341, 0.2975, 0.2325, 0.1915, 0.3175, 0.305, 0.289, 0.264, 0.202, 0.2415, 0.2375, 0.3075, 0.2875, 0.254, 0.222, 0.2115, 0.3005, 0.3, 0.5225, 0.242, 0.164, 0.205, 0.2005, 0.2895, 0.1775, 0.225, 0.2775, 0.2115, 0.2715, 0.1915, 0.26, 0.2255, 0.262, 0.2185, 0.154, 0.231, 0.2235, 0.3275, 0.3525]",1
27,9606.ENSP00000418803,"[0.451, 0.24, 0.272, 0.26, 0.326, 0.338, 0.463, 0.57, 0.242, 0.338, 0.741, 0.456, 0.741, 0.826, 0.833, 0.868, 0.811, 0.868, 0.919, 0.71, 0.765, 0.793, 0.877, 0.792, 0.792, 0.765, 0.765, 1.0, 0.868, 0.504, 0.71, 0.765, 0.801, 0.801, 0.765, 0.662, 0.765, 0.765, 0.765, 0.765, 0.831, 0.828, 0.819, 0.766, 0.792, 0.657, 0.78, 0.619, 0.469, 0.405, 0.734, 0.3, 0.652, 0.388, 0.278, 0.346, 0.282, 0.231, 0.376, 0.483, 0.42, 0.377, 0.282, 0.591, 0.385, 0.367, 0.343, 0.273, 0.498, 0.78, 0.837, 0.334, 0.254, 0.373, 0.402, 0.235, 0.327, 0.773, 0.682, 0.547, 0.293, 0.323, 0.483, 0.268, 0.401, 0.473, 0.464, 0.529, 0.532, 0.494, 0.344, 0.352, 0.338, 0.614, 0.681, 0.449, 0.388, 0.424, 0.485, 0.555, 0.578, 0.765, 0.27, 0.238, 0.499, 0.604, 0.361, 0.673, 0.566, 0.366, 0.452, 0.456, 0.64, 0.56, 0.474, 0.552, 0.362, 0.467, 0.404, 0.312, 0.206, 0.416, 0.46, 0.247, 0.335, 0.308, 0.357, 0.765, 0.383, 0.285, 0.351, 0.669, 0.548, 0.537, 0.651, 0.279, 0.351, 0.432, 0.324, 0.433, 0.757, 0.403, 0.283, 0.374, 0.612, 0.438, 0.442, 0.419, 0.277, 0.357, 0.32, 0.396, 0.419, 0.27, 0.333, 0.244, 0.462, 0.404, 0.62, 0.348, 0.153, 0.208, 0.214, 0.496, 0.173, 0.472, 0.474, 0.345, 0.319, 0.299, 0.316, 0.308, 0.302, 0.361, 0.244, 0.196, 0.277, 0.49, 0.544]",1
28,9606.ENSP00000354665,"[0.166666666666667, 0.160333333333333, 0.133333333333333, 0.243, 0.226, 0.143, 0.180666666666667, 0.316666666666667, 0.181, 0.119666666666667, 0.455666666666667, 0.157, 0.467, 0.942, 0.632, 0.475, 0.404, 0.6985, 0.942, 0.803, 0.861333333333333, 0.856666666666667, 0.811666666666667, 0.865, 0.905333333333333, 0.859, 0.769, 0.868, 1.0, 0.432, 0.870333333333333, 0.785, 0.854333333333333, 0.854333333333333, 0.860333333333333, 0.809666666666667, 0.839, 0.769, 0.818333333333333, 0.859, 0.804333333333333, 0.804666666666667, 0.496333333333333, 0.839333333333333, 0.845, 0.778333333333333, 0.852666666666667, 0.822, 0.213333333333333, 0.302666666666667, 0.451666666666667, 0.275, 0.423333333333333, 0.287, 0.199333333333333, 0.164, 0.265, 0.149333333333333, 0.283666666666667, 0.379, 0.255666666666667, 0.284333333333333, 0.157333333333333, 0.186, 0.243666666666667, 0.268, 0.173333333333333, 0.227666666666667, 0.246333333333333, 0.852666666666667, 0.486, 0.303666666666667, 0.229, 0.301, 0.188666666666667, 0.284, 0.173666666666667, 0.434333333333333, 0.695, 0.295, 0.189, 0.418666666666667, 0.303666666666667, 0.161666666666667, 0.295333333333333, 0.276333333333333, 0.197, 0.443, 0.166333333333333, 0.162333333333333, 0.196, 0.265333333333333, 0.185333333333333, 0.161666666666667, 0.200333333333333, 0.163666666666667, 0.391666666666667, 0.381666666666667, 0.193333333333333, 0.210333333333333, 0.199666666666667, 0.859666666666667, 0.289333333333333, 0.276666666666667, 0.334333333333333, 0.403, 0.267333333333333, 0.221333333333333, 0.202666666666667, 0.269666666666667, 0.408666666666667, 0.203666666666667, 0.404, 0.348, 0.291333333333333, 0.216333333333333, 0.231666666666667, 0.162333333333333, 0.262, 0.209666666666667, 0.105333333333333, 0.392, 0.373333333333333, 0.204, 0.270666666666667, 0.200333333333333, 0.209333333333333, 0.331333333333333, 0.31, 0.253666666666667, 0.309333333333333, 0.317666666666667, 0.269, 0.202333333333333, 0.297666666666667, 0.280666666666667, 0.237333333333333, 0.195333333333333, 0.2815, 0.287333333333333, 0.23, 0.171333333333333, 0.168333333333333, 0.162, 0.256666666666667, 0.208333333333333, 0.303666666666667, 0.3045, 0.270333333333333, 0.377, 0.193666666666667, 0.216, 0.301, 0.1045, 0.133666666666667, 0.122, 0.217666666666667, 0.317666666666667, 0.481333333333333, 0.180666666666667, 0.137666666666667, 0.163, 0.287333333333333, 0.202666666666667, 0.114666666666667, 0.174666666666667, 0.198333333333333, 0.131, 0.162333333333333, 0.113333333333333, 0.167, 0.138333333333333, 0.156, 0.243, 0.140666666666667, 0.2105, 0.148666666666667, 0.190666666666667, 0.203666666666667]",1
29,9606.ENSP00000340278,"[0.301666666666667, 0.569666666666667, 0.392666666666667, 0.360333333333333, 0.273, 0.392, 0.349, 0.489333333333333, 0.315666666666667, 0.603666666666667, 0.317666666666667, 0.412333333333333, 0.321333333333333, 0.6175, 0.221, 0.284666666666667, 0.356333333333333, 0.2815, 0.662, 0.284666666666667, 0.424666666666667, 0.301666666666667, 0.409, 0.387666666666667, 0.431666666666667, 0.380333333333333, 0.302, 0.504, 0.432, 1.0, 0.444, 0.258333333333333, 0.288333333333333, 0.399666666666667, 0.450666666666667, 0.43, 0.381666666666667, 0.302, 0.214333333333333, 0.380333333333333, 0.301333333333333, 0.286666666666667, 0.305, 0.421666666666667, 0.388666666666667, 0.369, 0.397666666666667, 0.474, 0.419666666666667, 0.454, 0.319666666666667, 0.361666666666667, 0.412666666666667, 0.34, 0.374333333333333, 0.438666666666667, 0.443333333333333, 0.413666666666667, 0.409666666666667, 0.668, 0.437666666666667, 0.314333333333333, 0.371333333333333, 0.383666666666667, 0.301, 0.340333333333333, 0.376333333333333, 0.422333333333333, 0.376666666666667, 0.262333333333333, 0.376, 0.617, 0.533333333333333, 0.580666666666667, 0.539, 0.462333333333333, 0.576333333333333, 0.429, 0.187333333333333, 0.606333333333333, 0.573333333333333, 0.649, 0.476666666666667, 0.624, 0.630666666666667, 0.433333333333333, 0.554333333333333, 0.3775, 0.377333333333333, 0.276, 0.405333333333333, 0.217333333333333, 0.472, 0.451333333333333, 0.304, 0.511333333333333, 0.379333333333333, 0.453666666666667, 0.366666666666667, 0.478333333333333, 0.353666666666667, 0.338666666666667, 0.414333333333333, 0.387, 0.425, 0.485, 0.252666666666667, 0.311, 0.428, 0.523333333333333, 0.404666666666667, 0.493333333333333, 0.203, 0.494333333333333, 0.475333333333333, 0.314333333333333, 0.349333333333333, 0.479333333333333, 0.501666666666667, 0.335, 0.411333333333333, 0.514333333333333, 0.537, 0.216, 0.363666666666667, 0.339666666666667, 0.445, 0.478, 0.439333333333333, 0.574, 0.403666666666667, 0.387666666666667, 0.362, 0.538666666666667, 0.365333333333333, 0.539333333333333, 0.303, 0.373333333333333, 0.2675, 0.393, 0.558333333333333, 0.418, 0.518333333333333, 0.485333333333333, 0.519333333333333, 0.382, 0.456666666666667, 0.6855, 0.462333333333333, 0.539333333333333, 0.571333333333333, 0.475333333333333, 0.571, 0.313, 0.316333333333333, 0.270666666666667, 0.516666666666667, 0.530333333333333, 0.37, 0.436333333333333, 0.368666666666667, 0.390333333333333, 0.562333333333333, 0.429, 0.332666666666667, 0.404666666666667, 0.488666666666667, 0.308666666666667, 0.326333333333333, 0.251333333333333, 0.462666666666667, 0.305666666666667, 0.359, 0.553333333333333, 0.393333333333333, 0.402, 0.414333333333333, 0.395666666666667, 0.382333333333333]",1
30,9606.ENSP00000330737,"[0.209, 0.189, 0.183333333333333, 0.322, 0.312333333333333, 0.184, 0.221, 0.366333333333333, 0.19, 0.115666666666667, 0.419, 0.207, 0.432, 0.827, 0.598333333333333, 0.377333333333333, 0.421333333333333, 0.569, 0.861, 0.926, 0.890666666666667, 0.921, 0.839333333333333, 0.931666666666667, 0.969, 0.93, 0.889, 0.71, 0.870333333333333, 0.444, 1.0, 0.835666666666667, 0.923666666666667, 0.923666666666667, 0.872, 0.892666666666667, 0.900666666666667, 0.889, 0.885333333333333, 0.93, 0.856666666666667, 0.859, 0.546, 0.919333333333333, 0.902333333333333, 0.846333333333333, 0.922666666666667, 0.846, 0.290666666666667, 0.316666666666667, 0.444333333333333, 0.347333333333333, 0.453333333333333, 0.325666666666667, 0.236, 0.196666666666667, 0.264333333333333, 0.199333333333333, 0.274333333333333, 0.399, 0.317666666666667, 0.332333333333333, 0.203, 0.242333333333333, 0.318333333333333, 0.299, 0.168333333333333, 0.249666666666667, 0.308, 0.922666666666667, 0.455666666666667, 0.318666666666667, 0.255666666666667, 0.343333333333333, 0.206333333333333, 0.283333333333333, 0.178666666666667, 0.488333333333333, 0.774, 0.299333333333333, 0.207, 0.441333333333333, 0.337, 0.176, 0.333333333333333, 0.352333333333333, 0.283333333333333, 0.4645, 0.175333333333333, 0.149333333333333, 0.186666666666667, 0.302333333333333, 0.228, 0.184666666666667, 0.209, 0.258333333333333, 0.428, 0.418666666666667, 0.240666666666667, 0.23, 0.235333333333333, 0.912333333333333, 0.307333333333333, 0.319, 0.374666666666667, 0.404666666666667, 0.303666666666667, 0.225, 0.225, 0.289666666666667, 0.48, 0.220333333333333, 0.444, 0.353, 0.331, 0.230666666666667, 0.218333333333333, 0.184666666666667, 0.297333333333333, 0.220333333333333, 0.104666666666667, 0.432666666666667, 0.400666666666667, 0.212333333333333, 0.253666666666667, 0.188666666666667, 0.180666666666667, 0.326666666666667, 0.326666666666667, 0.279666666666667, 0.362, 0.349666666666667, 0.308333333333333, 0.230666666666667, 0.334, 0.293333333333333, 0.306, 0.255, 0.392, 0.320666666666667, 0.235333333333333, 0.211, 0.176333333333333, 0.156666666666667, 0.288, 0.254666666666667, 0.336666666666667, 0.291, 0.252666666666667, 0.384666666666667, 0.206666666666667, 0.267, 0.333333333333333, 0.1275, 0.142, 0.137666666666667, 0.25, 0.345, 0.498, 0.17, 0.137666666666667, 0.161666666666667, 0.313, 0.2, 0.121333333333333, 0.160666666666667, 0.213, 0.164666666666667, 0.196, 0.152666666666667, 0.193666666666667, 0.153, 0.192, 0.258, 0.136333333333333, 0.288, 0.186, 0.239333333333333, 0.245333333333333]",1
31,9606.ENSP00000327268,"[0.224, 0.176333333333333, 0.247, 0.285333333333333, 0.343333333333333, 0.130333333333333, 0.202666666666667, 0.300666666666667, 0.216333333333333, 0.0963333333333333, 0.404666666666667, 0.166, 0.405333333333333, 0.382, 0.403, 0.345333333333333, 0.319333333333333, 0.4395, 0.4165, 0.841666666666667, 0.85, 0.876, 0.781666666666667, 0.888666666666667, 0.866, 0.891, 0.808, 0.765, 0.785, 0.258333333333333, 0.835666666666667, 1.0, 0.865, 0.879666666666667, 0.897, 0.830333333333333, 0.899666666666667, 0.808, 0.805666666666667, 0.891, 0.68, 0.760666666666667, 0.438, 0.861333333333333, 0.901333333333333, 0.738, 0.878333333333333, 0.747, 0.279666666666667, 0.294333333333333, 0.43, 0.277333333333333, 0.474333333333333, 0.383666666666667, 0.222666666666667, 0.14, 0.249666666666667, 0.169666666666667, 0.257333333333333, 0.313666666666667, 0.270333333333333, 0.200333333333333, 0.206333333333333, 0.192, 0.356, 0.29, 0.264333333333333, 0.222333333333333, 0.234666666666667, 0.729333333333333, 0.384666666666667, 0.262, 0.260666666666667, 0.264666666666667, 0.221, 0.238333333333333, 0.216333333333333, 0.519, 0.856, 0.344, 0.191666666666667, 0.266, 0.279333333333333, 0.249, 0.248, 0.371333333333333, 0.228666666666667, 0.311, 0.315333333333333, 0.346333333333333, 0.292, 0.372, 0.254333333333333, 0.243333333333333, 0.223333333333333, 0.247, 0.228333333333333, 0.253, 0.220666666666667, 0.263, 0.235333333333333, 0.685666666666667, 0.335666666666667, 0.256333333333333, 0.327333333333333, 0.383333333333333, 0.330333333333333, 0.22, 0.205666666666667, 0.252, 0.330333333333333, 0.263666666666667, 0.303666666666667, 0.357333333333333, 0.307333333333333, 0.309, 0.181333333333333, 0.195, 0.307333333333333, 0.187666666666667, 0.207666666666667, 0.318, 0.298666666666667, 0.193333333333333, 0.186666666666667, 0.145, 0.203333333333333, 0.321666666666667, 0.213666666666667, 0.284333333333333, 0.302, 0.282, 0.234333333333333, 0.245, 0.228, 0.263333333333333, 0.316666666666667, 0.206, 0.3935, 0.342666666666667, 0.334666666666667, 0.377, 0.185, 0.171333333333333, 0.273333333333333, 0.267, 0.277666666666667, 0.336, 0.200333333333333, 0.277, 0.215, 0.215, 0.284333333333333, 0.172, 0.248, 0.169, 0.228, 0.326, 0.413666666666667, 0.187333333333333, 0.202333333333333, 0.176333333333333, 0.202666666666667, 0.357666666666667, 0.165, 0.321, 0.233333333333333, 0.162666666666667, 0.154333333333333, 0.235333333333333, 0.223333333333333, 0.228, 0.213333333333333, 0.201, 0.154, 0.236, 0.217, 0.308, 0.259]",1
32,9606.ENSP00000315774,"[0.275666666666667, 0.187666666666667, 0.295666666666667, 0.35, 0.327, 0.184, 0.225, 0.328, 0.194333333333333, 0.100333333333333, 0.512666666666667, 0.224, 0.527333333333333, 0.8985, 0.516333333333333, 0.450666666666667, 0.401, 0.5975, 0.888, 0.876333333333333, 0.859, 0.981666666666667, 0.794333333333333, 0.988333333333333, 0.951333333333333, 0.988666666666667, 0.974, 0.801, 0.854333333333333, 0.288333333333333, 0.923666666666667, 0.865, 1.0, 1.0, 0.9, 0.937666666666667, 0.951666666666667, 0.974, 0.805666666666667, 0.988666666666667, 0.755333333333333, 0.796, 0.603, 0.982333333333333, 0.951333333333333, 0.852333333333333, 0.979, 0.813666666666667, 0.344666666666667, 0.310333333333333, 0.511, 0.306333333333333, 0.463333333333333, 0.359, 0.194333333333333, 0.181333333333333, 0.263666666666667, 0.147666666666667, 0.243666666666667, 0.343, 0.257, 0.264666666666667, 0.22, 0.217666666666667, 0.342, 0.315, 0.252, 0.229666666666667, 0.211666666666667, 0.805, 0.462333333333333, 0.261, 0.224, 0.299333333333333, 0.232666666666667, 0.185333333333333, 0.196333333333333, 0.613333333333333, 0.816, 0.291, 0.216333333333333, 0.287, 0.268333333333333, 0.223333333333333, 0.269666666666667, 0.323666666666667, 0.236333333333333, 0.311, 0.337, 0.306, 0.265333333333333, 0.35, 0.263, 0.296, 0.276666666666667, 0.265666666666667, 0.204, 0.225, 0.240333333333333, 0.238, 0.258, 0.733666666666667, 0.320333333333333, 0.277, 0.354333333333333, 0.367666666666667, 0.349333333333333, 0.290333333333333, 0.231333333333333, 0.262333333333333, 0.35, 0.260333333333333, 0.370333333333333, 0.363666666666667, 0.319333333333333, 0.347, 0.184, 0.221, 0.277666666666667, 0.259333333333333, 0.126, 0.329333333333333, 0.373666666666667, 0.187, 0.233, 0.136, 0.177666666666667, 0.403333333333333, 0.245333333333333, 0.235, 0.323333333333333, 0.297666666666667, 0.259666666666667, 0.208, 0.260333333333333, 0.26, 0.350333333333333, 0.234, 0.425, 0.354333333333333, 0.359333333333333, 0.348, 0.189666666666667, 0.176333333333333, 0.268666666666667, 0.244, 0.321, 0.266, 0.205, 0.243, 0.221, 0.252333333333333, 0.285666666666667, 0.196, 0.249666666666667, 0.178, 0.225, 0.316333333333333, 0.488666666666667, 0.184666666666667, 0.167, 0.155333333333333, 0.198333333333333, 0.303333333333333, 0.2, 0.266, 0.232, 0.169, 0.206333333333333, 0.152, 0.232, 0.178, 0.203, 0.203333333333333, 0.137333333333333, 0.228, 0.176, 0.343, 0.293]",1
33,9606.ENSP00000299166,"[0.187666666666667, 0.159333333333333, 0.139, 0.295333333333333, 0.255666666666667, 0.154, 0.192, 0.328333333333333, 0.189, 0.100333333333333, 0.432, 0.188333333333333, 0.446666666666667, 0.8985, 0.633333333333333, 0.400666666666667, 0.362, 0.5975, 0.888, 0.923, 0.859, 0.989666666666667, 0.887666666666667, 0.988333333333333, 0.951333333333333, 0.988666666666667, 0.974, 0.801, 0.854333333333333, 0.399666666666667, 0.923666666666667, 0.879666666666667, 1.0, 1.0, 0.9, 0.937666666666667, 0.951666666666667, 0.974, 0.943666666666667, 0.988666666666667, 0.912333333333333, 0.923, 0.566, 0.982333333333333, 0.951333333333333, 0.908, 0.979, 0.813666666666667, 0.305333333333333, 0.291333333333333, 0.474666666666667, 0.317, 0.392666666666667, 0.273, 0.172333333333333, 0.155, 0.244333333333333, 0.132333333333333, 0.260666666666667, 0.351, 0.301666666666667, 0.300333333333333, 0.188333333333333, 0.199666666666667, 0.270666666666667, 0.260333333333333, 0.146666666666667, 0.223333333333333, 0.242666666666667, 0.979, 0.424666666666667, 0.286666666666667, 0.24, 0.315, 0.179333333333333, 0.267666666666667, 0.154333333333333, 0.494666666666667, 0.816, 0.291, 0.178333333333333, 0.409333333333333, 0.298333333333333, 0.150666666666667, 0.299666666666667, 0.289666666666667, 0.236333333333333, 0.311, 0.205666666666667, 0.16, 0.157666666666667, 0.305666666666667, 0.157, 0.239666666666667, 0.238333333333333, 0.232333333333333, 0.294666666666667, 0.307333333333333, 0.222333333333333, 0.216333333333333, 0.227, 0.930666666666667, 0.290333333333333, 0.281666666666667, 0.323, 0.407, 0.305, 0.261666666666667, 0.208333333333333, 0.262333333333333, 0.419666666666667, 0.193333333333333, 0.427, 0.356333333333333, 0.285, 0.132, 0.164, 0.188, 0.261666666666667, 0.222666666666667, 0.0913333333333333, 0.379, 0.385, 0.223666666666667, 0.269333333333333, 0.136, 0.154666666666667, 0.347, 0.305666666666667, 0.264, 0.300333333333333, 0.327, 0.284333333333333, 0.178, 0.288666666666667, 0.231333333333333, 0.264666666666667, 0.207333333333333, 0.2965, 0.300333333333333, 0.227666666666667, 0.211333333333333, 0.157, 0.141, 0.238, 0.211666666666667, 0.304, 0.266, 0.239, 0.373333333333333, 0.16, 0.215666666666667, 0.307666666666667, 0.143, 0.145333333333333, 0.142333333333333, 0.208333333333333, 0.307, 0.529333333333333, 0.164, 0.109666666666667, 0.127, 0.296, 0.2, 0.116, 0.172, 0.205, 0.139666666666667, 0.177, 0.127, 0.174333333333333, 0.149, 0.173333333333333, 0.249666666666667, 0.115666666666667, 0.228, 0.15, 0.229, 0.257]",1
34,9606.ENSP00000296684,"[0.173, 0.203333333333333, 0.134666666666667, 0.315, 0.313, 0.143666666666667, 0.186, 0.401333333333333, 0.218, 0.145666666666667, 0.418333333333333, 0.163666666666667, 0.429666666666667, 0.8545, 0.611333333333333, 0.392, 0.359333333333333, 0.574, 0.889, 0.854333333333333, 0.869, 0.897, 0.878666666666667, 0.909, 0.901333333333333, 0.911333333333333, 0.8495, 0.765, 0.860333333333333, 0.450666666666667, 0.872, 0.897, 0.9, 0.9, 1.0, 0.850666666666667, 0.907333333333333, 0.8495, 0.874666666666667, 0.911333333333333, 0.844333333333333, 0.915333333333333, 0.463333333333333, 0.881666666666667, 0.907333333333333, 0.822, 0.898666666666667, 0.831, 0.284333333333333, 0.319666666666667, 0.453, 0.32, 0.450666666666667, 0.320333333333333, 0.227333333333333, 0.158333333333333, 0.278666666666667, 0.173333333333333, 0.326, 0.410666666666667, 0.349333333333333, 0.294333333333333, 0.198666666666667, 0.206, 0.325666666666667, 0.281666666666667, 0.181666666666667, 0.250666666666667, 0.281, 0.898666666666667, 0.409, 0.352666666666667, 0.310333333333333, 0.343, 0.206333333333333, 0.355, 0.214666666666667, 0.504, 0.81, 0.349333333333333, 0.225666666666667, 0.457333333333333, 0.338666666666667, 0.215666666666667, 0.356333333333333, 0.369666666666667, 0.286333333333333, 0.3925, 0.208333333333333, 0.206, 0.234666666666667, 0.331333333333333, 0.208333333333333, 0.184, 0.198, 0.306666666666667, 0.385666666666667, 0.381, 0.26, 0.288666666666667, 0.247333333333333, 0.928, 0.342, 0.323333333333333, 0.354333333333333, 0.446, 0.309666666666667, 0.231666666666667, 0.220333333333333, 0.300333333333333, 0.444, 0.243333333333333, 0.407333333333333, 0.394333333333333, 0.338, 0.181666666666667, 0.24, 0.194666666666667, 0.320666666666667, 0.221, 0.181, 0.422, 0.396, 0.249, 0.295666666666667, 0.207333333333333, 0.221333333333333, 0.32, 0.333, 0.353666666666667, 0.341333333333333, 0.343666666666667, 0.300333333333333, 0.238666666666667, 0.298333333333333, 0.297333333333333, 0.288, 0.22, 0.305, 0.337, 0.248333333333333, 0.272, 0.206666666666667, 0.183666666666667, 0.306, 0.278333333333333, 0.341666666666667, 0.3575, 0.296666666666667, 0.444666666666667, 0.223, 0.263666666666667, 0.366, 0.127, 0.157333333333333, 0.179333333333333, 0.241333333333333, 0.378666666666667, 0.496333333333333, 0.213333333333333, 0.195, 0.201333333333333, 0.342333333333333, 0.279, 0.123333333333333, 0.260666666666667, 0.228333333333333, 0.142333333333333, 0.172, 0.178333333333333, 0.210333333333333, 0.204, 0.185666666666667, 0.282, 0.173333333333333, 0.2845, 0.202666666666667, 0.251333333333333, 0.253]",1
35,9606.ENSP00000281031,"[0.232333333333333, 0.203, 0.172666666666667, 0.345666666666667, 0.315, 0.178666666666667, 0.238333333333333, 0.331666666666667, 0.257666666666667, 0.133666666666667, 0.428, 0.237666666666667, 0.442666666666667, 0.768, 0.595666666666667, 0.356, 0.339, 0.5305, 0.8355, 0.892, 0.809666666666667, 0.934666666666667, 0.826, 0.945333333333333, 0.908333333333333, 0.939333333333333, 0.9, 0.662, 0.809666666666667, 0.43, 0.892666666666667, 0.830333333333333, 0.937666666666667, 0.937666666666667, 0.850666666666667, 1.0, 0.902333333333333, 0.9, 0.894333333333333, 0.939333333333333, 0.865, 0.869333333333333, 0.523333333333333, 0.957666666666667, 0.908333333333333, 0.878333333333333, 0.936666666666667, 0.788666666666667, 0.320333333333333, 0.359666666666667, 0.470333333333333, 0.352, 0.413666666666667, 0.339, 0.229333333333333, 0.232, 0.291, 0.163666666666667, 0.316, 0.378333333333333, 0.302666666666667, 0.352666666666667, 0.241666666666667, 0.204666666666667, 0.348333333333333, 0.346666666666667, 0.209666666666667, 0.289, 0.267333333333333, 0.936666666666667, 0.375, 0.322333333333333, 0.273333333333333, 0.348, 0.207666666666667, 0.314666666666667, 0.208333333333333, 0.483666666666667, 0.776333333333333, 0.316666666666667, 0.202333333333333, 0.457666666666667, 0.324333333333333, 0.189, 0.315666666666667, 0.314, 0.273333333333333, 0.341, 0.224666666666667, 0.148666666666667, 0.242, 0.315333333333333, 0.227666666666667, 0.187333333333333, 0.232, 0.211666666666667, 0.343, 0.351333333333333, 0.270333333333333, 0.242666666666667, 0.261333333333333, 0.881333333333333, 0.352666666666667, 0.304333333333333, 0.346, 0.425666666666667, 0.321, 0.249666666666667, 0.193333333333333, 0.313, 0.471, 0.196333333333333, 0.433333333333333, 0.399333333333333, 0.331666666666667, 0.163666666666667, 0.205, 0.159333333333333, 0.299, 0.244, 0.107, 0.435666666666667, 0.419666666666667, 0.268, 0.328666666666667, 0.215666666666667, 0.211666666666667, 0.342333333333333, 0.381, 0.297333333333333, 0.386333333333333, 0.333, 0.294, 0.226666666666667, 0.297, 0.292333333333333, 0.334, 0.279, 0.386, 0.37, 0.227666666666667, 0.225, 0.206, 0.194666666666667, 0.234333333333333, 0.217666666666667, 0.332333333333333, 0.5565, 0.295, 0.405333333333333, 0.213333333333333, 0.275333333333333, 0.336666666666667, 0.2215, 0.168666666666667, 0.171666666666667, 0.253666666666667, 0.315, 0.541666666666667, 0.207666666666667, 0.150333333333333, 0.187666666666667, 0.345, 0.258333333333333, 0.152666666666667, 0.218333333333333, 0.246333333333333, 0.208, 0.243666666666667, 0.184, 0.234333333333333, 0.222666666666667, 0.236666666666667, 0.265333333333333, 0.148333333333333, 0.2745, 0.167, 0.269666666666667, 0.250666666666667]",1
36,9606.ENSP00000276689,"[0.174, 0.167666666666667, 0.13, 0.284333333333333, 0.314333333333333, 0.149, 0.170666666666667, 0.310333333333333, 0.209666666666667, 0.0963333333333333, 0.421333333333333, 0.164666666666667, 0.435666666666667, 0.8545, 0.618666666666667, 0.388, 0.352666666666667, 0.5785, 0.889, 0.896666666666667, 0.851666666666667, 0.945, 0.867, 0.960666666666667, 0.931, 0.963, 0.9295, 0.765, 0.839, 0.381666666666667, 0.900666666666667, 0.899666666666667, 0.951666666666667, 0.951666666666667, 0.907333333333333, 0.902333333333333, 1.0, 0.9295, 0.919, 0.963, 0.877, 0.892666666666667, 0.514333333333333, 0.933333333333333, 0.945333333333333, 0.863, 0.950333333333333, 0.796666666666667, 0.286, 0.289666666666667, 0.459666666666667, 0.337333333333333, 0.398333333333333, 0.284666666666667, 0.180666666666667, 0.14, 0.245666666666667, 0.133333333333333, 0.274666666666667, 0.344666666666667, 0.298333333333333, 0.291333333333333, 0.195333333333333, 0.179333333333333, 0.327, 0.258, 0.152333333333333, 0.246, 0.287, 0.950333333333333, 0.401333333333333, 0.292666666666667, 0.253333333333333, 0.301, 0.172, 0.281333333333333, 0.172, 0.477333333333333, 0.813333333333333, 0.286, 0.182, 0.409666666666667, 0.308666666666667, 0.170333333333333, 0.297333333333333, 0.302, 0.243333333333333, 0.3145, 0.213333333333333, 0.178, 0.179333333333333, 0.31, 0.154, 0.189666666666667, 0.194, 0.218, 0.313, 0.324666666666667, 0.207, 0.220666666666667, 0.209, 0.917, 0.294, 0.286, 0.305333333333333, 0.419666666666667, 0.306666666666667, 0.230666666666667, 0.193, 0.261333333333333, 0.418666666666667, 0.183, 0.418, 0.344333333333333, 0.277666666666667, 0.132, 0.165666666666667, 0.164333333333333, 0.281666666666667, 0.218333333333333, 0.123, 0.379666666666667, 0.390666666666667, 0.224, 0.246666666666667, 0.139666666666667, 0.177, 0.337333333333333, 0.322, 0.276333333333333, 0.293, 0.308333333333333, 0.263, 0.198, 0.265, 0.240666666666667, 0.260333333333333, 0.202, 0.305, 0.296333333333333, 0.222, 0.217666666666667, 0.173333333333333, 0.135, 0.228666666666667, 0.226333333333333, 0.294, 0.302, 0.264, 0.389666666666667, 0.173, 0.201333333333333, 0.305333333333333, 0.127, 0.146666666666667, 0.133333333333333, 0.207, 0.316, 0.497666666666667, 0.167333333333333, 0.119666666666667, 0.148666666666667, 0.305666666666667, 0.207, 0.110333333333333, 0.173666666666667, 0.199333333333333, 0.139, 0.174, 0.157, 0.187333333333333, 0.165666666666667, 0.175333333333333, 0.24, 0.125666666666667, 0.2365, 0.159, 0.209666666666667, 0.235]",1
37,9606.ENSP00000276062,"[0.271, 0.2375, 0.2025, 0.317, 0.2915, 0.235, 0.2765, 0.3315, 0.155, 0.1445, 0.53, 0.261, 0.5525, 0.8545, 0.6385, 0.64, 0.5615, 0.6355, 0.889, 0.874, 0.777, 0.9595, 0.7795, 0.9875, 0.926, 0.991, 1.0, 0.765, 0.769, 0.302, 0.889, 0.808, 0.974, 0.974, 0.8495, 0.9, 0.9295, 1.0, 0.911, 0.991, 0.834, 0.8395, 0.8015, 0.9465, 0.926, 0.825, 0.972, 0.7, 0.3415, 0.298, 0.596, 0.3755, 0.4375, 0.312, 0.259, 0.2205, 0.234, 0.197, 0.264, 0.361, 0.2965, 0.332, 0.283, 0.2725, 0.3105, 0.2575, 0.222, 0.205, 0.268, 0.972, 0.6185, 0.2675, 0.1935, 0.3195, 0.2505, 0.211, 0.232, 0.7255, 0.7845, 0.283, 0.2525, 0.264, 0.291, 0.212, 0.2985, 0.301, 0.3645, 0.3215, 0.2765, 0.232, 0.244, 0.381, 0.2245, 0.3115, 0.3085, 0.327, 0.212, 0.1925, 0.324, 0.308, 0.3265, 0.8965, 0.291, 0.2785, 0.325, 0.355, 0.374, 0.36, 0.274, 0.291, 0.322, 0.2645, 0.4455, 0.372, 0.2795, 0.1985, 0.25, 0.2485, 0.2515, 0.3395, 0.128, 0.344, 0.441, 0.172, 0.233, 0.196, 0.2225, 0.5375, 0.286, 0.231, 0.309, 0.34, 0.268, 0.2595, 0.2705, 0.2145, 0.296, 0.3165, 0.4, 0.2865, 0.341, 0.2975, 0.2325, 0.1915, 0.3175, 0.305, 0.289, 0.264, 0.202, 0.2415, 0.2375, 0.3075, 0.2875, 0.254, 0.222, 0.2115, 0.3005, 0.3, 0.5225, 0.242, 0.164, 0.205, 0.2005, 0.2895, 0.1775, 0.225, 0.2775, 0.2115, 0.2715, 0.1915, 0.26, 0.2255, 0.262, 0.2185, 0.154, 0.231, 0.2235, 0.3275, 0.3525]",1
38,9606.ENSP00000274137,"[0.146, 0.123666666666667, 0.117333333333333, 0.213666666666667, 0.230666666666667, 0.107333333333333, 0.131666666666667, 0.251333333333333, 0.128333333333333, 0.0963333333333333, 0.3, 0.145666666666667, 0.3, 0.382, 0.461, 0.300333333333333, 0.284333333333333, 0.4455, 0.4165, 0.774333333333333, 0.891, 0.796, 0.631, 0.952666666666667, 0.916666666666667, 0.955, 0.911, 0.765, 0.818333333333333, 0.214333333333333, 0.885333333333333, 0.805666666666667, 0.805666666666667, 0.943666666666667, 0.874666666666667, 0.894333333333333, 0.919, 0.911, 1.0, 0.955, 0.773, 0.848, 0.442, 0.925333333333333, 0.916666666666667, 0.678333333333333, 0.942333333333333, 0.775, 0.194333333333333, 0.176666666666667, 0.380333333333333, 0.263666666666667, 0.338, 0.257333333333333, 0.161, 0.121333333333333, 0.152333333333333, 0.113, 0.211, 0.254666666666667, 0.213666666666667, 0.192, 0.162333333333333, 0.187, 0.243333333333333, 0.213, 0.133, 0.131, 0.204666666666667, 0.853, 0.383666666666667, 0.186333333333333, 0.156666666666667, 0.209333333333333, 0.155333333333333, 0.164666666666667, 0.148, 0.440666666666667, 0.857333333333333, 0.262, 0.116, 0.177666666666667, 0.232666666666667, 0.129, 0.185666666666667, 0.230333333333333, 0.206333333333333, 0.3345, 0.193333333333333, 0.165, 0.155333333333333, 0.292666666666667, 0.138, 0.220666666666667, 0.214666666666667, 0.218, 0.218666666666667, 0.202333333333333, 0.224333333333333, 0.188, 0.231333333333333, 0.762666666666667, 0.188666666666667, 0.167666666666667, 0.253, 0.276, 0.288, 0.205666666666667, 0.158, 0.258, 0.281333333333333, 0.18, 0.339666666666667, 0.249666666666667, 0.209333333333333, 0.132333333333333, 0.169666666666667, 0.169, 0.190333333333333, 0.160666666666667, 0.0786666666666667, 0.261, 0.229333333333333, 0.198, 0.212333333333333, 0.135333333333333, 0.143333333333333, 0.268, 0.194333333333333, 0.147333333333333, 0.266, 0.254666666666667, 0.221666666666667, 0.173, 0.226666666666667, 0.161333333333333, 0.241333333333333, 0.195333333333333, 0.2525, 0.248666666666667, 0.232666666666667, 0.189333333333333, 0.122333333333333, 0.121333333333333, 0.213333333333333, 0.182666666666667, 0.217333333333333, 0.257, 0.179, 0.213666666666667, 0.146666666666667, 0.19, 0.202333333333333, 0.127, 0.11, 0.154333333333333, 0.207333333333333, 0.234666666666667, 0.427, 0.149666666666667, 0.0983333333333333, 0.127666666666667, 0.133333333333333, 0.172333333333333, 0.0753333333333333, 0.136, 0.167666666666667, 0.141, 0.130333333333333, 0.127666666666667, 0.136, 0.119666666666667, 0.159, 0.144666666666667, 0.1, 0.1345, 0.119666666666667, 0.228, 0.217666666666667]",1
39,9606.ENSP00000268668,"[0.178, 0.159, 0.134666666666667, 0.295, 0.261333333333333, 0.153333333333333, 0.178, 0.314, 0.191, 0.0963333333333333, 0.431, 0.172333333333333, 0.445666666666667, 0.8545, 0.636, 0.405333333333333, 0.363333333333333, 0.6045, 0.889, 0.929333333333333, 0.870333333333333, 0.978333333333333, 0.865333333333333, 0.997666666666667, 0.960666666666667, 1.0, 0.991, 0.765, 0.859, 0.380333333333333, 0.93, 0.891, 0.988666666666667, 0.988666666666667, 0.911333333333333, 0.939333333333333, 0.963, 0.991, 0.955, 1.0, 0.901333333333333, 0.904, 0.546666666666667, 0.970333333333333, 0.960666666666667, 0.893, 0.987333333333333, 0.814, 0.294333333333333, 0.285333333333333, 0.474666666666667, 0.319666666666667, 0.387333333333333, 0.276333333333333, 0.173, 0.144333333333333, 0.244333333333333, 0.130333333333333, 0.254, 0.346, 0.29, 0.299666666666667, 0.189, 0.184, 0.274, 0.262333333333333, 0.147333333333333, 0.223333333333333, 0.246, 0.987333333333333, 0.419666666666667, 0.280333333333333, 0.231333333333333, 0.302666666666667, 0.167666666666667, 0.267666666666667, 0.155333333333333, 0.490666666666667, 0.822666666666667, 0.272666666666667, 0.168333333333333, 0.403333333333333, 0.283333333333333, 0.143, 0.290666666666667, 0.293, 0.241666666666667, 0.325, 0.186333333333333, 0.158666666666667, 0.164, 0.318333333333333, 0.151, 0.204333333333333, 0.204333333333333, 0.218, 0.294, 0.305333333333333, 0.216, 0.206, 0.218333333333333, 0.942, 0.287666666666667, 0.279, 0.310333333333333, 0.398333333333333, 0.314, 0.239, 0.183666666666667, 0.265, 0.425, 0.178333333333333, 0.425, 0.342, 0.274666666666667, 0.132666666666667, 0.168, 0.167333333333333, 0.250333333333333, 0.224, 0.087, 0.379666666666667, 0.38, 0.213666666666667, 0.251666666666667, 0.134333333333333, 0.149666666666667, 0.347333333333333, 0.305666666666667, 0.256333333333333, 0.300333333333333, 0.313666666666667, 0.267, 0.173333333333333, 0.268666666666667, 0.23, 0.268666666666667, 0.210333333333333, 0.305, 0.289666666666667, 0.227666666666667, 0.199333333333333, 0.155666666666667, 0.129333333333333, 0.213, 0.203666666666667, 0.292333333333333, 0.266, 0.232333333333333, 0.367666666666667, 0.159, 0.205333333333333, 0.295666666666667, 0.127, 0.144666666666667, 0.142333333333333, 0.203, 0.298, 0.504666666666667, 0.162333333333333, 0.110666666666667, 0.137, 0.291, 0.192333333333333, 0.114666666666667, 0.152333333333333, 0.185666666666667, 0.141, 0.178, 0.128333333333333, 0.174, 0.148, 0.174, 0.231666666666667, 0.103666666666667, 0.225, 0.148333333333333, 0.219, 0.234]",1
40,9606.ENSP00000266544,"[0.305666666666667, 0.222333333333333, 0.178666666666667, 0.255666666666667, 0.225666666666667, 0.254, 0.233666666666667, 0.326, 0.200666666666667, 0.106666666666667, 0.402333333333333, 0.239, 0.414333333333333, 0.8765, 0.516, 0.715, 0.373333333333333, 0.5335, 0.9425, 0.657, 0.804333333333333, 0.754333333333333, 0.655, 0.906, 0.881666666666667, 0.901333333333333, 0.834, 0.831, 0.804333333333333, 0.301333333333333, 0.856666666666667, 0.68, 0.755333333333333, 0.912333333333333, 0.844333333333333, 0.865, 0.877, 0.834, 0.773, 0.901333333333333, 1.0, 0.811, 0.532, 0.9, 0.881666666666667, 0.703, 0.896666666666667, 0.779333333333333, 0.288666666666667, 0.342666666666667, 0.441, 0.326333333333333, 0.350666666666667, 0.260666666666667, 0.192333333333333, 0.219666666666667, 0.262333333333333, 0.179666666666667, 0.259666666666667, 0.386333333333333, 0.295, 0.312333333333333, 0.263333333333333, 0.283, 0.242, 0.278333333333333, 0.236666666666667, 0.239, 0.292, 0.882, 0.458333333333333, 0.27, 0.253, 0.317666666666667, 0.264666666666667, 0.201666666666667, 0.237, 0.499, 0.752, 0.305, 0.255333333333333, 0.300666666666667, 0.336666666666667, 0.193, 0.306666666666667, 0.294333333333333, 0.264, 0.318, 0.264333333333333, 0.23, 0.198333333333333, 0.280666666666667, 0.211333333333333, 0.282333333333333, 0.264666666666667, 0.289333333333333, 0.234, 0.274333333333333, 0.248, 0.267, 0.27, 0.703666666666667, 0.265, 0.250666666666667, 0.32, 0.378, 0.284666666666667, 0.329, 0.282, 0.285, 0.350666666666667, 0.282, 0.433, 0.339, 0.272, 0.204666666666667, 0.199, 0.248333333333333, 0.320666666666667, 0.270666666666667, 0.137, 0.325, 0.410333333333333, 0.195666666666667, 0.260666666666667, 0.140666666666667, 0.194333333333333, 0.375, 0.278666666666667, 0.280333333333333, 0.282333333333333, 0.336, 0.298666666666667, 0.297333333333333, 0.301333333333333, 0.296666666666667, 0.241333333333333, 0.216, 0.273, 0.277, 0.437333333333333, 0.264, 0.27, 0.210333333333333, 0.315666666666667, 0.242666666666667, 0.359, 0.275, 0.213, 0.275333333333333, 0.248, 0.264, 0.311, 0.1925, 0.222666666666667, 0.166, 0.269666666666667, 0.312666666666667, 0.477, 0.259, 0.165, 0.214666666666667, 0.247666666666667, 0.253666666666667, 0.162, 0.23, 0.265333333333333, 0.232666666666667, 0.255333333333333, 0.196333333333333, 0.259666666666667, 0.191333333333333, 0.336, 0.25, 0.196333333333333, 0.2235, 0.192, 0.265, 0.305666666666667]",1
41,9606.ENSP00000263774,"[0.19, 0.17, 0.136666666666667, 0.239333333333333, 0.229333333333333, 0.160666666666667, 0.209666666666667, 0.279, 0.153333333333333, 0.099, 0.359666666666667, 0.195666666666667, 0.373, 0.8795, 0.517666666666667, 0.353333333333333, 0.335333333333333, 0.527, 0.8905, 0.675333333333333, 0.805666666666667, 0.788666666666667, 0.702666666666667, 0.909333333333333, 0.884333333333333, 0.904, 0.8395, 0.828, 0.804666666666667, 0.286666666666667, 0.859, 0.760666666666667, 0.796, 0.923, 0.915333333333333, 0.869333333333333, 0.892666666666667, 0.8395, 0.848, 0.904, 0.811, 1.0, 0.508, 0.910333333333333, 0.900333333333333, 0.696666666666667, 0.904666666666667, 0.781333333333333, 0.246333333333333, 0.248, 0.399333333333333, 0.300333333333333, 0.351, 0.270666666666667, 0.190333333333333, 0.156333333333333, 0.196333333333333, 0.144333333333333, 0.267666666666667, 0.311666666666667, 0.270666666666667, 0.241333333333333, 0.196666666666667, 0.211666666666667, 0.243333333333333, 0.217333333333333, 0.165, 0.185333333333333, 0.223666666666667, 0.818666666666667, 0.405, 0.244, 0.234, 0.249666666666667, 0.205666666666667, 0.207, 0.174333333333333, 0.480666666666667, 0.829, 0.353, 0.219333333333333, 0.231666666666667, 0.291333333333333, 0.186, 0.255, 0.277666666666667, 0.255, 0.32, 0.234333333333333, 0.214333333333333, 0.196333333333333, 0.288666666666667, 0.176666666666667, 0.263, 0.269, 0.243666666666667, 0.279, 0.277666666666667, 0.231333333333333, 0.267, 0.240333333333333, 0.779333333333333, 0.257, 0.242666666666667, 0.277, 0.324666666666667, 0.271333333333333, 0.276, 0.255, 0.264333333333333, 0.267333333333333, 0.218, 0.358, 0.33, 0.261, 0.143, 0.169666666666667, 0.202333333333333, 0.257, 0.221, 0.158333333333333, 0.289666666666667, 0.323, 0.216333333333333, 0.248666666666667, 0.147333333333333, 0.185, 0.328333333333333, 0.237333333333333, 0.254333333333333, 0.256, 0.317666666666667, 0.276333333333333, 0.237666666666667, 0.265333333333333, 0.203, 0.229666666666667, 0.197666666666667, 0.244, 0.282666666666667, 0.260666666666667, 0.271666666666667, 0.186333333333333, 0.162333333333333, 0.285666666666667, 0.253333333333333, 0.3, 0.3255, 0.208, 0.275, 0.173666666666667, 0.223333333333333, 0.279333333333333, 0.1595, 0.167666666666667, 0.136333333333333, 0.232666666666667, 0.289, 0.475333333333333, 0.180666666666667, 0.146333333333333, 0.143666666666667, 0.177, 0.256333333333333, 0.121666666666667, 0.251333333333333, 0.249, 0.141666666666667, 0.175, 0.170666666666667, 0.194666666666667, 0.199, 0.183333333333333, 0.198333333333333, 0.147, 0.273, 0.185333333333333, 0.239333333333333, 0.275666666666667]",1
42,9606.ENSP00000260361,"[0.280333333333333, 0.219, 0.253333333333333, 0.283333333333333, 0.270666666666667, 0.298, 0.349333333333333, 0.308333333333333, 0.169333333333333, 0.135, 0.402333333333333, 0.330333333333333, 0.414333333333333, 0.9295, 0.454, 0.504666666666667, 0.523, 0.7025, 0.8975, 0.531, 0.388666666666667, 0.599, 0.536333333333333, 0.554333333333333, 0.522, 0.546666666666667, 0.8015, 0.819, 0.496333333333333, 0.305, 0.546, 0.438, 0.603, 0.566, 0.463333333333333, 0.523333333333333, 0.514333333333333, 0.8015, 0.442, 0.546666666666667, 0.532, 0.508, 1.0, 0.564333333333333, 0.522, 0.545333333333333, 0.545, 0.405333333333333, 0.289333333333333, 0.302666666666667, 0.415666666666667, 0.293, 0.392666666666667, 0.242333333333333, 0.22, 0.273666666666667, 0.246, 0.233666666666667, 0.254333333333333, 0.318333333333333, 0.269333333333333, 0.332666666666667, 0.253333333333333, 0.287333333333333, 0.282, 0.221, 0.224666666666667, 0.214333333333333, 0.272666666666667, 0.578333333333333, 0.472333333333333, 0.254666666666667, 0.194333333333333, 0.272333333333333, 0.268333333333333, 0.185666666666667, 0.215, 0.436, 0.329333333333333, 0.225333333333333, 0.274, 0.258666666666667, 0.293, 0.226333333333333, 0.279333333333333, 0.307666666666667, 0.306, 0.3685, 0.203666666666667, 0.175333333333333, 0.227333333333333, 0.185666666666667, 0.230333333333333, 0.214666666666667, 0.263666666666667, 0.285333333333333, 0.22, 0.254666666666667, 0.289666666666667, 0.303333333333333, 0.282, 0.559666666666667, 0.257, 0.281666666666667, 0.276, 0.295, 0.195333333333333, 0.317, 0.310333333333333, 0.176333333333333, 0.238333333333333, 0.232333333333333, 0.335666666666667, 0.313666666666667, 0.241, 0.248666666666667, 0.21, 0.216666666666667, 0.252666666666667, 0.298, 0.181666666666667, 0.295, 0.377333333333333, 0.11, 0.188, 0.136333333333333, 0.232666666666667, 0.403, 0.264, 0.231, 0.261666666666667, 0.345333333333333, 0.299, 0.286333333333333, 0.308666666666667, 0.226, 0.241, 0.330333333333333, 0.309, 0.243, 0.231666666666667, 0.236333333333333, 0.249666666666667, 0.212, 0.307, 0.304, 0.296333333333333, 0.271, 0.214666666666667, 0.215666666666667, 0.25, 0.304333333333333, 0.277666666666667, 0.23, 0.230666666666667, 0.142, 0.261333333333333, 0.289333333333333, 0.381333333333333, 0.232666666666667, 0.152333333333333, 0.156333333333333, 0.194666666666667, 0.285333333333333, 0.221, 0.253666666666667, 0.268333333333333, 0.226333333333333, 0.293333333333333, 0.194666666666667, 0.260666666666667, 0.242333333333333, 0.249333333333333, 0.212333333333333, 0.176666666666667, 0.3325, 0.247333333333333, 0.285666666666667, 0.295666666666667]",1
43,9606.ENSP00000252711,"[0.202333333333333, 0.173666666666667, 0.187333333333333, 0.33, 0.272, 0.169, 0.225, 0.367333333333333, 0.193666666666667, 0.156666666666667, 0.422666666666667, 0.228666666666667, 0.437333333333333, 0.879, 0.621666666666667, 0.385666666666667, 0.361333333333333, 0.575, 0.8725, 0.918666666666667, 0.840666666666667, 0.974666666666667, 0.873333333333333, 0.972, 0.935, 0.970333333333333, 0.9465, 0.766, 0.839333333333333, 0.421666666666667, 0.919333333333333, 0.861333333333333, 0.982333333333333, 0.982333333333333, 0.881666666666667, 0.957666666666667, 0.933333333333333, 0.9465, 0.925333333333333, 0.970333333333333, 0.9, 0.910333333333333, 0.564333333333333, 1.0, 0.935, 0.899, 0.964, 0.806333333333333, 0.332, 0.320333333333333, 0.466, 0.329666666666667, 0.397333333333333, 0.289333333333333, 0.202666666666667, 0.186333333333333, 0.254666666666667, 0.170333333333333, 0.277, 0.373333333333333, 0.325, 0.339333333333333, 0.198666666666667, 0.239666666666667, 0.316666666666667, 0.278, 0.161, 0.236666666666667, 0.289, 0.964, 0.418666666666667, 0.303333333333333, 0.259333333333333, 0.334, 0.203666666666667, 0.279666666666667, 0.165333333333333, 0.511, 0.802333333333333, 0.317666666666667, 0.195333333333333, 0.430333333333333, 0.335666666666667, 0.167333333333333, 0.324666666666667, 0.335666666666667, 0.249666666666667, 0.336, 0.205, 0.163333333333333, 0.157333333333333, 0.305, 0.183666666666667, 0.233, 0.281333333333333, 0.242, 0.35, 0.350666666666667, 0.243666666666667, 0.221666666666667, 0.233333333333333, 0.912333333333333, 0.323666666666667, 0.313666666666667, 0.332, 0.405666666666667, 0.313666666666667, 0.257333333333333, 0.216666666666667, 0.271, 0.438333333333333, 0.223333333333333, 0.429666666666667, 0.379666666666667, 0.317, 0.186333333333333, 0.175, 0.187333333333333, 0.285, 0.232, 0.109333333333333, 0.402666666666667, 0.410333333333333, 0.234333333333333, 0.273666666666667, 0.172666666666667, 0.181, 0.341, 0.331, 0.284333333333333, 0.344333333333333, 0.365666666666667, 0.323666666666667, 0.211, 0.334666666666667, 0.256666666666667, 0.277666666666667, 0.259, 0.3215, 0.326333333333333, 0.227666666666667, 0.237666666666667, 0.176, 0.144333333333333, 0.263666666666667, 0.219, 0.317333333333333, 0.266, 0.252, 0.379, 0.185333333333333, 0.252, 0.330333333333333, 0.145, 0.15, 0.165333333333333, 0.236666666666667, 0.335333333333333, 0.550666666666667, 0.174666666666667, 0.109, 0.120333333333333, 0.311666666666667, 0.198333333333333, 0.123666666666667, 0.182333333333333, 0.235333333333333, 0.151666666666667, 0.189, 0.136666666666667, 0.187333333333333, 0.18, 0.182666666666667, 0.259333333333333, 0.113666666666667, 0.25, 0.164666666666667, 0.248, 0.288]",1
44,9606.ENSP00000252102,"[0.178333333333333, 0.168333333333333, 0.135666666666667, 0.289666666666667, 0.275333333333333, 0.154666666666667, 0.189333333333333, 0.308, 0.214, 0.102333333333333, 0.43, 0.167333333333333, 0.444333333333333, 0.8635, 0.625333333333333, 0.394, 0.363, 0.5875, 0.902, 0.898333333333333, 0.849333333333333, 0.946666666666667, 0.872, 0.963, 0.933333333333333, 0.960666666666667, 0.926, 0.792, 0.845, 0.388666666666667, 0.902333333333333, 0.901333333333333, 0.951333333333333, 0.951333333333333, 0.907333333333333, 0.908333333333333, 0.945333333333333, 0.926, 0.916666666666667, 0.960666666666667, 0.881666666666667, 0.900333333333333, 0.522, 0.935, 1.0, 0.869, 0.951333333333333, 0.805666666666667, 0.283666666666667, 0.300333333333333, 0.467333333333333, 0.329333333333333, 0.408666666666667, 0.328, 0.188333333333333, 0.145333333333333, 0.251, 0.136666666666667, 0.279666666666667, 0.356666666666667, 0.307, 0.293333333333333, 0.197666666666667, 0.178333333333333, 0.286, 0.264666666666667, 0.162, 0.239333333333333, 0.254333333333333, 0.951333333333333, 0.410333333333333, 0.296666666666667, 0.253, 0.304666666666667, 0.180666666666667, 0.299333333333333, 0.174333333333333, 0.482333333333333, 0.818, 0.307666666666667, 0.183, 0.414, 0.306333333333333, 0.165666666666667, 0.301666666666667, 0.312, 0.249666666666667, 0.3385, 0.196333333333333, 0.208666666666667, 0.191333333333333, 0.333, 0.157666666666667, 0.188333333333333, 0.196666666666667, 0.215, 0.314333333333333, 0.327333333333333, 0.216, 0.235666666666667, 0.220666666666667, 0.914666666666667, 0.301666666666667, 0.291, 0.306666666666667, 0.423, 0.316, 0.242333333333333, 0.202666666666667, 0.268, 0.419, 0.185333333333333, 0.428, 0.358333333333333, 0.288666666666667, 0.133, 0.177333333333333, 0.165, 0.282666666666667, 0.225666666666667, 0.142, 0.387333333333333, 0.389333333333333, 0.224333333333333, 0.253666666666667, 0.144333333333333, 0.181666666666667, 0.344666666666667, 0.316, 0.293333333333333, 0.297, 0.332333333333333, 0.273333333333333, 0.207666666666667, 0.266333333333333, 0.263, 0.266333333333333, 0.206, 0.31, 0.306333333333333, 0.222, 0.247, 0.174, 0.141, 0.238666666666667, 0.256666666666667, 0.298666666666667, 0.305, 0.244666666666667, 0.402333333333333, 0.172, 0.203333333333333, 0.315, 0.141, 0.157333333333333, 0.133333333333333, 0.221333333333333, 0.319333333333333, 0.504, 0.174333333333333, 0.129333333333333, 0.158, 0.304666666666667, 0.216666666666667, 0.123666666666667, 0.188666666666667, 0.194666666666667, 0.144666666666667, 0.179333333333333, 0.167, 0.185666666666667, 0.177, 0.181666666666667, 0.241333333333333, 0.125666666666667, 0.2525, 0.185, 0.219, 0.248666666666667]",1
45,9606.ENSP00000233627,"[0.298333333333333, 0.283333333333333, 0.353, 0.394, 0.333, 0.268333333333333, 0.259333333333333, 0.339666666666667, 0.249, 0.0766666666666667, 0.451, 0.350333333333333, 0.463666666666667, 0.8005, 0.442, 0.397, 0.367333333333333, 0.489, 0.819, 0.763333333333333, 0.781333333333333, 0.857, 0.763666666666667, 0.899, 0.869, 0.893, 0.825, 0.657, 0.778333333333333, 0.369, 0.846333333333333, 0.738, 0.852333333333333, 0.908, 0.822, 0.878333333333333, 0.863, 0.825, 0.678333333333333, 0.893, 0.703, 0.696666666666667, 0.545333333333333, 0.899, 0.869, 1.0, 0.891333333333333, 0.842, 0.343, 0.349666666666667, 0.470333333333333, 0.370333333333333, 0.424666666666667, 0.332666666666667, 0.274, 0.266666666666667, 0.375, 0.247666666666667, 0.239333333333333, 0.415333333333333, 0.291, 0.316, 0.309666666666667, 0.250666666666667, 0.345, 0.332, 0.293, 0.307666666666667, 0.246333333333333, 0.706, 0.396666666666667, 0.333, 0.329, 0.36, 0.293666666666667, 0.259333333333333, 0.281333333333333, 0.543333333333333, 0.74, 0.282, 0.312, 0.361333333333333, 0.336333333333333, 0.304666666666667, 0.356333333333333, 0.307333333333333, 0.217, 0.2725, 0.309, 0.248666666666667, 0.269666666666667, 0.303666666666667, 0.268666666666667, 0.253666666666667, 0.231, 0.244333333333333, 0.176333333333333, 0.212, 0.279666666666667, 0.309, 0.275, 0.686, 0.404666666666667, 0.309666666666667, 0.346666666666667, 0.423666666666667, 0.306333333333333, 0.314333333333333, 0.243333333333333, 0.298333333333333, 0.355, 0.257, 0.372333333333333, 0.402, 0.323666666666667, 0.262, 0.187666666666667, 0.231666666666667, 0.381333333333333, 0.291, 0.145333333333333, 0.331333333333333, 0.421333333333333, 0.159333333333333, 0.236333333333333, 0.234666666666667, 0.24, 0.369, 0.262, 0.363333333333333, 0.375666666666667, 0.3, 0.269333333333333, 0.276666666666667, 0.262666666666667, 0.357, 0.313333333333333, 0.216333333333333, 0.379, 0.339, 0.332666666666667, 0.366666666666667, 0.313666666666667, 0.206333333333333, 0.265, 0.264333333333333, 0.331, 0.349, 0.291, 0.33, 0.315333333333333, 0.295666666666667, 0.403, 0.2205, 0.306, 0.169, 0.334, 0.414666666666667, 0.460333333333333, 0.255333333333333, 0.275333333333333, 0.198333333333333, 0.267333333333333, 0.287666666666667, 0.295666666666667, 0.283333333333333, 0.283333333333333, 0.277333333333333, 0.281666666666667, 0.229, 0.335333333333333, 0.229, 0.315666666666667, 0.214666666666667, 0.207666666666667, 0.2605, 0.191, 0.359666666666667, 0.294]",1
46,9606.ENSP00000215565,"[0.182666666666667, 0.158333333333333, 0.136, 0.293, 0.253, 0.152333333333333, 0.185333333333333, 0.319666666666667, 0.188, 0.0956666666666667, 0.427666666666667, 0.181333333333333, 0.442333333333333, 0.8465, 0.632, 0.399, 0.362, 0.595, 0.886, 0.922, 0.857666666666667, 0.990666666666667, 0.864666666666667, 0.988333333333333, 0.951333333333333, 0.987333333333333, 0.972, 0.78, 0.852666666666667, 0.397666666666667, 0.922666666666667, 0.878333333333333, 0.979, 0.979, 0.898666666666667, 0.936666666666667, 0.950333333333333, 0.972, 0.942333333333333, 0.987333333333333, 0.896666666666667, 0.904666666666667, 0.545, 0.964, 0.951333333333333, 0.891333333333333, 1.0, 0.813666666666667, 0.298333333333333, 0.289, 0.471, 0.315333333333333, 0.385666666666667, 0.271333333333333, 0.170333333333333, 0.151, 0.243666666666667, 0.13, 0.257666666666667, 0.359, 0.296333333333333, 0.297666666666667, 0.187666666666667, 0.191, 0.267, 0.259, 0.146, 0.222666666666667, 0.239, 1.0, 0.448666666666667, 0.283333333333333, 0.236666666666667, 0.31, 0.175333333333333, 0.266333333333333, 0.153666666666667, 0.491333333333333, 0.815, 0.283333333333333, 0.175333333333333, 0.407333333333333, 0.291333333333333, 0.153, 0.297, 0.286, 0.233333333333333, 0.334, 0.197, 0.156333333333333, 0.156333333333333, 0.303333333333333, 0.154333333333333, 0.225333333333333, 0.223666666666667, 0.224333333333333, 0.290666666666667, 0.304333333333333, 0.222, 0.212333333333333, 0.226, 0.929333333333333, 0.287666666666667, 0.279666666666667, 0.316, 0.402333333333333, 0.302666666666667, 0.257, 0.203, 0.267333333333333, 0.417333333333333, 0.186333333333333, 0.426333333333333, 0.349666666666667, 0.279333333333333, 0.128, 0.162333333333333, 0.179666666666667, 0.257, 0.221666666666667, 0.0893333333333333, 0.383666666666667, 0.383333333333333, 0.221, 0.263666666666667, 0.133333333333333, 0.157666666666667, 0.361, 0.304666666666667, 0.261, 0.297, 0.345333333333333, 0.276333333333333, 0.181, 0.278666666666667, 0.230333333333333, 0.262333333333333, 0.203666666666667, 0.2925, 0.296, 0.227666666666667, 0.205666666666667, 0.160333333333333, 0.137, 0.220333333333333, 0.209, 0.298666666666667, 0.266, 0.237, 0.372, 0.164, 0.210333333333333, 0.302666666666667, 0.137, 0.143666666666667, 0.142333333333333, 0.211, 0.303666666666667, 0.504, 0.173666666666667, 0.109, 0.127, 0.294333333333333, 0.195666666666667, 0.115, 0.163333333333333, 0.197, 0.138333333333333, 0.176, 0.126, 0.173333333333333, 0.147, 0.172333333333333, 0.243, 0.112333333333333, 0.2255, 0.148666666666667, 0.227, 0.246333333333333]",1
48,9606.ENSP00000377036,"[0.332333333333333, 0.381666666666667, 0.354666666666667, 0.371333333333333, 0.26, 0.356666666666667, 0.366666666666667, 0.495333333333333, 0.293666666666667, 0.414, 0.353666666666667, 0.422333333333333, 0.354333333333333, 0.367, 0.180333333333333, 0.241, 0.351333333333333, 0.2585, 0.442, 0.313666666666667, 0.250333333333333, 0.332333333333333, 0.404333333333333, 0.292, 0.283666666666667, 0.294333333333333, 0.3415, 0.469, 0.213333333333333, 0.419666666666667, 0.290666666666667, 0.279666666666667, 0.344666666666667, 0.305333333333333, 0.284333333333333, 0.320333333333333, 0.286, 0.3415, 0.194333333333333, 0.294333333333333, 0.288666666666667, 0.246333333333333, 0.289333333333333, 0.332, 0.283666666666667, 0.343, 0.298333333333333, 0.244666666666667, 1.0, 0.372333333333333, 0.333666666666667, 0.256666666666667, 0.373, 0.303666666666667, 0.267, 0.394333333333333, 0.315666666666667, 0.331, 0.288, 0.378, 0.39, 0.290666666666667, 0.348333333333333, 0.401666666666667, 0.298666666666667, 0.261, 0.277, 0.265, 0.384, 0.264, 0.330333333333333, 0.352, 0.336666666666667, 0.455333333333333, 0.35, 0.342666666666667, 0.358, 0.469333333333333, 0.183333333333333, 0.372666666666667, 0.344, 0.367666666666667, 0.310333333333333, 0.415, 0.368333333333333, 0.496, 0.303333333333333, 0.2055, 0.335333333333333, 0.273, 0.341666666666667, 0.226666666666667, 0.4, 0.387333333333333, 0.376, 0.313, 0.261666666666667, 0.358666666666667, 0.279, 0.357333333333333, 0.304333333333333, 0.317, 0.346, 0.385, 0.443333333333333, 0.406333333333333, 0.259666666666667, 0.334333333333333, 0.329666666666667, 0.282666666666667, 0.419666666666667, 0.437, 0.182666666666667, 0.388666666666667, 0.372666666666667, 0.325, 0.198, 0.427, 0.398, 0.344333333333333, 0.404, 0.434333333333333, 0.441, 0.188333333333333, 0.311666666666667, 0.143666666666667, 0.228, 0.388333333333333, 0.303666666666667, 0.394333333333333, 0.330666666666667, 0.427333333333333, 0.440333333333333, 0.406666666666667, 0.43, 0.343666666666667, 0.336666666666667, 0.372666666666667, 0.316, 0.330666666666667, 0.559333333333333, 0.424333333333333, 0.354333333333333, 0.475333333333333, 0.385333333333333, 0.308, 0.379, 0.3015, 0.28, 0.279, 0.346666666666667, 0.404666666666667, 0.378, 0.39, 0.293333333333333, 0.201, 0.324666666666667, 0.395666666666667, 0.284, 0.287333333333333, 0.214666666666667, 0.268666666666667, 0.394, 0.436333333333333, 0.246, 0.372333333333333, 0.397333333333333, 0.243666666666667, 0.274333333333333, 0.170666666666667, 0.329333333333333, 0.268, 0.266333333333333, 0.412333333333333, 0.228, 0.3725, 0.322666666666667, 0.349333333333333, 0.469]",1
49,9606.ENSP00000356107,"[0.51, 0.437666666666667, 0.331, 0.347666666666667, 0.320666666666667, 0.475333333333333, 0.436, 0.406, 0.458, 0.190333333333333, 0.489, 0.373666666666667, 0.497333333333333, 0.5965, 0.244333333333333, 0.491333333333333, 0.339, 0.317, 0.632, 0.299333333333333, 0.264333333333333, 0.304333333333333, 0.372, 0.292666666666667, 0.302, 0.285333333333333, 0.298, 0.405, 0.302666666666667, 0.454, 0.316666666666667, 0.294333333333333, 0.310333333333333, 0.291333333333333, 0.319666666666667, 0.359666666666667, 0.289666666666667, 0.298, 0.176666666666667, 0.285333333333333, 0.342666666666667, 0.248, 0.302666666666667, 0.320333333333333, 0.300333333333333, 0.349666666666667, 0.289, 0.301, 0.372333333333333, 1.0, 0.438666666666667, 0.405666666666667, 0.425666666666667, 0.421666666666667, 0.323, 0.535, 0.695666666666667, 0.431, 0.439, 0.51, 0.374666666666667, 0.404666666666667, 0.496333333333333, 0.374666666666667, 0.353333333333333, 0.605666666666667, 0.648, 0.571666666666667, 0.396, 0.295666666666667, 0.336, 0.525, 0.403666666666667, 0.486333333333333, 0.483666666666667, 0.366666666666667, 0.479333333333333, 0.413666666666667, 0.174333333333333, 0.500666666666667, 0.451, 0.501666666666667, 0.414, 0.460666666666667, 0.466, 0.387666666666667, 0.239, 0.3315, 0.295, 0.271, 0.398333333333333, 0.274, 0.49, 0.27, 0.26, 0.270333333333333, 0.355666666666667, 0.429666666666667, 0.341333333333333, 0.431666666666667, 0.357333333333333, 0.296666666666667, 0.465, 0.462, 0.394333333333333, 0.419, 0.28, 0.374333333333333, 0.381, 0.439, 0.406333333333333, 0.36, 0.289, 0.436, 0.583, 0.336333333333333, 0.301333333333333, 0.316333333333333, 0.465333333333333, 0.461666666666667, 0.389666666666667, 0.487666666666667, 0.616666666666667, 0.275333333333333, 0.450333333333333, 0.287, 0.334666666666667, 0.374333333333333, 0.498333333333333, 0.440333333333333, 0.446, 0.375333333333333, 0.376, 0.497, 0.333666666666667, 0.552333333333333, 0.335, 0.325666666666667, 0.352, 0.428, 0.424333333333333, 0.392333333333333, 0.463333333333333, 0.397666666666667, 0.379, 0.431666666666667, 0.524, 0.682, 0.430333333333333, 0.42, 0.47, 0.434666666666667, 0.463333333333333, 0.3745, 0.449, 0.390666666666667, 0.433333333333333, 0.431333333333333, 0.330666666666667, 0.492333333333333, 0.348666666666667, 0.337666666666667, 0.469666666666667, 0.41, 0.341333333333333, 0.439333333333333, 0.389333333333333, 0.392666666666667, 0.416666666666667, 0.34, 0.530333333333333, 0.403666666666667, 0.465333333333333, 0.446333333333333, 0.312666666666667, 0.4035, 0.367333333333333, 0.377666666666667, 0.366333333333333]",1
50,9606.ENSP00000420617,"[0.341333333333333, 0.247666666666667, 0.238333333333333, 0.317, 0.294333333333333, 0.332, 0.261333333333333, 0.297333333333333, 0.436, 0.127, 0.753666666666667, 0.330333333333333, 0.76, 0.67, 0.412333333333333, 0.440333333333333, 0.402, 0.515, 0.708, 0.466, 0.406333333333333, 0.485, 0.435333333333333, 0.482333333333333, 0.467333333333333, 0.474666666666667, 0.596, 0.734, 0.451666666666667, 0.319666666666667, 0.444333333333333, 0.43, 0.511, 0.474666666666667, 0.453, 0.470333333333333, 0.459666666666667, 0.596, 0.380333333333333, 0.474666666666667, 0.441, 0.399333333333333, 0.415666666666667, 0.466, 0.467333333333333, 0.470333333333333, 0.471, 0.386666666666667, 0.333666666666667, 0.438666666666667, 1.0, 0.383, 0.535, 0.385666666666667, 0.211, 0.274666666666667, 0.443666666666667, 0.188, 0.275666666666667, 0.371666666666667, 0.268333333333333, 0.298333333333333, 0.298666666666667, 0.215666666666667, 0.302666666666667, 0.504, 0.376666666666667, 0.412666666666667, 0.228, 0.444333333333333, 0.400333333333333, 0.357666666666667, 0.274, 0.345, 0.265, 0.275333333333333, 0.292, 0.457666666666667, 0.347333333333333, 0.362333333333333, 0.302333333333333, 0.321333333333333, 0.309, 0.291, 0.319333333333333, 0.333666666666667, 0.233, 0.2985, 0.305666666666667, 0.226333333333333, 0.411666666666667, 0.325, 0.249333333333333, 0.299666666666667, 0.270333333333333, 0.320666666666667, 0.172666666666667, 0.286333333333333, 0.246, 0.323, 0.305666666666667, 0.441333333333333, 0.378333333333333, 0.278666666666667, 0.405333333333333, 0.434, 0.324666666666667, 0.367333333333333, 0.343333333333333, 0.364666666666667, 0.301333333333333, 0.276333333333333, 0.380666666666667, 0.431333333333333, 0.448666666666667, 0.248333333333333, 0.249333333333333, 0.247, 0.317333333333333, 0.345, 0.202333333333333, 0.391, 0.540333333333333, 0.210666666666667, 0.290333333333333, 0.176333333333333, 0.342666666666667, 0.522333333333333, 0.336666666666667, 0.249666666666667, 0.368333333333333, 0.326666666666667, 0.286, 0.344666666666667, 0.276666666666667, 0.279333333333333, 0.349666666666667, 0.301666666666667, 0.422, 0.364333333333333, 0.313666666666667, 0.270666666666667, 0.297, 0.226666666666667, 0.302333333333333, 0.289, 0.364, 0.451, 0.273333333333333, 0.280333333333333, 0.288, 0.346, 0.310333333333333, 0.4735, 0.263333333333333, 0.155666666666667, 0.258333333333333, 0.315, 0.442333333333333, 0.233333333333333, 0.202666666666667, 0.27, 0.261, 0.409333333333333, 0.333666666666667, 0.338, 0.242, 0.283666666666667, 0.280666666666667, 0.252333333333333, 0.294666666666667, 0.255, 0.303333333333333, 0.238333333333333, 0.222666666666667, 0.2105, 0.180666666666667, 0.309666666666667, 0.273]",1
51,9606.ENSP00000409667,"[0.309666666666667, 0.406666666666667, 0.343, 0.347, 0.278333333333333, 0.320333333333333, 0.268, 0.312, 0.420333333333333, 0.108, 0.347333333333333, 0.362666666666667, 0.352, 0.3615, 0.252333333333333, 0.247666666666667, 0.266, 0.239, 0.413, 0.320333333333333, 0.271, 0.294333333333333, 0.295333333333333, 0.328, 0.321, 0.319666666666667, 0.3755, 0.3, 0.275, 0.361666666666667, 0.347333333333333, 0.277333333333333, 0.306333333333333, 0.317, 0.32, 0.352, 0.337333333333333, 0.3755, 0.263666666666667, 0.319666666666667, 0.326333333333333, 0.300333333333333, 0.293, 0.329666666666667, 0.329333333333333, 0.370333333333333, 0.315333333333333, 0.313666666666667, 0.256666666666667, 0.405666666666667, 0.383, 1.0, 0.358, 0.552333333333333, 0.316666666666667, 0.379333333333333, 0.467333333333333, 0.291, 0.308333333333333, 0.373666666666667, 0.28, 0.602333333333333, 0.438333333333333, 0.248333333333333, 0.284, 0.458666666666667, 0.386666666666667, 0.557333333333333, 0.307666666666667, 0.305333333333333, 0.195666666666667, 0.386, 0.423666666666667, 0.403666666666667, 0.282, 0.297666666666667, 0.338, 0.308666666666667, 0.226333333333333, 0.309666666666667, 0.378666666666667, 0.411666666666667, 0.405333333333333, 0.381333333333333, 0.396, 0.272666666666667, 0.236, 0.271, 0.282666666666667, 0.154333333333333, 0.251333333333333, 0.298333333333333, 0.246333333333333, 0.446333333333333, 0.223, 0.261333333333333, 0.249666666666667, 0.294, 0.269666666666667, 0.29, 0.273333333333333, 0.303, 0.398, 0.349, 0.429, 0.343, 0.309333333333333, 0.278666666666667, 0.271, 0.380333333333333, 0.295, 0.236333333333333, 0.268, 0.374666666666667, 0.43, 0.155, 0.208333333333333, 0.216, 0.439, 0.259, 0.197666666666667, 0.352666666666667, 0.469333333333333, 0.252333333333333, 0.341, 0.234333333333333, 0.332333333333333, 0.535333333333333, 0.365, 0.385333333333333, 0.406666666666667, 0.445666666666667, 0.392, 0.354, 0.372333333333333, 0.418333333333333, 0.310333333333333, 0.267333333333333, 0.361, 0.35, 0.252666666666667, 0.291666666666667, 0.378666666666667, 0.265333333333333, 0.274666666666667, 0.231666666666667, 0.412333333333333, 0.389, 0.367, 0.392666666666667, 0.326666666666667, 0.292666666666667, 0.381333333333333, 0.183, 0.321, 0.182, 0.358, 0.371333333333333, 0.361333333333333, 0.289666666666667, 0.311333333333333, 0.234, 0.290666666666667, 0.261666666666667, 0.47, 0.287333333333333, 0.324666666666667, 0.447666666666667, 0.471, 0.407666666666667, 0.426, 0.344333333333333, 0.436, 0.29, 0.276333333333333, 0.3965, 0.330666666666667, 0.31, 0.264666666666667]",1
52,9606.ENSP00000373600,"[0.338333333333333, 0.266333333333333, 0.336, 0.439, 0.525333333333333, 0.254333333333333, 0.324666666666667, 0.481666666666667, 0.409666666666667, 0.174333333333333, 0.578666666666667, 0.347333333333333, 0.574333333333333, 0.3505, 0.380333333333333, 0.373333333333333, 0.446666666666667, 0.421, 0.367, 0.518666666666667, 0.414, 0.447666666666667, 0.464333333333333, 0.396666666666667, 0.416333333333333, 0.387333333333333, 0.4375, 0.652, 0.423333333333333, 0.412666666666667, 0.453333333333333, 0.474333333333333, 0.463333333333333, 0.392666666666667, 0.450666666666667, 0.413666666666667, 0.398333333333333, 0.4375, 0.338, 0.387333333333333, 0.350666666666667, 0.351, 0.392666666666667, 0.397333333333333, 0.408666666666667, 0.424666666666667, 0.385666666666667, 0.369666666666667, 0.373, 0.425666666666667, 0.535, 0.358, 1.0, 0.521333333333333, 0.312333333333333, 0.327333333333333, 0.358666666666667, 0.265666666666667, 0.322666666666667, 0.527666666666667, 0.367, 0.321666666666667, 0.261, 0.319333333333333, 0.523666666666667, 0.462666666666667, 0.339666666666667, 0.343, 0.366333333333333, 0.356, 0.384666666666667, 0.459666666666667, 0.44, 0.382, 0.347333333333333, 0.335, 0.343333333333333, 0.451, 0.306, 0.439, 0.319666666666667, 0.379666666666667, 0.386333333333333, 0.379333333333333, 0.379666666666667, 0.547666666666667, 0.347, 0.4285, 0.421666666666667, 0.326666666666667, 0.484666666666667, 0.343, 0.394666666666667, 0.315666666666667, 0.298, 0.422666666666667, 0.372333333333333, 0.449333333333333, 0.336333333333333, 0.364, 0.359333333333333, 0.383, 0.567666666666667, 0.491, 0.554, 0.432666666666667, 0.339, 0.242, 0.297333333333333, 0.434333333333333, 0.434, 0.368, 0.259666666666667, 0.594333333333333, 0.503666666666667, 0.444333333333333, 0.335666666666667, 0.297666666666667, 0.445, 0.25, 0.266, 0.460333333333333, 0.428333333333333, 0.291333333333333, 0.332, 0.285, 0.359, 0.467, 0.326, 0.380333333333333, 0.693666666666667, 0.397666666666667, 0.400666666666667, 0.406666666666667, 0.403, 0.399, 0.513666666666667, 0.373333333333333, 0.614, 0.525333333333333, 0.431333333333333, 0.356333333333333, 0.272666666666667, 0.330666666666667, 0.402333333333333, 0.340333333333333, 0.592333333333333, 0.6475, 0.35, 0.347333333333333, 0.388333333333333, 0.402666666666667, 0.490666666666667, 0.42, 0.289666666666667, 0.236333333333333, 0.373333333333333, 0.532, 0.402, 0.256666666666667, 0.302333333333333, 0.343333333333333, 0.303666666666667, 0.503666666666667, 0.288, 0.447666666666667, 0.326333333333333, 0.226, 0.235333333333333, 0.251333333333333, 0.336, 0.281666666666667, 0.268333333333333, 0.321333333333333, 0.325333333333333, 0.3285, 0.303333333333333, 0.411333333333333, 0.307666666666667]",1
53,9606.ENSP00000362115,"[0.347333333333333, 0.276333333333333, 0.32, 0.412, 0.400666666666667, 0.187, 0.261666666666667, 0.322333333333333, 0.327333333333333, 0.159, 0.456, 0.271333333333333, 0.454666666666667, 0.1535, 0.243666666666667, 0.220666666666667, 0.268333333333333, 0.244, 0.238, 0.402666666666667, 0.295, 0.336333333333333, 0.353666666666667, 0.282333333333333, 0.293333333333333, 0.276333333333333, 0.312, 0.388, 0.287, 0.34, 0.325666666666667, 0.383666666666667, 0.359, 0.273, 0.320333333333333, 0.339, 0.284666666666667, 0.312, 0.257333333333333, 0.276333333333333, 0.260666666666667, 0.270666666666667, 0.242333333333333, 0.289333333333333, 0.328, 0.332666666666667, 0.271333333333333, 0.279, 0.303666666666667, 0.421666666666667, 0.385666666666667, 0.552333333333333, 0.521333333333333, 1.0, 0.309, 0.313333333333333, 0.37, 0.250333333333333, 0.379333333333333, 0.358, 0.251666666666667, 0.353, 0.288333333333333, 0.217333333333333, 0.404, 0.447, 0.350333333333333, 0.358, 0.253, 0.263666666666667, 0.192666666666667, 0.35, 0.309, 0.33, 0.265333333333333, 0.31, 0.341, 0.321, 0.241666666666667, 0.38, 0.266666666666667, 0.337333333333333, 0.385, 0.328666666666667, 0.301666666666667, 0.402, 0.294, 0.4255, 0.341, 0.295, 0.399333333333333, 0.375, 0.373333333333333, 0.181, 0.205, 0.329, 0.311333333333333, 0.311333333333333, 0.317666666666667, 0.372666666666667, 0.324, 0.273, 0.412333333333333, 0.336333333333333, 0.486666666666667, 0.32, 0.374, 0.216333333333333, 0.242, 0.436, 0.406666666666667, 0.258333333333333, 0.207333333333333, 0.409666666666667, 0.477666666666667, 0.352, 0.325333333333333, 0.192333333333333, 0.410333333333333, 0.331333333333333, 0.268666666666667, 0.391666666666667, 0.36, 0.308, 0.359666666666667, 0.293666666666667, 0.301666666666667, 0.228333333333333, 0.344, 0.327666666666667, 0.447333333333333, 0.44, 0.437333333333333, 0.339666666666667, 0.414666666666667, 0.440333333333333, 0.478666666666667, 0.338333333333333, 0.543, 0.463, 0.344333333333333, 0.328666666666667, 0.249666666666667, 0.295333333333333, 0.303666666666667, 0.307666666666667, 0.451666666666667, 0.6335, 0.412666666666667, 0.336666666666667, 0.334666666666667, 0.321333333333333, 0.327333333333333, 0.2775, 0.278666666666667, 0.396333333333333, 0.294666666666667, 0.325666666666667, 0.336666666666667, 0.345666666666667, 0.306, 0.277666666666667, 0.288666666666667, 0.427333333333333, 0.232333333333333, 0.379666666666667, 0.301333333333333, 0.274666666666667, 0.270333333333333, 0.298333333333333, 0.328333333333333, 0.309333333333333, 0.302333333333333, 0.295666666666667, 0.255666666666667, 0.3375, 0.282333333333333, 0.385666666666667, 0.233333333333333]",1
54,9606.ENSP00000306449,"[0.219, 0.352, 0.312, 0.341, 0.251666666666667, 0.264666666666667, 0.329666666666667, 0.322, 0.267333333333333, 0.143666666666667, 0.226333333333333, 0.399333333333333, 0.227666666666667, 0.256, 0.137, 0.217333333333333, 0.264, 0.237, 0.3045, 0.191666666666667, 0.227, 0.191333333333333, 0.293333333333333, 0.180333333333333, 0.236, 0.173, 0.259, 0.278, 0.199333333333333, 0.374333333333333, 0.236, 0.222666666666667, 0.194333333333333, 0.172333333333333, 0.227333333333333, 0.229333333333333, 0.180666666666667, 0.259, 0.161, 0.173, 0.192333333333333, 0.190333333333333, 0.22, 0.202666666666667, 0.188333333333333, 0.274, 0.170333333333333, 0.284, 0.267, 0.323, 0.211, 0.316666666666667, 0.312333333333333, 0.309, 1.0, 0.339, 0.331333333333333, 0.382666666666667, 0.293333333333333, 0.362666666666667, 0.348, 0.309333333333333, 0.289666666666667, 0.268333333333333, 0.28, 0.244, 0.297, 0.295, 0.272, 0.189666666666667, 0.241666666666667, 0.378, 0.417333333333333, 0.383, 0.379333333333333, 0.447333333333333, 0.379666666666667, 0.288333333333333, 0.184333333333333, 0.281333333333333, 0.415666666666667, 0.371333333333333, 0.388666666666667, 0.440333333333333, 0.483333333333333, 0.310333333333333, 0.227, 0.3785, 0.269, 0.165, 0.339333333333333, 0.271666666666667, 0.297666666666667, 0.155666666666667, 0.188333333333333, 0.228333333333333, 0.26, 0.275333333333333, 0.308333333333333, 0.36, 0.247, 0.26, 0.389666666666667, 0.324, 0.353666666666667, 0.309, 0.282333333333333, 0.214, 0.231333333333333, 0.310333333333333, 0.314, 0.305, 0.160333333333333, 0.326666666666667, 0.383666666666667, 0.213, 0.309666666666667, 0.264333333333333, 0.401666666666667, 0.251, 0.267333333333333, 0.317, 0.366333333333333, 0.0983333333333333, 0.195333333333333, 0.598, 0.500333333333333, 0.202, 0.339333333333333, 0.424333333333333, 0.316333333333333, 0.250333333333333, 0.236, 0.396333333333333, 0.269333333333333, 0.412333333333333, 0.238333333333333, 0.267, 0.243, 0.275666666666667, 0.290333333333333, 0.298, 0.385666666666667, 0.293666666666667, 0.336, 0.306666666666667, 0.282, 0.658, 0.420666666666667, 0.422333333333333, 0.496333333333333, 0.376666666666667, 0.418666666666667, 0.3625, 0.395666666666667, 0.62, 0.427, 0.377666666666667, 0.267, 0.497, 0.517, 0.379666666666667, 0.367666666666667, 0.368, 0.344, 0.320333333333333, 0.478333333333333, 0.279, 0.329666666666667, 0.328333333333333, 0.395333333333333, 0.329666666666667, 0.306666666666667, 0.327666666666667, 0.479, 0.4015, 0.375666666666667, 0.300333333333333, 0.316]",1
55,9606.ENSP00000369538,"[0.414, 0.422333333333333, 0.367666666666667, 0.327333333333333, 0.247, 0.592, 0.434, 0.413666666666667, 0.356333333333333, 0.565666666666667, 0.346666666666667, 0.417333333333333, 0.352666666666667, 0.3435, 0.136666666666667, 0.298666666666667, 0.291, 0.2535, 0.362, 0.208, 0.156333333333333, 0.178333333333333, 0.276333333333333, 0.149666666666667, 0.170333333333333, 0.144333333333333, 0.2205, 0.346, 0.164, 0.438666666666667, 0.196666666666667, 0.14, 0.181333333333333, 0.155, 0.158333333333333, 0.232, 0.14, 0.2205, 0.121333333333333, 0.144333333333333, 0.219666666666667, 0.156333333333333, 0.273666666666667, 0.186333333333333, 0.145333333333333, 0.266666666666667, 0.151, 0.170333333333333, 0.394333333333333, 0.535, 0.274666666666667, 0.379333333333333, 0.327333333333333, 0.313333333333333, 0.339, 1.0, 0.544, 0.705, 0.325, 0.373666666666667, 0.300333333333333, 0.429666666666667, 0.525, 0.672, 0.275333333333333, 0.490666666666667, 0.518, 0.444333333333333, 0.607, 0.173, 0.292666666666667, 0.414333333333333, 0.342, 0.464333333333333, 0.395, 0.404, 0.454666666666667, 0.431666666666667, 0.115, 0.285666666666667, 0.395666666666667, 0.409, 0.288, 0.471, 0.368, 0.266333333333333, 0.220333333333333, 0.339, 0.296333333333333, 0.209, 0.326333333333333, 0.173666666666667, 0.372666666666667, 0.444666666666667, 0.358333333333333, 0.225, 0.317, 0.401666666666667, 0.337666666666667, 0.364, 0.380666666666667, 0.237333333333333, 0.375666666666667, 0.311, 0.320666666666667, 0.409666666666667, 0.192333333333333, 0.377333333333333, 0.313, 0.299333333333333, 0.475, 0.32, 0.312, 0.397, 0.420666666666667, 0.256333333333333, 0.298666666666667, 0.352333333333333, 0.377, 0.374333333333333, 0.399, 0.383, 0.513666666666667, 0.184333333333333, 0.333666666666667, 0.284, 0.313333333333333, 0.501666666666667, 0.380333333333333, 0.389666666666667, 0.421, 0.284666666666667, 0.275666666666667, 0.554, 0.289, 0.393666666666667, 0.297666666666667, 0.447666666666667, 0.219, 0.344333333333333, 0.364, 0.330333333333333, 0.441, 0.446333333333333, 0.356, 0.296, 0.378, 0.532, 0.326666666666667, 0.312333333333333, 0.412333333333333, 0.390333333333333, 0.385333333333333, 0.3125, 0.390333333333333, 0.338333333333333, 0.480333333333333, 0.319333333333333, 0.243, 0.472, 0.316, 0.312666666666667, 0.401, 0.466333333333333, 0.393333333333333, 0.294666666666667, 0.412666666666667, 0.504, 0.484, 0.389666666666667, 0.463666666666667, 0.400666666666667, 0.492666666666667, 0.416666666666667, 0.335666666666667, 0.4935, 0.380333333333333, 0.399333333333333, 0.373]",1
56,9606.ENSP00000300935,"[0.458333333333333, 0.492, 0.380666666666667, 0.410666666666667, 0.307, 0.556666666666667, 0.488333333333333, 0.392333333333333, 0.513, 0.13, 0.448, 0.424333333333333, 0.449, 0.358, 0.194333333333333, 0.284, 0.242, 0.2285, 0.408, 0.271333333333333, 0.237666666666667, 0.256, 0.318333333333333, 0.249333333333333, 0.252333333333333, 0.244333333333333, 0.234, 0.282, 0.265, 0.443333333333333, 0.264333333333333, 0.249666666666667, 0.263666666666667, 0.244333333333333, 0.278666666666667, 0.291, 0.245666666666667, 0.234, 0.152333333333333, 0.244333333333333, 0.262333333333333, 0.196333333333333, 0.246, 0.254666666666667, 0.251, 0.375, 0.243666666666667, 0.319666666666667, 0.315666666666667, 0.695666666666667, 0.443666666666667, 0.467333333333333, 0.358666666666667, 0.37, 0.331333333333333, 0.544, 1.0, 0.483333333333333, 0.401666666666667, 0.488333333333333, 0.391333333333333, 0.41, 0.543333333333333, 0.372333333333333, 0.315333333333333, 0.689333333333333, 0.734333333333333, 0.68, 0.384333333333333, 0.203666666666667, 0.256, 0.571333333333333, 0.511666666666667, 0.478333333333333, 0.490666666666667, 0.403666666666667, 0.474, 0.378666666666667, 0.136666666666667, 0.432666666666667, 0.517333333333333, 0.488, 0.436666666666667, 0.508333333333333, 0.461333333333333, 0.346666666666667, 0.190666666666667, 0.2845, 0.308666666666667, 0.239, 0.364666666666667, 0.260666666666667, 0.415, 0.255333333333333, 0.217, 0.375666666666667, 0.253333333333333, 0.322333333333333, 0.358333333333333, 0.472666666666667, 0.356666666666667, 0.286333333333333, 0.499666666666667, 0.499, 0.349333333333333, 0.444, 0.264333333333333, 0.381, 0.334333333333333, 0.447666666666667, 0.369333333333333, 0.302, 0.279, 0.448333333333333, 0.538666666666667, 0.257, 0.303666666666667, 0.266333333333333, 0.476333333333333, 0.498333333333333, 0.377666666666667, 0.406333333333333, 0.571, 0.239666666666667, 0.447666666666667, 0.284, 0.382, 0.316333333333333, 0.511, 0.520666666666667, 0.457333333333333, 0.309, 0.353666666666667, 0.419333333333333, 0.294333333333333, 0.555666666666667, 0.328666666666667, 0.247333333333333, 0.305, 0.390333333333333, 0.288666666666667, 0.382, 0.512333333333333, 0.341666666666667, 0.351, 0.383333333333333, 0.525333333333333, 0.6285, 0.479333333333333, 0.476, 0.454333333333333, 0.437666666666667, 0.523333333333333, 0.336, 0.474666666666667, 0.366, 0.444333333333333, 0.494666666666667, 0.296333333333333, 0.498333333333333, 0.423333333333333, 0.317666666666667, 0.456666666666667, 0.360333333333333, 0.456666666666667, 0.398333333333333, 0.403333333333333, 0.501, 0.477333333333333, 0.427, 0.54, 0.425, 0.531333333333333, 0.383333333333333, 0.329, 0.452, 0.365666666666667, 0.396333333333333, 0.337666666666667]",1
57,9606.ENSP00000394071,"[0.337666666666667, 0.394666666666667, 0.422666666666667, 0.269666666666667, 0.245333333333333, 0.609666666666667, 0.415333333333333, 0.383333333333333, 0.250666666666667, 0.504333333333333, 0.219333333333333, 0.378, 0.226, 0.2535, 0.106666666666667, 0.247, 0.282, 0.2185, 0.2645, 0.172, 0.155333333333333, 0.146333333333333, 0.274666666666667, 0.133, 0.160666666666667, 0.130333333333333, 0.197, 0.231, 0.149333333333333, 0.413666666666667, 0.199333333333333, 0.169666666666667, 0.147666666666667, 0.132333333333333, 0.173333333333333, 0.163666666666667, 0.133333333333333, 0.197, 0.113, 0.130333333333333, 0.179666666666667, 0.144333333333333, 0.233666666666667, 0.170333333333333, 0.136666666666667, 0.247666666666667, 0.13, 0.243666666666667, 0.331, 0.431, 0.188, 0.291, 0.265666666666667, 0.250333333333333, 0.382666666666667, 0.705, 0.483333333333333, 1.0, 0.271, 0.413, 0.37, 0.323, 0.362333333333333, 0.670333333333333, 0.276666666666667, 0.334666666666667, 0.400333333333333, 0.355666666666667, 0.639666666666667, 0.142, 0.208666666666667, 0.436333333333333, 0.41, 0.393333333333333, 0.357, 0.380333333333333, 0.424, 0.396, 0.138333333333333, 0.251333333333333, 0.403, 0.389666666666667, 0.384333333333333, 0.450333333333333, 0.397666666666667, 0.315666666666667, 0.191, 0.366, 0.215333333333333, 0.153, 0.252666666666667, 0.165, 0.296333333333333, 0.134333333333333, 0.183, 0.163666666666667, 0.279333333333333, 0.271333333333333, 0.236333333333333, 0.352, 0.189333333333333, 0.225, 0.347, 0.402666666666667, 0.287, 0.265333333333333, 0.183666666666667, 0.240333333333333, 0.29, 0.270666666666667, 0.423333333333333, 0.291333333333333, 0.257666666666667, 0.353333333333333, 0.361666666666667, 0.305, 0.272666666666667, 0.311333333333333, 0.383666666666667, 0.314333333333333, 0.379666666666667, 0.328, 0.501, 0.081, 0.196333333333333, 0.316, 0.309666666666667, 0.164333333333333, 0.34, 0.482666666666667, 0.330333333333333, 0.271666666666667, 0.268666666666667, 0.456666666666667, 0.275666666666667, 0.375333333333333, 0.177, 0.363, 0.1905, 0.206333333333333, 0.256, 0.306333333333333, 0.465333333333333, 0.313333333333333, 0.334, 0.351333333333333, 0.314, 0.214, 0.331, 0.357333333333333, 0.396333333333333, 0.372, 0.401333333333333, 0.1555, 0.347666666666667, 0.333333333333333, 0.503, 0.391, 0.178333333333333, 0.444666666666667, 0.326333333333333, 0.240333333333333, 0.363, 0.340666666666667, 0.324, 0.288, 0.399666666666667, 0.368333333333333, 0.36, 0.306, 0.421333333333333, 0.329333333333333, 0.392333333333333, 0.328666666666667, 0.229333333333333, 0.4435, 0.431, 0.220666666666667, 0.305]",1
58,9606.ENSP00000314508,"[0.242333333333333, 0.517, 0.188, 0.248333333333333, 0.231333333333333, 0.225333333333333, 0.231666666666667, 0.327, 0.244666666666667, 0.368333333333333, 0.270333333333333, 0.241333333333333, 0.274, 0.4495, 0.234, 0.225333333333333, 0.278666666666667, 0.2445, 0.4765, 0.229, 0.279, 0.240666666666667, 0.312333333333333, 0.261333333333333, 0.278, 0.254, 0.264, 0.376, 0.283666666666667, 0.409666666666667, 0.274333333333333, 0.257333333333333, 0.243666666666667, 0.260666666666667, 0.326, 0.316, 0.274666666666667, 0.264, 0.211, 0.254, 0.259666666666667, 0.267666666666667, 0.254333333333333, 0.277, 0.279666666666667, 0.239333333333333, 0.257666666666667, 0.28, 0.288, 0.439, 0.275666666666667, 0.308333333333333, 0.322666666666667, 0.379333333333333, 0.293333333333333, 0.325, 0.401666666666667, 0.271, 1.0, 0.404, 0.332333333333333, 0.291333333333333, 0.363, 0.215333333333333, 0.250333333333333, 0.413, 0.359666666666667, 0.347666666666667, 0.263, 0.241666666666667, 0.244, 0.442, 0.356333333333333, 0.428333333333333, 0.412333333333333, 0.370333333333333, 0.425, 0.281, 0.185333333333333, 0.43, 0.312, 0.374, 0.423, 0.428666666666667, 0.413, 0.360666666666667, 0.220333333333333, 0.416, 0.219333333333333, 0.204, 0.378, 0.332666666666667, 0.397, 0.197333333333333, 0.215666666666667, 0.468333333333333, 0.376333333333333, 0.390666666666667, 0.310333333333333, 0.37, 0.304, 0.305333333333333, 0.310333333333333, 0.307333333333333, 0.297333333333333, 0.321666666666667, 0.351333333333333, 0.224, 0.297, 0.385, 0.297, 0.292666666666667, 0.149333333333333, 0.336666666666667, 0.427666666666667, 0.211333333333333, 0.347333333333333, 0.25, 0.334333333333333, 0.349, 0.52, 0.366333333333333, 0.395333333333333, 0.393, 0.468, 0.259666666666667, 0.293, 0.207333333333333, 0.435333333333333, 0.345, 0.337, 0.31, 0.311, 0.370666666666667, 0.316333333333333, 0.424666666666667, 0.307666666666667, 0.26, 0.249, 0.401, 0.262, 0.282666666666667, 0.296666666666667, 0.518, 0.347333333333333, 0.328333333333333, 0.393666666666667, 0.423, 0.424, 0.443666666666667, 0.369, 0.383, 0.362, 0.296, 0.275333333333333, 0.429333333333333, 0.280333333333333, 0.41, 0.277666666666667, 0.400333333333333, 0.267666666666667, 0.334666666666667, 0.447, 0.34, 0.201666666666667, 0.384666666666667, 0.344666666666667, 0.229333333333333, 0.309, 0.221666666666667, 0.363666666666667, 0.272333333333333, 0.307333333333333, 0.443666666666667, 0.299, 0.3365, 0.291333333333333, 0.280333333333333, 0.265333333333333]",1
59,9606.ENSP00000364204,"[0.344333333333333, 0.426, 0.396, 0.413, 0.315, 0.385333333333333, 0.360333333333333, 0.515, 0.292, 0.617333333333333, 0.391333333333333, 0.363666666666667, 0.398, 0.604, 0.304666666666667, 0.587666666666667, 0.358666666666667, 0.3145, 0.668, 0.349666666666667, 0.361333333333333, 0.355, 0.438333333333333, 0.355666666666667, 0.388333333333333, 0.346, 0.361, 0.483, 0.379, 0.668, 0.399, 0.313666666666667, 0.343, 0.351, 0.410666666666667, 0.378333333333333, 0.344666666666667, 0.361, 0.254666666666667, 0.346, 0.386333333333333, 0.311666666666667, 0.318333333333333, 0.373333333333333, 0.356666666666667, 0.415333333333333, 0.359, 0.447, 0.378, 0.51, 0.371666666666667, 0.373666666666667, 0.527666666666667, 0.358, 0.362666666666667, 0.373666666666667, 0.488333333333333, 0.413, 0.404, 1.0, 0.553, 0.329333333333333, 0.38, 0.357666666666667, 0.342, 0.389, 0.364, 0.398, 0.387333333333333, 0.358666666666667, 0.376, 0.659, 0.608333333333333, 0.578, 0.567, 0.340666666666667, 0.508, 0.478333333333333, 0.213, 0.480333333333333, 0.585333333333333, 0.595, 0.553, 0.535666666666667, 0.665333333333333, 0.46, 0.295666666666667, 0.399, 0.382, 0.282, 0.339333333333333, 0.283333333333333, 0.406666666666667, 0.325333333333333, 0.275, 0.489333333333333, 0.331333333333333, 0.360333333333333, 0.370666666666667, 0.498666666666667, 0.360666666666667, 0.380333333333333, 0.565666666666667, 0.540666666666667, 0.423333333333333, 0.453, 0.311, 0.336666666666667, 0.407666666666667, 0.451333333333333, 0.373333333333333, 0.413, 0.26, 0.619333333333333, 0.487333333333333, 0.295, 0.382666666666667, 0.402, 0.522333333333333, 0.355333333333333, 0.331333333333333, 0.519333333333333, 0.562666666666667, 0.219, 0.361333333333333, 0.324333333333333, 0.396333333333333, 0.421, 0.442666666666667, 0.635333333333333, 0.534333333333333, 0.453666666666667, 0.417666666666667, 0.476333333333333, 0.396666666666667, 0.562666666666667, 0.345666666666667, 0.353, 0.3165, 0.418666666666667, 0.557666666666667, 0.423333333333333, 0.491666666666667, 0.370666666666667, 0.481666666666667, 0.403666666666667, 0.603, 0.587, 0.455, 0.545666666666667, 0.519, 0.464666666666667, 0.651, 0.2335, 0.310333333333333, 0.285333333333333, 0.488, 0.656, 0.361, 0.435666666666667, 0.366, 0.382333333333333, 0.448666666666667, 0.378, 0.296333333333333, 0.356333333333333, 0.452, 0.270666666666667, 0.275666666666667, 0.214333333333333, 0.430333333333333, 0.257333333333333, 0.367, 0.443666666666667, 0.315666666666667, 0.377, 0.391666666666667, 0.404333333333333, 0.383666666666667]",1
60,9606.ENSP00000266087,"[0.265666666666667, 0.335666666666667, 0.318666666666667, 0.457333333333333, 0.341666666666667, 0.355, 0.386666666666667, 0.631666666666667, 0.261333333333333, 0.142, 0.221, 0.366333333333333, 0.229, 0.333, 0.231, 0.214, 0.288, 0.197, 0.378, 0.26, 0.286666666666667, 0.255666666666667, 0.366666666666667, 0.297666666666667, 0.300333333333333, 0.29, 0.2965, 0.42, 0.255666666666667, 0.437666666666667, 0.317666666666667, 0.270333333333333, 0.257, 0.301666666666667, 0.349333333333333, 0.302666666666667, 0.298333333333333, 0.2965, 0.213666666666667, 0.29, 0.295, 0.270666666666667, 0.269333333333333, 0.325, 0.307, 0.291, 0.296333333333333, 0.301666666666667, 0.39, 0.374666666666667, 0.268333333333333, 0.28, 0.367, 0.251666666666667, 0.348, 0.300333333333333, 0.391333333333333, 0.37, 0.332333333333333, 0.553, 1.0, 0.294666666666667, 0.374, 0.394, 0.370333333333333, 0.306, 0.255333333333333, 0.305666666666667, 0.412333333333333, 0.251, 0.283666666666667, 0.441, 0.441, 0.476, 0.567333333333333, 0.292666666666667, 0.391666666666667, 0.376666666666667, 0.207666666666667, 0.460666666666667, 0.432, 0.403666666666667, 0.51, 0.366666666666667, 0.613, 0.561666666666667, 0.567666666666667, 0.324, 0.262666666666667, 0.223, 0.345666666666667, 0.267, 0.333666666666667, 0.234, 0.266333333333333, 0.625333333333333, 0.295333333333333, 0.345, 0.433, 0.489333333333333, 0.399666666666667, 0.342333333333333, 0.356333333333333, 0.452, 0.402666666666667, 0.383666666666667, 0.274, 0.297666666666667, 0.367, 0.356666666666667, 0.290333333333333, 0.393666666666667, 0.231, 0.404666666666667, 0.404, 0.233, 0.455333333333333, 0.350666666666667, 0.482333333333333, 0.335333333333333, 0.346333333333333, 0.392666666666667, 0.471666666666667, 0.247, 0.340333333333333, 0.226666666666667, 0.268666666666667, 0.203333333333333, 0.319666666666667, 0.459333333333333, 0.363333333333333, 0.466333333333333, 0.492333333333333, 0.431333333333333, 0.459, 0.412666666666667, 0.318, 0.254333333333333, 0.247, 0.366, 0.504, 0.34, 0.394666666666667, 0.294, 0.432666666666667, 0.424333333333333, 0.411666666666667, 0.2415, 0.375, 0.426, 0.395, 0.573333333333333, 0.515, 0.178, 0.232333333333333, 0.241666666666667, 0.413333333333333, 0.497666666666667, 0.340666666666667, 0.316, 0.251333333333333, 0.243, 0.348333333333333, 0.286666666666667, 0.198333333333333, 0.293, 0.464, 0.319, 0.269, 0.219333333333333, 0.364333333333333, 0.273, 0.37, 0.380333333333333, 0.259333333333333, 0.3595, 0.370666666666667, 0.414333333333333, 0.439666666666667]",1
61,9606.ENSP00000360108,"[0.428333333333333, 0.371666666666667, 0.361, 0.346333333333333, 0.230666666666667, 0.358, 0.326333333333333, 0.346333333333333, 0.354333333333333, 0.164, 0.286333333333333, 0.407, 0.295333333333333, 0.405, 0.245, 0.290333333333333, 0.293666666666667, 0.2955, 0.454, 0.252666666666667, 0.239333333333333, 0.254666666666667, 0.248666666666667, 0.301666666666667, 0.293333333333333, 0.299666666666667, 0.332, 0.377, 0.284333333333333, 0.314333333333333, 0.332333333333333, 0.200333333333333, 0.264666666666667, 0.300333333333333, 0.294333333333333, 0.352666666666667, 0.291333333333333, 0.332, 0.192, 0.299666666666667, 0.312333333333333, 0.241333333333333, 0.332666666666667, 0.339333333333333, 0.293333333333333, 0.316, 0.297666666666667, 0.258, 0.290666666666667, 0.404666666666667, 0.298333333333333, 0.602333333333333, 0.321666666666667, 0.353, 0.309333333333333, 0.429666666666667, 0.41, 0.323, 0.291333333333333, 0.329333333333333, 0.294666666666667, 1.0, 0.518, 0.405, 0.269666666666667, 0.421666666666667, 0.371333333333333, 0.428333333333333, 0.415666666666667, 0.262333333333333, 0.251666666666667, 0.354, 0.368, 0.361, 0.331, 0.284666666666667, 0.278666666666667, 0.284, 0.162666666666667, 0.363333333333333, 0.305666666666667, 0.334333333333333, 0.327, 0.283666666666667, 0.383, 0.336333333333333, 0.256666666666667, 0.2725, 0.201666666666667, 0.183, 0.238666666666667, 0.179333333333333, 0.275, 0.172666666666667, 0.239333333333333, 0.265666666666667, 0.28, 0.313333333333333, 0.298666666666667, 0.3, 0.265333333333333, 0.274, 0.374333333333333, 0.329, 0.416333333333333, 0.289, 0.199, 0.273333333333333, 0.299333333333333, 0.344333333333333, 0.313333333333333, 0.23, 0.277333333333333, 0.326, 0.322333333333333, 0.258333333333333, 0.224666666666667, 0.195333333333333, 0.402666666666667, 0.318333333333333, 0.194, 0.345666666666667, 0.386333333333333, 0.230333333333333, 0.325333333333333, 0.215, 0.271, 0.188333333333333, 0.332, 0.329666666666667, 0.421333333333333, 0.473, 0.43, 0.38, 0.424, 0.364666666666667, 0.279, 0.277333333333333, 0.286, 0.309, 0.333666666666667, 0.256333333333333, 0.406666666666667, 0.261666666666667, 0.243, 0.219, 0.395666666666667, 0.237, 0.298333333333333, 0.307, 0.339666666666667, 0.335666666666667, 0.357, 0.178, 0.360666666666667, 0.159666666666667, 0.346, 0.348666666666667, 0.281, 0.309, 0.219333333333333, 0.159, 0.260666666666667, 0.262333333333333, 0.404333333333333, 0.273666666666667, 0.317, 0.568666666666667, 0.550333333333333, 0.562333333333333, 0.511333333333333, 0.399666666666667, 0.485333333333333, 0.252333333333333, 0.221666666666667, 0.38, 0.346333333333333, 0.291666666666667, 0.303666666666667]",1
62,9606.ENSP00000479606,"[0.414666666666667, 0.500333333333333, 0.242333333333333, 0.326666666666667, 0.245, 0.399666666666667, 0.357, 0.372666666666667, 0.46, 0.142333333333333, 0.273666666666667, 0.355333333333333, 0.279333333333333, 0.3585, 0.150333333333333, 0.259666666666667, 0.246, 0.211, 0.4075, 0.237333333333333, 0.157, 0.218, 0.279, 0.192333333333333, 0.189, 0.189, 0.283, 0.282, 0.157333333333333, 0.371333333333333, 0.203, 0.206333333333333, 0.22, 0.188333333333333, 0.198666666666667, 0.241666666666667, 0.195333333333333, 0.283, 0.162333333333333, 0.189, 0.263333333333333, 0.196666666666667, 0.253333333333333, 0.198666666666667, 0.197666666666667, 0.309666666666667, 0.187666666666667, 0.172, 0.348333333333333, 0.496333333333333, 0.298666666666667, 0.438333333333333, 0.261, 0.288333333333333, 0.289666666666667, 0.525, 0.543333333333333, 0.362333333333333, 0.363, 0.38, 0.374, 0.518, 1.0, 0.332, 0.253, 0.468666666666667, 0.506666666666667, 0.419, 0.332, 0.215666666666667, 0.231666666666667, 0.403333333333333, 0.346666666666667, 0.498333333333333, 0.446666666666667, 0.386333333333333, 0.444, 0.319, 0.169666666666667, 0.239, 0.425, 0.396, 0.316333333333333, 0.478333333333333, 0.410666666666667, 0.265, 0.223666666666667, 0.255, 0.256666666666667, 0.215, 0.338333333333333, 0.215, 0.344666666666667, 0.450666666666667, 0.260666666666667, 0.432333333333333, 0.209666666666667, 0.324, 0.413, 0.402666666666667, 0.393333333333333, 0.304666666666667, 0.334, 0.347333333333333, 0.323333333333333, 0.423333333333333, 0.219333333333333, 0.404666666666667, 0.4, 0.293666666666667, 0.344666666666667, 0.290333333333333, 0.28, 0.348333333333333, 0.342, 0.160333333333333, 0.282333333333333, 0.318666666666667, 0.377, 0.502, 0.356333333333333, 0.399666666666667, 0.474, 0.180333333333333, 0.331333333333333, 0.174666666666667, 0.286666666666667, 0.502333333333333, 0.407, 0.389, 0.326333333333333, 0.345, 0.375, 0.461333333333333, 0.307, 0.405333333333333, 0.276, 0.296, 0.226, 0.311, 0.291, 0.322, 0.471333333333333, 0.355, 0.349, 0.335, 0.397, 0.592, 0.338333333333333, 0.384, 0.365666666666667, 0.449, 0.398, 0.31, 0.323666666666667, 0.368, 0.343333333333333, 0.329333333333333, 0.274333333333333, 0.429, 0.294666666666667, 0.297, 0.458333333333333, 0.334, 0.367, 0.332333333333333, 0.369, 0.584333333333333, 0.605666666666667, 0.513333333333333, 0.569333333333333, 0.436666666666667, 0.616333333333333, 0.398333333333333, 0.274666666666667, 0.398, 0.311666666666667, 0.459, 0.422333333333333]",1
63,9606.ENSP00000355511,"[0.370666666666667, 0.276, 0.367, 0.299333333333333, 0.452333333333333, 0.582666666666667, 0.447, 0.553, 0.239333333333333, 0.543666666666667, 0.282666666666667, 0.410666666666667, 0.273, 0.2615, 0.170666666666667, 0.272666666666667, 0.289, 0.249, 0.328, 0.255333333333333, 0.205, 0.219333333333333, 0.335333333333333, 0.183, 0.194666666666667, 0.184, 0.2725, 0.591, 0.186, 0.383666666666667, 0.242333333333333, 0.192, 0.217666666666667, 0.199666666666667, 0.206, 0.204666666666667, 0.179333333333333, 0.2725, 0.187, 0.184, 0.283, 0.211666666666667, 0.287333333333333, 0.239666666666667, 0.178333333333333, 0.250666666666667, 0.191, 0.177333333333333, 0.401666666666667, 0.374666666666667, 0.215666666666667, 0.248333333333333, 0.319333333333333, 0.217333333333333, 0.268333333333333, 0.672, 0.372333333333333, 0.670333333333333, 0.215333333333333, 0.357666666666667, 0.394, 0.405, 0.332, 1.0, 0.489333333333333, 0.363333333333333, 0.313666666666667, 0.259, 0.899666666666667, 0.205333333333333, 0.301, 0.298333333333333, 0.269333333333333, 0.388, 0.356333333333333, 0.257666666666667, 0.317, 0.46, 0.171333333333333, 0.232666666666667, 0.259, 0.301333333333333, 0.357666666666667, 0.301333333333333, 0.366333333333333, 0.413333333333333, 0.302666666666667, 0.3945, 0.261, 0.234, 0.186666666666667, 0.182666666666667, 0.283666666666667, 0.279666666666667, 0.341, 0.397666666666667, 0.287333333333333, 0.334, 0.355, 0.331666666666667, 0.331333333333333, 0.278666666666667, 0.239, 0.262666666666667, 0.365666666666667, 0.277666666666667, 0.200333333333333, 0.352666666666667, 0.347, 0.221, 0.424333333333333, 0.338333333333333, 0.311666666666667, 0.326, 0.328, 0.363, 0.262, 0.359666666666667, 0.326333333333333, 0.273666666666667, 0.278, 0.330333333333333, 0.419666666666667, 0.144333333333333, 0.216666666666667, 0.192666666666667, 0.201666666666667, 0.164666666666667, 0.265333333333333, 0.342333333333333, 0.346333333333333, 0.402, 0.396333333333333, 0.443, 0.442666666666667, 0.295666666666667, 0.227333333333333, 0.380666666666667, 0.252, 0.225333333333333, 0.44, 0.273666666666667, 0.349, 0.324, 0.359666666666667, 0.297666666666667, 0.328666666666667, 0.095, 0.236333333333333, 0.225, 0.288666666666667, 0.405666666666667, 0.331333333333333, 0.1575, 0.256333333333333, 0.196, 0.481, 0.316, 0.240333333333333, 0.353666666666667, 0.163333333333333, 0.184666666666667, 0.276, 0.320666666666667, 0.214, 0.276333333333333, 0.348666666666667, 0.414666666666667, 0.331333333333333, 0.276333333333333, 0.351333333333333, 0.233666666666667, 0.367666666666667, 0.303333333333333, 0.176666666666667, 0.254, 0.319, 0.335333333333333, 0.395666666666667]",1
64,9606.ENSP00000382341,"[0.272, 0.203666666666667, 0.348666666666667, 0.539666666666667, 0.98, 0.260666666666667, 0.34, 0.495666666666667, 0.247666666666667, 0.157666666666667, 0.307, 0.324333333333333, 0.307666666666667, 0.1865, 0.273333333333333, 0.184, 0.261666666666667, 0.212, 0.2205, 0.404, 0.260333333333333, 0.321333333333333, 0.338666666666667, 0.275333333333333, 0.267666666666667, 0.274, 0.3105, 0.385, 0.243666666666667, 0.301, 0.318333333333333, 0.356, 0.342, 0.270666666666667, 0.325666666666667, 0.348333333333333, 0.327, 0.3105, 0.243333333333333, 0.274, 0.242, 0.243333333333333, 0.282, 0.316666666666667, 0.286, 0.345, 0.267, 0.224, 0.298666666666667, 0.353333333333333, 0.302666666666667, 0.284, 0.523666666666667, 0.404, 0.28, 0.275333333333333, 0.315333333333333, 0.276666666666667, 0.250333333333333, 0.342, 0.370333333333333, 0.269666666666667, 0.253, 0.489333333333333, 1.0, 0.361666666666667, 0.250333333333333, 0.232333333333333, 0.635666666666667, 0.251666666666667, 0.210666666666667, 0.283, 0.293666666666667, 0.314666666666667, 0.289333333333333, 0.224333333333333, 0.293333333333333, 0.321, 0.224666666666667, 0.326666666666667, 0.232666666666667, 0.291, 0.38, 0.300333333333333, 0.343, 0.504666666666667, 0.353, 0.4085, 0.333333333333333, 0.259333333333333, 0.307666666666667, 0.304333333333333, 0.327666666666667, 0.202333333333333, 0.267, 0.401333333333333, 0.271666666666667, 0.273333333333333, 0.458, 0.330333333333333, 0.422666666666667, 0.315666666666667, 0.377, 0.29, 0.404666666666667, 0.297333333333333, 0.317666666666667, 0.213333333333333, 0.189666666666667, 0.332, 0.331333333333333, 0.276333333333333, 0.183666666666667, 0.377666666666667, 0.346666666666667, 0.416, 0.271333333333333, 0.201, 0.381666666666667, 0.239333333333333, 0.214333333333333, 0.331333333333333, 0.356666666666667, 0.292, 0.277, 0.229666666666667, 0.244, 0.189666666666667, 0.249333333333333, 0.317666666666667, 0.465, 0.38, 0.381333333333333, 0.304, 0.397333333333333, 0.366666666666667, 0.471333333333333, 0.355666666666667, 0.569, 0.422333333333333, 0.29, 0.315, 0.272333333333333, 0.211, 0.280666666666667, 0.293, 0.345333333333333, 0.59, 0.363666666666667, 0.267333333333333, 0.309, 0.41, 0.343333333333333, 0.283, 0.200666666666667, 0.268, 0.308, 0.347666666666667, 0.349333333333333, 0.253, 0.211666666666667, 0.229333333333333, 0.238, 0.369666666666667, 0.158333333333333, 0.347, 0.302666666666667, 0.253333333333333, 0.197, 0.234666666666667, 0.307666666666667, 0.25, 0.277333333333333, 0.204333333333333, 0.187, 0.22, 0.206333333333333, 0.476, 0.311666666666667]",1
65,9606.ENSP00000331748,"[0.495666666666667, 0.405, 0.360333333333333, 0.418333333333333, 0.352333333333333, 0.340333333333333, 0.280666666666667, 0.402, 0.529333333333333, 0.143333333333333, 0.567666666666667, 0.346666666666667, 0.561666666666667, 0.158, 0.241666666666667, 0.284666666666667, 0.226666666666667, 0.224, 0.2205, 0.366333333333333, 0.272, 0.295333333333333, 0.284333333333333, 0.269, 0.274, 0.262333333333333, 0.2575, 0.367, 0.268, 0.340333333333333, 0.299, 0.29, 0.315, 0.260333333333333, 0.281666666666667, 0.346666666666667, 0.258, 0.2575, 0.213, 0.262333333333333, 0.278333333333333, 0.217333333333333, 0.221, 0.278, 0.264666666666667, 0.332, 0.259, 0.26, 0.261, 0.605666666666667, 0.504, 0.458666666666667, 0.462666666666667, 0.447, 0.244, 0.490666666666667, 0.689333333333333, 0.334666666666667, 0.413, 0.389, 0.306, 0.421666666666667, 0.468666666666667, 0.363333333333333, 0.361666666666667, 1.0, 0.645333333333333, 0.626, 0.371, 0.228, 0.252666666666667, 0.415333333333333, 0.345666666666667, 0.413, 0.381, 0.296, 0.331, 0.427, 0.163333333333333, 0.385333333333333, 0.257, 0.370666666666667, 0.365, 0.345666666666667, 0.341666666666667, 0.355666666666667, 0.236333333333333, 0.436, 0.306333333333333, 0.252666666666667, 0.348, 0.348333333333333, 0.341, 0.290333333333333, 0.294, 0.477333333333333, 0.277, 0.332333333333333, 0.389333333333333, 0.326, 0.41, 0.233, 0.399, 0.305, 0.398, 0.391666666666667, 0.362333333333333, 0.335, 0.262333333333333, 0.463666666666667, 0.43, 0.251333333333333, 0.311333333333333, 0.372666666666667, 0.599666666666667, 0.322, 0.356333333333333, 0.215, 0.36, 0.321666666666667, 0.216333333333333, 0.374666666666667, 0.452666666666667, 0.37, 0.505333333333333, 0.234666666666667, 0.285666666666667, 0.308333333333333, 0.489333333333333, 0.290666666666667, 0.486333333333333, 0.279, 0.290333333333333, 0.353, 0.293333333333333, 0.437333333333333, 0.468333333333333, 0.314333333333333, 0.473, 0.497666666666667, 0.327333333333333, 0.297333333333333, 0.315333333333333, 0.291666666666667, 0.292666666666667, 0.235, 0.452, 0.5725, 0.428666666666667, 0.334666666666667, 0.343666666666667, 0.429666666666667, 0.345666666666667, 0.366, 0.354333333333333, 0.326333333333333, 0.352, 0.354333333333333, 0.316333333333333, 0.398666666666667, 0.260333333333333, 0.256666666666667, 0.3, 0.368666666666667, 0.379666666666667, 0.365333333333333, 0.301666666666667, 0.461, 0.455, 0.402, 0.419666666666667, 0.335666666666667, 0.443333333333333, 0.315666666666667, 0.245666666666667, 0.277, 0.201333333333333, 0.435666666666667, 0.244666666666667]",1
66,9606.ENSP00000264710,"[0.494, 0.428333333333333, 0.334333333333333, 0.288333333333333, 0.239, 0.455333333333333, 0.385666666666667, 0.312333333333333, 0.493666666666667, 0.110666666666667, 0.411333333333333, 0.346, 0.412, 0.2995, 0.144333333333333, 0.289, 0.239333333333333, 0.2375, 0.3625, 0.274, 0.156333333333333, 0.240333333333333, 0.300333333333333, 0.153333333333333, 0.158, 0.147333333333333, 0.222, 0.343, 0.173333333333333, 0.376333333333333, 0.168333333333333, 0.264333333333333, 0.252, 0.146666666666667, 0.181666666666667, 0.209666666666667, 0.152333333333333, 0.222, 0.133, 0.147333333333333, 0.236666666666667, 0.165, 0.224666666666667, 0.161, 0.162, 0.293, 0.146, 0.181666666666667, 0.277, 0.648, 0.376666666666667, 0.386666666666667, 0.339666666666667, 0.350333333333333, 0.297, 0.518, 0.734333333333333, 0.400333333333333, 0.359666666666667, 0.364, 0.255333333333333, 0.371333333333333, 0.506666666666667, 0.313666666666667, 0.250333333333333, 0.645333333333333, 1.0, 0.648333333333333, 0.328666666666667, 0.173, 0.243333333333333, 0.457, 0.403, 0.396, 0.378333333333333, 0.400333333333333, 0.442333333333333, 0.396333333333333, 0.151666666666667, 0.268, 0.402666666666667, 0.439666666666667, 0.312333333333333, 0.449333333333333, 0.350333333333333, 0.267, 0.198666666666667, 0.3285, 0.264, 0.251, 0.401, 0.275666666666667, 0.422, 0.246333333333333, 0.229, 0.177666666666667, 0.247333333333333, 0.373666666666667, 0.298, 0.377, 0.321333333333333, 0.19, 0.423666666666667, 0.402666666666667, 0.303, 0.402666666666667, 0.270666666666667, 0.359, 0.346, 0.305666666666667, 0.414666666666667, 0.270333333333333, 0.310666666666667, 0.421, 0.535666666666667, 0.294333333333333, 0.327, 0.214, 0.360666666666667, 0.475, 0.338333333333333, 0.373, 0.502666666666667, 0.169, 0.359666666666667, 0.249666666666667, 0.342, 0.323, 0.508, 0.441333333333333, 0.398666666666667, 0.223, 0.226, 0.449, 0.198, 0.462333333333333, 0.302333333333333, 0.332666666666667, 0.319, 0.344666666666667, 0.279666666666667, 0.362333333333333, 0.434333333333333, 0.357, 0.317, 0.342666666666667, 0.485666666666667, 0.6365, 0.332666666666667, 0.404666666666667, 0.421, 0.350666666666667, 0.37, 0.4065, 0.476, 0.362, 0.415333333333333, 0.354, 0.197333333333333, 0.441333333333333, 0.371, 0.295333333333333, 0.399333333333333, 0.396, 0.424666666666667, 0.453, 0.367666666666667, 0.456666666666667, 0.471666666666667, 0.430666666666667, 0.528, 0.514, 0.476333333333333, 0.388666666666667, 0.328333333333333, 0.4365, 0.416, 0.358666666666667, 0.273333333333333]",2
67,9606.ENSP00000222256,"[0.396, 0.475666666666667, 0.388, 0.329333333333333, 0.223, 0.383, 0.296, 0.307, 0.588333333333333, 0.14, 0.438, 0.393333333333333, 0.442333333333333, 0.5015, 0.185333333333333, 0.274333333333333, 0.233333333333333, 0.208, 0.5515, 0.239, 0.212666666666667, 0.221333333333333, 0.260333333333333, 0.228666666666667, 0.234666666666667, 0.223333333333333, 0.205, 0.273, 0.227666666666667, 0.422333333333333, 0.249666666666667, 0.222333333333333, 0.229666666666667, 0.223333333333333, 0.250666666666667, 0.289, 0.246, 0.205, 0.131, 0.223333333333333, 0.239, 0.185333333333333, 0.214333333333333, 0.236666666666667, 0.239333333333333, 0.307666666666667, 0.222666666666667, 0.264333333333333, 0.265, 0.571666666666667, 0.412666666666667, 0.557333333333333, 0.343, 0.358, 0.295, 0.444333333333333, 0.68, 0.355666666666667, 0.347666666666667, 0.398, 0.305666666666667, 0.428333333333333, 0.419, 0.259, 0.232333333333333, 0.626, 0.648333333333333, 1.0, 0.293, 0.179, 0.212666666666667, 0.518, 0.495666666666667, 0.41, 0.402, 0.369, 0.430666666666667, 0.302333333333333, 0.124666666666667, 0.428333333333333, 0.455, 0.531333333333333, 0.355, 0.453333333333333, 0.418333333333333, 0.277666666666667, 0.507, 0.239, 0.297, 0.189333333333333, 0.448666666666667, 0.212666666666667, 0.391, 0.224666666666667, 0.179666666666667, 0.211, 0.256666666666667, 0.308, 0.266666666666667, 0.359333333333333, 0.249, 0.199333333333333, 0.456666666666667, 0.404666666666667, 0.312666666666667, 0.388333333333333, 0.209, 0.279666666666667, 0.309333333333333, 0.433666666666667, 0.300333333333333, 0.258, 0.254, 0.384666666666667, 0.573666666666667, 0.218, 0.313333333333333, 0.183, 0.417666666666667, 0.333, 0.315, 0.357, 0.557666666666667, 0.253333333333333, 0.396666666666667, 0.264333333333333, 0.377333333333333, 0.321333333333333, 0.484666666666667, 0.46, 0.408333333333333, 0.266666666666667, 0.252666666666667, 0.41, 0.233333333333333, 0.491333333333333, 0.289, 0.240333333333333, 0.3035, 0.381, 0.259333333333333, 0.323333333333333, 0.5, 0.354666666666667, 0.281333333333333, 0.322666666666667, 0.433333333333333, 0.6205, 0.418666666666667, 0.42, 0.445333333333333, 0.311666666666667, 0.439333333333333, 0.308, 0.453666666666667, 0.201, 0.443, 0.411333333333333, 0.248666666666667, 0.354333333333333, 0.377, 0.281333333333333, 0.401333333333333, 0.344, 0.515, 0.37, 0.463333333333333, 0.501333333333333, 0.515666666666667, 0.443, 0.496666666666667, 0.412666666666667, 0.509666666666667, 0.371666666666667, 0.38, 0.4325, 0.408, 0.301666666666667, 0.237]",1
68,9606.ENSP00000350386,"[0.354, 0.286, 0.358, 0.315, 0.6, 0.546333333333333, 0.411, 0.561, 0.266666666666667, 0.556666666666667, 0.285666666666667, 0.369666666666667, 0.279, 0.231, 0.214666666666667, 0.269666666666667, 0.289, 0.2435, 0.316, 0.269, 0.264666666666667, 0.204333333333333, 0.318, 0.244333333333333, 0.254666666666667, 0.246, 0.268, 0.498, 0.246333333333333, 0.376666666666667, 0.308, 0.234666666666667, 0.211666666666667, 0.242666666666667, 0.281, 0.267333333333333, 0.287, 0.268, 0.204666666666667, 0.246, 0.292, 0.223666666666667, 0.272666666666667, 0.289, 0.254333333333333, 0.246333333333333, 0.239, 0.234666666666667, 0.384, 0.396, 0.228, 0.307666666666667, 0.366333333333333, 0.253, 0.272, 0.607, 0.384333333333333, 0.639666666666667, 0.263, 0.387333333333333, 0.412333333333333, 0.415666666666667, 0.332, 0.899666666666667, 0.635666666666667, 0.371, 0.328666666666667, 0.293, 1.0, 0.208, 0.269333333333333, 0.338666666666667, 0.337, 0.374666666666667, 0.347333333333333, 0.269, 0.324666666666667, 0.422, 0.185333333333333, 0.335, 0.266, 0.304666666666667, 0.398666666666667, 0.313333333333333, 0.377, 0.457333333333333, 0.298333333333333, 0.3785, 0.248333333333333, 0.237666666666667, 0.193666666666667, 0.210666666666667, 0.274666666666667, 0.229333333333333, 0.296, 0.376333333333333, 0.336, 0.363666666666667, 0.317333333333333, 0.322333333333333, 0.287333333333333, 0.281666666666667, 0.288, 0.314, 0.368666666666667, 0.281, 0.227333333333333, 0.319, 0.330333333333333, 0.306666666666667, 0.413666666666667, 0.318333333333333, 0.317, 0.345666666666667, 0.338333333333333, 0.358666666666667, 0.259, 0.327, 0.358333333333333, 0.267, 0.297666666666667, 0.339666666666667, 0.434333333333333, 0.207, 0.264333333333333, 0.190666666666667, 0.223333333333333, 0.154, 0.279666666666667, 0.379333333333333, 0.398666666666667, 0.408666666666667, 0.413, 0.459333333333333, 0.455333333333333, 0.325, 0.249, 0.367, 0.316, 0.269666666666667, 0.428, 0.273, 0.349, 0.294, 0.348666666666667, 0.305, 0.376666666666667, 0.1245, 0.285666666666667, 0.268333333333333, 0.304333333333333, 0.371666666666667, 0.364, 0.126, 0.255, 0.18, 0.450333333333333, 0.372333333333333, 0.260666666666667, 0.346333333333333, 0.171666666666667, 0.193, 0.277, 0.305, 0.198666666666667, 0.268333333333333, 0.343666666666667, 0.384666666666667, 0.320666666666667, 0.295333333333333, 0.356333333333333, 0.256333333333333, 0.353333333333333, 0.290333333333333, 0.179666666666667, 0.272, 0.312666666666667, 0.3, 0.364666666666667]",1
69,9606.ENSP00000362873,"[0.242333333333333, 0.184333333333333, 0.161, 0.262333333333333, 0.237666666666667, 0.178, 0.215, 0.276333333333333, 0.144, 0.0956666666666667, 0.398666666666667, 0.213333333333333, 0.413333333333333, 0.8465, 0.541666666666667, 0.732333333333333, 0.397, 0.595, 0.886, 0.711, 0.857666666666667, 0.819666666666667, 0.651333333333333, 0.988333333333333, 0.951333333333333, 0.987333333333333, 0.972, 0.78, 0.852666666666667, 0.262333333333333, 0.922666666666667, 0.729333333333333, 0.805, 0.979, 0.898666666666667, 0.936666666666667, 0.950333333333333, 0.972, 0.853, 0.987333333333333, 0.882, 0.818666666666667, 0.578333333333333, 0.964, 0.951333333333333, 0.706, 1.0, 0.813666666666667, 0.264, 0.295666666666667, 0.444333333333333, 0.305333333333333, 0.356, 0.263666666666667, 0.189666666666667, 0.173, 0.203666666666667, 0.142, 0.241666666666667, 0.358666666666667, 0.251, 0.262333333333333, 0.215666666666667, 0.205333333333333, 0.251666666666667, 0.228, 0.173, 0.179, 0.208, 1.0, 0.482333333333333, 0.24, 0.193666666666667, 0.278666666666667, 0.229666666666667, 0.182, 0.206, 0.512666666666667, 0.815, 0.283333333333333, 0.224333333333333, 0.244666666666667, 0.311, 0.185333333333333, 0.266333333333333, 0.256333333333333, 0.233333333333333, 0.334, 0.228666666666667, 0.186666666666667, 0.185333333333333, 0.285666666666667, 0.181, 0.273333333333333, 0.258, 0.253333333333333, 0.215, 0.226333333333333, 0.236333333333333, 0.230333333333333, 0.252333333333333, 0.751, 0.249333333333333, 0.239, 0.281, 0.306333333333333, 0.285, 0.281333333333333, 0.221333333333333, 0.267333333333333, 0.287, 0.218333333333333, 0.389333333333333, 0.31, 0.239, 0.163, 0.179333333333333, 0.208333333333333, 0.281666666666667, 0.254333333333333, 0.120333333333333, 0.296666666666667, 0.339666666666667, 0.196, 0.237333333333333, 0.133333333333333, 0.176, 0.409, 0.247666666666667, 0.229, 0.270666666666667, 0.318666666666667, 0.256333333333333, 0.225, 0.253, 0.274, 0.247333333333333, 0.225666666666667, 0.27, 0.268, 0.259666666666667, 0.243, 0.222333333333333, 0.168333333333333, 0.246666666666667, 0.238, 0.272, 0.266, 0.204333333333333, 0.244, 0.22, 0.243333333333333, 0.256333333333333, 0.1845, 0.171, 0.174666666666667, 0.225333333333333, 0.271666666666667, 0.467666666666667, 0.232666666666667, 0.153333333333333, 0.203, 0.216333333333333, 0.227333333333333, 0.145666666666667, 0.193333333333333, 0.221, 0.164, 0.202, 0.149, 0.202666666666667, 0.173666666666667, 0.295, 0.211, 0.178666666666667, 0.2255, 0.171, 0.253333333333333, 0.278666666666667]",1
70,9606.ENSP00000378812,"[0.229, 0.232666666666667, 0.189, 0.214666666666667, 0.182, 0.246, 0.283666666666667, 0.419666666666667, 0.166, 0.165, 0.418, 0.264, 0.431333333333333, 0.7895, 0.348666666666667, 0.447666666666667, 0.462333333333333, 0.574, 0.869, 0.452333333333333, 0.434666666666667, 0.488, 0.497333333333333, 0.428666666666667, 0.476333333333333, 0.419666666666667, 0.6185, 0.837, 0.486, 0.376, 0.455666666666667, 0.384666666666667, 0.462333333333333, 0.424666666666667, 0.409, 0.375, 0.401333333333333, 0.6185, 0.383666666666667, 0.419666666666667, 0.458333333333333, 0.405, 0.472333333333333, 0.418666666666667, 0.410333333333333, 0.396666666666667, 0.448666666666667, 0.416666666666667, 0.330333333333333, 0.336, 0.400333333333333, 0.195666666666667, 0.384666666666667, 0.192666666666667, 0.241666666666667, 0.292666666666667, 0.256, 0.208666666666667, 0.244, 0.376, 0.283666666666667, 0.251666666666667, 0.231666666666667, 0.301, 0.210666666666667, 0.252666666666667, 0.243333333333333, 0.212666666666667, 0.269333333333333, 0.482333333333333, 1.0, 0.268, 0.2, 0.334, 0.302, 0.205, 0.218, 0.518666666666667, 0.304666666666667, 0.248, 0.340333333333333, 0.287, 0.287, 0.300333333333333, 0.321, 0.310666666666667, 0.249333333333333, 0.4055, 0.425, 0.434666666666667, 0.225333333333333, 0.23, 0.272, 0.515333333333333, 0.482, 0.379666666666667, 0.259333333333333, 0.371, 0.256333333333333, 0.293666666666667, 0.343, 0.498333333333333, 0.269333333333333, 0.27, 0.374333333333333, 0.327333333333333, 0.248666666666667, 0.430666666666667, 0.335333333333333, 0.196, 0.355, 0.523333333333333, 0.235333333333333, 0.319666666666667, 0.328333333333333, 0.346, 0.266666666666667, 0.481333333333333, 0.259, 0.261666666666667, 0.224333333333333, 0.349, 0.365666666666667, 0.135666666666667, 0.199, 0.193666666666667, 0.224333333333333, 0.548666666666667, 0.232, 0.223666666666667, 0.250666666666667, 0.365333333333333, 0.316333333333333, 0.315, 0.374666666666667, 0.275333333333333, 0.205666666666667, 0.297, 0.1635, 0.228666666666667, 0.670666666666667, 0.472666666666667, 0.248, 0.28, 0.521666666666667, 0.293666666666667, 0.308666666666667, 0.1345, 0.220666666666667, 0.225333333333333, 0.259, 0.342333333333333, 0.341666666666667, 0.154, 0.22, 0.216333333333333, 0.296, 0.343333333333333, 0.341666666666667, 0.218666666666667, 0.154, 0.159333333333333, 0.211666666666667, 0.370666666666667, 0.213333333333333, 0.265, 0.364, 0.152333333333333, 0.185333333333333, 0.123, 0.241666666666667, 0.219, 0.165333333333333, 0.405, 0.212, 0.2255, 0.255333333333333, 0.318, 0.447]",1
71,9606.ENSP00000298910,"[0.311, 0.504333333333333, 0.333, 0.356, 0.265333333333333, 0.369, 0.325333333333333, 0.412, 0.378, 0.719, 0.337, 0.337, 0.340666666666667, 0.554, 0.225, 0.388666666666667, 0.294333333333333, 0.247, 0.586, 0.255333333333333, 0.294, 0.263666666666667, 0.340666666666667, 0.286333333333333, 0.312, 0.280333333333333, 0.2675, 0.334, 0.303666666666667, 0.617, 0.318666666666667, 0.262, 0.261, 0.286666666666667, 0.352666666666667, 0.322333333333333, 0.292666666666667, 0.2675, 0.186333333333333, 0.280333333333333, 0.27, 0.244, 0.254666666666667, 0.303333333333333, 0.296666666666667, 0.333, 0.283333333333333, 0.374, 0.352, 0.525, 0.357666666666667, 0.386, 0.459666666666667, 0.35, 0.378, 0.414333333333333, 0.571333333333333, 0.436333333333333, 0.442, 0.659, 0.441, 0.354, 0.403333333333333, 0.298333333333333, 0.283, 0.415333333333333, 0.457, 0.518, 0.338666666666667, 0.24, 0.268, 1.0, 0.624666666666667, 0.545333333333333, 0.529333333333333, 0.461666666666667, 0.564333333333333, 0.359333333333333, 0.179666666666667, 0.484333333333333, 0.587666666666667, 0.648333333333333, 0.459, 0.606666666666667, 0.622, 0.403333333333333, 0.453666666666667, 0.3115, 0.293, 0.206666666666667, 0.397666666666667, 0.252666666666667, 0.424, 0.293333333333333, 0.197, 0.464666666666667, 0.299666666666667, 0.362, 0.336333333333333, 0.460666666666667, 0.294333333333333, 0.272666666666667, 0.559666666666667, 0.533, 0.399, 0.436, 0.256, 0.262, 0.362333333333333, 0.458666666666667, 0.318666666666667, 0.358, 0.206, 0.571666666666667, 0.497666666666667, 0.223, 0.327666666666667, 0.318333333333333, 0.519333333333333, 0.401666666666667, 0.378, 0.490333333333333, 0.572333333333333, 0.238333333333333, 0.382333333333333, 0.318666666666667, 0.431, 0.356666666666667, 0.495, 0.601333333333333, 0.51, 0.324, 0.319666666666667, 0.487666666666667, 0.297, 0.554333333333333, 0.295333333333333, 0.279333333333333, 0.262, 0.404333333333333, 0.415333333333333, 0.359, 0.548, 0.379666666666667, 0.397333333333333, 0.387, 0.526333333333333, 0.679, 0.472333333333333, 0.575, 0.584666666666667, 0.404666666666667, 0.651333333333333, 0.3005, 0.391333333333333, 0.432333333333333, 0.455666666666667, 0.614, 0.300666666666667, 0.448333333333333, 0.419333333333333, 0.371, 0.564, 0.379333333333333, 0.357, 0.353333333333333, 0.415333333333333, 0.319666666666667, 0.376, 0.319666666666667, 0.509666666666667, 0.329, 0.394333333333333, 0.460333333333333, 0.389, 0.4135, 0.440666666666667, 0.351, 0.304]",2
72,9606.ENSP00000419782,"[0.290333333333333, 0.523, 0.403333333333333, 0.396, 0.275333333333333, 0.333333333333333, 0.327333333333333, 0.402666666666667, 0.349666666666667, 0.242, 0.278333333333333, 0.341333333333333, 0.28, 0.325, 0.201, 0.197, 0.214333333333333, 0.146, 0.3765, 0.233, 0.228666666666667, 0.225666666666667, 0.322666666666667, 0.236, 0.24, 0.231333333333333, 0.1935, 0.254, 0.229, 0.533333333333333, 0.255666666666667, 0.260666666666667, 0.224, 0.24, 0.310333333333333, 0.273333333333333, 0.253333333333333, 0.1935, 0.156666666666667, 0.231333333333333, 0.253, 0.234, 0.194333333333333, 0.259333333333333, 0.253, 0.329, 0.236666666666667, 0.352, 0.336666666666667, 0.403666666666667, 0.274, 0.423666666666667, 0.44, 0.309, 0.417333333333333, 0.342, 0.511666666666667, 0.41, 0.356333333333333, 0.608333333333333, 0.441, 0.368, 0.346666666666667, 0.269333333333333, 0.293666666666667, 0.345666666666667, 0.403, 0.495666666666667, 0.337, 0.193666666666667, 0.2, 0.624666666666667, 1.0, 0.426666666666667, 0.396333333333333, 0.425333333333333, 0.426, 0.319333333333333, 0.161, 0.421666666666667, 0.56, 0.589666666666667, 0.471333333333333, 0.539666666666667, 0.556, 0.410666666666667, 0.252333333333333, 0.2, 0.340666666666667, 0.197333333333333, 0.309, 0.236333333333333, 0.393333333333333, 0.294333333333333, 0.200666666666667, 0.392, 0.245, 0.279, 0.258333333333333, 0.417666666666667, 0.206666666666667, 0.218, 0.645666666666667, 0.595666666666667, 0.424666666666667, 0.392, 0.227333333333333, 0.248, 0.315666666666667, 0.389666666666667, 0.305, 0.318333333333333, 0.180666666666667, 0.622, 0.48, 0.207333333333333, 0.221666666666667, 0.263, 0.541333333333333, 0.243666666666667, 0.307666666666667, 0.405666666666667, 0.439666666666667, 0.197, 0.319, 0.341333333333333, 0.404333333333333, 0.311, 0.453666666666667, 0.743, 0.562666666666667, 0.331, 0.346333333333333, 0.396, 0.313666666666667, 0.526333333333333, 0.277, 0.242333333333333, 0.2905, 0.386666666666667, 0.492, 0.394333333333333, 0.507, 0.355666666666667, 0.366333333333333, 0.288333333333333, 0.584333333333333, 0.7165, 0.452666666666667, 0.562333333333333, 0.505666666666667, 0.312666666666667, 0.721666666666667, 0.216, 0.408666666666667, 0.184, 0.429333333333333, 0.71, 0.282666666666667, 0.334333333333333, 0.453666666666667, 0.318, 0.468333333333333, 0.335333333333333, 0.356666666666667, 0.365, 0.478666666666667, 0.270333333333333, 0.320666666666667, 0.308, 0.463333333333333, 0.331666666666667, 0.383, 0.380666666666667, 0.348, 0.49, 0.425, 0.294, 0.320666666666667]",2
73,9606.ENSP00000351777,"[0.394666666666667, 0.508666666666667, 0.282333333333333, 0.405333333333333, 0.290666666666667, 0.384333333333333, 0.313333333333333, 0.548666666666667, 0.341666666666667, 0.587333333333333, 0.283666666666667, 0.411333333333333, 0.287, 0.4375, 0.178666666666667, 0.37, 0.288666666666667, 0.214, 0.4775, 0.309333333333333, 0.315333333333333, 0.303, 0.403666666666667, 0.306333333333333, 0.329333333333333, 0.302666666666667, 0.3195, 0.373, 0.301, 0.580666666666667, 0.343333333333333, 0.264666666666667, 0.299333333333333, 0.315, 0.343, 0.348, 0.301, 0.3195, 0.209333333333333, 0.302666666666667, 0.317666666666667, 0.249666666666667, 0.272333333333333, 0.334, 0.304666666666667, 0.36, 0.31, 0.326666666666667, 0.455333333333333, 0.486333333333333, 0.345, 0.403666666666667, 0.382, 0.33, 0.383, 0.464333333333333, 0.478333333333333, 0.393333333333333, 0.428333333333333, 0.578, 0.476, 0.361, 0.498333333333333, 0.388, 0.314666666666667, 0.413, 0.396, 0.41, 0.374666666666667, 0.278666666666667, 0.334, 0.545333333333333, 0.426666666666667, 1.0, 0.607, 0.413333333333333, 0.545333333333333, 0.456333333333333, 0.193333333333333, 0.489, 0.530666666666667, 0.547666666666667, 0.460333333333333, 0.541333333333333, 0.592666666666667, 0.451, 0.492333333333333, 0.4365, 0.315, 0.275, 0.378666666666667, 0.284666666666667, 0.462666666666667, 0.527666666666667, 0.314666666666667, 0.689666666666667, 0.305333333333333, 0.427666666666667, 0.451, 0.455666666666667, 0.447333333333333, 0.339666666666667, 0.412, 0.382, 0.519, 0.479666666666667, 0.304666666666667, 0.329, 0.42, 0.457666666666667, 0.378666666666667, 0.467666666666667, 0.184666666666667, 0.447666666666667, 0.499666666666667, 0.271, 0.394, 0.479, 0.467, 0.396666666666667, 0.385, 0.54, 0.587333333333333, 0.252333333333333, 0.382333333333333, 0.255333333333333, 0.341333333333333, 0.478666666666667, 0.451, 0.475666666666667, 0.391666666666667, 0.396, 0.379, 0.520666666666667, 0.384, 0.515333333333333, 0.345666666666667, 0.360666666666667, 0.266, 0.408666666666667, 0.550666666666667, 0.457666666666667, 0.494666666666667, 0.437333333333333, 0.470333333333333, 0.383, 0.461333333333333, 0.379, 0.395333333333333, 0.469666666666667, 0.491333333333333, 0.605, 0.526333333333333, 0.3715, 0.332, 0.389666666666667, 0.408, 0.479333333333333, 0.339, 0.429666666666667, 0.336333333333333, 0.396666666666667, 0.524666666666667, 0.424, 0.354333333333333, 0.373, 0.465333333333333, 0.379, 0.395666666666667, 0.257, 0.453666666666667, 0.282, 0.384333333333333, 0.552, 0.372333333333333, 0.365, 0.398, 0.488666666666667, 0.445666666666667]",1
74,9606.ENSP00000374455,"[0.332, 0.527, 0.347666666666667, 0.365, 0.260333333333333, 0.363666666666667, 0.343, 0.468666666666667, 0.318, 0.183, 0.274333333333333, 0.418666666666667, 0.28, 0.5365, 0.165, 0.534, 0.310333333333333, 0.222, 0.5605, 0.235333333333333, 0.176666666666667, 0.238666666666667, 0.339666666666667, 0.174333333333333, 0.193666666666667, 0.167666666666667, 0.2505, 0.402, 0.188666666666667, 0.539, 0.206333333333333, 0.221, 0.232666666666667, 0.179333333333333, 0.206333333333333, 0.207666666666667, 0.172, 0.2505, 0.155333333333333, 0.167666666666667, 0.264666666666667, 0.205666666666667, 0.268333333333333, 0.203666666666667, 0.180666666666667, 0.293666666666667, 0.175333333333333, 0.198666666666667, 0.35, 0.483666666666667, 0.265, 0.282, 0.347333333333333, 0.265333333333333, 0.379333333333333, 0.395, 0.490666666666667, 0.357, 0.412333333333333, 0.567, 0.567333333333333, 0.331, 0.446666666666667, 0.356333333333333, 0.289333333333333, 0.381, 0.378333333333333, 0.402, 0.347333333333333, 0.229666666666667, 0.302, 0.529333333333333, 0.396333333333333, 0.607, 1.0, 0.398, 0.537666666666667, 0.356666666666667, 0.156666666666667, 0.315, 0.536, 0.531333333333333, 0.465666666666667, 0.5, 0.639, 0.441666666666667, 0.570666666666667, 0.352, 0.303666666666667, 0.263333333333333, 0.413666666666667, 0.210333333333333, 0.447333333333333, 0.221333333333333, 0.273333333333333, 0.592333333333333, 0.332666666666667, 0.403666666666667, 0.413666666666667, 0.466666666666667, 0.362333333333333, 0.318333333333333, 0.369333333333333, 0.411666666666667, 0.352333333333333, 0.451333333333333, 0.234666666666667, 0.307333333333333, 0.417666666666667, 0.273333333333333, 0.336333333333333, 0.427, 0.193666666666667, 0.372333333333333, 0.442333333333333, 0.284333333333333, 0.418333333333333, 0.396, 0.476666666666667, 0.398, 0.416, 0.434, 0.493666666666667, 0.211, 0.330666666666667, 0.420666666666667, 0.416666666666667, 0.222, 0.429333333333333, 0.483666666666667, 0.323333333333333, 0.365333333333333, 0.363666666666667, 0.534, 0.351333333333333, 0.486666666666667, 0.279, 0.254333333333333, 0.1895, 0.351, 0.451666666666667, 0.386666666666667, 0.498, 0.423666666666667, 0.436333333333333, 0.408, 0.376, 0.216, 0.374, 0.482666666666667, 0.545333333333333, 0.584, 0.484, 0.253, 0.319333333333333, 0.264333333333333, 0.443666666666667, 0.448, 0.266333333333333, 0.439666666666667, 0.345666666666667, 0.344666666666667, 0.490333333333333, 0.327, 0.330666666666667, 0.359, 0.516666666666667, 0.381, 0.38, 0.267333333333333, 0.452, 0.297333333333333, 0.428666666666667, 0.474666666666667, 0.433, 0.389, 0.399666666666667, 0.408666666666667, 0.401]",2
75,9606.ENSP00000261349,"[0.304, 0.584333333333333, 0.280666666666667, 0.249666666666667, 0.213666666666667, 0.323, 0.286333333333333, 0.292, 0.338666666666667, 0.525, 0.206333333333333, 0.343333333333333, 0.205666666666667, 0.0955, 0.112, 0.202333333333333, 0.245666666666667, 0.167, 0.1565, 0.190333333333333, 0.3, 0.183, 0.272333333333333, 0.273666666666667, 0.285666666666667, 0.267666666666667, 0.211, 0.235, 0.284, 0.462333333333333, 0.283333333333333, 0.238333333333333, 0.185333333333333, 0.267666666666667, 0.355, 0.314666666666667, 0.281333333333333, 0.211, 0.164666666666667, 0.267666666666667, 0.201666666666667, 0.207, 0.185666666666667, 0.279666666666667, 0.299333333333333, 0.259333333333333, 0.266333333333333, 0.353666666666667, 0.342666666666667, 0.366666666666667, 0.275333333333333, 0.297666666666667, 0.335, 0.31, 0.447333333333333, 0.404, 0.403666666666667, 0.380333333333333, 0.370333333333333, 0.340666666666667, 0.292666666666667, 0.284666666666667, 0.386333333333333, 0.257666666666667, 0.224333333333333, 0.296, 0.400333333333333, 0.369, 0.269, 0.182, 0.205, 0.461666666666667, 0.425333333333333, 0.413333333333333, 0.398, 1.0, 0.516333333333333, 0.296333333333333, 0.327333333333333, 0.290666666666667, 0.389, 0.444666666666667, 0.328333333333333, 0.555666666666667, 0.395, 0.329666666666667, 0.216333333333333, 0.293, 0.263333333333333, 0.188333333333333, 0.487333333333333, 0.207333333333333, 0.388333333333333, 0.168666666666667, 0.175666666666667, 0.299, 0.249666666666667, 0.315, 0.306, 0.397, 0.273666666666667, 0.24, 0.390333333333333, 0.278666666666667, 0.329333333333333, 0.432, 0.211666666666667, 0.218333333333333, 0.329, 0.292, 0.365666666666667, 0.326333333333333, 0.208, 0.367, 0.375666666666667, 0.16, 0.304, 0.308333333333333, 0.410666666666667, 0.311666666666667, 0.487666666666667, 0.393, 0.403, 0.167333333333333, 0.316666666666667, 0.461666666666667, 0.472, 0.181666666666667, 0.391666666666667, 0.468333333333333, 0.332, 0.226666666666667, 0.238333333333333, 0.450666666666667, 0.223666666666667, 0.418666666666667, 0.251666666666667, 0.289333333333333, 0.1955, 0.316666666666667, 0.312, 0.354, 0.433666666666667, 0.517666666666667, 0.324, 0.312, 0.333666666666667, 0.713, 0.387333333333333, 0.465333333333333, 0.529333333333333, 0.383, 0.410333333333333, 0.415, 0.394333333333333, 0.26, 0.418333333333333, 0.404666666666667, 0.199666666666667, 0.534, 0.540333333333333, 0.408666666666667, 0.514, 0.449333333333333, 0.364333333333333, 0.441333333333333, 0.406333333333333, 0.332, 0.394333333333333, 0.345, 0.459333333333333, 0.374333333333333, 0.398333333333333, 0.451666666666667, 0.529333333333333, 0.3685, 0.346333333333333, 0.303333333333333, 0.296333333333333]",1
76,9606.ENSP00000339191,"[0.391, 0.536333333333333, 0.243666666666667, 0.297, 0.284333333333333, 0.392666666666667, 0.365333333333333, 0.386666666666667, 0.378333333333333, 0.515666666666667, 0.29, 0.341666666666667, 0.292, 0.3115, 0.142333333333333, 0.546666666666667, 0.289, 0.2255, 0.3945, 0.199666666666667, 0.185666666666667, 0.196, 0.32, 0.161333333333333, 0.182666666666667, 0.155333333333333, 0.232, 0.327, 0.173666666666667, 0.576333333333333, 0.178666666666667, 0.216333333333333, 0.196333333333333, 0.154333333333333, 0.214666666666667, 0.208333333333333, 0.172, 0.232, 0.148, 0.155333333333333, 0.237, 0.174333333333333, 0.215, 0.165333333333333, 0.174333333333333, 0.281333333333333, 0.153666666666667, 0.204666666666667, 0.358, 0.479333333333333, 0.292, 0.338, 0.343333333333333, 0.341, 0.379666666666667, 0.454666666666667, 0.474, 0.424, 0.425, 0.508, 0.391666666666667, 0.278666666666667, 0.444, 0.317, 0.293333333333333, 0.331, 0.442333333333333, 0.430666666666667, 0.324666666666667, 0.206, 0.218, 0.564333333333333, 0.426, 0.545333333333333, 0.537666666666667, 0.516333333333333, 1.0, 0.344333333333333, 0.161666666666667, 0.254666666666667, 0.496, 0.542666666666667, 0.384666666666667, 0.612, 0.548666666666667, 0.314, 0.577, 0.3205, 0.288, 0.182666666666667, 0.509333333333333, 0.233333333333333, 0.399666666666667, 0.226666666666667, 0.182333333333333, 0.444666666666667, 0.258333333333333, 0.308333333333333, 0.331666666666667, 0.427666666666667, 0.321, 0.289333333333333, 0.381333333333333, 0.319666666666667, 0.355333333333333, 0.514666666666667, 0.241333333333333, 0.291, 0.370333333333333, 0.367333333333333, 0.391, 0.394, 0.200666666666667, 0.392666666666667, 0.488, 0.213, 0.419, 0.365, 0.506666666666667, 0.380666666666667, 0.423, 0.449333333333333, 0.537666666666667, 0.134, 0.298666666666667, 0.307, 0.442, 0.310333333333333, 0.492, 0.490333333333333, 0.325, 0.266333333333333, 0.256666666666667, 0.595666666666667, 0.255333333333333, 0.497666666666667, 0.268333333333333, 0.324, 0.255, 0.309666666666667, 0.308666666666667, 0.306666666666667, 0.564666666666667, 0.500666666666667, 0.413666666666667, 0.405666666666667, 0.386666666666667, 0.683, 0.430666666666667, 0.539333333333333, 0.559, 0.471666666666667, 0.458666666666667, 0.342, 0.343, 0.342666666666667, 0.463, 0.41, 0.247333333333333, 0.517333333333333, 0.389, 0.511333333333333, 0.600333333333333, 0.405666666666667, 0.394666666666667, 0.422, 0.479666666666667, 0.439333333333333, 0.448333333333333, 0.33, 0.508, 0.394666666666667, 0.5, 0.5, 0.455666666666667, 0.405, 0.381, 0.346333333333333, 0.32]",1
77,9606.ENSP00000423673,"[0.378, 0.303, 0.398333333333333, 0.351333333333333, 0.283666666666667, 0.345666666666667, 0.288333333333333, 0.529333333333333, 0.248333333333333, 0.413333333333333, 0.490666666666667, 0.312333333333333, 0.497, 0.8045, 0.332666666666667, 0.403666666666667, 0.426666666666667, 0.508, 0.8625, 0.590666666666667, 0.46, 0.603, 0.626666666666667, 0.495666666666667, 0.499666666666667, 0.490666666666667, 0.7255, 0.773, 0.434333333333333, 0.429, 0.488333333333333, 0.519, 0.613333333333333, 0.494666666666667, 0.504, 0.483666666666667, 0.477333333333333, 0.7255, 0.440666666666667, 0.490666666666667, 0.499, 0.480666666666667, 0.436, 0.511, 0.482333333333333, 0.543333333333333, 0.491333333333333, 0.455, 0.469333333333333, 0.413666666666667, 0.457666666666667, 0.308666666666667, 0.451, 0.321, 0.288333333333333, 0.431666666666667, 0.378666666666667, 0.396, 0.281, 0.478333333333333, 0.376666666666667, 0.284, 0.319, 0.46, 0.321, 0.427, 0.396333333333333, 0.302333333333333, 0.422, 0.512666666666667, 0.518666666666667, 0.359333333333333, 0.319333333333333, 0.456333333333333, 0.356666666666667, 0.296333333333333, 0.344333333333333, 1.0, 0.400666666666667, 0.282, 0.332666666666667, 0.394, 0.328, 0.384666666666667, 0.381333333333333, 0.415333333333333, 0.326666666666667, 0.409, 0.388333333333333, 0.328, 0.302333333333333, 0.346666666666667, 0.363666666666667, 0.429, 0.459, 0.506333333333333, 0.279666666666667, 0.293333333333333, 0.300333333333333, 0.331333333333333, 0.348333333333333, 0.509666666666667, 0.377666666666667, 0.326666666666667, 0.426333333333333, 0.468, 0.369333333333333, 0.401333333333333, 0.361666666666667, 0.273333333333333, 0.476666666666667, 0.433333333333333, 0.335333333333333, 0.443333333333333, 0.468, 0.431333333333333, 0.32, 0.395666666666667, 0.345333333333333, 0.285333333333333, 0.251333333333333, 0.466, 0.479, 0.135333333333333, 0.278, 0.253, 0.283666666666667, 0.510666666666667, 0.388666666666667, 0.348666666666667, 0.362333333333333, 0.327666666666667, 0.287666666666667, 0.372, 0.309, 0.341666666666667, 0.330666666666667, 0.467333333333333, 0.3415, 0.356666666666667, 0.554666666666667, 0.439, 0.339666666666667, 0.387, 0.471333333333333, 0.329666666666667, 0.387, 0.4275, 0.254, 0.282333333333333, 0.363333333333333, 0.397333333333333, 0.390333333333333, 0.3225, 0.279666666666667, 0.227333333333333, 0.397, 0.427333333333333, 0.389666666666667, 0.351, 0.245, 0.292666666666667, 0.315666666666667, 0.461, 0.234666666666667, 0.359333333333333, 0.372666666666667, 0.244666666666667, 0.276, 0.214333333333333, 0.321333333333333, 0.243666666666667, 0.268, 0.375333333333333, 0.227, 0.3005, 0.301666666666667, 0.387, 0.444]",1
78,9606.ENSP00000389649,"[0.137333333333333, 0.138333333333333, 0.100333333333333, 0.171333333333333, 0.213, 0.101666666666667, 0.144666666666667, 0.219666666666667, 0.119333333333333, 0.0806666666666667, 0.236666666666667, 0.131, 0.237, 0.321, 0.285, 0.259, 0.255, 0.3845, 0.3715, 0.839666666666667, 0.772666666666667, 0.817666666666667, 0.771, 0.824, 0.795666666666667, 0.822666666666667, 0.7845, 0.682, 0.695, 0.187333333333333, 0.774, 0.856, 0.816, 0.816, 0.81, 0.776333333333333, 0.813333333333333, 0.7845, 0.857333333333333, 0.822666666666667, 0.752, 0.829, 0.329333333333333, 0.802333333333333, 0.818, 0.74, 0.815, 0.681333333333333, 0.183333333333333, 0.174333333333333, 0.347333333333333, 0.226333333333333, 0.306, 0.241666666666667, 0.184333333333333, 0.115, 0.136666666666667, 0.138333333333333, 0.185333333333333, 0.213, 0.207666666666667, 0.162666666666667, 0.169666666666667, 0.171333333333333, 0.224666666666667, 0.163333333333333, 0.151666666666667, 0.124666666666667, 0.185333333333333, 0.815, 0.304666666666667, 0.179666666666667, 0.161, 0.193333333333333, 0.156666666666667, 0.327333333333333, 0.161666666666667, 0.400666666666667, 1.0, 0.231666666666667, 0.14, 0.158666666666667, 0.211, 0.165, 0.183333333333333, 0.224333333333333, 0.212333333333333, 0.299, 0.2, 0.200333333333333, 0.175666666666667, 0.279666666666667, 0.151333333333333, 0.21, 0.194333333333333, 0.216333333333333, 0.146, 0.14, 0.212333333333333, 0.225, 0.214666666666667, 0.781333333333333, 0.197666666666667, 0.153666666666667, 0.213666666666667, 0.429666666666667, 0.251, 0.190333333333333, 0.165666666666667, 0.181666666666667, 0.465666666666667, 0.184333333333333, 0.381, 0.242333333333333, 0.190666666666667, 0.113, 0.161, 0.164, 0.194666666666667, 0.160333333333333, 0.137333333333333, 0.217, 0.222333333333333, 0.132, 0.134666666666667, 0.131666666666667, 0.164, 0.254333333333333, 0.288333333333333, 0.201333333333333, 0.208666666666667, 0.212666666666667, 0.169, 0.212333333333333, 0.169666666666667, 0.152333333333333, 0.19, 0.177333333333333, 0.1925, 0.205666666666667, 0.230333333333333, 0.248333333333333, 0.143666666666667, 0.127333333333333, 0.230666666666667, 0.213, 0.179333333333333, 0.3105, 0.138333333333333, 0.426, 0.151666666666667, 0.181, 0.188333333333333, 0.1245, 0.137333333333333, 0.143333333333333, 0.208, 0.203666666666667, 0.305, 0.156333333333333, 0.139333333333333, 0.139666666666667, 0.313, 0.245666666666667, 0.084, 0.205333333333333, 0.191, 0.136333333333333, 0.127333333333333, 0.176666666666667, 0.155666666666667, 0.186, 0.182666666666667, 0.152, 0.121333333333333, 0.2045, 0.169666666666667, 0.214333333333333, 0.225]",1
79,9606.ENSP00000366047,"[0.223, 0.267333333333333, 0.157, 0.368, 0.290666666666667, 0.197666666666667, 0.265666666666667, 0.430333333333333, 0.34, 0.232, 0.367333333333333, 0.241, 0.378, 0.3705, 0.312333333333333, 0.213, 0.225666666666667, 0.2685, 0.422, 0.269666666666667, 0.286, 0.295666666666667, 0.388666666666667, 0.282666666666667, 0.303, 0.272666666666667, 0.283, 0.547, 0.295, 0.606333333333333, 0.299333333333333, 0.344, 0.291, 0.291, 0.349333333333333, 0.316666666666667, 0.286, 0.283, 0.262, 0.272666666666667, 0.305, 0.353, 0.225333333333333, 0.317666666666667, 0.307666666666667, 0.282, 0.283333333333333, 0.290333333333333, 0.372666666666667, 0.500666666666667, 0.362333333333333, 0.309666666666667, 0.439, 0.38, 0.281333333333333, 0.285666666666667, 0.432666666666667, 0.251333333333333, 0.43, 0.480333333333333, 0.460666666666667, 0.363333333333333, 0.239, 0.232666666666667, 0.326666666666667, 0.385333333333333, 0.268, 0.428333333333333, 0.335, 0.283333333333333, 0.248, 0.484333333333333, 0.421666666666667, 0.489, 0.315, 0.290666666666667, 0.254666666666667, 0.282, 0.231666666666667, 1.0, 0.288333333333333, 0.388666666666667, 0.558666666666667, 0.303, 0.443666666666667, 0.469333333333333, 0.23, 0.3985, 0.242666666666667, 0.217333333333333, 0.244666666666667, 0.269666666666667, 0.356333333333333, 0.178333333333333, 0.236333333333333, 0.315, 0.385666666666667, 0.422666666666667, 0.322666666666667, 0.378666666666667, 0.313666666666667, 0.292333333333333, 0.459, 0.441333333333333, 0.415333333333333, 0.286333333333333, 0.270666666666667, 0.243666666666667, 0.286333333333333, 0.524666666666667, 0.244333333333333, 0.277666666666667, 0.166666666666667, 0.495, 0.474666666666667, 0.223, 0.259333333333333, 0.218666666666667, 0.440666666666667, 0.212333333333333, 0.338666666666667, 0.426, 0.451333333333333, 0.551666666666667, 0.571, 0.254333333333333, 0.259, 0.185333333333333, 0.298, 0.463666666666667, 0.438, 0.440333333333333, 0.434666666666667, 0.345333333333333, 0.407666666666667, 0.544333333333333, 0.479333333333333, 0.238333333333333, 0.4815, 0.608, 0.348, 0.319, 0.272, 0.306666666666667, 0.311, 0.266333333333333, 0.466333333333333, 0.419, 0.571666666666667, 0.595, 0.297333333333333, 0.301, 0.470666666666667, 0.264, 0.291666666666667, 0.262, 0.262, 0.450666666666667, 0.359, 0.318333333333333, 0.250333333333333, 0.232333333333333, 0.314333333333333, 0.387333333333333, 0.193333333333333, 0.322666666666667, 0.323333333333333, 0.179, 0.229666666666667, 0.194666666666667, 0.28, 0.284, 0.226, 0.441333333333333, 0.282666666666667, 0.4115, 0.294, 0.317, 0.289666666666667]",2
80,9606.ENSP00000340820,"[0.360333333333333, 0.440333333333333, 0.348666666666667, 0.329666666666667, 0.213666666666667, 0.403, 0.399, 0.376666666666667, 0.319, 0.333333333333333, 0.281333333333333, 0.396333333333333, 0.289, 0.439, 0.163666666666667, 0.430333333333333, 0.292666666666667, 0.242, 0.481, 0.192666666666667, 0.149333333333333, 0.219, 0.320333333333333, 0.175333333333333, 0.197666666666667, 0.168333333333333, 0.2525, 0.293, 0.189, 0.573333333333333, 0.207, 0.191666666666667, 0.216333333333333, 0.178333333333333, 0.225666666666667, 0.202333333333333, 0.182, 0.2525, 0.116, 0.168333333333333, 0.255333333333333, 0.219333333333333, 0.274, 0.195333333333333, 0.183, 0.312, 0.175333333333333, 0.310666666666667, 0.344, 0.451, 0.302333333333333, 0.378666666666667, 0.319666666666667, 0.266666666666667, 0.415666666666667, 0.395666666666667, 0.517333333333333, 0.403, 0.312, 0.585333333333333, 0.432, 0.305666666666667, 0.425, 0.259, 0.232666666666667, 0.257, 0.402666666666667, 0.455, 0.266, 0.224333333333333, 0.340333333333333, 0.587666666666667, 0.56, 0.530666666666667, 0.536, 0.389, 0.496, 0.332666666666667, 0.14, 0.288333333333333, 1.0, 0.675, 0.46, 0.592333333333333, 0.619, 0.336, 0.557333333333333, 0.216, 0.387333333333333, 0.259666666666667, 0.366666666666667, 0.168666666666667, 0.446333333333333, 0.444666666666667, 0.256333333333333, 0.445333333333333, 0.230333333333333, 0.359, 0.284, 0.477666666666667, 0.302666666666667, 0.276, 0.543666666666667, 0.526666666666667, 0.396666666666667, 0.442666666666667, 0.168, 0.361, 0.398, 0.239, 0.306666666666667, 0.412333333333333, 0.195, 0.556666666666667, 0.400333333333333, 0.209333333333333, 0.266333333333333, 0.369666666666667, 0.493, 0.396666666666667, 0.341333333333333, 0.460333333333333, 0.507333333333333, 0.111, 0.257, 0.315333333333333, 0.438, 0.504666666666667, 0.443666666666667, 0.576, 0.409, 0.311333333333333, 0.313666666666667, 0.46, 0.287666666666667, 0.527333333333333, 0.208333333333333, 0.285333333333333, 0.1765, 0.278666666666667, 0.538333333333333, 0.48, 0.602666666666667, 0.35, 0.444333333333333, 0.370333333333333, 0.453333333333333, 0.682, 0.412, 0.500333333333333, 0.565666666666667, 0.398666666666667, 0.592666666666667, 0.2715, 0.382, 0.189, 0.441, 0.546666666666667, 0.312, 0.392333333333333, 0.478, 0.425666666666667, 0.541, 0.389, 0.390333333333333, 0.313666666666667, 0.478333333333333, 0.313, 0.353666666666667, 0.241, 0.478666666666667, 0.297333333333333, 0.382333333333333, 0.479, 0.402666666666667, 0.471, 0.473, 0.341666666666667, 0.4]",2
81,9606.ENSP00000500990,"[0.380333333333333, 0.480666666666667, 0.480666666666667, 0.375666666666667, 0.27, 0.371, 0.309333333333333, 0.395, 0.391, 0.573333333333333, 0.323666666666667, 0.393666666666667, 0.327, 0.4885, 0.181666666666667, 0.435, 0.309333333333333, 0.2225, 0.5415, 0.287666666666667, 0.411, 0.291, 0.34, 0.411, 0.430333333333333, 0.403333333333333, 0.264, 0.323, 0.418666666666667, 0.649, 0.441333333333333, 0.266, 0.287, 0.409333333333333, 0.457333333333333, 0.457666666666667, 0.409666666666667, 0.264, 0.177666666666667, 0.403333333333333, 0.300666666666667, 0.231666666666667, 0.258666666666667, 0.430333333333333, 0.414, 0.361333333333333, 0.407333333333333, 0.494333333333333, 0.367666666666667, 0.501666666666667, 0.321333333333333, 0.411666666666667, 0.379666666666667, 0.337333333333333, 0.371333333333333, 0.409, 0.488, 0.389666666666667, 0.374, 0.595, 0.403666666666667, 0.334333333333333, 0.396, 0.301333333333333, 0.291, 0.370666666666667, 0.439666666666667, 0.531333333333333, 0.304666666666667, 0.244666666666667, 0.287, 0.648333333333333, 0.589666666666667, 0.547666666666667, 0.531333333333333, 0.444666666666667, 0.542666666666667, 0.394, 0.158666666666667, 0.388666666666667, 0.675, 1.0, 0.401666666666667, 0.599333333333333, 0.621333333333333, 0.384, 0.582666666666667, 0.2425, 0.378666666666667, 0.245333333333333, 0.42, 0.211, 0.533333333333333, 0.330333333333333, 0.224666666666667, 0.415, 0.301, 0.363, 0.310666666666667, 0.408, 0.276, 0.259666666666667, 0.508666666666667, 0.462, 0.463333333333333, 0.480333333333333, 0.227333333333333, 0.281333333333333, 0.378, 0.391666666666667, 0.395333333333333, 0.419666666666667, 0.214333333333333, 0.536333333333333, 0.465333333333333, 0.306666666666667, 0.308666666666667, 0.349, 0.506666666666667, 0.362666666666667, 0.367333333333333, 0.522666666666667, 0.562, 0.180333333333333, 0.343, 0.320333333333333, 0.452333333333333, 0.400666666666667, 0.474666666666667, 0.608333333333333, 0.459333333333333, 0.286333333333333, 0.269, 0.465333333333333, 0.281666666666667, 0.561, 0.321333333333333, 0.309666666666667, 0.305, 0.415, 0.566, 0.455, 0.620333333333333, 0.442, 0.415, 0.356333333333333, 0.447666666666667, 0.6865, 0.398333333333333, 0.503666666666667, 0.627, 0.422666666666667, 0.551333333333333, 0.3205, 0.435, 0.222333333333333, 0.495666666666667, 0.531, 0.350666666666667, 0.399666666666667, 0.499666666666667, 0.442333333333333, 0.571333333333333, 0.430333333333333, 0.414666666666667, 0.390333333333333, 0.457666666666667, 0.367, 0.423666666666667, 0.315666666666667, 0.525, 0.316666666666667, 0.396666666666667, 0.479666666666667, 0.421, 0.423, 0.440333333333333, 0.37, 0.341666666666667]",2
82,9606.ENSP00000284440,"[0.278, 0.490666666666667, 0.341, 0.369, 0.346, 0.343, 0.357333333333333, 0.490333333333333, 0.265333333333333, 0.338666666666667, 0.280666666666667, 0.385666666666667, 0.280666666666667, 0.294, 0.228, 0.427, 0.299666666666667, 0.2335, 0.337, 0.293666666666667, 0.299333333333333, 0.272333333333333, 0.386333333333333, 0.292333333333333, 0.304666666666667, 0.283333333333333, 0.291, 0.483, 0.303666666666667, 0.476666666666667, 0.337, 0.279333333333333, 0.268333333333333, 0.298333333333333, 0.338666666666667, 0.324333333333333, 0.308666666666667, 0.291, 0.232666666666667, 0.283333333333333, 0.336666666666667, 0.291333333333333, 0.293, 0.335666666666667, 0.306333333333333, 0.336333333333333, 0.291333333333333, 0.410666666666667, 0.310333333333333, 0.414, 0.309, 0.405333333333333, 0.386333333333333, 0.385, 0.388666666666667, 0.288, 0.436666666666667, 0.384333333333333, 0.423, 0.553, 0.51, 0.327, 0.316333333333333, 0.357666666666667, 0.38, 0.365, 0.312333333333333, 0.355, 0.398666666666667, 0.311, 0.287, 0.459, 0.471333333333333, 0.460333333333333, 0.465666666666667, 0.328333333333333, 0.384666666666667, 0.328, 0.211, 0.558666666666667, 0.46, 0.401666666666667, 1.0, 0.408333333333333, 0.503666666666667, 0.470333333333333, 0.283, 0.4505, 0.304333333333333, 0.215333333333333, 0.266666666666667, 0.257, 0.316333333333333, 0.219333333333333, 0.278, 0.527333333333333, 0.336666666666667, 0.372, 0.400666666666667, 0.498666666666667, 0.380666666666667, 0.322666666666667, 0.418, 0.457, 0.366, 0.330666666666667, 0.272333333333333, 0.281333333333333, 0.350333333333333, 0.464, 0.298, 0.327, 0.196, 0.463333333333333, 0.421666666666667, 0.293666666666667, 0.338666666666667, 0.308333333333333, 0.464333333333333, 0.319666666666667, 0.326333333333333, 0.37, 0.433333333333333, 0.329, 0.409, 0.337, 0.322666666666667, 0.19, 0.374666666666667, 0.484, 0.460333333333333, 0.449, 0.442, 0.401333333333333, 0.454666666666667, 0.565666666666667, 0.397, 0.305333333333333, 0.3965, 0.456, 0.389333333333333, 0.360333333333333, 0.410333333333333, 0.303, 0.386, 0.315, 0.437666666666667, 0.388, 0.516333333333333, 0.466, 0.43, 0.44, 0.483666666666667, 0.187, 0.256, 0.362, 0.442, 0.539333333333333, 0.304666666666667, 0.370666666666667, 0.310666666666667, 0.275333333333333, 0.355333333333333, 0.308666666666667, 0.230666666666667, 0.382666666666667, 0.445, 0.253333333333333, 0.251, 0.230666666666667, 0.358, 0.267333333333333, 0.369, 0.355333333333333, 0.272, 0.349, 0.359, 0.380333333333333, 0.344]",2
83,9606.ENSP00000284981,"[0.284666666666667, 0.597333333333333, 0.38, 0.339, 0.284666666666667, 0.404666666666667, 0.315, 0.381333333333333, 0.358333333333333, 0.578, 0.273, 0.374333333333333, 0.275, 0.3125, 0.132, 0.205, 0.265666666666667, 0.181, 0.339, 0.239666666666667, 0.157666666666667, 0.230666666666667, 0.353333333333333, 0.149, 0.17, 0.143, 0.212, 0.268, 0.161666666666667, 0.624, 0.176, 0.249, 0.223333333333333, 0.150666666666667, 0.215666666666667, 0.189, 0.170333333333333, 0.212, 0.129, 0.143, 0.193, 0.186, 0.226333333333333, 0.167333333333333, 0.165666666666667, 0.304666666666667, 0.153, 0.222333333333333, 0.415, 0.460666666666667, 0.291, 0.381333333333333, 0.379333333333333, 0.328666666666667, 0.440333333333333, 0.471, 0.508333333333333, 0.450333333333333, 0.428666666666667, 0.535666666666667, 0.366666666666667, 0.283666666666667, 0.478333333333333, 0.301333333333333, 0.300333333333333, 0.345666666666667, 0.449333333333333, 0.453333333333333, 0.313333333333333, 0.185333333333333, 0.300333333333333, 0.606666666666667, 0.539666666666667, 0.541333333333333, 0.5, 0.555666666666667, 0.612, 0.384666666666667, 0.165, 0.303, 0.592333333333333, 0.599333333333333, 0.408333333333333, 1.0, 0.572333333333333, 0.382, 0.217333333333333, 0.279, 0.365, 0.272, 0.469333333333333, 0.227333333333333, 0.453666666666667, 0.356, 0.235333333333333, 0.422333333333333, 0.273666666666667, 0.372, 0.345, 0.457333333333333, 0.331, 0.272333333333333, 0.439333333333333, 0.376666666666667, 0.356666666666667, 0.474333333333333, 0.229, 0.303, 0.362666666666667, 0.309666666666667, 0.374, 0.425666666666667, 0.147, 0.45, 0.467333333333333, 0.252333333333333, 0.283333333333333, 0.394, 0.49, 0.364, 0.501, 0.482666666666667, 0.526666666666667, 0.180666666666667, 0.275, 0.315666666666667, 0.446666666666667, 0.409666666666667, 0.484666666666667, 0.558333333333333, 0.359333333333333, 0.320666666666667, 0.312, 0.514, 0.283666666666667, 0.499, 0.269333333333333, 0.357666666666667, 0.212, 0.348333333333333, 0.383666666666667, 0.455333333333333, 0.526666666666667, 0.494333333333333, 0.454333333333333, 0.378, 0.406, 0.7315, 0.480333333333333, 0.592666666666667, 0.619, 0.419666666666667, 0.514666666666667, 0.3975, 0.407666666666667, 0.409333333333333, 0.461, 0.499666666666667, 0.248333333333333, 0.491, 0.425, 0.421, 0.621333333333333, 0.541, 0.409, 0.468666666666667, 0.448333333333333, 0.335, 0.372333333333333, 0.297, 0.523666666666667, 0.377, 0.433666666666667, 0.549666666666667, 0.462666666666667, 0.442, 0.436333333333333, 0.405333333333333, 0.372666666666667]",2
84,9606.ENSP00000355865,"[0.288, 0.652, 0.366666666666667, 0.471333333333333, 0.315333333333333, 0.377, 0.331333333333333, 0.533666666666667, 0.301, 0.283, 0.28, 0.416333333333333, 0.285, 0.581, 0.207333333333333, 0.544, 0.318333333333333, 0.2425, 0.6215, 0.263, 0.295333333333333, 0.273666666666667, 0.366666666666667, 0.298333333333333, 0.319666666666667, 0.290666666666667, 0.2985, 0.401, 0.295333333333333, 0.630666666666667, 0.333333333333333, 0.248, 0.269666666666667, 0.299666666666667, 0.356333333333333, 0.315666666666667, 0.297333333333333, 0.2985, 0.185666666666667, 0.290666666666667, 0.306666666666667, 0.255, 0.279333333333333, 0.324666666666667, 0.301666666666667, 0.356333333333333, 0.297, 0.337666666666667, 0.368333333333333, 0.466, 0.319333333333333, 0.396, 0.379666666666667, 0.301666666666667, 0.483333333333333, 0.368, 0.461333333333333, 0.397666666666667, 0.413, 0.665333333333333, 0.613, 0.383, 0.410666666666667, 0.366333333333333, 0.343, 0.341666666666667, 0.350333333333333, 0.418333333333333, 0.377, 0.266333333333333, 0.321, 0.622, 0.556, 0.592666666666667, 0.639, 0.395, 0.548666666666667, 0.381333333333333, 0.183333333333333, 0.443666666666667, 0.619, 0.621333333333333, 0.503666666666667, 0.572333333333333, 1.0, 0.517, 0.548333333333333, 0.3655, 0.304333333333333, 0.244333333333333, 0.365333333333333, 0.246666666666667, 0.409, 0.213333333333333, 0.263, 0.590333333333333, 0.285, 0.348333333333333, 0.408333333333333, 0.471, 0.352666666666667, 0.347666666666667, 0.424666666666667, 0.439666666666667, 0.423333333333333, 0.463, 0.272, 0.315, 0.413666666666667, 0.430333333333333, 0.349666666666667, 0.429, 0.214, 0.423333333333333, 0.481, 0.286666666666667, 0.396666666666667, 0.404666666666667, 0.531666666666667, 0.412333333333333, 0.399666666666667, 0.474, 0.559666666666667, 0.165666666666667, 0.284, 0.288333333333333, 0.422333333333333, 0.240666666666667, 0.451, 0.583333333333333, 0.376, 0.435666666666667, 0.382666666666667, 0.487333333333333, 0.407, 0.553666666666667, 0.272, 0.286, 0.2425, 0.353, 0.527666666666667, 0.363, 0.542, 0.380333333333333, 0.499333333333333, 0.469, 0.437333333333333, 0.356, 0.451666666666667, 0.593333333333333, 0.600333333333333, 0.540666666666667, 0.629666666666667, 0.2435, 0.357, 0.376333333333333, 0.479333333333333, 0.591, 0.325666666666667, 0.400333333333333, 0.356666666666667, 0.348333333333333, 0.508666666666667, 0.332333333333333, 0.377, 0.396333333333333, 0.505666666666667, 0.367333333333333, 0.348666666666667, 0.272666666666667, 0.484, 0.31, 0.419333333333333, 0.431333333333333, 0.374, 0.3695, 0.439666666666667, 0.409666666666667, 0.426333333333333]",1
85,9606.ENSP00000349156,"[0.286666666666667, 0.298333333333333, 0.425333333333333, 0.614666666666667, 0.461666666666667, 0.344333333333333, 0.353666666666667, 0.633333333333333, 0.264333333333333, 0.212333333333333, 0.314333333333333, 0.461666666666667, 0.315333333333333, 0.3455, 0.268333333333333, 0.214, 0.360333333333333, 0.238, 0.4325, 0.370666666666667, 0.295, 0.307, 0.406333333333333, 0.291333333333333, 0.299, 0.293, 0.301, 0.473, 0.276333333333333, 0.433333333333333, 0.352333333333333, 0.371333333333333, 0.323666666666667, 0.289666666666667, 0.369666666666667, 0.314, 0.302, 0.301, 0.230333333333333, 0.293, 0.294333333333333, 0.277666666666667, 0.307666666666667, 0.335666666666667, 0.312, 0.307333333333333, 0.286, 0.273666666666667, 0.496, 0.387666666666667, 0.333666666666667, 0.272666666666667, 0.547666666666667, 0.402, 0.310333333333333, 0.266333333333333, 0.346666666666667, 0.315666666666667, 0.360666666666667, 0.46, 0.561666666666667, 0.336333333333333, 0.265, 0.413333333333333, 0.504666666666667, 0.355666666666667, 0.267, 0.277666666666667, 0.457333333333333, 0.256333333333333, 0.310666666666667, 0.403333333333333, 0.410666666666667, 0.451, 0.441666666666667, 0.329666666666667, 0.314, 0.415333333333333, 0.224333333333333, 0.469333333333333, 0.336, 0.384, 0.470333333333333, 0.382, 0.517, 1.0, 0.424333333333333, 0.443, 0.312333333333333, 0.352333333333333, 0.323666666666667, 0.345333333333333, 0.417, 0.258333333333333, 0.377666666666667, 0.677333333333333, 0.410666666666667, 0.461333333333333, 0.384666666666667, 0.452, 0.361666666666667, 0.312, 0.423666666666667, 0.462, 0.495, 0.387, 0.360666666666667, 0.261666666666667, 0.388, 0.354333333333333, 0.389666666666667, 0.446333333333333, 0.166, 0.425333333333333, 0.445333333333333, 0.464333333333333, 0.311666666666667, 0.362666666666667, 0.417, 0.327666666666667, 0.376, 0.456666666666667, 0.434, 0.303, 0.368, 0.194, 0.335666666666667, 0.182333333333333, 0.293, 0.440666666666667, 0.438333333333333, 0.512, 0.522666666666667, 0.382333333333333, 0.513333333333333, 0.454666666666667, 0.402, 0.352333333333333, 0.4425, 0.447, 0.544333333333333, 0.405, 0.352, 0.340666666666667, 0.444666666666667, 0.421333333333333, 0.476333333333333, 0.263, 0.391, 0.364666666666667, 0.366666666666667, 0.528666666666667, 0.496666666666667, 0.24, 0.258666666666667, 0.239333333333333, 0.349666666666667, 0.533666666666667, 0.324, 0.253, 0.272333333333333, 0.202, 0.316333333333333, 0.441666666666667, 0.252666666666667, 0.466, 0.414333333333333, 0.197333333333333, 0.192666666666667, 0.196, 0.309333333333333, 0.269333333333333, 0.234333333333333, 0.329, 0.237666666666667, 0.4435, 0.347666666666667, 0.414333333333333, 0.443]",1
86,9606.ENSP00000223029,"[0.261, 0.213666666666667, 0.234333333333333, 0.337666666666667, 0.350666666666667, 0.223666666666667, 0.286333333333333, 0.713, 0.489333333333333, 0.137, 0.252333333333333, 0.289, 0.256333333333333, 0.487, 0.225666666666667, 0.206333333333333, 0.34, 0.2715, 0.625, 0.258333333333333, 0.193333333333333, 0.23, 0.286, 0.246, 0.238, 0.241666666666667, 0.3645, 0.464, 0.197, 0.554333333333333, 0.283333333333333, 0.228666666666667, 0.236333333333333, 0.236333333333333, 0.286333333333333, 0.273333333333333, 0.243333333333333, 0.3645, 0.206333333333333, 0.241666666666667, 0.264, 0.255, 0.306, 0.249666666666667, 0.249666666666667, 0.217, 0.233333333333333, 0.191333333333333, 0.303333333333333, 0.239, 0.233, 0.236, 0.347, 0.294, 0.227, 0.220333333333333, 0.190666666666667, 0.191, 0.220333333333333, 0.295666666666667, 0.567666666666667, 0.256666666666667, 0.223666666666667, 0.302666666666667, 0.353, 0.236333333333333, 0.198666666666667, 0.507, 0.298333333333333, 0.233333333333333, 0.249333333333333, 0.453666666666667, 0.252333333333333, 0.492333333333333, 0.570666666666667, 0.216333333333333, 0.577, 0.326666666666667, 0.212333333333333, 0.23, 0.557333333333333, 0.582666666666667, 0.283, 0.217333333333333, 0.548333333333333, 0.424333333333333, 1.0, 0.392, 0.289666666666667, 0.242666666666667, 0.591333333333333, 0.228666666666667, 0.256333333333333, 0.221666666666667, 0.289333333333333, 0.733, 0.267666666666667, 0.257333333333333, 0.373333333333333, 0.346666666666667, 0.342, 0.234333333333333, 0.262666666666667, 0.483333333333333, 0.351666666666667, 0.297, 0.236333333333333, 0.274333333333333, 0.294666666666667, 0.247, 0.367666666666667, 0.615666666666667, 0.217333333333333, 0.299, 0.564333333333333, 0.247, 0.541, 0.275333333333333, 0.258, 0.231333333333333, 0.191666666666667, 0.330666666666667, 0.291333333333333, 0.164, 0.235333333333333, 0.196333333333333, 0.197666666666667, 0.187333333333333, 0.27, 0.276, 0.309666666666667, 0.334333333333333, 0.325, 0.525333333333333, 0.336333333333333, 0.240333333333333, 0.377, 0.345333333333333, 0.325, 0.302333333333333, 0.492333333333333, 0.281, 0.506666666666667, 0.304666666666667, 0.314333333333333, 0.285333333333333, 0.316, 0.614, 0.220666666666667, 0.237333333333333, 0.597, 0.359, 0.296666666666667, 0.1895, 0.189333333333333, 0.201666666666667, 0.511666666666667, 0.273666666666667, 0.269, 0.223333333333333, 0.206333333333333, 0.236666666666667, 0.218333333333333, 0.329666666666667, 0.125666666666667, 0.312, 0.662, 0.385333333333333, 0.438666666666667, 0.202666666666667, 0.275666666666667, 0.224333333333333, 0.426, 0.509666666666667, 0.524666666666667, 0.3755, 0.540666666666667, 0.393666666666667, 0.332]",1
87,9606.ENSP00000272638,"[0.307, 0.273, 0.2495, 0.4065, 0.394, 0.2505, 0.305, 0.4635, 0.177, 0.1865, 0.3425, 0.2895, 0.335, 0.187, 0.352, 0.386, 0.4855, 0.398, 0.2995, 0.4075, 0.4075, 0.3255, 0.3315, 0.349, 0.417, 0.325, 0.3215, 0.529, 0.443, 0.3775, 0.4645, 0.311, 0.311, 0.311, 0.3925, 0.341, 0.3145, 0.3215, 0.3345, 0.325, 0.318, 0.32, 0.3685, 0.336, 0.3385, 0.2725, 0.334, 0.388, 0.2055, 0.3315, 0.2985, 0.271, 0.4285, 0.4255, 0.3785, 0.339, 0.2845, 0.366, 0.416, 0.399, 0.324, 0.2725, 0.255, 0.3945, 0.4085, 0.436, 0.3285, 0.239, 0.3785, 0.334, 0.4055, 0.3115, 0.2, 0.4365, 0.352, 0.293, 0.3205, 0.409, 0.299, 0.3985, 0.216, 0.2425, 0.4505, 0.279, 0.3655, 0.443, 0.392, 1.0, 0.2525, 0.235, 0.304, 0.41, 0.3325, 0.269, 0.3265, 0.641, 0.4265, 0.397, 0.5565, 0.384, 0.5735, 0.3855, 0.2475, 0.25, 0.4315, 0.303, 0.4545, 0.327, 0.3535, 0.4515, 0.4835, 0.316, 0.3125, 0.294, 0.4085, 0.4515, 0.694, 0.2835, 0.257, 0.2895, 0.245, 0.397, 0.354, 0.348, 0.3705, 0.41, 0.2745, 0.291, 0.366, 0.2195, 0.3945, 0.3695, 0.3325, 0.4095, 0.4035, 0.371, 0.457, 0.514, 0.512, 0.3865, 0.3755, 0.2445, 0.24, 0.249, 0.3905, 0.3635, 0.352, 0.3105, 0.4, 0.2865, 0.3575, 0.541, 0.2735, 0.35, 0.23, 0.598, 0.4035, 0.322, 0.293, 0.3645, 0.2075, 0.219, 0.226, 0.41, 0.1635, 0.294, 0.366, 0.25, 0.239, 0.2165, 0.262, 0.212, 0.242, 0.3195, 0.2195, 0.2, 0.2985, 0.5215, 0.2965]",0
90,9606.ENSP00000262629,"[0.336666666666667, 0.461666666666667, 0.234, 0.267666666666667, 0.315333333333333, 0.305, 0.322666666666667, 0.3, 0.482666666666667, 0.107666666666667, 0.379666666666667, 0.334666666666667, 0.382666666666667, 0.302, 0.155333333333333, 0.249666666666667, 0.310666666666667, 0.2445, 0.413, 0.268, 0.188, 0.254333333333333, 0.313, 0.174666666666667, 0.201, 0.164, 0.244, 0.344, 0.196, 0.405333333333333, 0.186666666666667, 0.292, 0.265333333333333, 0.157666666666667, 0.234666666666667, 0.242, 0.179333333333333, 0.244, 0.155333333333333, 0.164, 0.198333333333333, 0.196333333333333, 0.227333333333333, 0.157333333333333, 0.191333333333333, 0.269666666666667, 0.156333333333333, 0.183666666666667, 0.341666666666667, 0.398333333333333, 0.411666666666667, 0.251333333333333, 0.484666666666667, 0.399333333333333, 0.339333333333333, 0.326333333333333, 0.364666666666667, 0.252666666666667, 0.378, 0.339333333333333, 0.345666666666667, 0.238666666666667, 0.338333333333333, 0.186666666666667, 0.307666666666667, 0.348, 0.401, 0.448666666666667, 0.193666666666667, 0.185333333333333, 0.225333333333333, 0.397666666666667, 0.309, 0.378666666666667, 0.413666666666667, 0.487333333333333, 0.509333333333333, 0.302333333333333, 0.175666666666667, 0.244666666666667, 0.366666666666667, 0.42, 0.266666666666667, 0.469333333333333, 0.365333333333333, 0.323666666666667, 0.591333333333333, 0.304, 0.351333333333333, 0.231, 1.0, 0.238, 0.422333333333333, 0.142666666666667, 0.157666666666667, 0.374666666666667, 0.261666666666667, 0.361666666666667, 0.235333333333333, 0.322333333333333, 0.252333333333333, 0.275666666666667, 0.374, 0.304333333333333, 0.372666666666667, 0.415, 0.238333333333333, 0.264666666666667, 0.370666666666667, 0.287, 0.359666666666667, 0.349, 0.204666666666667, 0.359666666666667, 0.478333333333333, 0.264666666666667, 0.430666666666667, 0.260666666666667, 0.395, 0.349, 0.419, 0.441666666666667, 0.418333333333333, 0.133, 0.267333333333333, 0.308666666666667, 0.416333333333333, 0.243333333333333, 0.343, 0.33, 0.331333333333333, 0.188, 0.190333333333333, 0.452333333333333, 0.195333333333333, 0.37, 0.363, 0.282, 0.376, 0.328333333333333, 0.321, 0.299333333333333, 0.402, 0.483, 0.301, 0.283666666666667, 0.339666666666667, 0.74, 0.335, 0.378666666666667, 0.483666666666667, 0.404333333333333, 0.317333333333333, 0.4445, 0.361333333333333, 0.228333333333333, 0.366, 0.3, 0.218333333333333, 0.377333333333333, 0.380333333333333, 0.444, 0.402333333333333, 0.502333333333333, 0.350333333333333, 0.493333333333333, 0.444666666666667, 0.381333333333333, 0.405333333333333, 0.313333333333333, 0.441666666666667, 0.355666666666667, 0.445, 0.465666666666667, 0.547, 0.3055, 0.323333333333333, 0.296333333333333, 0.225]",0
91,9606.ENSP00000216484,"[0.24, 0.190333333333333, 0.217, 0.320666666666667, 0.305, 0.133666666666667, 0.155, 0.338666666666667, 0.193333333333333, 0.104, 0.277333333333333, 0.193, 0.278666666666667, 0.1315, 0.250666666666667, 0.172, 0.194, 0.2025, 0.2075, 0.372333333333333, 0.303333333333333, 0.321, 0.313666666666667, 0.328333333333333, 0.32, 0.318333333333333, 0.381, 0.352, 0.265333333333333, 0.217333333333333, 0.302333333333333, 0.372, 0.35, 0.305666666666667, 0.331333333333333, 0.315333333333333, 0.31, 0.381, 0.292666666666667, 0.318333333333333, 0.280666666666667, 0.288666666666667, 0.185666666666667, 0.305, 0.333, 0.303666666666667, 0.303333333333333, 0.262, 0.226666666666667, 0.274, 0.325, 0.298333333333333, 0.343, 0.375, 0.271666666666667, 0.173666666666667, 0.260666666666667, 0.165, 0.332666666666667, 0.283333333333333, 0.267, 0.179333333333333, 0.215, 0.182666666666667, 0.304333333333333, 0.348333333333333, 0.275666666666667, 0.212666666666667, 0.210666666666667, 0.285666666666667, 0.23, 0.252666666666667, 0.236333333333333, 0.284666666666667, 0.210333333333333, 0.207333333333333, 0.233333333333333, 0.346666666666667, 0.279666666666667, 0.269666666666667, 0.168666666666667, 0.211, 0.257, 0.227333333333333, 0.246666666666667, 0.345333333333333, 0.228666666666667, 0.41, 0.253666666666667, 0.268333333333333, 0.238, 1.0, 0.205, 0.305, 0.265, 0.313666666666667, 0.176666666666667, 0.204666666666667, 0.245, 0.236333333333333, 0.283666666666667, 0.286, 0.286333333333333, 0.235666666666667, 0.298333333333333, 0.272333333333333, 0.950333333333333, 0.221, 0.164333333333333, 0.314, 0.293666666666667, 0.257666666666667, 0.142333333333333, 0.282333333333333, 0.356, 0.224333333333333, 0.288, 0.216666666666667, 0.225333333333333, 0.211333333333333, 0.195666666666667, 0.283666666666667, 0.288666666666667, 0.196666666666667, 0.246333333333333, 0.165666666666667, 0.152666666666667, 0.273333333333333, 0.242666666666667, 0.231333333333333, 0.299333333333333, 0.219666666666667, 0.225666666666667, 0.213333333333333, 0.215, 0.255333333333333, 0.342666666666667, 0.272666666666667, 0.344, 0.313333333333333, 0.309, 0.305666666666667, 0.171333333333333, 0.160333333333333, 0.250666666666667, 0.218, 0.301333333333333, 0.3155, 0.26, 0.236, 0.205, 0.277, 0.238666666666667, 0.1965, 0.204, 0.398666666666667, 0.206, 0.275333333333333, 0.347333333333333, 0.265333333333333, 0.193666666666667, 0.192666666666667, 0.192, 0.283666666666667, 0.143, 0.235, 0.215, 0.153, 0.159666666666667, 0.174333333333333, 0.214333333333333, 0.175, 0.180333333333333, 0.251666666666667, 0.134666666666667, 0.171, 0.192333333333333, 0.295666666666667, 0.25]",0
92,9606.ENSP00000357727,"[0.376666666666667, 0.433666666666667, 0.338333333333333, 0.346333333333333, 0.301666666666667, 0.272333333333333, 0.339, 0.361333333333333, 0.299333333333333, 0.423, 0.328666666666667, 0.316, 0.337, 0.3455, 0.131, 0.211333333333333, 0.326333333333333, 0.219, 0.4085, 0.277333333333333, 0.199, 0.258, 0.324666666666667, 0.154, 0.202333333333333, 0.151, 0.2245, 0.338, 0.185333333333333, 0.472, 0.228, 0.254333333333333, 0.263, 0.157, 0.208333333333333, 0.227666666666667, 0.154, 0.2245, 0.138, 0.151, 0.211333333333333, 0.176666666666667, 0.230333333333333, 0.183666666666667, 0.157666666666667, 0.268666666666667, 0.154333333333333, 0.201, 0.4, 0.49, 0.249333333333333, 0.246333333333333, 0.394666666666667, 0.373333333333333, 0.297666666666667, 0.372666666666667, 0.415, 0.296333333333333, 0.397, 0.406666666666667, 0.333666666666667, 0.275, 0.344666666666667, 0.283666666666667, 0.327666666666667, 0.341, 0.422, 0.391, 0.274666666666667, 0.181, 0.272, 0.424, 0.393333333333333, 0.462666666666667, 0.447333333333333, 0.388333333333333, 0.399666666666667, 0.363666666666667, 0.151333333333333, 0.356333333333333, 0.446333333333333, 0.533333333333333, 0.316333333333333, 0.453666666666667, 0.409, 0.417, 0.256333333333333, 0.3325, 0.343, 0.267, 0.422333333333333, 0.205, 1.0, 0.181333333333333, 0.233333333333333, 0.403666666666667, 0.483, 0.486333333333333, 0.323, 0.391333333333333, 0.319666666666667, 0.260666666666667, 0.423333333333333, 0.441, 0.432, 0.442666666666667, 0.222333333333333, 0.241, 0.347, 0.292, 0.407, 0.382333333333333, 0.176, 0.438666666666667, 0.432, 0.405333333333333, 0.296666666666667, 0.311333333333333, 0.407666666666667, 0.321666666666667, 0.412333333333333, 0.543, 0.434666666666667, 0.205333333333333, 0.348666666666667, 0.320666666666667, 0.362333333333333, 0.211666666666667, 0.456666666666667, 0.444333333333333, 0.432666666666667, 0.274666666666667, 0.290333333333333, 0.424333333333333, 0.283666666666667, 0.485, 0.409333333333333, 0.262666666666667, 0.3815, 0.435333333333333, 0.562, 0.397333333333333, 0.425666666666667, 0.540666666666667, 0.383333333333333, 0.396333333333333, 0.406333333333333, 0.7355, 0.307, 0.371666666666667, 0.458666666666667, 0.414, 0.425333333333333, 0.3895, 0.398333333333333, 0.216333333333333, 0.344666666666667, 0.412, 0.242333333333333, 0.340666666666667, 0.462, 0.426333333333333, 0.499333333333333, 0.446666666666667, 0.275666666666667, 0.427666666666667, 0.387333333333333, 0.28, 0.347, 0.237333333333333, 0.415666666666667, 0.303, 0.304666666666667, 0.493333333333333, 0.384333333333333, 0.472, 0.378333333333333, 0.387666666666667, 0.35]",0
95,9606.ENSP00000357876,"[0.194333333333333, 0.396, 0.200333333333333, 0.499333333333333, 0.390333333333333, 0.259, 0.216666666666667, 0.741666666666667, 0.263333333333333, 0.0833333333333333, 0.136333333333333, 0.363, 0.136333333333333, 0.161, 0.182333333333333, 0.133, 0.207333333333333, 0.1275, 0.2255, 0.318666666666667, 0.218, 0.262, 0.319666666666667, 0.215, 0.215, 0.218, 0.327, 0.449, 0.163666666666667, 0.511333333333333, 0.258333333333333, 0.247, 0.265666666666667, 0.232333333333333, 0.306666666666667, 0.211666666666667, 0.218, 0.327, 0.218, 0.218, 0.289333333333333, 0.243666666666667, 0.285333333333333, 0.242, 0.215, 0.244333333333333, 0.224333333333333, 0.193, 0.313, 0.270333333333333, 0.320666666666667, 0.261333333333333, 0.422666666666667, 0.329, 0.228333333333333, 0.225, 0.375666666666667, 0.163666666666667, 0.468333333333333, 0.489333333333333, 0.625333333333333, 0.265666666666667, 0.432333333333333, 0.397666666666667, 0.401333333333333, 0.477333333333333, 0.177666666666667, 0.211, 0.376333333333333, 0.253333333333333, 0.379666666666667, 0.464666666666667, 0.392, 0.689666666666667, 0.592333333333333, 0.299, 0.444666666666667, 0.506333333333333, 0.216333333333333, 0.315, 0.445333333333333, 0.415, 0.527333333333333, 0.422333333333333, 0.590333333333333, 0.677333333333333, 0.733, 0.641, 0.347666666666667, 0.354666666666667, 0.374666666666667, 0.313666666666667, 0.403666666666667, 0.622, 0.451, 1.0, 0.298333333333333, 0.494666666666667, 0.519, 0.503, 0.603, 0.266333333333333, 0.294666666666667, 0.374333333333333, 0.507, 0.393666666666667, 0.319, 0.336666666666667, 0.404, 0.331666666666667, 0.349333333333333, 0.480666666666667, 0.126, 0.369, 0.456666666666667, 0.246333333333333, 0.509333333333333, 0.426666666666667, 0.336, 0.363333333333333, 0.369666666666667, 0.477, 0.421333333333333, 0.351333333333333, 0.364333333333333, 0.178333333333333, 0.311333333333333, 0.435666666666667, 0.377333333333333, 0.358333333333333, 0.346333333333333, 0.396, 0.418, 0.272666666666667, 0.414333333333333, 0.491333333333333, 0.481333333333333, 0.412, 0.33, 0.449666666666667, 0.579, 0.474333333333333, 0.368, 0.368, 0.509, 0.386333333333333, 0.489666666666667, 0.1245, 0.386333333333333, 0.414, 0.388666666666667, 0.744666666666667, 0.551, 0.2935, 0.134333333333333, 0.371, 0.338666666666667, 0.56, 0.386, 0.356666666666667, 0.355666666666667, 0.343666666666667, 0.452, 0.486666666666667, 0.188, 0.382666666666667, 0.392, 0.201333333333333, 0.179333333333333, 0.126333333333333, 0.299666666666667, 0.122333333333333, 0.247, 0.488666666666667, 0.330666666666667, 0.1535, 0.365666666666667, 0.583666666666667, 0.459]",0
98,9606.ENSP00000388107,"[0.259333333333333, 0.330666666666667, 0.21, 0.488666666666667, 0.438, 0.260333333333333, 0.293, 0.486333333333333, 0.260333333333333, 0.150666666666667, 0.183333333333333, 0.404, 0.184333333333333, 0.1915, 0.243666666666667, 0.180666666666667, 0.253, 0.2135, 0.274, 0.277, 0.2, 0.244, 0.295666666666667, 0.225, 0.216, 0.216, 0.324, 0.485, 0.193333333333333, 0.366666666666667, 0.240666666666667, 0.220666666666667, 0.240333333333333, 0.222333333333333, 0.26, 0.270333333333333, 0.207, 0.324, 0.224333333333333, 0.216, 0.248, 0.231333333333333, 0.289666666666667, 0.243666666666667, 0.216, 0.279666666666667, 0.222, 0.187, 0.279, 0.341333333333333, 0.246, 0.269666666666667, 0.336333333333333, 0.317666666666667, 0.308333333333333, 0.337666666666667, 0.358333333333333, 0.236333333333333, 0.310333333333333, 0.370666666666667, 0.433, 0.298666666666667, 0.413, 0.355, 0.458, 0.389333333333333, 0.298, 0.266666666666667, 0.317333333333333, 0.236333333333333, 0.256333333333333, 0.336333333333333, 0.258333333333333, 0.451, 0.413666666666667, 0.306, 0.331666666666667, 0.300333333333333, 0.212333333333333, 0.322666666666667, 0.284, 0.310666666666667, 0.400666666666667, 0.345, 0.408333333333333, 0.384666666666667, 0.373333333333333, 0.5565, 0.285, 0.236333333333333, 0.235333333333333, 0.245, 0.323, 0.289333333333333, 0.283333333333333, 0.519, 0.240666666666667, 0.305, 1.0, 0.67, 0.822, 0.291666666666667, 0.29, 0.24, 0.342333333333333, 0.341, 0.263333333333333, 0.378666666666667, 0.396333333333333, 0.323333333333333, 0.305, 0.292, 0.198, 0.305333333333333, 0.303666666666667, 0.211333333333333, 0.35, 0.292333333333333, 0.322666666666667, 0.319666666666667, 0.258666666666667, 0.381333333333333, 0.375666666666667, 0.371, 0.374, 0.224, 0.242666666666667, 0.211, 0.336, 0.308, 0.381333333333333, 0.364333333333333, 0.362, 0.369, 0.357, 0.402333333333333, 0.426333333333333, 0.332333333333333, 0.245, 0.408333333333333, 0.455, 0.305, 0.329666666666667, 0.298666666666667, 0.316, 0.310333333333333, 0.305666666666667, 0.557, 0.388, 0.315333333333333, 0.346333333333333, 0.513, 0.354, 0.3275, 0.254, 0.485, 0.370333333333333, 0.304666666666667, 0.286666666666667, 0.343333333333333, 0.243666666666667, 0.214, 0.360333333333333, 0.364666666666667, 0.207666666666667, 0.275, 0.371666666666667, 0.333, 0.304333333333333, 0.264, 0.326666666666667, 0.265, 0.333333333333333, 0.314, 0.249, 0.2845, 0.306666666666667, 0.900666666666667, 0.351666666666667]",0
99,9606.ENSP00000478771,"[0.324, 0.410666666666667, 0.282, 0.347333333333333, 0.32, 0.382333333333333, 0.399333333333333, 0.431666666666667, 0.248333333333333, 0.178666666666667, 0.315333333333333, 0.472333333333333, 0.315666666666667, 0.377, 0.221333333333333, 0.259, 0.326333333333333, 0.2815, 0.463, 0.233666666666667, 0.193333333333333, 0.239666666666667, 0.367, 0.215666666666667, 0.218, 0.206, 0.308, 0.555, 0.210333333333333, 0.478333333333333, 0.23, 0.263, 0.238, 0.216333333333333, 0.288666666666667, 0.242666666666667, 0.220666666666667, 0.308, 0.188, 0.206, 0.267, 0.267, 0.303333333333333, 0.221666666666667, 0.235666666666667, 0.309, 0.212333333333333, 0.264333333333333, 0.357333333333333, 0.431666666666667, 0.323, 0.29, 0.364, 0.372666666666667, 0.36, 0.364, 0.472666666666667, 0.352, 0.37, 0.498666666666667, 0.489333333333333, 0.3, 0.402666666666667, 0.331666666666667, 0.330333333333333, 0.326, 0.377, 0.359333333333333, 0.322333333333333, 0.230333333333333, 0.293666666666667, 0.460666666666667, 0.417666666666667, 0.455666666666667, 0.466666666666667, 0.397, 0.427666666666667, 0.331333333333333, 0.225, 0.378666666666667, 0.477666666666667, 0.408, 0.498666666666667, 0.457333333333333, 0.471, 0.452, 0.346666666666667, 0.384, 0.311333333333333, 0.242, 0.322333333333333, 0.236333333333333, 0.391333333333333, 0.201333333333333, 0.252, 0.503, 0.313, 0.359, 0.67, 1.0, 0.686666666666667, 0.308333333333333, 0.355666666666667, 0.356, 0.322, 0.422666666666667, 0.224333333333333, 0.340333333333333, 0.346333333333333, 0.300666666666667, 0.310666666666667, 0.308666666666667, 0.244333333333333, 0.417, 0.363666666666667, 0.234666666666667, 0.359333333333333, 0.32, 0.404, 0.375333333333333, 0.394666666666667, 0.400666666666667, 0.442333333333333, 0.27, 0.346666666666667, 0.286333333333333, 0.340666666666667, 0.276666666666667, 0.410666666666667, 0.460333333333333, 0.367333333333333, 0.407, 0.413, 0.476666666666667, 0.374333333333333, 0.449666666666667, 0.321, 0.291, 0.2205, 0.357, 0.464, 0.393333333333333, 0.454666666666667, 0.434666666666667, 0.402, 0.476, 0.378333333333333, 0.6885, 0.427333333333333, 0.436666666666667, 0.417333333333333, 0.486666666666667, 0.454, 0.333, 0.342, 0.378333333333333, 0.427333333333333, 0.423333333333333, 0.273666666666667, 0.451666666666667, 0.355333333333333, 0.312666666666667, 0.438666666666667, 0.419, 0.269333333333333, 0.377666666666667, 0.463666666666667, 0.358, 0.347, 0.316666666666667, 0.437333333333333, 0.353666666666667, 0.410333333333333, 0.386, 0.305333333333333, 0.48, 0.398666666666667, 0.595, 0.372333333333333]",0
100,9606.ENSP00000441543,"[0.271333333333333, 0.266666666666667, 0.154, 0.44, 0.415, 0.250666666666667, 0.28, 0.529333333333333, 0.205666666666667, 0.151, 0.248, 0.381333333333333, 0.248, 0.183, 0.248333333333333, 0.203666666666667, 0.254, 0.2335, 0.294, 0.318333333333333, 0.201666666666667, 0.26, 0.324666666666667, 0.23, 0.220666666666667, 0.218333333333333, 0.3265, 0.578, 0.199666666666667, 0.353666666666667, 0.235333333333333, 0.235333333333333, 0.258, 0.227, 0.247333333333333, 0.261333333333333, 0.209, 0.3265, 0.231333333333333, 0.218333333333333, 0.27, 0.240333333333333, 0.282, 0.233333333333333, 0.220666666666667, 0.275, 0.226, 0.185, 0.304333333333333, 0.357333333333333, 0.305666666666667, 0.273333333333333, 0.359333333333333, 0.324, 0.247, 0.380666666666667, 0.356666666666667, 0.189333333333333, 0.304, 0.360666666666667, 0.399666666666667, 0.265333333333333, 0.393333333333333, 0.331333333333333, 0.422666666666667, 0.41, 0.321333333333333, 0.249, 0.287333333333333, 0.252333333333333, 0.343, 0.294333333333333, 0.206666666666667, 0.447333333333333, 0.362333333333333, 0.273666666666667, 0.321, 0.348333333333333, 0.214666666666667, 0.313666666666667, 0.302666666666667, 0.276, 0.380666666666667, 0.331, 0.352666666666667, 0.361666666666667, 0.342, 0.5735, 0.347, 0.296333333333333, 0.252333333333333, 0.283666666666667, 0.319666666666667, 0.578, 0.441, 0.603, 0.233, 0.384, 0.822, 0.686666666666667, 1.0, 0.301666666666667, 0.228666666666667, 0.195, 0.381666666666667, 0.376, 0.300666666666667, 0.372666666666667, 0.251, 0.291333333333333, 0.337, 0.323333333333333, 0.201, 0.335, 0.309666666666667, 0.218333333333333, 0.359666666666667, 0.340666666666667, 0.261333333333333, 0.294666666666667, 0.273666666666667, 0.376666666666667, 0.353333333333333, 0.384, 0.370333333333333, 0.184, 0.199666666666667, 0.52, 0.300666666666667, 0.244, 0.394, 0.341, 0.324333333333333, 0.377, 0.335, 0.346333333333333, 0.456333333333333, 0.399, 0.259, 0.381, 0.547666666666667, 0.369333333333333, 0.277666666666667, 0.317, 0.366, 0.289666666666667, 0.307666666666667, 0.53, 0.368333333333333, 0.267666666666667, 0.298666666666667, 0.492666666666667, 0.303333333333333, 0.376, 0.239666666666667, 0.498666666666667, 0.315666666666667, 0.279666666666667, 0.319, 0.346333333333333, 0.201666666666667, 0.234, 0.319, 0.45, 0.187, 0.267333333333333, 0.328, 0.313666666666667, 0.277, 0.234333333333333, 0.304666666666667, 0.24, 0.304, 0.375666666666667, 0.221333333333333, 0.2405, 0.268666666666667, 0.827666666666667, 0.393666666666667]",0
102,9606.ENSP00000483424,"[0.443666666666667, 0.395333333333333, 0.402666666666667, 0.536, 0.341666666666667, 0.331333333333333, 0.401333333333333, 0.391333333333333, 0.414, 0.153, 0.411, 0.348666666666667, 0.42, 0.364, 0.256666666666667, 0.236, 0.277666666666667, 0.253, 0.4005, 0.302666666666667, 0.261666666666667, 0.313, 0.359, 0.293666666666667, 0.302, 0.287666666666667, 0.291, 0.27, 0.289333333333333, 0.414333333333333, 0.307333333333333, 0.335666666666667, 0.320333333333333, 0.290333333333333, 0.342, 0.352666666666667, 0.294, 0.291, 0.188666666666667, 0.287666666666667, 0.265, 0.257, 0.257, 0.323666666666667, 0.301666666666667, 0.404666666666667, 0.287666666666667, 0.359666666666667, 0.346, 0.465, 0.378333333333333, 0.398, 0.567666666666667, 0.412333333333333, 0.389666666666667, 0.375666666666667, 0.499666666666667, 0.347, 0.310333333333333, 0.565666666666667, 0.356333333333333, 0.374333333333333, 0.334, 0.239, 0.377, 0.399, 0.423666666666667, 0.456666666666667, 0.288, 0.249333333333333, 0.269333333333333, 0.559666666666667, 0.645666666666667, 0.412, 0.369333333333333, 0.390333333333333, 0.381333333333333, 0.377666666666667, 0.197666666666667, 0.459, 0.543666666666667, 0.508666666666667, 0.418, 0.439333333333333, 0.424666666666667, 0.423666666666667, 0.262666666666667, 0.2475, 0.39, 0.305, 0.374, 0.286333333333333, 0.423333333333333, 0.294333333333333, 0.245666666666667, 0.294666666666667, 0.269, 0.295333333333333, 0.29, 0.355666666666667, 0.228666666666667, 0.258666666666667, 1.0, 0.695666666666667, 0.449, 0.415, 0.280333333333333, 0.289333333333333, 0.310666666666667, 0.457, 0.344, 0.356333333333333, 0.195, 0.746666666666667, 0.505666666666667, 0.287666666666667, 0.252666666666667, 0.291666666666667, 0.492666666666667, 0.350333333333333, 0.263, 0.463, 0.483333333333333, 0.224666666666667, 0.312666666666667, 0.38, 0.418, 0.357333333333333, 0.419, 0.577333333333333, 0.642333333333333, 0.332333333333333, 0.391, 0.369333333333333, 0.302333333333333, 0.511666666666667, 0.351333333333333, 0.306, 0.3725, 0.426333333333333, 0.382, 0.419333333333333, 0.511, 0.288666666666667, 0.352, 0.256333333333333, 0.648333333333333, 0.705, 0.390666666666667, 0.451333333333333, 0.448666666666667, 0.308, 0.659666666666667, 0.244, 0.43, 0.214333333333333, 0.420666666666667, 0.660333333333333, 0.343666666666667, 0.297333333333333, 0.466666666666667, 0.351, 0.396666666666667, 0.405666666666667, 0.394, 0.374, 0.442333333333333, 0.329, 0.380666666666667, 0.311333333333333, 0.470666666666667, 0.382, 0.357333333333333, 0.370333333333333, 0.376666666666667, 0.5175, 0.456333333333333, 0.357666666666667, 0.344666666666667]",0
103,9606.ENSP00000262891,"[0.332666666666667, 0.332, 0.371, 0.444333333333333, 0.259, 0.429333333333333, 0.443, 0.432666666666667, 0.393333333333333, 0.154333333333333, 0.317333333333333, 0.337, 0.323, 0.373, 0.248666666666667, 0.229666666666667, 0.315666666666667, 0.249, 0.3855, 0.275, 0.245333333333333, 0.274333333333333, 0.312666666666667, 0.282666666666667, 0.288333333333333, 0.279, 0.2785, 0.238, 0.276666666666667, 0.387, 0.319, 0.256333333333333, 0.277, 0.281666666666667, 0.323333333333333, 0.304333333333333, 0.286, 0.2785, 0.167666666666667, 0.279, 0.250666666666667, 0.242666666666667, 0.281666666666667, 0.313666666666667, 0.291, 0.309666666666667, 0.279666666666667, 0.363333333333333, 0.385, 0.462, 0.278666666666667, 0.349, 0.491, 0.336333333333333, 0.324, 0.311, 0.499, 0.402666666666667, 0.307333333333333, 0.540666666666667, 0.452, 0.329, 0.347333333333333, 0.262666666666667, 0.29, 0.305, 0.402666666666667, 0.404666666666667, 0.314, 0.239, 0.27, 0.533, 0.595666666666667, 0.382, 0.411666666666667, 0.278666666666667, 0.319666666666667, 0.326666666666667, 0.153666666666667, 0.441333333333333, 0.526666666666667, 0.462, 0.457, 0.376666666666667, 0.439666666666667, 0.462, 0.483333333333333, 0.25, 0.3, 0.253333333333333, 0.304333333333333, 0.235666666666667, 0.441, 0.282, 0.247333333333333, 0.374333333333333, 0.302, 0.321666666666667, 0.24, 0.356, 0.195, 0.254, 0.695666666666667, 1.0, 0.429333333333333, 0.285, 0.248666666666667, 0.233, 0.311666666666667, 0.395, 0.283, 0.358666666666667, 0.198, 0.618666666666667, 0.426, 0.260333333333333, 0.254, 0.315666666666667, 0.397, 0.425, 0.262333333333333, 0.484666666666667, 0.442333333333333, 0.198333333333333, 0.320333333333333, 0.263666666666667, 0.326333333333333, 0.331333333333333, 0.350333333333333, 0.546, 0.611, 0.422333333333333, 0.525, 0.347333333333333, 0.389333333333333, 0.472, 0.275333333333333, 0.264333333333333, 0.278, 0.321333333333333, 0.307333333333333, 0.387, 0.452333333333333, 0.273666666666667, 0.361333333333333, 0.390666666666667, 0.645666666666667, 0.2415, 0.359, 0.386333333333333, 0.419333333333333, 0.320333333333333, 0.597333333333333, 0.1615, 0.334666666666667, 0.204333333333333, 0.402, 0.613333333333333, 0.300666666666667, 0.257333333333333, 0.373666666666667, 0.229333333333333, 0.332333333333333, 0.298, 0.275, 0.305, 0.413, 0.206666666666667, 0.260666666666667, 0.189, 0.345333333333333, 0.281, 0.284333333333333, 0.350333333333333, 0.259, 0.541, 0.473333333333333, 0.268, 0.417333333333333]",0
104,9606.ENSP00000012443,"[0.396333333333333, 0.255333333333333, 0.256, 0.384333333333333, 0.392, 0.252333333333333, 0.300666666666667, 0.595, 0.36, 0.135666666666667, 0.369333333333333, 0.315333333333333, 0.368666666666667, 0.201, 0.214333333333333, 0.226666666666667, 0.298666666666667, 0.251, 0.2955, 0.399666666666667, 0.362333333333333, 0.351333333333333, 0.412333333333333, 0.311666666666667, 0.339, 0.310333333333333, 0.325, 0.499, 0.334333333333333, 0.425, 0.374666666666667, 0.327333333333333, 0.354333333333333, 0.323, 0.354333333333333, 0.346, 0.305333333333333, 0.325, 0.253, 0.310333333333333, 0.32, 0.277, 0.276, 0.332, 0.306666666666667, 0.346666666666667, 0.316, 0.344, 0.443333333333333, 0.394333333333333, 0.405333333333333, 0.429, 0.554, 0.486666666666667, 0.353666666666667, 0.320666666666667, 0.349333333333333, 0.287, 0.297333333333333, 0.423333333333333, 0.402666666666667, 0.416333333333333, 0.323333333333333, 0.365666666666667, 0.404666666666667, 0.398, 0.303, 0.312666666666667, 0.368666666666667, 0.281, 0.374333333333333, 0.399, 0.424666666666667, 0.519, 0.352333333333333, 0.329333333333333, 0.355333333333333, 0.426333333333333, 0.213666666666667, 0.415333333333333, 0.396666666666667, 0.463333333333333, 0.366, 0.356666666666667, 0.423333333333333, 0.495, 0.351666666666667, 0.4315, 0.441666666666667, 0.347, 0.372666666666667, 0.298333333333333, 0.432, 0.606333333333333, 0.375, 0.507, 0.288333333333333, 0.441, 0.342333333333333, 0.322, 0.381666666666667, 0.310333333333333, 0.449, 0.429333333333333, 1.0, 0.409666666666667, 0.312, 0.315333333333333, 0.356333333333333, 0.433333333333333, 0.447333333333333, 0.491333333333333, 0.188, 0.499666666666667, 0.504, 0.409333333333333, 0.298333333333333, 0.458, 0.508333333333333, 0.282, 0.215333333333333, 0.511, 0.475, 0.230333333333333, 0.315666666666667, 0.263333333333333, 0.291666666666667, 0.497666666666667, 0.318333333333333, 0.382666666666667, 0.501333333333333, 0.510666666666667, 0.533333333333333, 0.385, 0.548333333333333, 0.415, 0.409, 0.313666666666667, 0.4585, 0.411333333333333, 0.627, 0.413, 0.372666666666667, 0.34, 0.478333333333333, 0.297666666666667, 0.479, 0.622, 0.368666666666667, 0.326, 0.396333333333333, 0.456666666666667, 0.453333333333333, 0.392, 0.268, 0.211666666666667, 0.385, 0.465666666666667, 0.374, 0.242, 0.299333333333333, 0.343666666666667, 0.363333333333333, 0.442, 0.252333333333333, 0.393333333333333, 0.386, 0.252, 0.253, 0.195666666666667, 0.365333333333333, 0.203666666666667, 0.236, 0.424, 0.303, 0.2765, 0.286, 0.433, 0.496333333333333]",0
105,9606.ENSP00000378487,"[0.422333333333333, 0.372, 0.297666666666667, 0.334, 0.288, 0.326, 0.308666666666667, 0.347, 0.406333333333333, 0.152666666666667, 0.436, 0.390666666666667, 0.433666666666667, 0.257, 0.217333333333333, 0.312, 0.384666666666667, 0.3125, 0.353, 0.373666666666667, 0.41, 0.365, 0.420333333333333, 0.410666666666667, 0.420666666666667, 0.398333333333333, 0.355, 0.604, 0.403, 0.485, 0.404666666666667, 0.383333333333333, 0.367666666666667, 0.407, 0.446, 0.425666666666667, 0.419666666666667, 0.355, 0.276, 0.398333333333333, 0.378, 0.324666666666667, 0.295, 0.405666666666667, 0.423, 0.423666666666667, 0.402333333333333, 0.401333333333333, 0.406333333333333, 0.419, 0.434, 0.343, 0.432666666666667, 0.32, 0.309, 0.409666666666667, 0.444, 0.265333333333333, 0.321666666666667, 0.453, 0.383666666666667, 0.289, 0.423333333333333, 0.277666666666667, 0.297333333333333, 0.391666666666667, 0.402666666666667, 0.388333333333333, 0.281, 0.306333333333333, 0.327333333333333, 0.436, 0.392, 0.479666666666667, 0.451333333333333, 0.432, 0.514666666666667, 0.468, 0.429666666666667, 0.286333333333333, 0.442666666666667, 0.480333333333333, 0.330666666666667, 0.474333333333333, 0.463, 0.387, 0.297, 0.303, 0.374666666666667, 0.276333333333333, 0.415, 0.272333333333333, 0.442666666666667, 0.324, 0.287, 0.393666666666667, 0.262666666666667, 0.351666666666667, 0.341, 0.422666666666667, 0.376, 0.381, 0.415, 0.285, 0.409666666666667, 1.0, 0.283, 0.374, 0.382666666666667, 0.303333333333333, 0.459333333333333, 0.372666666666667, 0.441333333333333, 0.431333333333333, 0.409666666666667, 0.256666666666667, 0.366666666666667, 0.358666666666667, 0.454333333333333, 0.327, 0.362666666666667, 0.460666666666667, 0.524333333333333, 0.141333333333333, 0.326, 0.243666666666667, 0.452333333333333, 0.425, 0.470333333333333, 0.394333333333333, 0.34, 0.280666666666667, 0.263333333333333, 0.506333333333333, 0.254333333333333, 0.418, 0.337333333333333, 0.296666666666667, 0.301, 0.383333333333333, 0.554333333333333, 0.348, 0.481, 0.447333333333333, 0.433333333333333, 0.4, 0.357666666666667, 0.695, 0.365666666666667, 0.432333333333333, 0.482666666666667, 0.452666666666667, 0.457333333333333, 0.4935, 0.386666666666667, 0.389666666666667, 0.398, 0.408333333333333, 0.338666666666667, 0.376666666666667, 0.392666666666667, 0.435666666666667, 0.494, 0.44, 0.427333333333333, 0.426333333333333, 0.443, 0.430666666666667, 0.439666666666667, 0.332333333333333, 0.460666666666667, 0.336333333333333, 0.384333333333333, 0.400333333333333, 0.403, 0.35, 0.27, 0.410666666666667, 0.357666666666667]",0
106,9606.ENSP00000262554,"[0.255666666666667, 0.201333333333333, 0.261333333333333, 0.333333333333333, 0.308666666666667, 0.144333333333333, 0.146, 0.353666666666667, 0.206333333333333, 0.126666666666667, 0.293666666666667, 0.23, 0.293666666666667, 0.151, 0.254333333333333, 0.175333333333333, 0.219333333333333, 0.2055, 0.218, 0.372666666666667, 0.3, 0.323, 0.299666666666667, 0.323333333333333, 0.316, 0.314, 0.374, 0.361, 0.267333333333333, 0.252666666666667, 0.303666666666667, 0.330333333333333, 0.349333333333333, 0.305, 0.309666666666667, 0.321, 0.306666666666667, 0.374, 0.288, 0.314, 0.284666666666667, 0.271333333333333, 0.195333333333333, 0.313666666666667, 0.316, 0.306333333333333, 0.302666666666667, 0.264333333333333, 0.259666666666667, 0.28, 0.324666666666667, 0.309333333333333, 0.339, 0.374, 0.282333333333333, 0.192333333333333, 0.264333333333333, 0.183666666666667, 0.351333333333333, 0.311, 0.274, 0.199, 0.219333333333333, 0.200333333333333, 0.317666666666667, 0.362333333333333, 0.270666666666667, 0.209, 0.227333333333333, 0.285, 0.248666666666667, 0.256, 0.227333333333333, 0.304666666666667, 0.234666666666667, 0.211666666666667, 0.241333333333333, 0.369333333333333, 0.251, 0.270666666666667, 0.168, 0.227333333333333, 0.272333333333333, 0.229, 0.272, 0.360666666666667, 0.236333333333333, 0.4545, 0.268666666666667, 0.256, 0.238333333333333, 0.950333333333333, 0.222333333333333, 0.313, 0.310333333333333, 0.319, 0.208, 0.215, 0.263333333333333, 0.224333333333333, 0.300666666666667, 0.282666666666667, 0.280333333333333, 0.248666666666667, 0.312, 0.283, 1.0, 0.236666666666667, 0.176333333333333, 0.332, 0.346, 0.275666666666667, 0.145666666666667, 0.282666666666667, 0.364666666666667, 0.245333333333333, 0.328333333333333, 0.234666666666667, 0.218, 0.224333333333333, 0.190333333333333, 0.304, 0.313333333333333, 0.21, 0.270333333333333, 0.198, 0.164, 0.274333333333333, 0.265333333333333, 0.208666666666667, 0.318333333333333, 0.227333333333333, 0.238, 0.221333333333333, 0.236, 0.273, 0.347666666666667, 0.327, 0.3445, 0.311333333333333, 0.340666666666667, 0.281333333333333, 0.182333333333333, 0.2, 0.256666666666667, 0.234333333333333, 0.311, 0.336, 0.281333333333333, 0.229333333333333, 0.231, 0.308333333333333, 0.240333333333333, 0.22, 0.215, 0.400333333333333, 0.242666666666667, 0.281666666666667, 0.363666666666667, 0.265, 0.194333333333333, 0.182666666666667, 0.204666666666667, 0.280666666666667, 0.146, 0.231333333333333, 0.251666666666667, 0.161333333333333, 0.167333333333333, 0.141, 0.217333333333333, 0.162, 0.182333333333333, 0.271666666666667, 0.133, 0.173, 0.184, 0.31, 0.273]",0
107,9606.ENSP00000261366,"[0.351666666666667, 0.257, 0.182666666666667, 0.261, 0.204333333333333, 0.374333333333333, 0.374666666666667, 0.375, 0.345333333333333, 0.0966666666666667, 0.378, 0.347333333333333, 0.377333333333333, 0.3625, 0.238666666666667, 0.329333333333333, 0.296666666666667, 0.3455, 0.5155, 0.262666666666667, 0.193666666666667, 0.290333333333333, 0.343, 0.250666666666667, 0.242333333333333, 0.239, 0.36, 0.673, 0.221333333333333, 0.311, 0.225, 0.22, 0.290333333333333, 0.261666666666667, 0.231666666666667, 0.249666666666667, 0.230666666666667, 0.36, 0.205666666666667, 0.239, 0.329, 0.276, 0.317, 0.257333333333333, 0.242333333333333, 0.314333333333333, 0.257, 0.203333333333333, 0.334333333333333, 0.374333333333333, 0.367333333333333, 0.278666666666667, 0.242, 0.216333333333333, 0.214, 0.377333333333333, 0.381, 0.240333333333333, 0.224, 0.336666666666667, 0.297666666666667, 0.273333333333333, 0.404666666666667, 0.352666666666667, 0.213333333333333, 0.335, 0.359, 0.279666666666667, 0.319, 0.281333333333333, 0.430666666666667, 0.262, 0.248, 0.329, 0.307333333333333, 0.218333333333333, 0.291, 0.401333333333333, 0.190333333333333, 0.243666666666667, 0.361, 0.281333333333333, 0.281333333333333, 0.303, 0.315, 0.261666666666667, 0.274333333333333, 0.327, 0.389, 0.326333333333333, 0.264666666666667, 0.221, 0.241, 0.472, 0.381666666666667, 0.336666666666667, 0.116666666666667, 0.247666666666667, 0.378666666666667, 0.340333333333333, 0.372666666666667, 0.304666666666667, 0.289333333333333, 0.233, 0.315333333333333, 0.374, 0.236666666666667, 1.0, 0.651666666666667, 0.266333333333333, 0.405333333333333, 0.374333333333333, 0.335666666666667, 0.351, 0.316333333333333, 0.219666666666667, 0.269666666666667, 0.385666666666667, 0.275333333333333, 0.351666666666667, 0.221333333333333, 0.328333333333333, 0.371, 0.121333333333333, 0.219666666666667, 0.171666666666667, 0.222, 0.526666666666667, 0.302333333333333, 0.267333333333333, 0.260333333333333, 0.315, 0.304, 0.362666666666667, 0.292, 0.263, 0.208, 0.313, 0.175, 0.203, 0.560666666666667, 0.401333333333333, 0.362666666666667, 0.278, 0.394333333333333, 0.253, 0.362666666666667, 0.5005, 0.255, 0.271333333333333, 0.287, 0.326666666666667, 0.306333333333333, 0.257, 0.281666666666667, 0.221, 0.310666666666667, 0.257666666666667, 0.261, 0.315, 0.178333333333333, 0.211333333333333, 0.264333333333333, 0.388, 0.248333333333333, 0.298, 0.365, 0.335333333333333, 0.311333333333333, 0.250333333333333, 0.332, 0.27, 0.34, 0.351666666666667, 0.218333333333333, 0.2235, 0.233, 0.416333333333333, 0.391666666666667]",0
108,9606.ENSP00000357283,"[0.350333333333333, 0.366333333333333, 0.232333333333333, 0.22, 0.174666666666667, 0.471333333333333, 0.361666666666667, 0.381666666666667, 0.436, 0.128666666666667, 0.274, 0.448666666666667, 0.281666666666667, 0.494, 0.184, 0.293, 0.355666666666667, 0.2815, 0.5845, 0.211333333333333, 0.186333333333333, 0.235333333333333, 0.323, 0.194666666666667, 0.209333333333333, 0.183666666666667, 0.274, 0.566, 0.202666666666667, 0.428, 0.225, 0.205666666666667, 0.231333333333333, 0.208333333333333, 0.220333333333333, 0.193333333333333, 0.193, 0.274, 0.158, 0.183666666666667, 0.282, 0.255, 0.310333333333333, 0.216666666666667, 0.202666666666667, 0.243333333333333, 0.203, 0.212, 0.329666666666667, 0.381, 0.343333333333333, 0.271, 0.297333333333333, 0.242, 0.231333333333333, 0.313, 0.334333333333333, 0.29, 0.297, 0.407666666666667, 0.367, 0.299333333333333, 0.4, 0.347, 0.189666666666667, 0.262333333333333, 0.346, 0.309333333333333, 0.330333333333333, 0.221333333333333, 0.335333333333333, 0.362333333333333, 0.315666666666667, 0.42, 0.417666666666667, 0.329, 0.370333333333333, 0.361666666666667, 0.165666666666667, 0.286333333333333, 0.398, 0.378, 0.350333333333333, 0.362666666666667, 0.413666666666667, 0.388, 0.294666666666667, 0.3535, 0.313333333333333, 0.278666666666667, 0.370666666666667, 0.164333333333333, 0.347, 0.274333333333333, 0.304333333333333, 0.404, 0.249333333333333, 0.374, 0.396333333333333, 0.346333333333333, 0.251, 0.249333333333333, 0.310666666666667, 0.311666666666667, 0.356333333333333, 0.382666666666667, 0.176333333333333, 0.651666666666667, 1.0, 0.263, 0.340333333333333, 0.408333333333333, 0.268333333333333, 0.356, 0.406333333333333, 0.287333333333333, 0.285, 0.382666666666667, 0.38, 0.405666666666667, 0.346333333333333, 0.421333333333333, 0.458666666666667, 0.117666666666667, 0.237666666666667, 0.209333333333333, 0.367333333333333, 0.259333333333333, 0.349, 0.351666666666667, 0.259666666666667, 0.379, 0.354333333333333, 0.428333333333333, 0.358333333333333, 0.347666666666667, 0.201666666666667, 0.239666666666667, 0.1695, 0.227, 0.511, 0.358666666666667, 0.412, 0.379666666666667, 0.407, 0.328, 0.409333333333333, 0.3685, 0.235666666666667, 0.346666666666667, 0.365, 0.451333333333333, 0.375666666666667, 0.3165, 0.281333333333333, 0.218, 0.352, 0.346666666666667, 0.224666666666667, 0.319, 0.225666666666667, 0.225666666666667, 0.355333333333333, 0.343333333333333, 0.331666666666667, 0.417666666666667, 0.403333333333333, 0.27, 0.302, 0.263, 0.370333333333333, 0.297333333333333, 0.294666666666667, 0.371333333333333, 0.327666666666667, 0.3515, 0.327666666666667, 0.368, 0.360333333333333]",0
109,9606.ENSP00000355747,"[0.265, 0.289, 0.177, 0.443666666666667, 0.323333333333333, 0.226666666666667, 0.241, 0.373, 0.4, 0.128666666666667, 0.415333333333333, 0.242, 0.412666666666667, 0.219, 0.276333333333333, 0.196, 0.191333333333333, 0.242, 0.318, 0.260666666666667, 0.297333333333333, 0.266333333333333, 0.295333333333333, 0.271666666666667, 0.295666666666667, 0.265, 0.291, 0.366, 0.269666666666667, 0.523333333333333, 0.289666666666667, 0.252, 0.262333333333333, 0.262333333333333, 0.300333333333333, 0.313, 0.261333333333333, 0.291, 0.258, 0.265, 0.285, 0.264333333333333, 0.176333333333333, 0.271, 0.268, 0.298333333333333, 0.267333333333333, 0.307333333333333, 0.282666666666667, 0.439, 0.364666666666667, 0.380333333333333, 0.434333333333333, 0.436, 0.310333333333333, 0.299333333333333, 0.447666666666667, 0.270666666666667, 0.385, 0.451333333333333, 0.356666666666667, 0.344333333333333, 0.293666666666667, 0.221, 0.332, 0.463666666666667, 0.305666666666667, 0.433666666666667, 0.306666666666667, 0.267333333333333, 0.196, 0.458666666666667, 0.389666666666667, 0.457666666666667, 0.273333333333333, 0.292, 0.367333333333333, 0.273333333333333, 0.181666666666667, 0.524666666666667, 0.239, 0.391666666666667, 0.464, 0.309666666666667, 0.430333333333333, 0.354333333333333, 0.247, 0.4515, 0.243, 0.157333333333333, 0.287, 0.314, 0.292, 0.147666666666667, 0.159, 0.331666666666667, 0.269666666666667, 0.284666666666667, 0.323333333333333, 0.300666666666667, 0.291333333333333, 0.310333333333333, 0.457, 0.395, 0.433333333333333, 0.303333333333333, 0.332, 0.266333333333333, 0.263, 1.0, 0.352, 0.246666666666667, 0.237666666666667, 0.425333333333333, 0.474333333333333, 0.175, 0.368666666666667, 0.232, 0.412, 0.288, 0.192333333333333, 0.410666666666667, 0.468666666666667, 0.544333333333333, 0.593666666666667, 0.286666666666667, 0.299, 0.241666666666667, 0.367666666666667, 0.382666666666667, 0.432666666666667, 0.300333333333333, 0.336333333333333, 0.321, 0.321666666666667, 0.533666666666667, 0.477666666666667, 0.279666666666667, 0.503, 0.497666666666667, 0.239, 0.208, 0.319666666666667, 0.285333333333333, 0.278666666666667, 0.25, 0.481333333333333, 0.6105, 0.712666666666667, 0.709, 0.340333333333333, 0.356, 0.434, 0.26, 0.241333333333333, 0.403333333333333, 0.308333333333333, 0.364333333333333, 0.293333333333333, 0.368, 0.292333333333333, 0.259, 0.306333333333333, 0.313333333333333, 0.245333333333333, 0.267333333333333, 0.299666666666667, 0.253666666666667, 0.273, 0.238333333333333, 0.358666666666667, 0.246666666666667, 0.278333333333333, 0.366, 0.287666666666667, 0.2805, 0.241, 0.319333333333333, 0.246333333333333]",0
110,9606.ENSP00000295225,"[0.429333333333333, 0.300333333333333, 0.434666666666667, 0.288333333333333, 0.321, 0.372666666666667, 0.332333333333333, 0.456333333333333, 0.325, 0.342, 0.405, 0.375666666666667, 0.400666666666667, 0.176, 0.159, 0.271666666666667, 0.337, 0.2465, 0.2965, 0.406666666666667, 0.449333333333333, 0.332, 0.373, 0.425333333333333, 0.439666666666667, 0.425, 0.322, 0.452, 0.408666666666667, 0.404666666666667, 0.48, 0.330333333333333, 0.35, 0.419666666666667, 0.444, 0.471, 0.418666666666667, 0.322, 0.281333333333333, 0.425, 0.350666666666667, 0.267333333333333, 0.238333333333333, 0.438333333333333, 0.419, 0.355, 0.417333333333333, 0.424, 0.419666666666667, 0.406333333333333, 0.301333333333333, 0.295, 0.434, 0.406666666666667, 0.314, 0.475, 0.369333333333333, 0.423333333333333, 0.297, 0.373333333333333, 0.290333333333333, 0.313333333333333, 0.344666666666667, 0.424333333333333, 0.331333333333333, 0.43, 0.414666666666667, 0.300333333333333, 0.413666666666667, 0.287, 0.355, 0.318666666666667, 0.305, 0.378666666666667, 0.336333333333333, 0.365666666666667, 0.391, 0.476666666666667, 0.465666666666667, 0.244333333333333, 0.306666666666667, 0.395333333333333, 0.298, 0.374, 0.349666666666667, 0.389666666666667, 0.367666666666667, 0.4835, 0.527333333333333, 0.422666666666667, 0.359666666666667, 0.293666666666667, 0.407, 0.436666666666667, 0.413, 0.349333333333333, 0.286, 0.307333333333333, 0.305, 0.310666666666667, 0.337, 0.302333333333333, 0.344, 0.283, 0.447333333333333, 0.459333333333333, 0.346, 0.405333333333333, 0.340333333333333, 0.352, 1.0, 0.473333333333333, 0.403666666666667, 0.364333333333333, 0.468, 0.390333333333333, 0.369666666666667, 0.482333333333333, 0.347333333333333, 0.277666666666667, 0.288, 0.395, 0.401666666666667, 0.121, 0.264666666666667, 0.319666666666667, 0.275333333333333, 0.378666666666667, 0.384, 0.326, 0.392, 0.265666666666667, 0.263666666666667, 0.463666666666667, 0.305333333333333, 0.366666666666667, 0.396666666666667, 0.457333333333333, 0.4665, 0.345666666666667, 0.732666666666667, 0.431666666666667, 0.332666666666667, 0.420666666666667, 0.526, 0.308666666666667, 0.400666666666667, 0.7155, 0.290666666666667, 0.324666666666667, 0.392, 0.380333333333333, 0.324666666666667, 0.2935, 0.365666666666667, 0.372666666666667, 0.424, 0.313666666666667, 0.275666666666667, 0.368, 0.294, 0.283333333333333, 0.336333333333333, 0.474, 0.243333333333333, 0.4, 0.474333333333333, 0.319, 0.323333333333333, 0.271333333333333, 0.355, 0.282, 0.333333333333333, 0.427666666666667, 0.258, 0.3115, 0.284333333333333, 0.388666666666667, 0.388]",0
111,9606.ENSP00000329357,"[0.255666666666667, 0.271333333333333, 0.231, 0.265666666666667, 0.233333333333333, 0.282333333333333, 0.319666666666667, 0.572333333333333, 0.298, 0.168333333333333, 0.246666666666667, 0.328666666666667, 0.246666666666667, 0.203, 0.132333333333333, 0.215666666666667, 0.310333333333333, 0.2225, 0.266, 0.284333333333333, 0.236666666666667, 0.265333333333333, 0.388333333333333, 0.179666666666667, 0.212666666666667, 0.178333333333333, 0.2645, 0.456, 0.203666666666667, 0.493333333333333, 0.220333333333333, 0.263666666666667, 0.260333333333333, 0.193333333333333, 0.243333333333333, 0.196333333333333, 0.183, 0.2645, 0.18, 0.178333333333333, 0.282, 0.218, 0.232333333333333, 0.223333333333333, 0.185333333333333, 0.257, 0.186333333333333, 0.219666666666667, 0.437, 0.36, 0.276333333333333, 0.236333333333333, 0.368, 0.258333333333333, 0.305, 0.32, 0.302, 0.291333333333333, 0.292666666666667, 0.413, 0.393666666666667, 0.23, 0.290333333333333, 0.338333333333333, 0.276333333333333, 0.251333333333333, 0.270333333333333, 0.258, 0.318333333333333, 0.218333333333333, 0.523333333333333, 0.358, 0.318333333333333, 0.467666666666667, 0.427, 0.326333333333333, 0.394, 0.433333333333333, 0.184333333333333, 0.277666666666667, 0.412333333333333, 0.419666666666667, 0.327, 0.425666666666667, 0.429, 0.446333333333333, 0.615666666666667, 0.316, 0.545, 0.549, 0.349, 0.257666666666667, 0.382333333333333, 0.510333333333333, 0.422, 0.480666666666667, 0.289333333333333, 0.428333333333333, 0.292, 0.308666666666667, 0.323333333333333, 0.261, 0.356333333333333, 0.358666666666667, 0.491333333333333, 0.372666666666667, 0.275666666666667, 0.374333333333333, 0.408333333333333, 0.246666666666667, 0.473333333333333, 1.0, 0.122, 0.365666666666667, 0.446, 0.346, 0.285666666666667, 0.759333333333333, 0.387333333333333, 0.268333333333333, 0.326, 0.442666666666667, 0.426, 0.134666666666667, 0.226666666666667, 0.24, 0.309333333333333, 0.371, 0.258666666666667, 0.351333333333333, 0.289333333333333, 0.349, 0.366, 0.409333333333333, 0.38, 0.363666666666667, 0.243666666666667, 0.300666666666667, 0.205, 0.273, 0.76, 0.565333333333333, 0.375333333333333, 0.347333333333333, 0.744333333333333, 0.326, 0.385, 0.2075, 0.291, 0.320333333333333, 0.356666666666667, 0.423, 0.448, 0.2275, 0.235666666666667, 0.249, 0.348666666666667, 0.427, 0.299666666666667, 0.282, 0.252666666666667, 0.223, 0.34, 0.414, 0.223666666666667, 0.351333333333333, 0.461666666666667, 0.199333333333333, 0.196333333333333, 0.165666666666667, 0.292666666666667, 0.233666666666667, 0.214, 0.576666666666667, 0.311666666666667, 0.2975, 0.332666666666667, 0.384666666666667, 0.555666666666667]",0
112,9606.ENSP00000410339,"[0.346, 0.222666666666667, 0.194666666666667, 0.192666666666667, 0.177333333333333, 0.314, 0.272333333333333, 0.224333333333333, 0.242333333333333, 0.0893333333333333, 0.415666666666667, 0.234333333333333, 0.421333333333333, 0.578, 0.287333333333333, 0.394333333333333, 0.322666666666667, 0.4475, 0.6375, 0.324, 0.373666666666667, 0.344333333333333, 0.306333333333333, 0.435, 0.428, 0.425, 0.4455, 0.64, 0.404, 0.203, 0.444, 0.303666666666667, 0.370333333333333, 0.427, 0.407333333333333, 0.433333333333333, 0.418, 0.4455, 0.339666666666667, 0.425, 0.433, 0.358, 0.335666666666667, 0.429666666666667, 0.428, 0.372333333333333, 0.426333333333333, 0.380666666666667, 0.182666666666667, 0.289, 0.380666666666667, 0.268, 0.259666666666667, 0.207333333333333, 0.160333333333333, 0.312, 0.279, 0.257666666666667, 0.149333333333333, 0.26, 0.231, 0.277333333333333, 0.28, 0.311666666666667, 0.183666666666667, 0.311333333333333, 0.310666666666667, 0.254, 0.317, 0.389333333333333, 0.235333333333333, 0.206, 0.180666666666667, 0.184666666666667, 0.193666666666667, 0.208, 0.200666666666667, 0.335333333333333, 0.381, 0.166666666666667, 0.195, 0.214333333333333, 0.196, 0.147, 0.214, 0.166, 0.217333333333333, 0.3125, 0.137333333333333, 0.0853333333333333, 0.204666666666667, 0.142333333333333, 0.176, 0.097, 0.119, 0.126, 0.146666666666667, 0.136, 0.198, 0.244333333333333, 0.201, 0.357666666666667, 0.195, 0.198, 0.188, 0.441333333333333, 0.145666666666667, 0.335666666666667, 0.268333333333333, 0.237666666666667, 0.403666666666667, 0.122, 1.0, 0.246, 0.217333333333333, 0.147, 0.231333333333333, 0.104333333333333, 0.218666666666667, 0.231666666666667, 0.0926666666666667, 0.202, 0.365333333333333, 0.058, 0.188333333333333, 0.14, 0.210666666666667, 0.381333333333333, 0.299, 0.181666666666667, 0.254666666666667, 0.202, 0.155333333333333, 0.310333333333333, 0.153, 0.158333333333333, 0.200333333333333, 0.226333333333333, 0.254, 0.197333333333333, 0.159, 0.121666666666667, 0.225666666666667, 0.16, 0.216333333333333, 0.242666666666667, 0.247333333333333, 0.432, 0.129, 0.224333333333333, 0.201, 0.209, 0.206333333333333, 0.1825, 0.225333333333333, 0.085, 0.259, 0.190333333333333, 0.252, 0.243, 0.145666666666667, 0.17, 0.175333333333333, 0.189333333333333, 0.184, 0.186, 0.2, 0.357333333333333, 0.322, 0.299666666666667, 0.253666666666667, 0.233333333333333, 0.325, 0.121333333333333, 0.129, 0.238, 0.137333333333333, 0.205, 0.145]",0
113,9606.ENSP00000385751,"[0.407666666666667, 0.320333333333333, 0.327333333333333, 0.421, 0.346, 0.343666666666667, 0.393, 0.457, 0.325, 0.574, 0.432666666666667, 0.337, 0.444666666666667, 0.431, 0.316, 0.275666666666667, 0.306333333333333, 0.321, 0.5005, 0.342666666666667, 0.321, 0.362333333333333, 0.441, 0.353, 0.359, 0.342, 0.372, 0.56, 0.348, 0.494333333333333, 0.353, 0.357333333333333, 0.363666666666667, 0.356333333333333, 0.394333333333333, 0.399333333333333, 0.344333333333333, 0.372, 0.249666666666667, 0.342, 0.339, 0.33, 0.313666666666667, 0.379666666666667, 0.358333333333333, 0.402, 0.349666666666667, 0.401, 0.388666666666667, 0.436, 0.431333333333333, 0.374666666666667, 0.594333333333333, 0.409666666666667, 0.326666666666667, 0.397, 0.448333333333333, 0.353333333333333, 0.336666666666667, 0.619333333333333, 0.404666666666667, 0.326, 0.348333333333333, 0.326, 0.377666666666667, 0.372666666666667, 0.421, 0.384666666666667, 0.345666666666667, 0.31, 0.319666666666667, 0.571666666666667, 0.622, 0.447666666666667, 0.372333333333333, 0.367, 0.392666666666667, 0.443333333333333, 0.242333333333333, 0.495, 0.556666666666667, 0.536333333333333, 0.463333333333333, 0.45, 0.423333333333333, 0.425333333333333, 0.299, 0.294, 0.401333333333333, 0.292333333333333, 0.359666666666667, 0.282333333333333, 0.438666666666667, 0.493, 0.322666666666667, 0.369, 0.251333333333333, 0.37, 0.305333333333333, 0.417, 0.335, 0.312666666666667, 0.746666666666667, 0.618666666666667, 0.499666666666667, 0.431333333333333, 0.282666666666667, 0.351, 0.356, 0.425333333333333, 0.364333333333333, 0.365666666666667, 0.246, 1.0, 0.468333333333333, 0.264333333333333, 0.286, 0.342, 0.455, 0.383333333333333, 0.276666666666667, 0.475666666666667, 0.511333333333333, 0.221, 0.338666666666667, 0.320333333333333, 0.362, 0.580333333333333, 0.407666666666667, 0.641, 0.651666666666667, 0.387333333333333, 0.400333333333333, 0.428, 0.352, 0.467, 0.368333333333333, 0.417, 0.3755, 0.441333333333333, 0.476333333333333, 0.393666666666667, 0.474, 0.343666666666667, 0.408333333333333, 0.299333333333333, 0.672333333333333, 0.6575, 0.377333333333333, 0.455, 0.413, 0.369333333333333, 0.63, 0.306, 0.320666666666667, 0.217, 0.434, 0.625666666666667, 0.426, 0.329, 0.385666666666667, 0.374333333333333, 0.396, 0.474333333333333, 0.284666666666667, 0.41, 0.417666666666667, 0.259333333333333, 0.297333333333333, 0.240666666666667, 0.445, 0.353333333333333, 0.308666666666667, 0.422666666666667, 0.319, 0.468, 0.461666666666667, 0.381333333333333, 0.376333333333333]",0
114,9606.ENSP00000407586,"[0.384333333333333, 0.391333333333333, 0.367333333333333, 0.405, 0.319333333333333, 0.299333333333333, 0.318333333333333, 0.523666666666667, 0.466333333333333, 0.448333333333333, 0.507666666666667, 0.322, 0.512, 0.379, 0.221666666666667, 0.247, 0.336666666666667, 0.258, 0.4405, 0.349333333333333, 0.308, 0.307333333333333, 0.393, 0.281333333333333, 0.307, 0.274666666666667, 0.2795, 0.474, 0.291333333333333, 0.475333333333333, 0.331, 0.307333333333333, 0.319333333333333, 0.285, 0.338, 0.331666666666667, 0.277666666666667, 0.2795, 0.209333333333333, 0.274666666666667, 0.272, 0.261, 0.241, 0.317, 0.288666666666667, 0.323666666666667, 0.279333333333333, 0.303666666666667, 0.372666666666667, 0.583, 0.448666666666667, 0.43, 0.503666666666667, 0.477666666666667, 0.383666666666667, 0.420666666666667, 0.538666666666667, 0.361666666666667, 0.427666666666667, 0.487333333333333, 0.404, 0.322333333333333, 0.342, 0.328, 0.346666666666667, 0.599666666666667, 0.535666666666667, 0.573666666666667, 0.338333333333333, 0.239, 0.328333333333333, 0.497666666666667, 0.48, 0.499666666666667, 0.442333333333333, 0.375666666666667, 0.488, 0.468, 0.190666666666667, 0.474666666666667, 0.400333333333333, 0.465333333333333, 0.421666666666667, 0.467333333333333, 0.481, 0.445333333333333, 0.564333333333333, 0.4085, 0.374333333333333, 0.3, 0.478333333333333, 0.356, 0.432, 0.326666666666667, 0.364333333333333, 0.456666666666667, 0.365333333333333, 0.404, 0.303666666666667, 0.363666666666667, 0.309666666666667, 0.259666666666667, 0.505666666666667, 0.426, 0.504, 0.409666666666667, 0.364666666666667, 0.316333333333333, 0.406333333333333, 0.474333333333333, 0.468, 0.446, 0.217333333333333, 0.468333333333333, 1.0, 0.377333333333333, 0.400333333333333, 0.382333333333333, 0.514333333333333, 0.307333333333333, 0.354333333333333, 0.465333333333333, 0.524, 0.215666666666667, 0.375, 0.332333333333333, 0.364, 0.332333333333333, 0.483333333333333, 0.439, 0.456333333333333, 0.432666666666667, 0.41, 0.459, 0.425, 0.465, 0.416333333333333, 0.355666666666667, 0.4525, 0.480666666666667, 0.548, 0.431333333333333, 0.395666666666667, 0.395666666666667, 0.465666666666667, 0.365333333333333, 0.531, 0.7665, 0.388333333333333, 0.461, 0.483666666666667, 0.417333333333333, 0.504, 0.3625, 0.383666666666667, 0.361333333333333, 0.473666666666667, 0.478666666666667, 0.344, 0.373666666666667, 0.351333333333333, 0.366, 0.406, 0.411333333333333, 0.339666666666667, 0.472333333333333, 0.501, 0.331, 0.366333333333333, 0.309666666666667, 0.436, 0.357666666666667, 0.389333333333333, 0.465, 0.404, 0.4195, 0.385, 0.369333333333333, 0.398666666666667]",0
116,9606.ENSP00000409555,"[0.276, 0.297666666666667, 0.241333333333333, 0.304666666666667, 0.262, 0.245, 0.256333333333333, 0.359333333333333, 0.294333333333333, 0.127333333333333, 0.315666666666667, 0.253, 0.311666666666667, 0.1365, 0.18, 0.257333333333333, 0.314333333333333, 0.272, 0.2175, 0.193, 0.221666666666667, 0.178666666666667, 0.214666666666667, 0.179666666666667, 0.229, 0.168, 0.25, 0.362, 0.231666666666667, 0.349333333333333, 0.218333333333333, 0.181333333333333, 0.184, 0.164, 0.24, 0.205, 0.165666666666667, 0.25, 0.169666666666667, 0.168, 0.199, 0.169666666666667, 0.21, 0.175, 0.177333333333333, 0.187666666666667, 0.162333333333333, 0.214666666666667, 0.198, 0.301333333333333, 0.249333333333333, 0.208333333333333, 0.335666666666667, 0.325333333333333, 0.309666666666667, 0.298666666666667, 0.303666666666667, 0.272666666666667, 0.347333333333333, 0.382666666666667, 0.455333333333333, 0.224666666666667, 0.282333333333333, 0.262, 0.271333333333333, 0.356333333333333, 0.327, 0.313333333333333, 0.259, 0.179333333333333, 0.266666666666667, 0.327666666666667, 0.221666666666667, 0.394, 0.418333333333333, 0.304, 0.419, 0.32, 0.161, 0.259333333333333, 0.266333333333333, 0.308666666666667, 0.338666666666667, 0.283333333333333, 0.396666666666667, 0.311666666666667, 0.541, 0.694, 0.248333333333333, 0.173333333333333, 0.430666666666667, 0.288, 0.296666666666667, 0.163, 0.224, 0.509333333333333, 0.266666666666667, 0.274666666666667, 0.35, 0.359333333333333, 0.359666666666667, 0.250333333333333, 0.252666666666667, 0.254, 0.298333333333333, 0.366666666666667, 0.328333333333333, 0.269666666666667, 0.285, 0.368666666666667, 0.369666666666667, 0.285666666666667, 0.231333333333333, 0.286, 0.400333333333333, 0.241, 1.0, 0.261333333333333, 0.259333333333333, 0.296, 0.248, 0.314, 0.327666666666667, 0.217333333333333, 0.295666666666667, 0.315, 0.276333333333333, 0.235, 0.352666666666667, 0.225666666666667, 0.308, 0.214666666666667, 0.208, 0.419, 0.235666666666667, 0.316666666666667, 0.316, 0.383, 0.2245, 0.289, 0.297666666666667, 0.201666666666667, 0.289333333333333, 0.342333333333333, 0.28, 0.327333333333333, 0.307666666666667, 0.566, 0.337333333333333, 0.316666666666667, 0.405666666666667, 0.485, 0.268333333333333, 0.29, 0.245333333333333, 0.427666666666667, 0.395666666666667, 0.255333333333333, 0.215666666666667, 0.376, 0.254, 0.299, 0.276333333333333, 0.373, 0.204666666666667, 0.306666666666667, 0.424, 0.310666666666667, 0.371666666666667, 0.233, 0.318, 0.239, 0.342, 0.323666666666667, 0.303333333333333, 0.2095, 0.298666666666667, 0.345, 0.254666666666667]",0
117,9606.ENSP00000360266,"[0.221666666666667, 0.239666666666667, 0.182333333333333, 0.223, 0.188333333333333, 0.309666666666667, 0.28, 0.571333333333333, 0.263333333333333, 0.569666666666667, 0.214666666666667, 0.332333333333333, 0.214333333333333, 0.194, 0.118666666666667, 0.186666666666667, 0.309333333333333, 0.1635, 0.268, 0.227, 0.198, 0.224333333333333, 0.365333333333333, 0.168, 0.187, 0.167333333333333, 0.2485, 0.467, 0.162333333333333, 0.479333333333333, 0.184666666666667, 0.195, 0.221, 0.188, 0.194666666666667, 0.159333333333333, 0.164333333333333, 0.2485, 0.169, 0.167333333333333, 0.248333333333333, 0.202333333333333, 0.216666666666667, 0.187333333333333, 0.165, 0.231666666666667, 0.179666666666667, 0.175, 0.427, 0.316333333333333, 0.247, 0.216, 0.297666666666667, 0.192333333333333, 0.264333333333333, 0.352333333333333, 0.266333333333333, 0.311333333333333, 0.25, 0.402, 0.350666666666667, 0.195333333333333, 0.318666666666667, 0.359666666666667, 0.201, 0.215, 0.214, 0.183, 0.327, 0.208333333333333, 0.481333333333333, 0.318333333333333, 0.263, 0.479, 0.396, 0.308333333333333, 0.365, 0.395666666666667, 0.164, 0.218666666666667, 0.369666666666667, 0.349, 0.308333333333333, 0.394, 0.404666666666667, 0.362666666666667, 0.275333333333333, 0.2835, 0.537666666666667, 0.532, 0.260666666666667, 0.216666666666667, 0.311333333333333, 0.619333333333333, 0.405, 0.426666666666667, 0.221, 0.384666666666667, 0.292333333333333, 0.32, 0.340666666666667, 0.262, 0.291666666666667, 0.315666666666667, 0.458, 0.358666666666667, 0.234666666666667, 0.385666666666667, 0.382666666666667, 0.232, 0.482333333333333, 0.759333333333333, 0.104333333333333, 0.342, 0.382333333333333, 0.252, 0.261333333333333, 1.0, 0.326333333333333, 0.310666666666667, 0.293333333333333, 0.413666666666667, 0.383, 0.120666666666667, 0.208666666666667, 0.187333333333333, 0.245666666666667, 0.447666666666667, 0.217, 0.325, 0.249666666666667, 0.373333333333333, 0.396666666666667, 0.394333333333333, 0.402333333333333, 0.314333333333333, 0.214, 0.288, 0.1335, 0.235, 0.744, 0.485666666666667, 0.357333333333333, 0.377333333333333, 0.677333333333333, 0.302333333333333, 0.346333333333333, 0.2035, 0.249, 0.286666666666667, 0.302333333333333, 0.405, 0.41, 0.2185, 0.211333333333333, 0.217333333333333, 0.342333333333333, 0.364666666666667, 0.266, 0.259, 0.22, 0.230333333333333, 0.319666666666667, 0.397333333333333, 0.190666666666667, 0.283666666666667, 0.463666666666667, 0.181, 0.168, 0.12, 0.262333333333333, 0.188, 0.200333333333333, 0.567333333333333, 0.262666666666667, 0.237, 0.319333333333333, 0.361333333333333, 0.566]",0
118,9606.ENSP00000378323,"[0.326333333333333, 0.395333333333333, 0.339, 0.439333333333333, 0.358333333333333, 0.319666666666667, 0.412, 0.443333333333333, 0.354666666666667, 0.133666666666667, 0.351333333333333, 0.387666666666667, 0.354666666666667, 0.2965, 0.188, 0.533666666666667, 0.571, 0.2215, 0.342, 0.289666666666667, 0.276666666666667, 0.277666666666667, 0.387, 0.259, 0.282, 0.250333333333333, 0.2515, 0.404, 0.262, 0.501666666666667, 0.297333333333333, 0.307333333333333, 0.277666666666667, 0.261666666666667, 0.320666666666667, 0.299, 0.281666666666667, 0.2515, 0.190333333333333, 0.250333333333333, 0.320666666666667, 0.257, 0.252666666666667, 0.285, 0.282666666666667, 0.381333333333333, 0.257, 0.321, 0.398, 0.465333333333333, 0.317333333333333, 0.439, 0.445, 0.410333333333333, 0.401666666666667, 0.377, 0.476333333333333, 0.383666666666667, 0.334333333333333, 0.522333333333333, 0.482333333333333, 0.402666666666667, 0.377, 0.326333333333333, 0.381666666666667, 0.36, 0.360666666666667, 0.417666666666667, 0.358333333333333, 0.281666666666667, 0.259, 0.519333333333333, 0.541333333333333, 0.467, 0.476666666666667, 0.410666666666667, 0.506666666666667, 0.345333333333333, 0.194666666666667, 0.440666666666667, 0.493, 0.506666666666667, 0.464333333333333, 0.49, 0.531666666666667, 0.417, 0.258, 0.257, 0.340333333333333, 0.226, 0.395, 0.225333333333333, 0.407666666666667, 0.178666666666667, 0.211, 0.336, 0.292666666666667, 0.322666666666667, 0.322666666666667, 0.404, 0.261333333333333, 0.304666666666667, 0.492666666666667, 0.397, 0.508333333333333, 0.454333333333333, 0.218, 0.275333333333333, 0.38, 0.412, 0.347333333333333, 0.387333333333333, 0.218666666666667, 0.455, 0.514333333333333, 0.301333333333333, 0.259333333333333, 0.326333333333333, 1.0, 0.287666666666667, 0.336, 0.393666666666667, 0.505333333333333, 0.179666666666667, 0.296, 0.352333333333333, 0.412666666666667, 0.234333333333333, 0.369333333333333, 0.560333333333333, 0.409666666666667, 0.443666666666667, 0.465333333333333, 0.489333333333333, 0.445666666666667, 0.563, 0.349, 0.235, 0.402, 0.447333333333333, 0.459666666666667, 0.358, 0.513, 0.336, 0.419, 0.369, 0.449666666666667, 0.6995, 0.430333333333333, 0.526, 0.490666666666667, 0.409666666666667, 0.587666666666667, 0.249, 0.384, 0.193, 0.42, 0.538666666666667, 0.311666666666667, 0.376333333333333, 0.436333333333333, 0.374666666666667, 0.461666666666667, 0.319666666666667, 0.338333333333333, 0.363333333333333, 0.466333333333333, 0.335, 0.340333333333333, 0.335666666666667, 0.447, 0.364333333333333, 0.444, 0.377666666666667, 0.425, 0.4235, 0.343, 0.355666666666667, 0.368]",0
119,9606.ENSP00000416097,"[0.342666666666667, 0.325, 0.209, 0.355333333333333, 0.227, 0.500333333333333, 0.382333333333333, 0.327333333333333, 0.374333333333333, 0.272, 0.260666666666667, 0.402666666666667, 0.261666666666667, 0.3875, 0.211333333333333, 0.274333333333333, 0.291, 0.288, 0.4385, 0.199, 0.153333333333333, 0.252, 0.270333333333333, 0.231333333333333, 0.225666666666667, 0.224, 0.3395, 0.312, 0.209666666666667, 0.335, 0.220333333333333, 0.187666666666667, 0.259333333333333, 0.222666666666667, 0.221, 0.244, 0.218333333333333, 0.3395, 0.160666666666667, 0.224, 0.270666666666667, 0.221, 0.298, 0.232, 0.225666666666667, 0.291, 0.221666666666667, 0.198, 0.344333333333333, 0.461666666666667, 0.345, 0.259, 0.25, 0.331333333333333, 0.251, 0.374333333333333, 0.498333333333333, 0.314333333333333, 0.349, 0.355333333333333, 0.335333333333333, 0.318333333333333, 0.502, 0.273666666666667, 0.239333333333333, 0.321666666666667, 0.475, 0.333, 0.267, 0.254333333333333, 0.261666666666667, 0.401666666666667, 0.243666666666667, 0.396666666666667, 0.398, 0.311666666666667, 0.380666666666667, 0.285333333333333, 0.160333333333333, 0.212333333333333, 0.396666666666667, 0.362666666666667, 0.319666666666667, 0.364, 0.412333333333333, 0.327666666666667, 0.231333333333333, 0.2895, 0.212, 0.192666666666667, 0.349, 0.211333333333333, 0.321666666666667, 0.167666666666667, 0.185333333333333, 0.363333333333333, 0.152666666666667, 0.295, 0.319666666666667, 0.375333333333333, 0.294666666666667, 0.335, 0.350333333333333, 0.425, 0.282, 0.327, 0.224333333333333, 0.351666666666667, 0.405666666666667, 0.288, 0.277666666666667, 0.268333333333333, 0.231666666666667, 0.383333333333333, 0.307333333333333, 0.163666666666667, 0.296, 0.310666666666667, 0.287666666666667, 1.0, 0.375, 0.413666666666667, 0.521666666666667, 0.126333333333333, 0.278, 0.151333333333333, 0.331, 0.236666666666667, 0.365666666666667, 0.367, 0.272333333333333, 0.369, 0.440666666666667, 0.373666666666667, 0.336, 0.374666666666667, 0.209, 0.322, 0.1715, 0.22, 0.240666666666667, 0.254666666666667, 0.423333333333333, 0.27, 0.268666666666667, 0.406666666666667, 0.508666666666667, 0.3065, 0.331333333333333, 0.344666666666667, 0.377666666666667, 0.463333333333333, 0.341333333333333, 0.3065, 0.329666666666667, 0.354333333333333, 0.316, 0.295666666666667, 0.247666666666667, 0.397666666666667, 0.218666666666667, 0.21, 0.331, 0.341, 0.329666666666667, 0.353666666666667, 0.311, 0.351666666666667, 0.361333333333333, 0.256666666666667, 0.465333333333333, 0.371333333333333, 0.403666666666667, 0.325666666666667, 0.268, 0.315, 0.393, 0.301333333333333, 0.402]",0
120,9606.ENSP00000409007,"[0.2, 0.458333333333333, 0.222333333333333, 0.177666666666667, 0.194333333333333, 0.346333333333333, 0.331, 0.278, 0.249333333333333, 0.637666666666667, 0.154666666666667, 0.307, 0.156, 0.2755, 0.0873333333333333, 0.164666666666667, 0.245, 0.1315, 0.296, 0.124666666666667, 0.0906666666666667, 0.127, 0.276666666666667, 0.092, 0.0996666666666667, 0.087, 0.128, 0.206, 0.105333333333333, 0.411333333333333, 0.104666666666667, 0.207666666666667, 0.126, 0.0913333333333333, 0.181, 0.107, 0.123, 0.128, 0.0786666666666667, 0.087, 0.137, 0.158333333333333, 0.181666666666667, 0.109333333333333, 0.142, 0.145333333333333, 0.0893333333333333, 0.0933333333333333, 0.404, 0.389666666666667, 0.202333333333333, 0.197666666666667, 0.266, 0.268666666666667, 0.267333333333333, 0.399, 0.377666666666667, 0.379666666666667, 0.52, 0.331333333333333, 0.346333333333333, 0.194, 0.356333333333333, 0.278, 0.214333333333333, 0.216333333333333, 0.338333333333333, 0.315, 0.297666666666667, 0.120333333333333, 0.224333333333333, 0.378, 0.307666666666667, 0.385, 0.416, 0.487666666666667, 0.423, 0.251333333333333, 0.137333333333333, 0.338666666666667, 0.341333333333333, 0.367333333333333, 0.326333333333333, 0.501, 0.399666666666667, 0.376, 0.191666666666667, 0.245, 0.210333333333333, 0.234, 0.419, 0.195666666666667, 0.412333333333333, 0.148666666666667, 0.201666666666667, 0.369666666666667, 0.366333333333333, 0.428333333333333, 0.258666666666667, 0.394666666666667, 0.273666666666667, 0.252333333333333, 0.263, 0.262333333333333, 0.215333333333333, 0.362666666666667, 0.190333333333333, 0.221333333333333, 0.346333333333333, 0.192333333333333, 0.288, 0.326, 0.0926666666666667, 0.276666666666667, 0.354333333333333, 0.178, 0.248, 0.293333333333333, 0.336, 0.375, 1.0, 0.357, 0.41, 0.263333333333333, 0.268, 0.174, 0.302333333333333, 0.136666666666667, 0.324333333333333, 0.365, 0.274, 0.280666666666667, 0.281666666666667, 0.431666666666667, 0.26, 0.337, 0.246, 0.264666666666667, 0.118, 0.295666666666667, 0.289666666666667, 0.349666666666667, 0.341666666666667, 0.575666666666667, 0.318666666666667, 0.377666666666667, 0.281333333333333, 0.2495, 0.299, 0.385666666666667, 0.371, 0.344333333333333, 0.318666666666667, 0.4135, 0.336666666666667, 0.341, 0.303666666666667, 0.368, 0.145333333333333, 0.411, 0.289, 0.37, 0.472333333333333, 0.446666666666667, 0.255, 0.447666666666667, 0.381333333333333, 0.218333333333333, 0.297666666666667, 0.234666666666667, 0.361, 0.296333333333333, 0.338, 0.451, 0.349333333333333, 0.4145, 0.379333333333333, 0.243333333333333, 0.312]",0
121,9606.ENSP00000380070,"[0.334666666666667, 0.374666666666667, 0.295, 0.387333333333333, 0.304333333333333, 0.359333333333333, 0.324, 0.435, 0.343, 0.551333333333333, 0.34, 0.35, 0.343, 0.37, 0.247, 0.240666666666667, 0.371333333333333, 0.2585, 0.4735, 0.390333333333333, 0.398333333333333, 0.334, 0.398333333333333, 0.388, 0.416666666666667, 0.379666666666667, 0.344, 0.416, 0.392, 0.514333333333333, 0.432666666666667, 0.318, 0.329333333333333, 0.379, 0.422, 0.435666666666667, 0.379666666666667, 0.344, 0.261, 0.379666666666667, 0.325, 0.289666666666667, 0.295, 0.402666666666667, 0.387333333333333, 0.331333333333333, 0.383666666666667, 0.404333333333333, 0.434333333333333, 0.487666666666667, 0.391, 0.352666666666667, 0.460333333333333, 0.391666666666667, 0.317, 0.383, 0.406333333333333, 0.328, 0.366333333333333, 0.519333333333333, 0.392666666666667, 0.345666666666667, 0.399666666666667, 0.330333333333333, 0.331333333333333, 0.374666666666667, 0.373, 0.357, 0.339666666666667, 0.296666666666667, 0.349, 0.490333333333333, 0.405666666666667, 0.54, 0.434, 0.393, 0.449333333333333, 0.466, 0.217, 0.426, 0.460333333333333, 0.522666666666667, 0.37, 0.482666666666667, 0.474, 0.456666666666667, 0.330666666666667, 0.397, 0.351, 0.277333333333333, 0.441666666666667, 0.283666666666667, 0.543, 0.317666666666667, 0.290333333333333, 0.477, 0.357666666666667, 0.482333333333333, 0.381333333333333, 0.400666666666667, 0.376666666666667, 0.331666666666667, 0.463, 0.484666666666667, 0.511, 0.460666666666667, 0.304, 0.328333333333333, 0.421333333333333, 0.410666666666667, 0.395, 0.442666666666667, 0.202, 0.475666666666667, 0.465333333333333, 0.321333333333333, 0.314, 0.413666666666667, 0.393666666666667, 0.413666666666667, 0.357, 1.0, 0.548, 0.248, 0.364333333333333, 0.296, 0.377666666666667, 0.324666666666667, 0.366333333333333, 0.461666666666667, 0.46, 0.378, 0.358666666666667, 0.452666666666667, 0.340666666666667, 0.468666666666667, 0.4, 0.39, 0.3335, 0.426666666666667, 0.554666666666667, 0.402333333333333, 0.468, 0.469666666666667, 0.43, 0.382333333333333, 0.483333333333333, 0.742, 0.359333333333333, 0.396333333333333, 0.489, 0.511333333333333, 0.462333333333333, 0.3845, 0.304333333333333, 0.254666666666667, 0.425666666666667, 0.445333333333333, 0.401666666666667, 0.365666666666667, 0.348, 0.344666666666667, 0.433333333333333, 0.469, 0.317, 0.399, 0.374333333333333, 0.302333333333333, 0.331666666666667, 0.243, 0.402666666666667, 0.303333333333333, 0.289, 0.451666666666667, 0.36, 0.3845, 0.404666666666667, 0.434, 0.437]",0
122,9606.ENSP00000449089,"[0.472333333333333, 0.427333333333333, 0.345333333333333, 0.411666666666667, 0.328, 0.546333333333333, 0.439666666666667, 0.456333333333333, 0.431333333333333, 0.516333333333333, 0.467666666666667, 0.466, 0.476666666666667, 0.598, 0.294333333333333, 0.346666666666667, 0.385333333333333, 0.394, 0.655, 0.328666666666667, 0.311, 0.374333333333333, 0.439333333333333, 0.388333333333333, 0.387666666666667, 0.38, 0.441, 0.46, 0.373333333333333, 0.537, 0.400666666666667, 0.298666666666667, 0.373666666666667, 0.385, 0.396, 0.419666666666667, 0.390666666666667, 0.441, 0.229333333333333, 0.38, 0.410333333333333, 0.323, 0.377333333333333, 0.410333333333333, 0.389333333333333, 0.421333333333333, 0.383333333333333, 0.374666666666667, 0.441, 0.616666666666667, 0.540333333333333, 0.469333333333333, 0.428333333333333, 0.36, 0.366333333333333, 0.513666666666667, 0.571, 0.501, 0.395333333333333, 0.562666666666667, 0.471666666666667, 0.386333333333333, 0.474, 0.419666666666667, 0.356666666666667, 0.452666666666667, 0.502666666666667, 0.557666666666667, 0.434333333333333, 0.339666666666667, 0.365666666666667, 0.572333333333333, 0.439666666666667, 0.587333333333333, 0.493666666666667, 0.403, 0.537666666666667, 0.479, 0.222333333333333, 0.451333333333333, 0.507333333333333, 0.562, 0.433333333333333, 0.526666666666667, 0.559666666666667, 0.434, 0.291333333333333, 0.354, 0.283666666666667, 0.242, 0.418333333333333, 0.288666666666667, 0.434666666666667, 0.296333333333333, 0.264, 0.421333333333333, 0.265, 0.355, 0.375666666666667, 0.442333333333333, 0.353333333333333, 0.388333333333333, 0.483333333333333, 0.442333333333333, 0.475, 0.524333333333333, 0.313333333333333, 0.371, 0.458666666666667, 0.468666666666667, 0.401666666666667, 0.426, 0.365333333333333, 0.511333333333333, 0.524, 0.275333333333333, 0.327666666666667, 0.383, 0.505333333333333, 0.521666666666667, 0.41, 0.548, 1.0, 0.181, 0.334, 0.261333333333333, 0.43, 0.443333333333333, 0.476, 0.526, 0.375333333333333, 0.412, 0.392, 0.511666666666667, 0.335, 0.500333333333333, 0.314333333333333, 0.382666666666667, 0.325, 0.364666666666667, 0.433, 0.367666666666667, 0.576333333333333, 0.368333333333333, 0.44, 0.471333333333333, 0.500333333333333, 0.5715, 0.400333333333333, 0.446, 0.502666666666667, 0.526666666666667, 0.513333333333333, 0.398, 0.358333333333333, 0.340666666666667, 0.452333333333333, 0.460333333333333, 0.404, 0.447333333333333, 0.312, 0.375, 0.487, 0.426, 0.435666666666667, 0.434, 0.433333333333333, 0.428, 0.452666666666667, 0.345666666666667, 0.547666666666667, 0.369333333333333, 0.441666666666667, 0.432, 0.323666666666667, 0.391, 0.384666666666667, 0.399333333333333, 0.396]",0
129,9606.ENSP00000318486,"[0.305, 0.519666666666667, 0.42, 0.402333333333333, 0.295666666666667, 0.414, 0.38, 0.424666666666667, 0.299, 0.551, 0.260333333333333, 0.374, 0.267333333333333, 0.36, 0.181, 0.415333333333333, 0.236666666666667, 0.1815, 0.4135, 0.227333333333333, 0.241, 0.237, 0.389, 0.260333333333333, 0.264666666666667, 0.256333333333333, 0.231, 0.285, 0.253666666666667, 0.574, 0.279666666666667, 0.284333333333333, 0.235, 0.264, 0.353666666666667, 0.297333333333333, 0.276333333333333, 0.231, 0.147333333333333, 0.256333333333333, 0.280333333333333, 0.254333333333333, 0.231, 0.284333333333333, 0.293333333333333, 0.363333333333333, 0.261, 0.364666666666667, 0.394333333333333, 0.440333333333333, 0.249666666666667, 0.385333333333333, 0.380333333333333, 0.327666666666667, 0.424333333333333, 0.389666666666667, 0.520666666666667, 0.482666666666667, 0.345, 0.635333333333333, 0.459333333333333, 0.329666666666667, 0.389, 0.342333333333333, 0.317666666666667, 0.290666666666667, 0.441333333333333, 0.46, 0.379333333333333, 0.229, 0.223666666666667, 0.601333333333333, 0.743, 0.475666666666667, 0.483666666666667, 0.468333333333333, 0.490333333333333, 0.348666666666667, 0.201333333333333, 0.463666666666667, 0.576, 0.608333333333333, 0.484, 0.558333333333333, 0.583333333333333, 0.440666666666667, 0.276, 0.2195, 0.339, 0.239, 0.33, 0.231333333333333, 0.444333333333333, 0.169333333333333, 0.199, 0.358333333333333, 0.236666666666667, 0.305, 0.308, 0.460333333333333, 0.244, 0.293333333333333, 0.577333333333333, 0.546, 0.382666666666667, 0.394333333333333, 0.208666666666667, 0.267333333333333, 0.351666666666667, 0.382666666666667, 0.326, 0.351333333333333, 0.181666666666667, 0.641, 0.439, 0.23, 0.225666666666667, 0.325, 0.560333333333333, 0.367, 0.365, 0.461666666666667, 0.526, 0.164, 0.265666666666667, 0.334333333333333, 0.395333333333333, 0.189666666666667, 0.403333333333333, 1.0, 0.459, 0.386333333333333, 0.383, 0.464666666666667, 0.331333333333333, 0.584333333333333, 0.282, 0.313, 0.2845, 0.392333333333333, 0.491666666666667, 0.456333333333333, 0.593, 0.402, 0.392, 0.388333333333333, 0.551, 0.7375, 0.438666666666667, 0.552333333333333, 0.558666666666667, 0.386333333333333, 0.674666666666667, 0.2135, 0.440333333333333, 0.187666666666667, 0.521666666666667, 0.636, 0.281, 0.405, 0.468666666666667, 0.349, 0.482, 0.406333333333333, 0.369333333333333, 0.412, 0.494333333333333, 0.300666666666667, 0.320333333333333, 0.312666666666667, 0.517666666666667, 0.385666666666667, 0.443, 0.382, 0.355666666666667, 0.517, 0.559333333333333, 0.333333333333333, 0.376]",0
130,9606.ENSP00000411397,"[0.375666666666667, 0.338666666666667, 0.379333333333333, 0.420333333333333, 0.434666666666667, 0.3, 0.334, 0.482666666666667, 0.334, 0.389333333333333, 0.389666666666667, 0.346666666666667, 0.388, 0.183, 0.313, 0.257, 0.297666666666667, 0.2335, 0.219, 0.396, 0.319, 0.312333333333333, 0.311666666666667, 0.304333333333333, 0.316666666666667, 0.300333333333333, 0.309, 0.351, 0.309333333333333, 0.403666666666667, 0.362, 0.302, 0.323333333333333, 0.300333333333333, 0.341333333333333, 0.386333333333333, 0.293, 0.309, 0.266, 0.300333333333333, 0.282333333333333, 0.256, 0.261666666666667, 0.344333333333333, 0.297, 0.375666666666667, 0.297, 0.382, 0.330666666666667, 0.446, 0.368333333333333, 0.406666666666667, 0.693666666666667, 0.447333333333333, 0.316333333333333, 0.421, 0.457333333333333, 0.330333333333333, 0.337, 0.534333333333333, 0.363333333333333, 0.421333333333333, 0.326333333333333, 0.346333333333333, 0.465, 0.486333333333333, 0.398666666666667, 0.408333333333333, 0.398666666666667, 0.270666666666667, 0.250666666666667, 0.51, 0.562666666666667, 0.391666666666667, 0.323333333333333, 0.332, 0.325, 0.362333333333333, 0.208666666666667, 0.438, 0.409, 0.459333333333333, 0.460333333333333, 0.359333333333333, 0.376, 0.438333333333333, 0.309666666666667, 0.3945, 0.350333333333333, 0.212666666666667, 0.331333333333333, 0.299333333333333, 0.432666666666667, 0.303333333333333, 0.294, 0.346333333333333, 0.401, 0.425333333333333, 0.381333333333333, 0.367333333333333, 0.394, 0.287666666666667, 0.642333333333333, 0.611, 0.501333333333333, 0.34, 0.318333333333333, 0.260333333333333, 0.259666666666667, 0.432666666666667, 0.392, 0.289333333333333, 0.254666666666667, 0.651666666666667, 0.456333333333333, 0.345666666666667, 0.308, 0.249666666666667, 0.409666666666667, 0.272333333333333, 0.274, 0.46, 0.375333333333333, 0.381666666666667, 0.455333333333333, 0.365, 0.291, 0.326, 0.361333333333333, 0.459, 1.0, 0.392, 0.392333333333333, 0.412666666666667, 0.414333333333333, 0.460333333333333, 0.493666666666667, 0.377, 0.49, 0.514333333333333, 0.327666666666667, 0.346666666666667, 0.366333333333333, 0.349, 0.321666666666667, 0.25, 0.611666666666667, 0.6145, 0.434, 0.349333333333333, 0.426666666666667, 0.367666666666667, 0.548, 0.3875, 0.313666666666667, 0.243666666666667, 0.453333333333333, 0.639666666666667, 0.343, 0.335333333333333, 0.349666666666667, 0.342333333333333, 0.389666666666667, 0.413, 0.262333333333333, 0.307666666666667, 0.339666666666667, 0.293666666666667, 0.316333333333333, 0.251, 0.389666666666667, 0.285666666666667, 0.313333333333333, 0.338, 0.281, 0.3705, 0.358666666666667, 0.411666666666667, 0.332666666666667]",0
131,9606.ENSP00000321656,"[0.262666666666667, 0.259, 0.232666666666667, 0.365, 0.336, 0.339, 0.358666666666667, 0.582, 0.262666666666667, 0.378, 0.292333333333333, 0.364666666666667, 0.306666666666667, 0.453, 0.31, 0.253333333333333, 0.379666666666667, 0.3045, 0.537, 0.305666666666667, 0.288, 0.312, 0.383, 0.325333333333333, 0.32, 0.313666666666667, 0.34, 0.669, 0.317666666666667, 0.387666666666667, 0.349666666666667, 0.282, 0.297666666666667, 0.327, 0.343666666666667, 0.333, 0.308333333333333, 0.34, 0.254666666666667, 0.313666666666667, 0.336, 0.317666666666667, 0.345333333333333, 0.365666666666667, 0.332333333333333, 0.3, 0.345333333333333, 0.281333333333333, 0.427333333333333, 0.375333333333333, 0.326666666666667, 0.445666666666667, 0.397666666666667, 0.44, 0.250333333333333, 0.284666666666667, 0.309, 0.271666666666667, 0.31, 0.453666666666667, 0.466333333333333, 0.473, 0.345, 0.402, 0.38, 0.279, 0.223, 0.266666666666667, 0.408666666666667, 0.318666666666667, 0.365333333333333, 0.324, 0.331, 0.396, 0.365333333333333, 0.226666666666667, 0.266333333333333, 0.327666666666667, 0.212666666666667, 0.440333333333333, 0.311333333333333, 0.286333333333333, 0.449, 0.320666666666667, 0.435666666666667, 0.512, 0.334333333333333, 0.3695, 0.27, 0.269666666666667, 0.188, 0.219666666666667, 0.274666666666667, 0.271333333333333, 0.340666666666667, 0.396, 0.310666666666667, 0.377, 0.364333333333333, 0.407, 0.341, 0.369333333333333, 0.332333333333333, 0.422333333333333, 0.510666666666667, 0.280666666666667, 0.227333333333333, 0.315, 0.379, 0.300333333333333, 0.265666666666667, 0.349, 0.202, 0.387333333333333, 0.432666666666667, 0.319333333333333, 0.214666666666667, 0.373333333333333, 0.443666666666667, 0.369, 0.280666666666667, 0.378, 0.412, 0.274333333333333, 0.324333333333333, 0.158333333333333, 0.227666666666667, 0.265666666666667, 0.257333333333333, 0.386333333333333, 0.392, 1.0, 0.847333333333333, 0.406333333333333, 0.834, 0.381666666666667, 0.335333333333333, 0.291, 0.3305, 0.393333333333333, 0.471, 0.346666666666667, 0.317, 0.288, 0.395, 0.390666666666667, 0.453333333333333, 0.131, 0.333333333333333, 0.335, 0.299333333333333, 0.435, 0.419333333333333, 0.162, 0.221333333333333, 0.216333333333333, 0.383, 0.425666666666667, 0.311333333333333, 0.242, 0.127333333333333, 0.135, 0.232666666666667, 0.279333333333333, 0.23, 0.331333333333333, 0.382666666666667, 0.276, 0.229666666666667, 0.173, 0.290333333333333, 0.264666666666667, 0.254666666666667, 0.294333333333333, 0.167666666666667, 0.301, 0.348333333333333, 0.341666666666667, 0.534666666666667]",0
132,9606.ENSP00000245960,"[0.259333333333333, 0.238, 0.223666666666667, 0.415, 0.338333333333333, 0.360333333333333, 0.427, 0.586333333333333, 0.342333333333333, 0.197333333333333, 0.261666666666667, 0.367333333333333, 0.265333333333333, 0.385, 0.265666666666667, 0.204, 0.330333333333333, 0.2275, 0.4495, 0.271333333333333, 0.248333333333333, 0.252666666666667, 0.343666666666667, 0.269333333333333, 0.265333333333333, 0.267, 0.268, 0.548, 0.269, 0.362, 0.308333333333333, 0.234333333333333, 0.259666666666667, 0.284333333333333, 0.300333333333333, 0.294, 0.263, 0.268, 0.221666666666667, 0.267, 0.298666666666667, 0.276333333333333, 0.299, 0.323666666666667, 0.273333333333333, 0.269333333333333, 0.276333333333333, 0.237666666666667, 0.440333333333333, 0.376, 0.286, 0.392, 0.400666666666667, 0.437333333333333, 0.236, 0.275666666666667, 0.353666666666667, 0.268666666666667, 0.311, 0.417666666666667, 0.492333333333333, 0.43, 0.375, 0.396333333333333, 0.381333333333333, 0.290333333333333, 0.226, 0.252666666666667, 0.413, 0.256333333333333, 0.316333333333333, 0.319666666666667, 0.346333333333333, 0.379, 0.363666666666667, 0.238333333333333, 0.256666666666667, 0.287666666666667, 0.169, 0.434666666666667, 0.313666666666667, 0.269, 0.442, 0.312, 0.382666666666667, 0.522666666666667, 0.325, 0.3325, 0.289666666666667, 0.291333333333333, 0.190333333333333, 0.225666666666667, 0.290333333333333, 0.264333333333333, 0.325666666666667, 0.418, 0.311, 0.365666666666667, 0.362, 0.413, 0.324333333333333, 0.340666666666667, 0.391, 0.525, 0.533333333333333, 0.263333333333333, 0.238, 0.304, 0.354333333333333, 0.336333333333333, 0.263666666666667, 0.366, 0.155333333333333, 0.400333333333333, 0.41, 0.313333333333333, 0.208, 0.396666666666667, 0.465333333333333, 0.440666666666667, 0.281666666666667, 0.358666666666667, 0.392, 0.288, 0.345333333333333, 0.154, 0.23, 0.183, 0.243, 0.383, 0.392333333333333, 0.847333333333333, 1.0, 0.378333333333333, 0.838333333333333, 0.383666666666667, 0.342, 0.266333333333333, 0.332, 0.381666666666667, 0.476, 0.322, 0.332, 0.258333333333333, 0.401666666666667, 0.383333333333333, 0.525, 0.1315, 0.354666666666667, 0.327333333333333, 0.294666666666667, 0.407666666666667, 0.444333333333333, 0.1465, 0.224333333333333, 0.209333333333333, 0.334, 0.415666666666667, 0.300666666666667, 0.230333333333333, 0.159666666666667, 0.139, 0.227333333333333, 0.262666666666667, 0.159666666666667, 0.268, 0.39, 0.245666666666667, 0.194333333333333, 0.159333333333333, 0.277, 0.258, 0.256333333333333, 0.302666666666667, 0.183666666666667, 0.3075, 0.331333333333333, 0.338666666666667, 0.522333333333333]",0
133,9606.ENSP00000264335,"[0.363666666666667, 0.388, 0.298666666666667, 0.306, 0.271666666666667, 0.411666666666667, 0.395, 0.46, 0.375, 0.536, 0.351, 0.410333333333333, 0.349333333333333, 0.2405, 0.177, 0.496333333333333, 0.356, 0.2855, 0.3315, 0.245666666666667, 0.209, 0.214333333333333, 0.36, 0.189, 0.214666666666667, 0.173333333333333, 0.2595, 0.537, 0.202333333333333, 0.538666666666667, 0.230666666666667, 0.245, 0.208, 0.178, 0.238666666666667, 0.226666666666667, 0.198, 0.2595, 0.173, 0.173333333333333, 0.297333333333333, 0.237666666666667, 0.286333333333333, 0.211, 0.207666666666667, 0.276666666666667, 0.181, 0.205666666666667, 0.406666666666667, 0.497, 0.344666666666667, 0.354, 0.406666666666667, 0.339666666666667, 0.396333333333333, 0.554, 0.419333333333333, 0.456666666666667, 0.370666666666667, 0.476333333333333, 0.431333333333333, 0.38, 0.461333333333333, 0.443, 0.304, 0.353, 0.449, 0.41, 0.459333333333333, 0.225, 0.315, 0.487666666666667, 0.396, 0.520666666666667, 0.534, 0.450666666666667, 0.595666666666667, 0.372, 0.212333333333333, 0.345333333333333, 0.46, 0.465333333333333, 0.401333333333333, 0.514, 0.487333333333333, 0.382333333333333, 0.525333333333333, 0.4095, 0.304, 0.245666666666667, 0.452333333333333, 0.213333333333333, 0.424333333333333, 0.460666666666667, 0.281666666666667, 0.272666666666667, 0.362, 0.506333333333333, 0.369, 0.476666666666667, 0.377, 0.288, 0.369333333333333, 0.347333333333333, 0.385, 0.506333333333333, 0.221333333333333, 0.362666666666667, 0.428333333333333, 0.321, 0.463666666666667, 0.409333333333333, 0.310333333333333, 0.428, 0.459, 0.315666666666667, 0.419, 0.394333333333333, 0.489333333333333, 0.373666666666667, 0.431666666666667, 0.452666666666667, 0.511666666666667, 0.173666666666667, 0.283333333333333, 0.311333333333333, 0.425, 0.570333333333333, 0.395333333333333, 0.464666666666667, 0.412666666666667, 0.406333333333333, 0.378333333333333, 1.0, 0.391, 0.436, 0.295333333333333, 0.404333333333333, 0.2735, 0.356, 0.493666666666667, 0.342666666666667, 0.500666666666667, 0.438333333333333, 0.443, 0.391666666666667, 0.404333333333333, 0.5825, 0.328333333333333, 0.435666666666667, 0.508666666666667, 0.431, 0.449666666666667, 0.374, 0.357333333333333, 0.233666666666667, 0.486333333333333, 0.403666666666667, 0.273666666666667, 0.455, 0.339, 0.397666666666667, 0.490666666666667, 0.469, 0.354666666666667, 0.361333333333333, 0.497333333333333, 0.430333333333333, 0.424333333333333, 0.366, 0.447666666666667, 0.433, 0.444666666666667, 0.481333333333333, 0.441, 0.443, 0.438666666666667, 0.388333333333333, 0.392]",0
134,9606.ENSP00000303706,"[0.250666666666667, 0.219333333333333, 0.233333333333333, 0.345666666666667, 0.349, 0.292, 0.344333333333333, 0.620333333333333, 0.258333333333333, 0.396666666666667, 0.258333333333333, 0.362666666666667, 0.258666666666667, 0.2855, 0.253, 0.218666666666667, 0.350666666666667, 0.255, 0.358, 0.292, 0.313, 0.254, 0.374666666666667, 0.27, 0.280333333333333, 0.268666666666667, 0.2705, 0.651, 0.297666666666667, 0.365333333333333, 0.334, 0.228, 0.260333333333333, 0.288666666666667, 0.298333333333333, 0.297, 0.265, 0.2705, 0.226666666666667, 0.268666666666667, 0.301333333333333, 0.265333333333333, 0.308666666666667, 0.334666666666667, 0.266333333333333, 0.262666666666667, 0.278666666666667, 0.284666666666667, 0.43, 0.333666666666667, 0.276666666666667, 0.372333333333333, 0.403, 0.414666666666667, 0.269333333333333, 0.289, 0.294333333333333, 0.275666666666667, 0.316333333333333, 0.396666666666667, 0.459, 0.424, 0.307, 0.442666666666667, 0.397333333333333, 0.293333333333333, 0.198, 0.233333333333333, 0.455333333333333, 0.253, 0.374666666666667, 0.297, 0.313666666666667, 0.384, 0.351333333333333, 0.223666666666667, 0.255333333333333, 0.309, 0.169666666666667, 0.407666666666667, 0.287666666666667, 0.281666666666667, 0.454666666666667, 0.283666666666667, 0.407, 0.513333333333333, 0.336333333333333, 0.4035, 0.286, 0.280333333333333, 0.195333333333333, 0.215, 0.283666666666667, 0.303333333333333, 0.377333333333333, 0.414333333333333, 0.352, 0.408666666666667, 0.357, 0.374333333333333, 0.335, 0.371, 0.302333333333333, 0.389333333333333, 0.548333333333333, 0.254333333333333, 0.236, 0.292, 0.358333333333333, 0.321666666666667, 0.305333333333333, 0.38, 0.153, 0.352, 0.425, 0.392333333333333, 0.235666666666667, 0.402333333333333, 0.445666666666667, 0.336, 0.26, 0.340666666666667, 0.335, 0.276, 0.319, 0.19, 0.206666666666667, 0.170333333333333, 0.239, 0.331333333333333, 0.414333333333333, 0.834, 0.838333333333333, 0.391, 1.0, 0.383333333333333, 0.334, 0.302333333333333, 0.354, 0.379666666666667, 0.488, 0.307, 0.326333333333333, 0.269, 0.417333333333333, 0.342666666666667, 0.426666666666667, 0.129, 0.359333333333333, 0.284333333333333, 0.322666666666667, 0.436666666666667, 0.402333333333333, 0.157, 0.194, 0.209333333333333, 0.361666666666667, 0.420666666666667, 0.292, 0.225, 0.123666666666667, 0.144666666666667, 0.224333333333333, 0.271333333333333, 0.136666666666667, 0.264666666666667, 0.401, 0.243666666666667, 0.178666666666667, 0.146666666666667, 0.249333333333333, 0.228333333333333, 0.235333333333333, 0.31, 0.187, 0.2345, 0.290333333333333, 0.334, 0.517333333333333]",0
142,9606.ENSP00000316779,"[0.452, 0.442, 0.359666666666667, 0.340666666666667, 0.254, 0.47, 0.399333333333333, 0.374666666666667, 0.384333333333333, 0.422333333333333, 0.250333333333333, 0.435666666666667, 0.257, 0.355, 0.149, 0.477666666666667, 0.304333333333333, 0.2155, 0.4265, 0.173666666666667, 0.14, 0.192666666666667, 0.283666666666667, 0.163666666666667, 0.167, 0.155666666666667, 0.2325, 0.283, 0.168333333333333, 0.518333333333333, 0.176333333333333, 0.185, 0.189666666666667, 0.157, 0.206666666666667, 0.206, 0.173333333333333, 0.2325, 0.122333333333333, 0.155666666666667, 0.27, 0.186333333333333, 0.249666666666667, 0.176, 0.174, 0.313666666666667, 0.160333333333333, 0.243, 0.354333333333333, 0.463333333333333, 0.297, 0.378666666666667, 0.272666666666667, 0.249666666666667, 0.385666666666667, 0.441, 0.512333333333333, 0.465333333333333, 0.296666666666667, 0.491666666666667, 0.394666666666667, 0.406666666666667, 0.471333333333333, 0.349, 0.272333333333333, 0.315333333333333, 0.434333333333333, 0.5, 0.349, 0.222333333333333, 0.248, 0.548, 0.507, 0.494666666666667, 0.498, 0.433666666666667, 0.564666666666667, 0.339666666666667, 0.143666666666667, 0.272, 0.602666666666667, 0.620333333333333, 0.410333333333333, 0.526666666666667, 0.542, 0.352, 0.506666666666667, 0.24, 0.328, 0.195333333333333, 0.402, 0.171333333333333, 0.425666666666667, 0.161666666666667, 0.206666666666667, 0.368, 0.237333333333333, 0.277, 0.329666666666667, 0.454666666666667, 0.277666666666667, 0.247666666666667, 0.511, 0.452333333333333, 0.372666666666667, 0.481, 0.182333333333333, 0.362666666666667, 0.412, 0.319666666666667, 0.332666666666667, 0.375333333333333, 0.225666666666667, 0.474, 0.395666666666667, 0.209666666666667, 0.289333333333333, 0.357333333333333, 0.513, 0.423333333333333, 0.341666666666667, 0.468, 0.576333333333333, 0.119, 0.263, 0.32, 0.466, 0.222666666666667, 0.491, 0.593, 0.366333333333333, 0.317, 0.332, 0.500666666666667, 0.326333333333333, 0.539, 0.235666666666667, 0.307, 0.19, 0.276, 0.493333333333333, 0.359333333333333, 1.0, 0.381666666666667, 0.374333333333333, 0.404, 0.392666666666667, 0.7055, 0.445666666666667, 0.469333333333333, 0.584666666666667, 0.423666666666667, 0.529, 0.279, 0.398333333333333, 0.262, 0.519333333333333, 0.481666666666667, 0.228666666666667, 0.478666666666667, 0.422666666666667, 0.378333333333333, 0.551666666666667, 0.374666666666667, 0.462666666666667, 0.367333333333333, 0.526333333333333, 0.479, 0.491333333333333, 0.401666666666667, 0.609666666666667, 0.381333333333333, 0.524, 0.427333333333333, 0.39, 0.4775, 0.477, 0.334, 0.395666666666667]",0
143,9606.ENSP00000356694,"[0.28, 0.493, 0.266666666666667, 0.210333333333333, 0.203, 0.321666666666667, 0.302, 0.316, 0.266666666666667, 0.592333333333333, 0.304666666666667, 0.369333333333333, 0.303666666666667, 0.285, 0.14, 0.229, 0.352333333333333, 0.209, 0.3625, 0.158666666666667, 0.164333333333333, 0.175, 0.275, 0.134333333333333, 0.160333333333333, 0.129333333333333, 0.1915, 0.374, 0.162, 0.485333333333333, 0.156666666666667, 0.171333333333333, 0.176333333333333, 0.141, 0.183666666666667, 0.194666666666667, 0.135, 0.1915, 0.121333333333333, 0.129333333333333, 0.210333333333333, 0.162333333333333, 0.212, 0.144333333333333, 0.141, 0.206333333333333, 0.137, 0.163, 0.475333333333333, 0.397666666666667, 0.226666666666667, 0.265333333333333, 0.330666666666667, 0.295333333333333, 0.293666666666667, 0.446333333333333, 0.341666666666667, 0.313333333333333, 0.518, 0.370666666666667, 0.294, 0.261666666666667, 0.355, 0.324, 0.211, 0.291666666666667, 0.357, 0.354666666666667, 0.294, 0.168333333333333, 0.28, 0.379666666666667, 0.355666666666667, 0.437333333333333, 0.423666666666667, 0.517666666666667, 0.500666666666667, 0.387, 0.127333333333333, 0.306666666666667, 0.35, 0.442, 0.303, 0.494333333333333, 0.380333333333333, 0.340666666666667, 0.304666666666667, 0.249, 0.328666666666667, 0.214666666666667, 0.483, 0.160333333333333, 0.540666666666667, 0.189666666666667, 0.292, 0.368, 0.361666666666667, 0.399666666666667, 0.298666666666667, 0.434666666666667, 0.317, 0.287, 0.288666666666667, 0.273666666666667, 0.34, 0.447333333333333, 0.2, 0.278, 0.379666666666667, 0.285333333333333, 0.420666666666667, 0.347333333333333, 0.16, 0.343666666666667, 0.395666666666667, 0.247, 0.342333333333333, 0.377333333333333, 0.336, 0.27, 0.575666666666667, 0.469666666666667, 0.368333333333333, 0.238333333333333, 0.423333333333333, 0.272333333333333, 0.372333333333333, 0.230666666666667, 0.400333333333333, 0.402, 0.349, 0.288, 0.258333333333333, 0.438333333333333, 0.269, 0.410666666666667, 0.328, 0.329666666666667, 0.2165, 0.351666666666667, 0.565, 0.360666666666667, 0.381666666666667, 1.0, 0.375333333333333, 0.343333333333333, 0.362, 0.787, 0.375666666666667, 0.424333333333333, 0.451333333333333, 0.416333333333333, 0.352333333333333, 0.422, 0.349333333333333, 0.189333333333333, 0.400666666666667, 0.38, 0.209333333333333, 0.391, 0.409333333333333, 0.445666666666667, 0.482, 0.448333333333333, 0.289, 0.483, 0.457333333333333, 0.279666666666667, 0.394, 0.278, 0.435, 0.312666666666667, 0.371, 0.515333333333333, 0.414666666666667, 0.4405, 0.351333333333333, 0.299666666666667, 0.343333333333333]",0
144,9606.ENSP00000339527,"[0.268, 0.314666666666667, 0.237, 0.261666666666667, 0.247, 0.264333333333333, 0.335666666666667, 0.577333333333333, 0.232, 0.183, 0.326, 0.321, 0.325666666666667, 0.295, 0.187333333333333, 0.289666666666667, 0.378333333333333, 0.3275, 0.3425, 0.306, 0.287666666666667, 0.270333333333333, 0.426666666666667, 0.222333333333333, 0.267666666666667, 0.213, 0.3175, 0.612, 0.256666666666667, 0.519333333333333, 0.288, 0.273333333333333, 0.268666666666667, 0.238, 0.306, 0.234333333333333, 0.228666666666667, 0.3175, 0.213333333333333, 0.213, 0.315666666666667, 0.285666666666667, 0.307, 0.263666666666667, 0.238666666666667, 0.265, 0.220333333333333, 0.275333333333333, 0.385333333333333, 0.379, 0.302333333333333, 0.274666666666667, 0.402333333333333, 0.303666666666667, 0.336, 0.356, 0.351, 0.334, 0.347333333333333, 0.481666666666667, 0.432666666666667, 0.243, 0.349, 0.359666666666667, 0.280666666666667, 0.292666666666667, 0.317, 0.281333333333333, 0.348666666666667, 0.246666666666667, 0.521666666666667, 0.397333333333333, 0.366333333333333, 0.470333333333333, 0.436333333333333, 0.324, 0.413666666666667, 0.471333333333333, 0.230666666666667, 0.311, 0.444333333333333, 0.415, 0.386, 0.454333333333333, 0.499333333333333, 0.444666666666667, 0.314333333333333, 0.3905, 0.543333333333333, 0.515666666666667, 0.301, 0.250666666666667, 0.383333333333333, 0.481666666666667, 0.414, 0.509, 0.362, 0.452, 0.316, 0.402, 0.366, 0.327, 0.352, 0.361333333333333, 0.478333333333333, 0.433333333333333, 0.256666666666667, 0.394333333333333, 0.407, 0.278666666666667, 0.526, 0.744333333333333, 0.216333333333333, 0.408333333333333, 0.465666666666667, 0.358, 0.28, 0.677333333333333, 0.419, 0.268666666666667, 0.318666666666667, 0.43, 0.44, 0.136666666666667, 0.242333333333333, 0.264, 0.356, 0.466, 0.319, 0.392, 0.321666666666667, 0.395, 0.401666666666667, 0.443, 0.417333333333333, 0.378333333333333, 0.248666666666667, 0.335, 0.2475, 0.303666666666667, 0.725666666666667, 0.524666666666667, 0.374333333333333, 0.375333333333333, 1.0, 0.441333333333333, 0.421333333333333, 0.4155, 0.298666666666667, 0.406666666666667, 0.354333333333333, 0.444333333333333, 0.512, 0.2115, 0.247333333333333, 0.202333333333333, 0.367333333333333, 0.467333333333333, 0.344666666666667, 0.308333333333333, 0.275, 0.291666666666667, 0.338666666666667, 0.405333333333333, 0.211333333333333, 0.345, 0.499, 0.232666666666667, 0.216666666666667, 0.205333333333333, 0.321, 0.294666666666667, 0.260666666666667, 0.56, 0.288333333333333, 0.362, 0.322, 0.391, 0.534333333333333]",0
145,9606.ENSP00000376943,"[0.268333333333333, 0.321, 0.225333333333333, 0.262333333333333, 0.283, 0.299, 0.326333333333333, 0.333666666666667, 0.208666666666667, 0.325333333333333, 0.308333333333333, 0.383333333333333, 0.314, 0.546, 0.189666666666667, 0.256333333333333, 0.380333333333333, 0.289, 0.5555, 0.248666666666667, 0.215333333333333, 0.243333333333333, 0.333666666666667, 0.215333333333333, 0.232333333333333, 0.203666666666667, 0.305, 0.438, 0.208333333333333, 0.382, 0.254666666666667, 0.267, 0.244, 0.211666666666667, 0.278333333333333, 0.217666666666667, 0.226333333333333, 0.305, 0.182666666666667, 0.203666666666667, 0.242666666666667, 0.253333333333333, 0.304, 0.219, 0.256666666666667, 0.264333333333333, 0.209, 0.216666666666667, 0.308, 0.431666666666667, 0.289, 0.231666666666667, 0.340333333333333, 0.307666666666667, 0.306666666666667, 0.296, 0.383333333333333, 0.351333333333333, 0.328333333333333, 0.403666666666667, 0.424333333333333, 0.219, 0.335, 0.297666666666667, 0.293, 0.235, 0.342666666666667, 0.322666666666667, 0.305, 0.238, 0.293666666666667, 0.387, 0.288333333333333, 0.383, 0.408, 0.312, 0.405666666666667, 0.329666666666667, 0.213, 0.266333333333333, 0.370333333333333, 0.356333333333333, 0.315, 0.378, 0.469, 0.421333333333333, 0.285333333333333, 0.3635, 0.182333333333333, 0.186, 0.283666666666667, 0.218, 0.396333333333333, 0.141333333333333, 0.227333333333333, 0.386333333333333, 0.322, 0.290666666666667, 0.310333333333333, 0.476, 0.289666666666667, 0.378666666666667, 0.256333333333333, 0.390666666666667, 0.297666666666667, 0.4, 0.234333333333333, 0.253, 0.328, 0.25, 0.308666666666667, 0.326, 0.242666666666667, 0.299333333333333, 0.365333333333333, 0.243333333333333, 0.327333333333333, 0.302333333333333, 0.369, 0.406666666666667, 0.377666666666667, 0.382333333333333, 0.471333333333333, 0.118333333333333, 0.239333333333333, 0.206333333333333, 0.317, 0.287, 0.342, 0.388333333333333, 0.25, 0.390666666666667, 0.383333333333333, 0.391666666666667, 0.342666666666667, 0.425, 0.212, 0.284333333333333, 0.2385, 0.284, 0.288666666666667, 0.273, 0.404, 0.343333333333333, 0.441333333333333, 1.0, 0.287, 0.4265, 0.344, 0.373333333333333, 0.38, 0.475666666666667, 0.415, 0.229, 0.31, 0.259333333333333, 0.417, 0.403, 0.231666666666667, 0.329333333333333, 0.274333333333333, 0.267666666666667, 0.329666666666667, 0.270333333333333, 0.216333333333333, 0.331666666666667, 0.357, 0.311666666666667, 0.253666666666667, 0.265, 0.371333333333333, 0.278666666666667, 0.364333333333333, 0.337333333333333, 0.215, 0.388, 0.342333333333333, 0.28, 0.465666666666667]",0
146,9606.ENSP00000381531,"[0.414, 0.366333333333333, 0.300666666666667, 0.463333333333333, 0.331, 0.448, 0.422333333333333, 0.498666666666667, 0.415333333333333, 0.154, 0.391666666666667, 0.321, 0.392666666666667, 0.4235, 0.310333333333333, 0.255333333333333, 0.298666666666667, 0.266, 0.498, 0.322333333333333, 0.284333333333333, 0.315666666666667, 0.368, 0.296, 0.310666666666667, 0.292333333333333, 0.289, 0.442, 0.303666666666667, 0.456666666666667, 0.336666666666667, 0.277666666666667, 0.321, 0.304, 0.341666666666667, 0.332333333333333, 0.294, 0.289, 0.217333333333333, 0.292333333333333, 0.359, 0.3, 0.296333333333333, 0.317333333333333, 0.298666666666667, 0.331, 0.298666666666667, 0.319, 0.379, 0.524, 0.364, 0.412333333333333, 0.592333333333333, 0.451666666666667, 0.282, 0.378, 0.525333333333333, 0.314, 0.393666666666667, 0.603, 0.411666666666667, 0.395666666666667, 0.397, 0.328666666666667, 0.345333333333333, 0.452, 0.485666666666667, 0.433333333333333, 0.376666666666667, 0.272, 0.308666666666667, 0.526333333333333, 0.584333333333333, 0.461333333333333, 0.376, 0.333666666666667, 0.386666666666667, 0.387, 0.179333333333333, 0.466333333333333, 0.453333333333333, 0.447666666666667, 0.437666666666667, 0.406, 0.437333333333333, 0.476333333333333, 0.316, 0.352, 0.364333333333333, 0.297333333333333, 0.339666666666667, 0.301333333333333, 0.406333333333333, 0.356, 0.278, 0.489666666666667, 0.28, 0.387333333333333, 0.305666666666667, 0.378333333333333, 0.307666666666667, 0.283, 0.648333333333333, 0.645666666666667, 0.479, 0.357666666666667, 0.311, 0.362666666666667, 0.409333333333333, 0.481333333333333, 0.400666666666667, 0.385, 0.247333333333333, 0.672333333333333, 0.531, 0.299333333333333, 0.307666666666667, 0.346333333333333, 0.449666666666667, 0.508666666666667, 0.281333333333333, 0.483333333333333, 0.500333333333333, 0.281333333333333, 0.424, 0.25, 0.305666666666667, 0.366666666666667, 0.424, 0.551, 0.611666666666667, 0.453333333333333, 0.525, 0.404333333333333, 0.426666666666667, 0.471666666666667, 0.370666666666667, 0.332666666666667, 0.4075, 0.419333333333333, 0.520666666666667, 0.406, 0.392666666666667, 0.362, 0.421333333333333, 0.287, 1.0, 0.646, 0.413666666666667, 0.484333333333333, 0.388333333333333, 0.384666666666667, 0.606, 0.278, 0.330666666666667, 0.365333333333333, 0.364333333333333, 0.595, 0.339, 0.361, 0.337333333333333, 0.283333333333333, 0.336, 0.398333333333333, 0.309, 0.446333333333333, 0.393, 0.283666666666667, 0.336666666666667, 0.269666666666667, 0.465333333333333, 0.344666666666667, 0.342666666666667, 0.423333333333333, 0.312666666666667, 0.4135, 0.409, 0.348, 0.354]",0
147,9606.ENSP00000296861,"[0.5855, 0.3765, 0.194, 0.474, 0.59, 0.255, 0.6085, 0.154, 0.58, 0.0795, 0.5345, 0.3985, 0.535, 0.143, 0.2555, 0.3095, 0.4325, 0.275, 0.3435, 0.2595, 0.2935, 0.269, 0.3875, 0.2795, 0.304, 0.266, 0.264, 0.419, 0.3045, 0.6855, 0.291, 0.336, 0.266, 0.266, 0.3575, 0.5565, 0.302, 0.264, 0.257, 0.266, 0.275, 0.3255, 0.271, 0.266, 0.305, 0.349, 0.266, 0.3275, 0.3015, 0.682, 0.451, 0.389, 0.6475, 0.6335, 0.658, 0.532, 0.6285, 0.214, 0.423, 0.587, 0.2415, 0.237, 0.592, 0.095, 0.59, 0.5725, 0.6365, 0.6205, 0.1245, 0.266, 0.1345, 0.679, 0.7165, 0.379, 0.216, 0.713, 0.683, 0.4275, 0.3105, 0.419, 0.682, 0.6865, 0.388, 0.7315, 0.356, 0.263, 0.614, 0.3105, 0.6335, 0.1205, 0.74, 0.3155, 0.7355, 0.0655, 0.1685, 0.1245, 0.281, 0.2065, 0.557, 0.6885, 0.53, 0.291, 0.705, 0.2415, 0.622, 0.695, 0.336, 0.5005, 0.3685, 0.6105, 0.7155, 0.2075, 0.432, 0.6575, 0.7665, 0.136, 0.566, 0.2035, 0.6995, 0.3065, 0.2495, 0.742, 0.5715, 0.0725, 0.461, 0.701, 0.722, 0.436, 0.655, 0.7375, 0.6145, 0.131, 0.1315, 0.5825, 0.129, 0.684, 0.608, 0.5365, 1.0, 0.6285, 0.22, 0.1885, 0.7055, 0.787, 0.4155, 0.4265, 0.646, 1.0, 0.6705, 0.7145, 0.73, 0.6815, 0.7045, 1.0, 0.429, 0.065, 0.7115, 0.216, 0.576, 0.6485, 0.76, 0.7365, 0.6715, 0.6915, 0.3445, 0.752, 0.7545, 0.5375, 0.583, 0.593, 0.6515, 0.672, 0.6075, 0.421, 0.737, 0.421, 0.2075, 0.562, 0.214]",0
148,9606.ENSP00000318585,"[0.251, 0.407666666666667, 0.259333333333333, 0.408, 0.351666666666667, 0.263666666666667, 0.273, 0.379333333333333, 0.296, 0.109666666666667, 0.27, 0.343666666666667, 0.271666666666667, 0.2375, 0.219, 0.199666666666667, 0.242666666666667, 0.199, 0.2735, 0.194333333333333, 0.272, 0.200333333333333, 0.272666666666667, 0.238333333333333, 0.255, 0.232333333333333, 0.202, 0.277, 0.270333333333333, 0.462333333333333, 0.252666666666667, 0.200333333333333, 0.205, 0.239, 0.296666666666667, 0.295, 0.264, 0.202, 0.179, 0.232333333333333, 0.213, 0.208, 0.214666666666667, 0.252, 0.244666666666667, 0.291, 0.237, 0.341666666666667, 0.28, 0.430333333333333, 0.273333333333333, 0.367, 0.35, 0.412666666666667, 0.420666666666667, 0.326666666666667, 0.479333333333333, 0.331, 0.424, 0.455, 0.375, 0.298333333333333, 0.338333333333333, 0.236333333333333, 0.363666666666667, 0.428666666666667, 0.332666666666667, 0.418666666666667, 0.285666666666667, 0.204333333333333, 0.220666666666667, 0.472333333333333, 0.452666666666667, 0.395333333333333, 0.374, 0.387333333333333, 0.430666666666667, 0.254, 0.138333333333333, 0.571666666666667, 0.412, 0.398333333333333, 0.516333333333333, 0.480333333333333, 0.451666666666667, 0.391, 0.220666666666667, 0.4, 0.280666666666667, 0.157333333333333, 0.335, 0.26, 0.307, 0.180333333333333, 0.195666666666667, 0.386333333333333, 0.265333333333333, 0.273, 0.388, 0.427333333333333, 0.368333333333333, 0.295333333333333, 0.390666666666667, 0.359, 0.368666666666667, 0.365666666666667, 0.281333333333333, 0.255, 0.235666666666667, 0.712666666666667, 0.290666666666667, 0.291, 0.129, 0.377333333333333, 0.388333333333333, 0.206666666666667, 0.337333333333333, 0.249, 0.430333333333333, 0.331333333333333, 0.299, 0.359333333333333, 0.400333333333333, 0.483333333333333, 0.577, 0.33, 0.334333333333333, 0.186666666666667, 0.438, 0.438666666666667, 0.434, 0.333333333333333, 0.354666666666667, 0.328333333333333, 0.359333333333333, 0.596666666666667, 0.404666666666667, 0.281333333333333, 0.351, 0.475, 0.265, 0.278, 0.445666666666667, 0.375666666666667, 0.298666666666667, 0.344, 0.413666666666667, 0.6705, 1.0, 0.564, 0.497, 0.422, 0.460333333333333, 0.352, 0.346666666666667, 0.819, 0.372666666666667, 0.447666666666667, 0.257, 0.513666666666667, 0.407666666666667, 0.281, 0.402, 0.335666666666667, 0.3, 0.319666666666667, 0.425, 0.295333333333333, 0.308333333333333, 0.29, 0.451666666666667, 0.278, 0.336666666666667, 0.349333333333333, 0.345, 0.3235, 0.296, 0.374666666666667, 0.302]",0
149,9606.ENSP00000326366,"[0.250333333333333, 0.530333333333333, 0.262333333333333, 0.337, 0.258666666666667, 0.297333333333333, 0.314666666666667, 0.319666666666667, 0.325666666666667, 0.251666666666667, 0.284666666666667, 0.322666666666667, 0.287666666666667, 0.3415, 0.199333333333333, 0.213333333333333, 0.255333333333333, 0.2005, 0.4165, 0.225666666666667, 0.378666666666667, 0.239666666666667, 0.325333333333333, 0.374666666666667, 0.390666666666667, 0.367666666666667, 0.2415, 0.357, 0.377, 0.539333333333333, 0.384666666666667, 0.277, 0.243, 0.373333333333333, 0.444666666666667, 0.405333333333333, 0.389666666666667, 0.2415, 0.213666666666667, 0.367666666666667, 0.275333333333333, 0.275, 0.215666666666667, 0.379, 0.402333333333333, 0.33, 0.372, 0.438333333333333, 0.279, 0.42, 0.280333333333333, 0.392666666666667, 0.347333333333333, 0.336666666666667, 0.422333333333333, 0.312333333333333, 0.476, 0.357333333333333, 0.443666666666667, 0.545666666666667, 0.426, 0.307, 0.384, 0.225, 0.267333333333333, 0.334666666666667, 0.404666666666667, 0.42, 0.268333333333333, 0.244, 0.225333333333333, 0.575, 0.562333333333333, 0.469666666666667, 0.482666666666667, 0.465333333333333, 0.539333333333333, 0.282333333333333, 0.426, 0.595, 0.500333333333333, 0.503666666666667, 0.466, 0.592666666666667, 0.593333333333333, 0.364666666666667, 0.237333333333333, 0.2865, 0.290666666666667, 0.208666666666667, 0.378666666666667, 0.236, 0.371666666666667, 0.158333333333333, 0.177, 0.414, 0.264, 0.329, 0.315333333333333, 0.436666666666667, 0.267666666666667, 0.304, 0.451333333333333, 0.386333333333333, 0.326, 0.432333333333333, 0.229333333333333, 0.271333333333333, 0.346666666666667, 0.709, 0.324666666666667, 0.320333333333333, 0.224333333333333, 0.455, 0.461, 0.165333333333333, 0.316666666666667, 0.286666666666667, 0.526, 0.344666666666667, 0.385666666666667, 0.396333333333333, 0.446, 0.306666666666667, 0.428666666666667, 0.319, 0.422333333333333, 0.221, 0.486333333333333, 0.552333333333333, 0.349333333333333, 0.335, 0.327333333333333, 0.435666666666667, 0.284333333333333, 0.541, 0.288333333333333, 0.269666666666667, 0.289, 0.399333333333333, 0.480666666666667, 0.330333333333333, 0.469333333333333, 0.424333333333333, 0.406666666666667, 0.373333333333333, 0.484333333333333, 0.7145, 0.564, 1.0, 0.504333333333333, 0.372333333333333, 0.578333333333333, 0.2415, 0.370666666666667, 0.355, 0.399333333333333, 0.515, 0.256, 0.428, 0.409333333333333, 0.372666666666667, 0.512, 0.321666666666667, 0.338, 0.37, 0.452666666666667, 0.305666666666667, 0.327333333333333, 0.294333333333333, 0.505666666666667, 0.421666666666667, 0.382666666666667, 0.452333333333333, 0.407666666666667, 0.395, 0.427, 0.313666666666667, 0.331]",0
150,9606.ENSP00000399376,"[0.326, 0.567666666666667, 0.407666666666667, 0.356333333333333, 0.285, 0.355666666666667, 0.316333333333333, 0.393, 0.363333333333333, 0.524333333333333, 0.285, 0.366666666666667, 0.286333333333333, 0.3975, 0.166666666666667, 0.541666666666667, 0.319666666666667, 0.225, 0.4735, 0.242666666666667, 0.183333333333333, 0.225333333333333, 0.287, 0.167666666666667, 0.193, 0.159, 0.2375, 0.32, 0.193666666666667, 0.571333333333333, 0.206666666666667, 0.215, 0.221, 0.16, 0.223, 0.213333333333333, 0.173, 0.2375, 0.146666666666667, 0.159, 0.248, 0.173666666666667, 0.25, 0.185333333333333, 0.172, 0.315333333333333, 0.164, 0.250333333333333, 0.346666666666667, 0.47, 0.288, 0.326666666666667, 0.388333333333333, 0.334666666666667, 0.496333333333333, 0.412333333333333, 0.454333333333333, 0.396333333333333, 0.369, 0.519, 0.395, 0.339666666666667, 0.365666666666667, 0.288666666666667, 0.309, 0.343666666666667, 0.421, 0.445333333333333, 0.304333333333333, 0.22, 0.259, 0.584666666666667, 0.505666666666667, 0.491333333333333, 0.545333333333333, 0.529333333333333, 0.559, 0.363333333333333, 0.151666666666667, 0.297333333333333, 0.565666666666667, 0.627, 0.43, 0.619, 0.600333333333333, 0.366666666666667, 0.597, 0.3575, 0.338333333333333, 0.210333333333333, 0.483666666666667, 0.205, 0.458666666666667, 0.156, 0.209666666666667, 0.388666666666667, 0.298333333333333, 0.341, 0.346333333333333, 0.417333333333333, 0.298666666666667, 0.253, 0.448666666666667, 0.419333333333333, 0.396333333333333, 0.482666666666667, 0.231, 0.287, 0.365, 0.340333333333333, 0.392, 0.356666666666667, 0.201, 0.413, 0.483666666666667, 0.321333333333333, 0.405666666666667, 0.302333333333333, 0.490666666666667, 0.377666666666667, 0.371, 0.489, 0.502666666666667, 0.152333333333333, 0.305, 0.533666666666667, 0.481333333333333, 0.222, 0.478666666666667, 0.558666666666667, 0.426666666666667, 0.299333333333333, 0.294666666666667, 0.508666666666667, 0.322666666666667, 0.545666666666667, 0.296666666666667, 0.35, 0.2635, 0.365333333333333, 0.436333333333333, 0.329, 0.584666666666667, 0.451333333333333, 0.354333333333333, 0.38, 0.388333333333333, 0.73, 0.497, 0.504333333333333, 1.0, 0.428666666666667, 0.504, 0.413, 0.468, 0.680333333333333, 0.483333333333333, 0.477333333333333, 0.232333333333333, 0.533333333333333, 0.505, 0.466666666666667, 0.564333333333333, 0.448333333333333, 0.353, 0.436333333333333, 0.506333333333333, 0.341666666666667, 0.43, 0.328333333333333, 0.542, 0.338666666666667, 0.416, 0.443333333333333, 0.560666666666667, 0.3935, 0.439, 0.362, 0.33]",0
151,9606.ENSP00000365576,"[0.319333333333333, 0.386333333333333, 0.284666666666667, 0.443333333333333, 0.379333333333333, 0.435, 0.397666666666667, 0.516333333333333, 0.295333333333333, 0.265333333333333, 0.246666666666667, 0.512333333333333, 0.249, 0.42, 0.182333333333333, 0.244666666666667, 0.332, 0.2595, 0.4555, 0.256666666666667, 0.234, 0.249666666666667, 0.333333333333333, 0.207333333333333, 0.238333333333333, 0.205333333333333, 0.3075, 0.396, 0.216, 0.475333333333333, 0.267, 0.215, 0.252333333333333, 0.215666666666667, 0.263666666666667, 0.275333333333333, 0.201333333333333, 0.3075, 0.19, 0.205333333333333, 0.264, 0.223333333333333, 0.304333333333333, 0.252, 0.203333333333333, 0.295666666666667, 0.210333333333333, 0.244333333333333, 0.404666666666667, 0.434666666666667, 0.346, 0.292666666666667, 0.402666666666667, 0.321333333333333, 0.376666666666667, 0.390333333333333, 0.437666666666667, 0.372, 0.383, 0.464666666666667, 0.573333333333333, 0.335666666666667, 0.449, 0.405666666666667, 0.41, 0.429666666666667, 0.350666666666667, 0.311666666666667, 0.371666666666667, 0.243333333333333, 0.342333333333333, 0.404666666666667, 0.312666666666667, 0.605, 0.584, 0.383, 0.471666666666667, 0.397333333333333, 0.181, 0.301, 0.398666666666667, 0.422666666666667, 0.44, 0.419666666666667, 0.540666666666667, 0.528666666666667, 0.359, 0.541, 0.295333333333333, 0.218666666666667, 0.404333333333333, 0.277, 0.414, 0.258, 0.313333333333333, 0.744666666666667, 0.336666666666667, 0.44, 0.513, 0.486666666666667, 0.492666666666667, 0.394666666666667, 0.308, 0.320333333333333, 0.456666666666667, 0.452666666666667, 0.308333333333333, 0.326666666666667, 0.451333333333333, 0.356, 0.380333333333333, 0.423, 0.209, 0.369333333333333, 0.417333333333333, 0.297333333333333, 0.485, 0.405, 0.409666666666667, 0.463333333333333, 0.344333333333333, 0.511333333333333, 0.526666666666667, 0.23, 0.371, 0.309666666666667, 0.397666666666667, 0.222666666666667, 0.424333333333333, 0.386333333333333, 0.367666666666667, 0.435, 0.407666666666667, 0.431, 0.436666666666667, 0.470666666666667, 0.429, 0.366333333333333, 0.329, 0.427333333333333, 0.433666666666667, 0.417666666666667, 0.423666666666667, 0.416333333333333, 0.444333333333333, 0.475666666666667, 0.384666666666667, 0.6815, 0.422, 0.372333333333333, 0.428666666666667, 1.0, 0.429666666666667, 0.4425, 0.247, 0.322, 0.435666666666667, 0.404333333333333, 0.325, 0.386666666666667, 0.268, 0.304666666666667, 0.394, 0.433333333333333, 0.348333333333333, 0.427333333333333, 0.423333333333333, 0.368, 0.334, 0.262666666666667, 0.421, 0.311, 0.389333333333333, 0.383333333333333, 0.315333333333333, 0.3495, 0.321, 0.489, 0.469]",0
152,9606.ENSP00000324806,"[0.313666666666667, 0.431333333333333, 0.341333333333333, 0.477333333333333, 0.317, 0.363, 0.408666666666667, 0.491333333333333, 0.333666666666667, 0.407333333333333, 0.315333333333333, 0.417666666666667, 0.322333333333333, 0.565, 0.240333333333333, 0.247666666666667, 0.314333333333333, 0.2425, 0.621, 0.287666666666667, 0.297666666666667, 0.291, 0.413666666666667, 0.304333333333333, 0.317666666666667, 0.295666666666667, 0.2875, 0.419, 0.301, 0.571, 0.333333333333333, 0.284333333333333, 0.285666666666667, 0.307666666666667, 0.366, 0.336666666666667, 0.305333333333333, 0.2875, 0.202333333333333, 0.295666666666667, 0.311, 0.279333333333333, 0.277666666666667, 0.330333333333333, 0.315, 0.403, 0.302666666666667, 0.377333333333333, 0.378, 0.463333333333333, 0.310333333333333, 0.381333333333333, 0.490666666666667, 0.327333333333333, 0.418666666666667, 0.385333333333333, 0.523333333333333, 0.401333333333333, 0.362, 0.651, 0.515, 0.357, 0.398, 0.331333333333333, 0.343333333333333, 0.345666666666667, 0.37, 0.439333333333333, 0.364, 0.256333333333333, 0.341666666666667, 0.651333333333333, 0.721666666666667, 0.526333333333333, 0.484, 0.410333333333333, 0.458666666666667, 0.390333333333333, 0.188333333333333, 0.470666666666667, 0.592666666666667, 0.551333333333333, 0.483666666666667, 0.514666666666667, 0.629666666666667, 0.496666666666667, 0.296666666666667, 0.2735, 0.343, 0.237, 0.317333333333333, 0.238666666666667, 0.425333333333333, 0.327666666666667, 0.257333333333333, 0.551, 0.292333333333333, 0.331333333333333, 0.354, 0.454, 0.303333333333333, 0.330333333333333, 0.659666666666667, 0.597333333333333, 0.453333333333333, 0.457333333333333, 0.240333333333333, 0.306333333333333, 0.375666666666667, 0.434, 0.324666666666667, 0.448, 0.206333333333333, 0.63, 0.504, 0.278, 0.268333333333333, 0.41, 0.587666666666667, 0.341333333333333, 0.318666666666667, 0.462333333333333, 0.513333333333333, 0.185, 0.317666666666667, 0.331, 0.429333333333333, 0.367666666666667, 0.423666666666667, 0.674666666666667, 0.548, 0.419333333333333, 0.444333333333333, 0.449666666666667, 0.402333333333333, 0.555333333333333, 0.303, 0.273, 0.3125, 0.413666666666667, 0.518333333333333, 0.38, 0.529, 0.352333333333333, 0.512, 0.415, 0.606, 0.7045, 0.460333333333333, 0.578333333333333, 0.504, 0.429666666666667, 1.0, 0.2515, 0.386666666666667, 0.205666666666667, 0.463666666666667, 0.791, 0.336, 0.356666666666667, 0.429666666666667, 0.357, 0.463666666666667, 0.353333333333333, 0.338, 0.358, 0.494, 0.32, 0.324, 0.302, 0.466666666666667, 0.364666666666667, 0.400333333333333, 0.439666666666667, 0.377333333333333, 0.468, 0.429666666666667, 0.377666666666667, 0.426]",0
153,9606.ENSP00000382083,"[0.269, 0.2405, 0.094, 0.211, 0.286, 0.289, 0.284, 0.224, 0.414, 0.202, 0.3175, 0.3865, 0.3175, 0.131, 0.107, 0.1735, 0.2345, 0.209, 0.218, 0.226, 0.127, 0.1915, 0.2085, 0.141, 0.141, 0.127, 0.254, 0.27, 0.1045, 0.313, 0.1275, 0.172, 0.196, 0.143, 0.127, 0.2215, 0.127, 0.254, 0.127, 0.127, 0.1925, 0.1595, 0.23, 0.145, 0.141, 0.2205, 0.137, 0.1205, 0.39, 0.3745, 0.4735, 0.183, 0.42, 0.2775, 0.3625, 0.3125, 0.336, 0.1555, 0.296, 0.2335, 0.178, 0.178, 0.31, 0.1575, 0.283, 0.366, 0.4065, 0.308, 0.126, 0.1845, 0.154, 0.3005, 0.216, 0.3715, 0.253, 0.415, 0.342, 0.3225, 0.1245, 0.264, 0.2715, 0.3205, 0.187, 0.3975, 0.2435, 0.24, 0.1895, 0.35, 0.264, 0.103, 0.4445, 0.1965, 0.3895, 0.188, 0.16, 0.2935, 0.1775, 0.363, 0.3275, 0.333, 0.376, 0.201, 0.244, 0.1615, 0.392, 0.4935, 0.22, 0.257, 0.3165, 0.26, 0.2935, 0.2275, 0.1825, 0.306, 0.3625, 0.1305, 0.29, 0.2185, 0.249, 0.3065, 0.4135, 0.3845, 0.398, 0.206, 0.2795, 0.2225, 0.357, 0.2665, 0.3535, 0.2135, 0.3875, 0.162, 0.1465, 0.374, 0.157, 0.2895, 0.3835, 0.2825, 0.264, 0.328, 0.191, 0.242, 0.279, 0.422, 0.2115, 0.229, 0.278, 1.0, 0.352, 0.2415, 0.413, 0.4425, 0.2515, 1.0, 0.4165, 0.6915, 0.2265, 0.173, 0.2315, 0.442, 0.352, 0.4915, 0.5035, 0.649, 0.301, 0.5225, 0.35, 0.26, 0.381, 0.407, 0.342, 0.262, 0.2795, 0.323, 0.449, 0.356, 0.2285, 0.345, 0.213]",0
154,9606.ENSP00000366513,"[0.401, 0.421, 0.430333333333333, 0.336, 0.192, 0.362, 0.297, 0.218, 0.310666666666667, 0.153, 0.329, 0.320666666666667, 0.343, 0.309, 0.145333333333333, 0.244666666666667, 0.231, 0.222, 0.4075, 0.220666666666667, 0.107, 0.237666666666667, 0.269666666666667, 0.154333333333333, 0.150333333333333, 0.144666666666667, 0.222, 0.333, 0.133666666666667, 0.316333333333333, 0.142, 0.248, 0.249666666666667, 0.145333333333333, 0.157333333333333, 0.168666666666667, 0.146666666666667, 0.222, 0.11, 0.144666666666667, 0.222666666666667, 0.167666666666667, 0.230666666666667, 0.15, 0.157333333333333, 0.306, 0.143666666666667, 0.165, 0.293333333333333, 0.449, 0.263333333333333, 0.321, 0.289666666666667, 0.278666666666667, 0.395666666666667, 0.390333333333333, 0.474666666666667, 0.347666666666667, 0.275333333333333, 0.310333333333333, 0.232333333333333, 0.360666666666667, 0.323666666666667, 0.256333333333333, 0.200666666666667, 0.354333333333333, 0.476, 0.453666666666667, 0.255, 0.171, 0.22, 0.391333333333333, 0.408666666666667, 0.332, 0.319333333333333, 0.394333333333333, 0.343, 0.279666666666667, 0.137333333333333, 0.291666666666667, 0.382, 0.435, 0.256, 0.407666666666667, 0.357, 0.258666666666667, 0.189333333333333, 0.23, 0.376, 0.255666666666667, 0.361333333333333, 0.204, 0.398333333333333, 0.154, 0.175666666666667, 0.134333333333333, 0.201, 0.255, 0.254, 0.342, 0.239666666666667, 0.177333333333333, 0.43, 0.334666666666667, 0.268, 0.386666666666667, 0.215, 0.281666666666667, 0.281333333333333, 0.241333333333333, 0.365666666666667, 0.235666666666667, 0.225333333333333, 0.320666666666667, 0.383666666666667, 0.289666666666667, 0.245333333333333, 0.211333333333333, 0.384, 0.329666666666667, 0.336666666666667, 0.304333333333333, 0.358333333333333, 0.137, 0.247666666666667, 0.277333333333333, 0.331333333333333, 0.201, 0.37, 0.440333333333333, 0.313666666666667, 0.221333333333333, 0.224333333333333, 0.357333333333333, 0.194, 0.442, 0.310666666666667, 0.233, 0.2995, 0.321, 0.510666666666667, 0.336666666666667, 0.398333333333333, 0.349333333333333, 0.247333333333333, 0.31, 0.330666666666667, 0.429, 0.346666666666667, 0.370666666666667, 0.468, 0.247, 0.386666666666667, 0.4165, 1.0, 0.635333333333333, 0.433666666666667, 0.364666666666667, 0.167666666666667, 0.448666666666667, 0.499333333333333, 0.284333333333333, 0.387666666666667, 0.353666666666667, 0.440666666666667, 0.381666666666667, 0.424333333333333, 0.378, 0.469333333333333, 0.445, 0.468, 0.389, 0.401, 0.347, 0.449666666666667, 0.4195, 0.395333333333333, 0.302666666666667, 0.320666666666667]",0
155,9606.ENSP00000257626,"[0.207666666666667, 0.243, 0.172333333333333, 0.297333333333333, 0.248666666666667, 0.360333333333333, 0.156666666666667, 0.275666666666667, 0.185333333333333, 0.153, 0.140666666666667, 0.205333333333333, 0.143333333333333, 0.122, 0.153666666666667, 0.142, 0.165333333333333, 0.122, 0.132, 0.193333333333333, 0.127, 0.180333333333333, 0.156666666666667, 0.142333333333333, 0.133333333333333, 0.142333333333333, 0.2115, 0.244, 0.122, 0.270666666666667, 0.137666666666667, 0.169, 0.178, 0.142333333333333, 0.179333333333333, 0.171666666666667, 0.133333333333333, 0.2115, 0.154333333333333, 0.142333333333333, 0.166, 0.136333333333333, 0.142, 0.165333333333333, 0.133333333333333, 0.169, 0.142333333333333, 0.118, 0.201, 0.390666666666667, 0.155666666666667, 0.182, 0.236333333333333, 0.396333333333333, 0.62, 0.338333333333333, 0.366, 0.333333333333333, 0.429333333333333, 0.285333333333333, 0.241666666666667, 0.159666666666667, 0.368, 0.196, 0.268, 0.326333333333333, 0.362, 0.201, 0.18, 0.174666666666667, 0.216333333333333, 0.432333333333333, 0.184, 0.389666666666667, 0.264333333333333, 0.26, 0.342666666666667, 0.227333333333333, 0.143333333333333, 0.262, 0.189, 0.222333333333333, 0.362, 0.409333333333333, 0.376333333333333, 0.239333333333333, 0.201666666666667, 0.598, 0.249333333333333, 0.208666666666667, 0.228333333333333, 0.398666666666667, 0.216333333333333, 0.209, 0.243666666666667, 0.371, 0.144, 0.161666666666667, 0.485, 0.378333333333333, 0.498666666666667, 0.166666666666667, 0.214333333333333, 0.204333333333333, 0.211666666666667, 0.389666666666667, 0.400333333333333, 0.221, 0.218, 0.403333333333333, 0.372666666666667, 0.249, 0.085, 0.217, 0.361333333333333, 0.153, 0.427666666666667, 0.217333333333333, 0.193, 0.354333333333333, 0.341, 0.254666666666667, 0.340666666666667, 0.282, 0.283333333333333, 0.216, 0.184666666666667, 0.116, 0.422, 0.187666666666667, 0.243666666666667, 0.216333333333333, 0.209333333333333, 0.233666666666667, 0.209333333333333, 0.370333333333333, 0.301, 0.323, 0.173, 0.276, 0.251, 0.229, 0.262, 0.189333333333333, 0.202333333333333, 0.259333333333333, 0.365333333333333, 0.065, 0.819, 0.355, 0.680333333333333, 0.322, 0.205666666666667, 0.6915, 0.635333333333333, 1.0, 0.380333333333333, 0.228666666666667, 0.210666666666667, 0.751, 0.444, 0.398666666666667, 0.667, 0.300666666666667, 0.189666666666667, 0.342333333333333, 0.586, 0.180666666666667, 0.424666666666667, 0.384666666666667, 0.656666666666667, 0.211, 0.245, 0.278, 0.460666666666667, 0.1735, 0.253, 0.486, 0.256333333333333]",0
156,9606.ENSP00000241014,"[0.316, 0.399666666666667, 0.423333333333333, 0.337666666666667, 0.281666666666667, 0.454666666666667, 0.369333333333333, 0.433, 0.329333333333333, 0.504, 0.296, 0.429666666666667, 0.292, 0.1985, 0.19, 0.269666666666667, 0.359333333333333, 0.2745, 0.2835, 0.256333333333333, 0.226666666666667, 0.235333333333333, 0.318, 0.218333333333333, 0.236666666666667, 0.203, 0.3005, 0.462, 0.217666666666667, 0.516666666666667, 0.25, 0.228, 0.225, 0.208333333333333, 0.241333333333333, 0.253666666666667, 0.207, 0.3005, 0.207333333333333, 0.203, 0.269666666666667, 0.232666666666667, 0.261333333333333, 0.236666666666667, 0.221333333333333, 0.334, 0.211, 0.305333333333333, 0.324666666666667, 0.433333333333333, 0.258333333333333, 0.358, 0.373333333333333, 0.294666666666667, 0.427, 0.480333333333333, 0.444333333333333, 0.503, 0.280333333333333, 0.488, 0.413333333333333, 0.346, 0.343333333333333, 0.481, 0.308, 0.352, 0.415333333333333, 0.443, 0.450333333333333, 0.225333333333333, 0.296, 0.455666666666667, 0.429333333333333, 0.408, 0.443666666666667, 0.418333333333333, 0.463, 0.397, 0.208, 0.262, 0.441, 0.495666666666667, 0.442, 0.461, 0.479333333333333, 0.349666666666667, 0.511666666666667, 0.4035, 0.367333333333333, 0.218, 0.366, 0.206, 0.344666666666667, 0.205333333333333, 0.301666666666667, 0.338666666666667, 0.310666666666667, 0.328333333333333, 0.370333333333333, 0.427333333333333, 0.315666666666667, 0.302, 0.420666666666667, 0.402, 0.385, 0.398, 0.242666666666667, 0.310666666666667, 0.352, 0.308333333333333, 0.424, 0.348666666666667, 0.259, 0.434, 0.473666666666667, 0.258333333333333, 0.395666666666667, 0.342333333333333, 0.42, 0.316, 0.303666666666667, 0.425666666666667, 0.452333333333333, 0.126666666666667, 0.251333333333333, 0.385333333333333, 0.355333333333333, 0.222666666666667, 0.369333333333333, 0.521666666666667, 0.453333333333333, 0.383, 0.334, 0.486333333333333, 0.361666666666667, 0.449333333333333, 0.289, 0.405666666666667, 0.2435, 0.324, 0.566333333333333, 0.382, 0.519333333333333, 0.400666666666667, 0.367333333333333, 0.417, 0.364333333333333, 0.7115, 0.372666666666667, 0.399333333333333, 0.483333333333333, 0.435666666666667, 0.463666666666667, 0.2265, 0.433666666666667, 0.380333333333333, 1.0, 0.462333333333333, 0.262, 0.408333333333333, 0.385, 0.298, 0.366333333333333, 0.378, 0.364333333333333, 0.343, 0.52, 0.429666666666667, 0.391666666666667, 0.331666666666667, 0.444333333333333, 0.317333333333333, 0.468333333333333, 0.374333333333333, 0.357666666666667, 0.377, 0.491333333333333, 0.360333333333333, 0.413666666666667]",0
157,9606.ENSP00000222330,"[0.279333333333333, 0.554666666666667, 0.386666666666667, 0.435666666666667, 0.314333333333333, 0.339666666666667, 0.32, 0.524666666666667, 0.257333333333333, 0.274, 0.318, 0.376, 0.324, 0.474, 0.266333333333333, 0.249333333333333, 0.326666666666667, 0.2475, 0.5225, 0.347333333333333, 0.329, 0.319333333333333, 0.403666666666667, 0.308333333333333, 0.324, 0.298, 0.3, 0.404, 0.317666666666667, 0.530333333333333, 0.345, 0.326, 0.316333333333333, 0.307, 0.378666666666667, 0.315, 0.316, 0.3, 0.234666666666667, 0.298, 0.312666666666667, 0.289, 0.289333333333333, 0.335333333333333, 0.319333333333333, 0.414666666666667, 0.303666666666667, 0.431333333333333, 0.395666666666667, 0.431333333333333, 0.315, 0.371333333333333, 0.532, 0.325666666666667, 0.377666666666667, 0.319333333333333, 0.494666666666667, 0.391, 0.41, 0.656, 0.497666666666667, 0.348666666666667, 0.329333333333333, 0.316, 0.347666666666667, 0.354333333333333, 0.354, 0.411333333333333, 0.372333333333333, 0.271666666666667, 0.343333333333333, 0.614, 0.71, 0.479333333333333, 0.448, 0.404666666666667, 0.41, 0.427333333333333, 0.203666666666667, 0.450666666666667, 0.546666666666667, 0.531, 0.539333333333333, 0.499666666666667, 0.591, 0.533666666666667, 0.273666666666667, 0.322, 0.34, 0.260333333333333, 0.3, 0.275333333333333, 0.412, 0.322666666666667, 0.279333333333333, 0.56, 0.324666666666667, 0.362333333333333, 0.304666666666667, 0.423333333333333, 0.279666666666667, 0.345333333333333, 0.660333333333333, 0.613333333333333, 0.465666666666667, 0.408333333333333, 0.281666666666667, 0.257666666666667, 0.346666666666667, 0.364333333333333, 0.313666666666667, 0.427, 0.190333333333333, 0.625666666666667, 0.478666666666667, 0.338333333333333, 0.255333333333333, 0.364666666666667, 0.538666666666667, 0.295666666666667, 0.368, 0.445333333333333, 0.460333333333333, 0.232666666666667, 0.334, 0.350333333333333, 0.377333333333333, 0.345333333333333, 0.396333333333333, 0.636, 0.639666666666667, 0.425666666666667, 0.415666666666667, 0.403666666666667, 0.420666666666667, 0.527, 0.310333333333333, 0.269, 0.316, 0.418666666666667, 0.562333333333333, 0.450333333333333, 0.481666666666667, 0.38, 0.467333333333333, 0.403, 0.595, 0.216, 0.447666666666667, 0.515, 0.477333333333333, 0.404333333333333, 0.791, 0.173, 0.364666666666667, 0.228666666666667, 0.462333333333333, 1.0, 0.329, 0.338333333333333, 0.380333333333333, 0.277, 0.445666666666667, 0.324333333333333, 0.324333333333333, 0.355333333333333, 0.447, 0.243, 0.268, 0.231666666666667, 0.445, 0.267666666666667, 0.321333333333333, 0.420666666666667, 0.300666666666667, 0.4345, 0.425333333333333, 0.336, 0.430666666666667]",0
158,9606.ENSP00000168216,"[0.236, 0.232333333333333, 0.211333333333333, 0.350333333333333, 0.314333333333333, 0.165, 0.246333333333333, 0.395666666666667, 0.227333333333333, 0.168333333333333, 0.392666666666667, 0.258, 0.403, 0.737, 0.470333333333333, 0.357, 0.313666666666667, 0.3925, 0.7115, 0.438, 0.457666666666667, 0.472333333333333, 0.451333333333333, 0.511, 0.504, 0.504666666666667, 0.5225, 0.62, 0.481333333333333, 0.37, 0.498, 0.413666666666667, 0.488666666666667, 0.529333333333333, 0.496333333333333, 0.541666666666667, 0.497666666666667, 0.5225, 0.427, 0.504666666666667, 0.477, 0.475333333333333, 0.381333333333333, 0.550666666666667, 0.504, 0.460333333333333, 0.504, 0.454, 0.284, 0.330666666666667, 0.442333333333333, 0.361333333333333, 0.402, 0.336666666666667, 0.267, 0.243, 0.296333333333333, 0.178333333333333, 0.277666666666667, 0.361, 0.340666666666667, 0.281, 0.274333333333333, 0.240333333333333, 0.349333333333333, 0.316333333333333, 0.197333333333333, 0.248666666666667, 0.260666666666667, 0.467666666666667, 0.341666666666667, 0.300666666666667, 0.282666666666667, 0.339, 0.266333333333333, 0.199666666666667, 0.247333333333333, 0.389666666666667, 0.305, 0.359, 0.312, 0.350666666666667, 0.304666666666667, 0.248333333333333, 0.325666666666667, 0.324, 0.269, 0.293, 0.3, 0.22, 0.218333333333333, 0.347333333333333, 0.242333333333333, 0.573666666666667, 0.347, 0.386, 0.306666666666667, 0.340666666666667, 0.286666666666667, 0.273666666666667, 0.319, 0.453333333333333, 0.343666666666667, 0.300666666666667, 0.374, 0.338666666666667, 0.363666666666667, 0.261, 0.224666666666667, 0.293333333333333, 0.275666666666667, 0.299666666666667, 0.252, 0.426, 0.344, 0.177, 0.215666666666667, 0.266, 0.311666666666667, 0.247666666666667, 0.145333333333333, 0.401666666666667, 0.404, 0.217666666666667, 0.28, 0.227666666666667, 0.265666666666667, 0.613666666666667, 0.263333333333333, 0.281, 0.343, 0.311333333333333, 0.300666666666667, 0.273666666666667, 0.292, 0.289, 0.326, 0.306666666666667, 0.338, 0.363333333333333, 0.299, 0.292666666666667, 0.228666666666667, 0.209333333333333, 0.344666666666667, 0.231666666666667, 0.339, 0.576, 0.257, 0.256, 0.232333333333333, 0.325, 0.336, 0.2315, 0.167666666666667, 0.210666666666667, 0.262, 0.329, 1.0, 0.215666666666667, 0.22, 0.199666666666667, 0.238, 0.274333333333333, 0.17, 0.248666666666667, 0.276, 0.186, 0.215666666666667, 0.174, 0.240666666666667, 0.216333333333333, 0.218, 0.292333333333333, 0.18, 0.253, 0.173666666666667, 0.335666666666667, 0.326333333333333]",0
159,9606.ENSP00000260197,"[0.400666666666667, 0.439666666666667, 0.261666666666667, 0.238333333333333, 0.243, 0.418, 0.316666666666667, 0.328, 0.296333333333333, 0.325, 0.256, 0.336, 0.260333333333333, 0.403, 0.161666666666667, 0.444666666666667, 0.263333333333333, 0.2405, 0.4715, 0.174333333333333, 0.171333333333333, 0.194333333333333, 0.253, 0.168666666666667, 0.174333333333333, 0.162333333333333, 0.242, 0.348, 0.180666666666667, 0.436333333333333, 0.17, 0.187333333333333, 0.184666666666667, 0.164, 0.213333333333333, 0.207666666666667, 0.167333333333333, 0.242, 0.149666666666667, 0.162333333333333, 0.259, 0.180666666666667, 0.232666666666667, 0.174666666666667, 0.174333333333333, 0.255333333333333, 0.173666666666667, 0.21, 0.287333333333333, 0.492333333333333, 0.233333333333333, 0.289666666666667, 0.256666666666667, 0.345666666666667, 0.497, 0.472, 0.498333333333333, 0.444666666666667, 0.400333333333333, 0.435666666666667, 0.316, 0.309, 0.429, 0.353666666666667, 0.253, 0.398666666666667, 0.441333333333333, 0.354333333333333, 0.346333333333333, 0.232666666666667, 0.218666666666667, 0.448333333333333, 0.334333333333333, 0.429666666666667, 0.439666666666667, 0.534, 0.517333333333333, 0.351, 0.156333333333333, 0.318333333333333, 0.392333333333333, 0.399666666666667, 0.370666666666667, 0.491, 0.400333333333333, 0.253, 0.223333333333333, 0.3645, 0.241333333333333, 0.175, 0.377333333333333, 0.265333333333333, 0.340666666666667, 0.156333333333333, 0.182333333333333, 0.356666666666667, 0.258333333333333, 0.271666666666667, 0.343333333333333, 0.451666666666667, 0.346333333333333, 0.226666666666667, 0.297333333333333, 0.257333333333333, 0.242, 0.376666666666667, 0.265, 0.315, 0.319, 0.368, 0.368, 0.282, 0.243, 0.329, 0.373666666666667, 0.19, 0.376, 0.259, 0.376333333333333, 0.397666666666667, 0.411, 0.365666666666667, 0.447333333333333, 0.214666666666667, 0.372666666666667, 0.474333333333333, 0.386666666666667, 0.217, 0.445, 0.405, 0.335333333333333, 0.242, 0.230333333333333, 0.455, 0.225, 0.437666666666667, 0.282333333333333, 0.326666666666667, 0.1865, 0.294666666666667, 0.281666666666667, 0.302, 0.478666666666667, 0.391, 0.308333333333333, 0.329333333333333, 0.361, 0.6485, 0.513666666666667, 0.428, 0.533333333333333, 0.386666666666667, 0.356666666666667, 0.442, 0.448666666666667, 0.751, 0.408333333333333, 0.338333333333333, 0.215666666666667, 1.0, 0.534666666666667, 0.453, 0.539333333333333, 0.372, 0.281, 0.357666666666667, 0.410666666666667, 0.362666666666667, 0.439666666666667, 0.394333333333333, 0.548, 0.383333333333333, 0.438, 0.431666666666667, 0.501, 0.349, 0.32, 0.338666666666667, 0.265666666666667]",0
160,9606.ENSP00000303634,"[0.245333333333333, 0.386666666666667, 0.347, 0.319, 0.214666666666667, 0.238, 0.275, 0.216, 0.283666666666667, 0.116333333333333, 0.254666666666667, 0.294333333333333, 0.259333333333333, 0.1785, 0.0963333333333333, 0.345333333333333, 0.21, 0.1645, 0.232, 0.164666666666667, 0.150666666666667, 0.168333333333333, 0.247, 0.118, 0.146333333333333, 0.110666666666667, 0.164, 0.153, 0.137666666666667, 0.368666666666667, 0.137666666666667, 0.202333333333333, 0.167, 0.109666666666667, 0.195, 0.150333333333333, 0.119666666666667, 0.164, 0.0983333333333333, 0.110666666666667, 0.165, 0.146333333333333, 0.152333333333333, 0.109, 0.129333333333333, 0.275333333333333, 0.109, 0.259, 0.214666666666667, 0.348666666666667, 0.202666666666667, 0.311333333333333, 0.302333333333333, 0.306, 0.517, 0.316, 0.423333333333333, 0.326333333333333, 0.267666666666667, 0.366, 0.251333333333333, 0.219333333333333, 0.294666666666667, 0.163333333333333, 0.211666666666667, 0.260333333333333, 0.371, 0.377, 0.171666666666667, 0.153333333333333, 0.154, 0.419333333333333, 0.453666666666667, 0.336333333333333, 0.345666666666667, 0.540333333333333, 0.389, 0.245, 0.139333333333333, 0.250333333333333, 0.478, 0.499666666666667, 0.310666666666667, 0.425, 0.356666666666667, 0.272333333333333, 0.206333333333333, 0.2075, 0.303666666666667, 0.171333333333333, 0.380333333333333, 0.193666666666667, 0.462, 0.118333333333333, 0.123666666666667, 0.355666666666667, 0.216, 0.228333333333333, 0.243666666666667, 0.355333333333333, 0.201666666666667, 0.165, 0.466666666666667, 0.373666666666667, 0.299333333333333, 0.392666666666667, 0.194333333333333, 0.178333333333333, 0.225666666666667, 0.292333333333333, 0.294, 0.252666666666667, 0.145666666666667, 0.385666666666667, 0.351333333333333, 0.164666666666667, 0.254, 0.22, 0.436333333333333, 0.218666666666667, 0.289, 0.348, 0.312, 0.135666666666667, 0.262666666666667, 0.523, 0.469666666666667, 0.169, 0.372666666666667, 0.468666666666667, 0.349666666666667, 0.127333333333333, 0.159666666666667, 0.339, 0.123666666666667, 0.483, 0.287333333333333, 0.182666666666667, 0.2425, 0.324333333333333, 0.238, 0.327666666666667, 0.422666666666667, 0.409333333333333, 0.275, 0.274333333333333, 0.337333333333333, 0.76, 0.407666666666667, 0.409333333333333, 0.505, 0.268, 0.429666666666667, 0.352, 0.499333333333333, 0.444, 0.385, 0.380333333333333, 0.22, 0.534666666666667, 1.0, 0.519, 0.444, 0.356333333333333, 0.354666666666667, 0.330666666666667, 0.402666666666667, 0.246, 0.335333333333333, 0.326666666666667, 0.422666666666667, 0.294333333333333, 0.372, 0.325666666666667, 0.573333333333333, 0.464, 0.361666666666667, 0.284333333333333, 0.219333333333333]",0
161,9606.ENSP00000362205,"[0.333, 0.379333333333333, 0.135333333333333, 0.206333333333333, 0.245333333333333, 0.185333333333333, 0.22, 0.239666666666667, 0.28, 0.607, 0.296666666666667, 0.188666666666667, 0.299666666666667, 0.2585, 0.114666666666667, 0.507, 0.254666666666667, 0.1935, 0.356, 0.166, 0.176, 0.147333333333333, 0.229, 0.147666666666667, 0.182, 0.137, 0.205, 0.208, 0.163, 0.390333333333333, 0.161666666666667, 0.176333333333333, 0.155333333333333, 0.127, 0.201333333333333, 0.187666666666667, 0.148666666666667, 0.205, 0.127666666666667, 0.137, 0.214666666666667, 0.143666666666667, 0.156333333333333, 0.120333333333333, 0.158, 0.198333333333333, 0.127, 0.178, 0.268666666666667, 0.337666666666667, 0.27, 0.234, 0.343333333333333, 0.277666666666667, 0.379666666666667, 0.312666666666667, 0.317666666666667, 0.240333333333333, 0.334666666666667, 0.382333333333333, 0.243, 0.159, 0.297, 0.184666666666667, 0.229333333333333, 0.256666666666667, 0.295333333333333, 0.281333333333333, 0.193, 0.203, 0.159333333333333, 0.371, 0.318, 0.396666666666667, 0.344666666666667, 0.408666666666667, 0.511333333333333, 0.292666666666667, 0.139666666666667, 0.232333333333333, 0.425666666666667, 0.442333333333333, 0.275333333333333, 0.421, 0.348333333333333, 0.202, 0.236666666666667, 0.219, 0.242, 0.106666666666667, 0.444, 0.192666666666667, 0.426333333333333, 0.109666666666667, 0.0976666666666667, 0.343666666666667, 0.248, 0.258666666666667, 0.214, 0.312666666666667, 0.234, 0.229, 0.351, 0.229333333333333, 0.343666666666667, 0.435666666666667, 0.182666666666667, 0.211333333333333, 0.225666666666667, 0.259, 0.283333333333333, 0.223, 0.17, 0.374333333333333, 0.366, 0.119, 0.299, 0.230333333333333, 0.374666666666667, 0.21, 0.37, 0.344666666666667, 0.375, 0.130666666666667, 0.277666666666667, 0.446666666666667, 0.402333333333333, 0.210666666666667, 0.377333333333333, 0.349, 0.342333333333333, 0.135, 0.139, 0.397666666666667, 0.144666666666667, 0.359333333333333, 0.321, 0.240333333333333, 0.272, 0.284, 0.176666666666667, 0.209333333333333, 0.378333333333333, 0.445666666666667, 0.291666666666667, 0.267666666666667, 0.283333333333333, 0.7365, 0.281, 0.372666666666667, 0.466666666666667, 0.304666666666667, 0.357, 0.4915, 0.284333333333333, 0.398666666666667, 0.298, 0.277, 0.199666666666667, 0.453, 0.519, 1.0, 0.553, 0.391, 0.236666666666667, 0.346666666666667, 0.308333333333333, 0.284, 0.341666666666667, 0.252666666666667, 0.385333333333333, 0.278666666666667, 0.351666666666667, 0.430666666666667, 0.528666666666667, 0.328, 0.224666666666667, 0.229333333333333, 0.209666666666667]",0
162,9606.ENSP00000252486,"[0.373666666666667, 0.567, 0.255, 0.266, 0.221333333333333, 0.318666666666667, 0.297666666666667, 0.329, 0.327, 0.558333333333333, 0.228666666666667, 0.325666666666667, 0.233, 0.3915, 0.107, 0.489666666666667, 0.234666666666667, 0.153, 0.429, 0.192333333333333, 0.291333333333333, 0.199, 0.273666666666667, 0.294333333333333, 0.311666666666667, 0.291, 0.2005, 0.214, 0.287333333333333, 0.562333333333333, 0.313, 0.202666666666667, 0.198333333333333, 0.296, 0.342333333333333, 0.345, 0.305666666666667, 0.2005, 0.133333333333333, 0.291, 0.247666666666667, 0.177, 0.194666666666667, 0.311666666666667, 0.304666666666667, 0.267333333333333, 0.294333333333333, 0.345, 0.394, 0.469666666666667, 0.261, 0.290666666666667, 0.303666666666667, 0.288666666666667, 0.367666666666667, 0.401, 0.456666666666667, 0.363, 0.447, 0.448666666666667, 0.348333333333333, 0.260666666666667, 0.458333333333333, 0.276, 0.238, 0.3, 0.399333333333333, 0.401333333333333, 0.277, 0.216333333333333, 0.211666666666667, 0.564, 0.468333333333333, 0.524666666666667, 0.490333333333333, 0.514, 0.600333333333333, 0.315666666666667, 0.313, 0.314333333333333, 0.541, 0.571333333333333, 0.355333333333333, 0.621333333333333, 0.508666666666667, 0.316333333333333, 0.218333333333333, 0.226, 0.258, 0.177333333333333, 0.402333333333333, 0.192, 0.499333333333333, 0.169, 0.172666666666667, 0.452, 0.332333333333333, 0.402666666666667, 0.360333333333333, 0.438666666666667, 0.319, 0.245666666666667, 0.396666666666667, 0.332333333333333, 0.363333333333333, 0.494, 0.204666666666667, 0.264333333333333, 0.355333333333333, 0.306333333333333, 0.336333333333333, 0.34, 0.175333333333333, 0.396, 0.406, 0.192666666666667, 0.276333333333333, 0.319666666666667, 0.461666666666667, 0.331, 0.472333333333333, 0.433333333333333, 0.487, 0.221666666666667, 0.330333333333333, 0.265, 0.383666666666667, 0.196666666666667, 0.490666666666667, 0.482, 0.389666666666667, 0.232666666666667, 0.227333333333333, 0.490666666666667, 0.224333333333333, 0.483666666666667, 0.292, 0.25, 0.191, 0.326666666666667, 0.489, 0.352, 0.551666666666667, 0.482, 0.338666666666667, 0.329666666666667, 0.336, 0.6715, 0.402, 0.512, 0.564333333333333, 0.394, 0.463666666666667, 0.5035, 0.387666666666667, 0.667, 0.366333333333333, 0.445666666666667, 0.238, 0.539333333333333, 0.444, 0.553, 1.0, 0.447333333333333, 0.323333333333333, 0.391, 0.423, 0.337, 0.457, 0.316666666666667, 0.549666666666667, 0.319, 0.431666666666667, 0.496666666666667, 0.458, 0.4145, 0.374666666666667, 0.367666666666667, 0.310666666666667]",0
163,9606.ENSP00000497691,"[0.327, 0.295666666666667, 0.328333333333333, 0.361666666666667, 0.366333333333333, 0.376666666666667, 0.368, 0.394333333333333, 0.391, 0.603666666666667, 0.401666666666667, 0.351, 0.405, 0.3055, 0.196, 0.264, 0.299, 0.287, 0.4335, 0.302, 0.193333333333333, 0.294333333333333, 0.408, 0.199, 0.21, 0.192333333333333, 0.2895, 0.496, 0.202666666666667, 0.429, 0.2, 0.357666666666667, 0.303333333333333, 0.2, 0.279, 0.258333333333333, 0.207, 0.2895, 0.172333333333333, 0.192333333333333, 0.253666666666667, 0.256333333333333, 0.285333333333333, 0.198333333333333, 0.216666666666667, 0.287666666666667, 0.195666666666667, 0.192666666666667, 0.436333333333333, 0.41, 0.409333333333333, 0.261666666666667, 0.503666666666667, 0.427333333333333, 0.368, 0.466333333333333, 0.360333333333333, 0.340666666666667, 0.34, 0.378, 0.286666666666667, 0.262333333333333, 0.334, 0.320666666666667, 0.369666666666667, 0.368666666666667, 0.396, 0.344, 0.305, 0.227333333333333, 0.370666666666667, 0.379333333333333, 0.335333333333333, 0.424, 0.327, 0.449333333333333, 0.405666666666667, 0.461, 0.245666666666667, 0.387333333333333, 0.389, 0.430333333333333, 0.308666666666667, 0.541, 0.332333333333333, 0.441666666666667, 0.329666666666667, 0.41, 0.486666666666667, 0.425333333333333, 0.502333333333333, 0.283666666666667, 0.446666666666667, 0.434333333333333, 0.323333333333333, 0.486666666666667, 0.25, 0.424666666666667, 0.364666666666667, 0.419, 0.45, 0.245333333333333, 0.405666666666667, 0.298, 0.442, 0.44, 0.280666666666667, 0.388, 0.343333333333333, 0.313333333333333, 0.474, 0.414, 0.189333333333333, 0.474333333333333, 0.411333333333333, 0.346666666666667, 0.373, 0.397333333333333, 0.319666666666667, 0.341, 0.446666666666667, 0.469, 0.426, 0.291333333333333, 0.314, 0.303, 0.362666666666667, 0.455666666666667, 0.365666666666667, 0.406333333333333, 0.413, 0.279333333333333, 0.262666666666667, 0.469, 0.271333333333333, 0.364333333333333, 0.416, 0.497, 0.339, 0.416666666666667, 0.605666666666667, 0.495, 0.374666666666667, 0.448333333333333, 0.405333333333333, 0.270333333333333, 0.398333333333333, 0.6915, 0.335666666666667, 0.321666666666667, 0.448333333333333, 0.433333333333333, 0.353333333333333, 0.649, 0.353666666666667, 0.300666666666667, 0.378, 0.324333333333333, 0.274333333333333, 0.372, 0.356333333333333, 0.391, 0.447333333333333, 1.0, 0.347, 0.604666666666667, 0.405, 0.257333333333333, 0.293333333333333, 0.281666666666667, 0.374333333333333, 0.391, 0.305333333333333, 0.447666666666667, 0.359333333333333, 0.439, 0.407333333333333, 0.459666666666667, 0.362]",0
164,9606.ENSP00000263233,"[0.388666666666667, 0.407333333333333, 0.419666666666667, 0.34, 0.151, 0.423, 0.288666666666667, 0.163, 0.437666666666667, 0.0786666666666667, 0.269666666666667, 0.499666666666667, 0.271333333333333, 0.2995, 0.116333333333333, 0.241666666666667, 0.221666666666667, 0.19, 0.3345, 0.168333333333333, 0.0873333333333333, 0.189666666666667, 0.197666666666667, 0.122666666666667, 0.126, 0.114666666666667, 0.1775, 0.173, 0.114666666666667, 0.332666666666667, 0.121333333333333, 0.165, 0.2, 0.116, 0.123333333333333, 0.152666666666667, 0.110333333333333, 0.1775, 0.0753333333333333, 0.114666666666667, 0.162, 0.121666666666667, 0.221, 0.123666666666667, 0.123666666666667, 0.295666666666667, 0.115, 0.166, 0.246, 0.341333333333333, 0.333666666666667, 0.47, 0.288, 0.232333333333333, 0.344, 0.393333333333333, 0.456666666666667, 0.324, 0.201666666666667, 0.296333333333333, 0.198333333333333, 0.404333333333333, 0.367, 0.214, 0.158333333333333, 0.379666666666667, 0.424666666666667, 0.515, 0.198666666666667, 0.145666666666667, 0.213333333333333, 0.357, 0.356666666666667, 0.354333333333333, 0.330666666666667, 0.364333333333333, 0.394666666666667, 0.234666666666667, 0.084, 0.193333333333333, 0.390333333333333, 0.414666666666667, 0.230666666666667, 0.409, 0.377, 0.252666666666667, 0.125666666666667, 0.1635, 0.329666666666667, 0.177333333333333, 0.350333333333333, 0.143, 0.275666666666667, 0.180666666666667, 0.178333333333333, 0.188, 0.141, 0.271333333333333, 0.207666666666667, 0.269333333333333, 0.187, 0.168333333333333, 0.394, 0.275, 0.252333333333333, 0.427333333333333, 0.146, 0.248333333333333, 0.331666666666667, 0.245333333333333, 0.243333333333333, 0.223666666666667, 0.184, 0.284666666666667, 0.339666666666667, 0.194, 0.204666666666667, 0.190666666666667, 0.338333333333333, 0.329666666666667, 0.255, 0.317, 0.435666666666667, 0.068, 0.188666666666667, 0.291666666666667, 0.441666666666667, 0.279333333333333, 0.419, 0.369333333333333, 0.262333333333333, 0.23, 0.159666666666667, 0.354666666666667, 0.136666666666667, 0.332, 0.188333333333333, 0.195, 0.1915, 0.237, 0.254666666666667, 0.298666666666667, 0.462666666666667, 0.289, 0.211333333333333, 0.216333333333333, 0.309, 0.3445, 0.3, 0.338, 0.353, 0.348333333333333, 0.338, 0.301, 0.440666666666667, 0.189666666666667, 0.364333333333333, 0.324333333333333, 0.17, 0.281, 0.354666666666667, 0.236666666666667, 0.323333333333333, 0.347, 1.0, 0.372666666666667, 0.335, 0.520333333333333, 0.522, 0.383666666666667, 0.445333333333333, 0.347333333333333, 0.438, 0.253666666666667, 0.333333333333333, 0.3995, 0.352, 0.245666666666667, 0.261]",0
165,9606.ENSP00000221891,"[0.364666666666667, 0.445666666666667, 0.307, 0.276666666666667, 0.338, 0.377, 0.352666666666667, 0.335333333333333, 0.372333333333333, 0.122333333333333, 0.325666666666667, 0.374, 0.327666666666667, 0.3235, 0.145, 0.215666666666667, 0.268333333333333, 0.223, 0.3795, 0.256, 0.159666666666667, 0.267, 0.385666666666667, 0.158333333333333, 0.164333333333333, 0.152333333333333, 0.225, 0.472, 0.174666666666667, 0.404666666666667, 0.160666666666667, 0.321, 0.266, 0.172, 0.260666666666667, 0.218333333333333, 0.173666666666667, 0.225, 0.136, 0.152333333333333, 0.23, 0.251333333333333, 0.253666666666667, 0.182333333333333, 0.188666666666667, 0.283333333333333, 0.163333333333333, 0.166, 0.372333333333333, 0.439333333333333, 0.338, 0.287333333333333, 0.447666666666667, 0.379666666666667, 0.320333333333333, 0.294666666666667, 0.398333333333333, 0.288, 0.384666666666667, 0.356333333333333, 0.293, 0.273666666666667, 0.332333333333333, 0.276333333333333, 0.347, 0.365333333333333, 0.453, 0.37, 0.268333333333333, 0.193333333333333, 0.265, 0.353333333333333, 0.365, 0.373, 0.359, 0.441333333333333, 0.422, 0.359333333333333, 0.205333333333333, 0.322666666666667, 0.313666666666667, 0.390333333333333, 0.382666666666667, 0.468666666666667, 0.396333333333333, 0.466, 0.312, 0.294, 0.364666666666667, 0.307666666666667, 0.493333333333333, 0.235, 0.427666666666667, 0.239, 0.286333333333333, 0.382666666666667, 0.233333333333333, 0.304333333333333, 0.275, 0.377666666666667, 0.267333333333333, 0.241333333333333, 0.374, 0.305, 0.393333333333333, 0.426333333333333, 0.231333333333333, 0.298, 0.417666666666667, 0.267333333333333, 0.4, 0.351333333333333, 0.186, 0.41, 0.472333333333333, 0.318666666666667, 0.306666666666667, 0.283666666666667, 0.363333333333333, 0.353666666666667, 0.447666666666667, 0.399, 0.434, 0.135666666666667, 0.254666666666667, 0.272333333333333, 0.372333333333333, 0.213666666666667, 0.398666666666667, 0.412, 0.307666666666667, 0.331333333333333, 0.268, 0.361333333333333, 0.264666666666667, 0.371666666666667, 0.286666666666667, 0.277, 0.344, 0.308, 0.433333333333333, 0.400333333333333, 0.367333333333333, 0.483, 0.345, 0.331666666666667, 0.446333333333333, 0.752, 0.319666666666667, 0.37, 0.436333333333333, 0.427333333333333, 0.358, 0.5225, 0.381666666666667, 0.342333333333333, 0.343, 0.355333333333333, 0.248666666666667, 0.357666666666667, 0.330666666666667, 0.346666666666667, 0.391, 0.604666666666667, 0.372666666666667, 1.0, 0.443333333333333, 0.286, 0.341666666666667, 0.325333333333333, 0.450333333333333, 0.364, 0.404333333333333, 0.354666666666667, 0.334333333333333, 0.397, 0.293333333333333, 0.334, 0.356333333333333]",0
166,9606.ENSP00000477213,"[0.320666666666667, 0.469, 0.328666666666667, 0.321, 0.266333333333333, 0.407666666666667, 0.41, 0.488666666666667, 0.362666666666667, 0.166333333333333, 0.265333333333333, 0.439333333333333, 0.270666666666667, 0.3395, 0.159666666666667, 0.236666666666667, 0.330333333333333, 0.23, 0.4125, 0.206, 0.189, 0.234666666666667, 0.35, 0.19, 0.207666666666667, 0.185666666666667, 0.2775, 0.474, 0.198333333333333, 0.488666666666667, 0.213, 0.233333333333333, 0.232, 0.205, 0.228333333333333, 0.246333333333333, 0.199333333333333, 0.2775, 0.167666666666667, 0.185666666666667, 0.265333333333333, 0.249, 0.268333333333333, 0.235333333333333, 0.194666666666667, 0.283333333333333, 0.197, 0.240666666666667, 0.397333333333333, 0.389333333333333, 0.242, 0.324666666666667, 0.326333333333333, 0.301333333333333, 0.478333333333333, 0.412666666666667, 0.403333333333333, 0.399666666666667, 0.344666666666667, 0.452, 0.464, 0.317, 0.369, 0.348666666666667, 0.302666666666667, 0.301666666666667, 0.367666666666667, 0.463333333333333, 0.343666666666667, 0.221, 0.364, 0.415333333333333, 0.478666666666667, 0.465333333333333, 0.516666666666667, 0.406333333333333, 0.479666666666667, 0.372666666666667, 0.191, 0.323333333333333, 0.478333333333333, 0.457666666666667, 0.445, 0.448333333333333, 0.505666666666667, 0.414333333333333, 0.662, 0.366, 0.525333333333333, 0.344666666666667, 0.444666666666667, 0.215, 0.387333333333333, 0.297, 0.384, 0.392, 0.285, 0.316, 0.371666666666667, 0.463666666666667, 0.328, 0.286, 0.442333333333333, 0.413, 0.386, 0.443, 0.251666666666667, 0.365, 0.403333333333333, 0.299666666666667, 0.474333333333333, 0.461666666666667, 0.2, 0.417666666666667, 0.501, 0.278333333333333, 0.424, 0.463666666666667, 0.466333333333333, 0.311, 0.381333333333333, 0.374333333333333, 0.433333333333333, 0.139333333333333, 0.267666666666667, 0.359666666666667, 0.423666666666667, 0.209333333333333, 0.403666666666667, 0.494333333333333, 0.339666666666667, 0.382666666666667, 0.39, 0.497333333333333, 0.401, 0.434, 0.259666666666667, 0.323666666666667, 0.212, 0.308, 0.604666666666667, 0.473666666666667, 0.526333333333333, 0.457333333333333, 0.499, 0.357, 0.393, 0.7545, 0.425, 0.452666666666667, 0.506333333333333, 0.423333333333333, 0.494, 0.35, 0.424333333333333, 0.586, 0.52, 0.447, 0.276, 0.410666666666667, 0.402666666666667, 0.308333333333333, 0.423, 0.405, 0.335, 0.443333333333333, 1.0, 0.360333333333333, 0.450333333333333, 0.348333333333333, 0.476, 0.376333333333333, 0.489, 0.441333333333333, 0.441666666666667, 0.536, 0.488333333333333, 0.371, 0.446666666666667]",0
167,9606.ENSP00000327694,"[0.559, 0.396, 0.317333333333333, 0.278333333333333, 0.247333333333333, 0.394, 0.346, 0.290666666666667, 0.452333333333333, 0.119, 0.283, 0.414666666666667, 0.276, 0.131, 0.141666666666667, 0.287333333333333, 0.241333333333333, 0.1965, 0.21, 0.196, 0.137333333333333, 0.163666666666667, 0.199333333333333, 0.146666666666667, 0.144666666666667, 0.141, 0.2115, 0.345, 0.131, 0.308666666666667, 0.164666666666667, 0.162666666666667, 0.169, 0.139666666666667, 0.142333333333333, 0.208, 0.139, 0.2115, 0.141, 0.141, 0.232666666666667, 0.141666666666667, 0.226333333333333, 0.151666666666667, 0.144666666666667, 0.277333333333333, 0.138333333333333, 0.127666666666667, 0.243666666666667, 0.392666666666667, 0.283666666666667, 0.447666666666667, 0.226, 0.274666666666667, 0.279, 0.504, 0.501, 0.368333333333333, 0.229333333333333, 0.270666666666667, 0.319, 0.568666666666667, 0.584333333333333, 0.414666666666667, 0.253333333333333, 0.461, 0.456666666666667, 0.501333333333333, 0.384666666666667, 0.164, 0.152333333333333, 0.319666666666667, 0.270333333333333, 0.379, 0.381, 0.332, 0.439333333333333, 0.244666666666667, 0.136333333333333, 0.179, 0.313, 0.367, 0.253333333333333, 0.335, 0.367333333333333, 0.197333333333333, 0.385333333333333, 0.25, 0.206666666666667, 0.12, 0.381333333333333, 0.153, 0.28, 0.133, 0.153666666666667, 0.201333333333333, 0.186333333333333, 0.217, 0.333, 0.358, 0.313666666666667, 0.256333333333333, 0.329, 0.206666666666667, 0.252, 0.430666666666667, 0.161333333333333, 0.335333333333333, 0.27, 0.253666666666667, 0.319, 0.199333333333333, 0.357333333333333, 0.259333333333333, 0.331, 0.164333333333333, 0.310666666666667, 0.181, 0.335, 0.351666666666667, 0.218333333333333, 0.302333333333333, 0.428, 0.135333333333333, 0.274, 0.218333333333333, 0.287333333333333, 0.195666666666667, 0.417, 0.300666666666667, 0.293666666666667, 0.276, 0.245666666666667, 0.430333333333333, 0.243666666666667, 0.354666666666667, 0.244, 0.219666666666667, 0.266, 0.258666666666667, 0.209333333333333, 0.184333333333333, 0.479, 0.279666666666667, 0.232666666666667, 0.311666666666667, 0.283666666666667, 0.5375, 0.295333333333333, 0.305666666666667, 0.341666666666667, 0.368, 0.32, 0.26, 0.378, 0.180666666666667, 0.429666666666667, 0.243, 0.186, 0.362666666666667, 0.246, 0.284, 0.337, 0.257333333333333, 0.520333333333333, 0.286, 0.360333333333333, 1.0, 0.81, 0.587666666666667, 0.516, 0.439, 0.751333333333333, 0.292666666666667, 0.280333333333333, 0.3015, 0.295666666666667, 0.327666666666667, 0.276333333333333]",0
168,9606.ENSP00000403362,"[0.542, 0.526666666666667, 0.332333333333333, 0.288333333333333, 0.190333333333333, 0.373666666666667, 0.323333333333333, 0.246666666666667, 0.427666666666667, 0.137, 0.292333333333333, 0.371333333333333, 0.296333333333333, 0.449, 0.183333333333333, 0.31, 0.280333333333333, 0.265, 0.524, 0.182, 0.128333333333333, 0.199666666666667, 0.200666666666667, 0.183333333333333, 0.179333333333333, 0.178, 0.2715, 0.319, 0.162333333333333, 0.326333333333333, 0.196, 0.154333333333333, 0.206333333333333, 0.177, 0.172, 0.243666666666667, 0.174, 0.2715, 0.130333333333333, 0.178, 0.255333333333333, 0.175, 0.293333333333333, 0.189, 0.179333333333333, 0.281666666666667, 0.176, 0.16, 0.274333333333333, 0.416666666666667, 0.280666666666667, 0.471, 0.235333333333333, 0.270333333333333, 0.329666666666667, 0.484, 0.477333333333333, 0.36, 0.309, 0.275666666666667, 0.269, 0.550333333333333, 0.605666666666667, 0.331333333333333, 0.197, 0.455, 0.471666666666667, 0.515666666666667, 0.320666666666667, 0.202, 0.185333333333333, 0.376, 0.320666666666667, 0.395666666666667, 0.38, 0.394333333333333, 0.448333333333333, 0.276, 0.127333333333333, 0.229666666666667, 0.353666666666667, 0.423666666666667, 0.251, 0.372333333333333, 0.348666666666667, 0.192666666666667, 0.438666666666667, 0.239, 0.219333333333333, 0.125, 0.405333333333333, 0.159666666666667, 0.347, 0.127, 0.149, 0.179333333333333, 0.200666666666667, 0.228333333333333, 0.304333333333333, 0.347, 0.277, 0.231, 0.380666666666667, 0.260666666666667, 0.253, 0.439666666666667, 0.167333333333333, 0.311333333333333, 0.302, 0.273, 0.323333333333333, 0.196333333333333, 0.322, 0.297333333333333, 0.366333333333333, 0.162, 0.371666666666667, 0.168, 0.340333333333333, 0.361333333333333, 0.297666666666667, 0.331666666666667, 0.452666666666667, 0.163, 0.336666666666667, 0.226, 0.316666666666667, 0.245666666666667, 0.463666666666667, 0.320333333333333, 0.316333333333333, 0.229666666666667, 0.194333333333333, 0.424333333333333, 0.178666666666667, 0.358333333333333, 0.263666666666667, 0.247, 0.247, 0.283666666666667, 0.239333333333333, 0.222666666666667, 0.491333333333333, 0.394, 0.216666666666667, 0.253666666666667, 0.336666666666667, 0.583, 0.308333333333333, 0.327333333333333, 0.43, 0.334, 0.324, 0.381, 0.469333333333333, 0.424666666666667, 0.391666666666667, 0.268, 0.215666666666667, 0.439666666666667, 0.335333333333333, 0.341666666666667, 0.457, 0.293333333333333, 0.522, 0.341666666666667, 0.450333333333333, 0.81, 1.0, 0.648333333333333, 0.629666666666667, 0.495333333333333, 0.723, 0.355333333333333, 0.361, 0.4085, 0.332, 0.302333333333333, 0.238666666666667]",0
169,9606.ENSP00000483185,"[0.35, 0.379666666666667, 0.268, 0.256666666666667, 0.231333333333333, 0.288333333333333, 0.292333333333333, 0.174333333333333, 0.374333333333333, 0.101, 0.249666666666667, 0.312666666666667, 0.246666666666667, 0.1115, 0.124, 0.215, 0.206333333333333, 0.167, 0.1835, 0.178, 0.126333333333333, 0.147333333333333, 0.202666666666667, 0.133666666666667, 0.132666666666667, 0.128333333333333, 0.1915, 0.299, 0.113333333333333, 0.251333333333333, 0.152666666666667, 0.235333333333333, 0.152, 0.127, 0.178333333333333, 0.184, 0.157, 0.1915, 0.127666666666667, 0.128333333333333, 0.196333333333333, 0.170666666666667, 0.194666666666667, 0.136666666666667, 0.167, 0.229, 0.126, 0.118333333333333, 0.170666666666667, 0.34, 0.252333333333333, 0.407666666666667, 0.251333333333333, 0.298333333333333, 0.328333333333333, 0.389666666666667, 0.427, 0.306, 0.221666666666667, 0.214333333333333, 0.219333333333333, 0.562333333333333, 0.513333333333333, 0.276333333333333, 0.234666666666667, 0.402, 0.430666666666667, 0.443, 0.295333333333333, 0.149, 0.123, 0.319666666666667, 0.308, 0.257, 0.267333333333333, 0.345, 0.33, 0.214333333333333, 0.176666666666667, 0.194666666666667, 0.241, 0.315666666666667, 0.230666666666667, 0.297, 0.272666666666667, 0.196, 0.202666666666667, 0.2165, 0.201666666666667, 0.148, 0.313333333333333, 0.174333333333333, 0.237333333333333, 0.0976666666666667, 0.120666666666667, 0.126333333333333, 0.179666666666667, 0.208333333333333, 0.264, 0.316666666666667, 0.234333333333333, 0.166666666666667, 0.311333333333333, 0.189, 0.195666666666667, 0.332333333333333, 0.141, 0.250333333333333, 0.263, 0.238333333333333, 0.271333333333333, 0.165666666666667, 0.299666666666667, 0.240666666666667, 0.309666666666667, 0.137333333333333, 0.233, 0.12, 0.335666666666667, 0.256666666666667, 0.234666666666667, 0.243, 0.345666666666667, 0.125666666666667, 0.214, 0.229333333333333, 0.312666666666667, 0.182666666666667, 0.336333333333333, 0.312666666666667, 0.251, 0.173, 0.159333333333333, 0.366, 0.146666666666667, 0.320333333333333, 0.224, 0.205333333333333, 0.265, 0.269666666666667, 0.140666666666667, 0.206666666666667, 0.401666666666667, 0.278, 0.205333333333333, 0.265, 0.269666666666667, 0.593, 0.29, 0.294333333333333, 0.328333333333333, 0.262666666666667, 0.302, 0.407, 0.445, 0.384666666666667, 0.331666666666667, 0.231666666666667, 0.174, 0.394333333333333, 0.326666666666667, 0.252666666666667, 0.316666666666667, 0.281666666666667, 0.383666666666667, 0.325333333333333, 0.348333333333333, 0.587666666666667, 0.648333333333333, 1.0, 0.556666666666667, 0.453, 0.586, 0.213, 0.322666666666667, 0.344, 0.240333333333333, 0.269333333333333, 0.171666666666667]",0
170,9606.ENSP00000377015,"[0.524666666666667, 0.539666666666667, 0.356, 0.323333333333333, 0.295, 0.430666666666667, 0.370333333333333, 0.329, 0.374333333333333, 0.123333333333333, 0.316666666666667, 0.398, 0.320666666666667, 0.4565, 0.162666666666667, 0.257333333333333, 0.268333333333333, 0.227, 0.536, 0.223333333333333, 0.139666666666667, 0.232, 0.295, 0.178, 0.179, 0.174, 0.26, 0.316, 0.167, 0.462666666666667, 0.193666666666667, 0.223333333333333, 0.232, 0.174333333333333, 0.210333333333333, 0.234333333333333, 0.187333333333333, 0.26, 0.136, 0.174, 0.259666666666667, 0.194666666666667, 0.260666666666667, 0.187333333333333, 0.185666666666667, 0.335333333333333, 0.173333333333333, 0.205333333333333, 0.329333333333333, 0.530333333333333, 0.294666666666667, 0.426, 0.336, 0.328333333333333, 0.395333333333333, 0.463666666666667, 0.54, 0.421333333333333, 0.363666666666667, 0.430333333333333, 0.364333333333333, 0.511333333333333, 0.569333333333333, 0.351333333333333, 0.307666666666667, 0.419666666666667, 0.528, 0.496666666666667, 0.356333333333333, 0.202666666666667, 0.241666666666667, 0.509666666666667, 0.463333333333333, 0.453666666666667, 0.452, 0.459333333333333, 0.508, 0.321333333333333, 0.155666666666667, 0.28, 0.478666666666667, 0.525, 0.358, 0.523666666666667, 0.484, 0.309333333333333, 0.275666666666667, 0.262, 0.292, 0.217666666666667, 0.441666666666667, 0.214333333333333, 0.415666666666667, 0.159333333333333, 0.185666666666667, 0.299666666666667, 0.225333333333333, 0.306666666666667, 0.326666666666667, 0.437333333333333, 0.304666666666667, 0.261, 0.470666666666667, 0.345333333333333, 0.365333333333333, 0.460666666666667, 0.217333333333333, 0.332, 0.370333333333333, 0.358666666666667, 0.355, 0.292666666666667, 0.253666666666667, 0.445, 0.436, 0.241666666666667, 0.318, 0.262333333333333, 0.447, 0.465333333333333, 0.361, 0.402666666666667, 0.547666666666667, 0.151666666666667, 0.285666666666667, 0.273666666666667, 0.366333333333333, 0.246, 0.509, 0.517666666666667, 0.389666666666667, 0.290333333333333, 0.277, 0.447666666666667, 0.249333333333333, 0.487, 0.280666666666667, 0.311666666666667, 0.2675, 0.295333333333333, 0.488333333333333, 0.358333333333333, 0.609666666666667, 0.435, 0.321, 0.371333333333333, 0.465333333333333, 0.6515, 0.451666666666667, 0.505666666666667, 0.542, 0.421, 0.466666666666667, 0.342, 0.468, 0.656666666666667, 0.444333333333333, 0.445, 0.240666666666667, 0.548, 0.422666666666667, 0.385333333333333, 0.549666666666667, 0.374333333333333, 0.445333333333333, 0.450333333333333, 0.476, 0.516, 0.629666666666667, 0.556666666666667, 1.0, 0.498333333333333, 0.548333333333333, 0.440333333333333, 0.416, 0.3945, 0.388666666666667, 0.346333333333333, 0.347666666666667]",0
171,9606.ENSP00000451300,"[0.35, 0.402666666666667, 0.263, 0.283, 0.221, 0.311333333333333, 0.355333333333333, 0.213, 0.350333333333333, 0.142666666666667, 0.244333333333333, 0.325666666666667, 0.249666666666667, 0.271, 0.146666666666667, 0.242666666666667, 0.283666666666667, 0.2245, 0.3315, 0.156666666666667, 0.117333333333333, 0.171666666666667, 0.261333333333333, 0.155333333333333, 0.151666666666667, 0.148, 0.2255, 0.308, 0.138333333333333, 0.305666666666667, 0.153, 0.228, 0.178, 0.149, 0.204, 0.222666666666667, 0.165666666666667, 0.2255, 0.119666666666667, 0.148, 0.191333333333333, 0.199, 0.242333333333333, 0.18, 0.177, 0.229, 0.147, 0.131666666666667, 0.268, 0.403666666666667, 0.255, 0.344333333333333, 0.281666666666667, 0.309333333333333, 0.329666666666667, 0.400666666666667, 0.425, 0.329333333333333, 0.272333333333333, 0.257333333333333, 0.273, 0.399666666666667, 0.436666666666667, 0.233666666666667, 0.25, 0.335666666666667, 0.514, 0.412666666666667, 0.256333333333333, 0.173666666666667, 0.219, 0.329, 0.331666666666667, 0.282, 0.297333333333333, 0.374333333333333, 0.394666666666667, 0.243666666666667, 0.186, 0.284, 0.297333333333333, 0.316666666666667, 0.267333333333333, 0.377, 0.31, 0.269333333333333, 0.224333333333333, 0.212, 0.248333333333333, 0.185333333333333, 0.355666666666667, 0.175, 0.303, 0.111333333333333, 0.177666666666667, 0.122333333333333, 0.230666666666667, 0.328, 0.265, 0.353666666666667, 0.24, 0.194, 0.382, 0.281, 0.203666666666667, 0.336333333333333, 0.162, 0.27, 0.297333333333333, 0.246666666666667, 0.282, 0.233666666666667, 0.233333333333333, 0.353333333333333, 0.357666666666667, 0.172333333333333, 0.239, 0.188, 0.364333333333333, 0.371333333333333, 0.296333333333333, 0.303333333333333, 0.369333333333333, 0.143333333333333, 0.252333333333333, 0.263, 0.346666666666667, 0.216333333333333, 0.377333333333333, 0.385666666666667, 0.285666666666667, 0.264666666666667, 0.258, 0.433, 0.228333333333333, 0.320666666666667, 0.271666666666667, 0.363666666666667, 0.236, 0.308333333333333, 0.290333333333333, 0.293, 0.381333333333333, 0.312666666666667, 0.294666666666667, 0.278666666666667, 0.344666666666667, 0.672, 0.278, 0.421666666666667, 0.338666666666667, 0.311, 0.364666666666667, 0.262, 0.389, 0.211, 0.317333333333333, 0.267666666666667, 0.216333333333333, 0.383333333333333, 0.294333333333333, 0.278666666666667, 0.319, 0.391, 0.347333333333333, 0.364, 0.376333333333333, 0.439, 0.495333333333333, 0.453, 0.498333333333333, 1.0, 0.510333333333333, 0.319666666666667, 0.359333333333333, 0.52, 0.403666666666667, 0.264333333333333, 0.259666666666667]",0
172,9606.ENSP00000351926,"[0.443333333333333, 0.495666666666667, 0.313666666666667, 0.316, 0.273666666666667, 0.448333333333333, 0.385, 0.299, 0.443666666666667, 0.100666666666667, 0.289666666666667, 0.418666666666667, 0.299, 0.226, 0.157333333333333, 0.565666666666667, 0.258666666666667, 0.2075, 0.306, 0.211333333333333, 0.150666666666667, 0.198333333333333, 0.249, 0.179333333333333, 0.175, 0.174, 0.262, 0.302, 0.156, 0.359, 0.192, 0.213333333333333, 0.203, 0.173333333333333, 0.185666666666667, 0.236666666666667, 0.175333333333333, 0.262, 0.159, 0.174, 0.336, 0.183333333333333, 0.249333333333333, 0.182666666666667, 0.181666666666667, 0.315666666666667, 0.172333333333333, 0.168666666666667, 0.266333333333333, 0.465333333333333, 0.303333333333333, 0.436, 0.268333333333333, 0.302333333333333, 0.306666666666667, 0.492666666666667, 0.531333333333333, 0.392333333333333, 0.307333333333333, 0.367, 0.37, 0.485333333333333, 0.616333333333333, 0.367666666666667, 0.277333333333333, 0.443333333333333, 0.476333333333333, 0.509666666666667, 0.353333333333333, 0.295, 0.165333333333333, 0.394333333333333, 0.383, 0.384333333333333, 0.428666666666667, 0.398333333333333, 0.5, 0.268, 0.182666666666667, 0.226, 0.382333333333333, 0.396666666666667, 0.369, 0.433666666666667, 0.419333333333333, 0.234333333333333, 0.426, 0.242, 0.246, 0.139666666666667, 0.445, 0.180333333333333, 0.304666666666667, 0.132, 0.15, 0.247, 0.180666666666667, 0.203, 0.333333333333333, 0.410333333333333, 0.304, 0.310666666666667, 0.357333333333333, 0.284333333333333, 0.236, 0.384333333333333, 0.182333333333333, 0.34, 0.294666666666667, 0.278333333333333, 0.333333333333333, 0.214, 0.325, 0.308666666666667, 0.389333333333333, 0.144666666666667, 0.342, 0.200333333333333, 0.444, 0.403666666666667, 0.338, 0.289, 0.441666666666667, 0.124333333333333, 0.282, 0.238666666666667, 0.344, 0.222, 0.399666666666667, 0.443, 0.313333333333333, 0.254666666666667, 0.256333333333333, 0.444666666666667, 0.235333333333333, 0.464333333333333, 0.270666666666667, 0.249333333333333, 0.2665, 0.275666666666667, 0.207, 0.231333333333333, 0.524, 0.371, 0.260666666666667, 0.364333333333333, 0.342666666666667, 0.6075, 0.336666666666667, 0.382666666666667, 0.416, 0.389333333333333, 0.400333333333333, 0.2795, 0.401, 0.245, 0.468333333333333, 0.321333333333333, 0.218, 0.438, 0.372, 0.351666666666667, 0.431666666666667, 0.305333333333333, 0.438, 0.404333333333333, 0.489, 0.751333333333333, 0.723, 0.586, 0.548333333333333, 0.510333333333333, 1.0, 0.335, 0.38, 0.417, 0.335333333333333, 0.330333333333333, 0.263666666666667]",0
177,9606.ENSP00000272317,"[0.321333333333333, 0.312, 0.290666666666667, 0.538666666666667, 0.457, 0.252, 0.289666666666667, 0.54, 0.302666666666667, 0.135666666666667, 0.288, 0.372333333333333, 0.288666666666667, 0.188, 0.229, 0.193, 0.246666666666667, 0.21, 0.2755, 0.384666666666667, 0.202333333333333, 0.34, 0.38, 0.228333333333333, 0.219, 0.219, 0.3275, 0.49, 0.190666666666667, 0.395666666666667, 0.239333333333333, 0.308, 0.343, 0.229, 0.251333333333333, 0.269666666666667, 0.209666666666667, 0.3275, 0.228, 0.219, 0.265, 0.239333333333333, 0.285666666666667, 0.248, 0.219, 0.359666666666667, 0.227, 0.189, 0.349333333333333, 0.377666666666667, 0.309666666666667, 0.31, 0.411333333333333, 0.385666666666667, 0.300333333333333, 0.399333333333333, 0.396333333333333, 0.220666666666667, 0.280333333333333, 0.404333333333333, 0.414333333333333, 0.291666666666667, 0.459, 0.335333333333333, 0.476, 0.435666666666667, 0.358666666666667, 0.301666666666667, 0.3, 0.253333333333333, 0.318, 0.351, 0.294, 0.488666666666667, 0.408666666666667, 0.303333333333333, 0.346333333333333, 0.387, 0.214333333333333, 0.317, 0.341666666666667, 0.37, 0.380333333333333, 0.405333333333333, 0.409666666666667, 0.414333333333333, 0.393666666666667, 0.5215, 0.414666666666667, 0.364666666666667, 0.296333333333333, 0.295666666666667, 0.387666666666667, 0.594666666666667, 0.412666666666667, 0.583666666666667, 0.224666666666667, 0.358333333333333, 0.900666666666667, 0.595, 0.827666666666667, 0.285333333333333, 0.357666666666667, 0.268, 0.433, 0.410666666666667, 0.31, 0.416333333333333, 0.368, 0.319333333333333, 0.388666666666667, 0.384666666666667, 0.205, 0.381333333333333, 0.369333333333333, 0.323666666666667, 0.345, 0.361333333333333, 0.355666666666667, 0.301333333333333, 0.243333333333333, 0.434, 0.399333333333333, 0.342, 0.350666666666667, 0.212, 0.248, 0.517333333333333, 0.319333333333333, 0.333333333333333, 0.411666666666667, 0.341666666666667, 0.338666666666667, 0.388333333333333, 0.334, 0.425666666666667, 0.496666666666667, 0.391666666666667, 0.3475, 0.460333333333333, 0.618, 0.440666666666667, 0.334, 0.299666666666667, 0.391, 0.28, 0.348, 0.562, 0.374666666666667, 0.313666666666667, 0.362, 0.489, 0.377666666666667, 0.345, 0.302666666666667, 0.486, 0.360333333333333, 0.336, 0.335666666666667, 0.338666666666667, 0.284333333333333, 0.229333333333333, 0.367666666666667, 0.459666666666667, 0.245666666666667, 0.334, 0.371, 0.327666666666667, 0.302333333333333, 0.269333333333333, 0.346333333333333, 0.264333333333333, 0.330333333333333, 0.371666666666667, 0.267333333333333, 0.2845, 0.294666666666667, 1.0, 0.432666666666667]",0
178,9606.ENSP00000477848,"[0.29, 0.257666666666667, 0.246666666666667, 0.306666666666667, 0.265666666666667, 0.313666666666667, 0.373333333333333, 0.546666666666667, 0.264666666666667, 0.174, 0.243, 0.399333333333333, 0.244333333333333, 0.424, 0.170666666666667, 0.241333333333333, 0.317, 0.2355, 0.4905, 0.289666666666667, 0.22, 0.29, 0.384, 0.234333333333333, 0.236666666666667, 0.234, 0.3525, 0.544, 0.203666666666667, 0.382333333333333, 0.245333333333333, 0.259, 0.293, 0.257, 0.253, 0.250666666666667, 0.235, 0.3525, 0.217666666666667, 0.234, 0.305666666666667, 0.275666666666667, 0.295666666666667, 0.288, 0.248666666666667, 0.294, 0.246333333333333, 0.210666666666667, 0.469, 0.366333333333333, 0.273, 0.264666666666667, 0.307666666666667, 0.233333333333333, 0.316, 0.373, 0.337666666666667, 0.305, 0.265333333333333, 0.383666666666667, 0.439666666666667, 0.303666666666667, 0.422333333333333, 0.395666666666667, 0.311666666666667, 0.244666666666667, 0.273333333333333, 0.237, 0.364666666666667, 0.278666666666667, 0.447, 0.304, 0.320666666666667, 0.445666666666667, 0.401, 0.296333333333333, 0.32, 0.444, 0.225, 0.289666666666667, 0.4, 0.341666666666667, 0.344, 0.372666666666667, 0.426333333333333, 0.443, 0.332, 0.2965, 0.417666666666667, 0.416333333333333, 0.225, 0.25, 0.35, 0.659666666666667, 0.550666666666667, 0.459, 0.271333333333333, 0.376333333333333, 0.351666666666667, 0.372333333333333, 0.393666666666667, 0.361333333333333, 0.344666666666667, 0.417333333333333, 0.496333333333333, 0.357666666666667, 0.273, 0.391666666666667, 0.360333333333333, 0.246333333333333, 0.388, 0.555666666666667, 0.145, 0.376333333333333, 0.398666666666667, 0.320666666666667, 0.254666666666667, 0.566, 0.368, 0.402, 0.312, 0.437, 0.396, 0.152, 0.217666666666667, 0.206333333333333, 0.243666666666667, 0.486666666666667, 0.272, 0.376, 0.332666666666667, 0.534666666666667, 0.522333333333333, 0.392, 0.517333333333333, 0.356666666666667, 0.225666666666667, 0.359666666666667, 0.186, 0.245, 0.673, 0.494333333333333, 0.395666666666667, 0.343333333333333, 0.534333333333333, 0.465666666666667, 0.354, 0.214, 0.302, 0.331, 0.33, 0.469, 0.426, 0.213, 0.320666666666667, 0.256333333333333, 0.413666666666667, 0.430666666666667, 0.326333333333333, 0.265666666666667, 0.219333333333333, 0.209666666666667, 0.310666666666667, 0.362, 0.261, 0.356333333333333, 0.446666666666667, 0.276333333333333, 0.238666666666667, 0.171666666666667, 0.347666666666667, 0.259666666666667, 0.263666666666667, 0.436666666666667, 0.246, 0.308, 0.375666666666667, 0.432666666666667, 1.0]",0
