,STRING_id,GO_embeddings,label,num_id
0,9606.ENSP00000272638,"[1.972828984260559, 0.5850759744644165, 1.6848149299621582, 0.410997599363327, 0.239471435546875, 0.9642089605331421, -0.1682574450969696, 1.6195563077926636, -0.3949989080429077, 1.3696151971817017, 2.056452512741089, -0.9308232069015503, -0.41084641218185425, -0.7492213845252991, -0.24994200468063354, -0.42189323902130127, 0.32337677478790283, 0.02278575301170349, 0.7852938175201416, -0.7091274857521057, 0.1157706156373024, -0.45566606521606445, -0.35447677969932556, 0.7197001576423645, -0.3740619122982025, -1.24313485622406, 2.221724033355713, 1.3541709184646606, 0.7676606178283691, -1.8119025230407715, -0.5701172351837158, -0.5524897575378418, 0.1411818116903305, -0.385690838098526, 0.6390283107757568, -1.529530644416809, 0.3326224088668823, -1.476041555404663, -0.4297381043434143, -0.7711321711540222, 0.3824961483478546, -0.1152690201997757, -1.8256336450576782, -1.3965059518814087, 0.0288999080657959, 0.07938818633556366, 1.6589031219482422, -0.4425358474254608, -1.4787811040878296, -0.6674633026123047, 1.4156261682510376, 0.7314130067825317, 0.657961905002594, -1.3817188739776611, 0.6502457857131958, -0.6429058313369751, 1.7137932777404785, -1.2809159755706787, 2.2796504497528076, -1.4388853311538696, -1.1583163738250732, 0.059697046875953674, 1.9578957557678223, -0.4476758539676666, 2.002199649810791, 0.7037897109985352, 1.1550848484039307, -0.6650795936584473, 0.9132530689239502, -0.08004923164844513, 0.3692820072174072, 0.8710730671882629, 0.30043506622314453, -2.3052096366882324e-05, -0.949825644493103, 1.3308407068252563, 0.7558691501617432, 0.16900599002838135, -0.6057869791984558, 1.6099295616149902, 0.4001321792602539, 2.175657272338867, -1.2667322158813477, 0.9048430323600769, 0.5851518511772156, 0.12433657050132751, -0.389127641916275, -0.7599989175796509, -1.0308592319488525, -0.3339553475379944, -0.3513902425765991, 1.4276505708694458, 2.014566421508789, 0.3085445761680603, -1.6232928037643433, 1.5262091159820557, -0.4811452329158783, 1.596691608428955, 0.33731773495674133, -0.6249250173568726, 0.095765620470047, 1.7030342817306519, -1.0002497434616089, 1.0261033773422241, -0.24879205226898193, 0.3430040776729584, -1.2793285846710205, 0.8202311992645264, 1.4534647464752197, -0.7621408700942993, -0.3000134825706482, 0.9242124557495117, -1.1998999118804932, -0.7003074288368225, -1.9139095544815063, 0.7960100173950195, 1.6806185245513916, -0.2945427894592285, -1.340717077255249, 1.6160392761230469, 1.3747718334197998, 1.1687145233154297, 0.8020071983337402, 0.2768232822418213, 0.028720006346702576, -0.1215313971042633, -0.9917564392089844, -0.13245850801467896, 1.6178762912750244, -0.7328464984893799, 0.9873291254043579, 1.1237653493881226, -1.4238700866699219, 0.5524656176567078, -0.3621637225151062, 1.0669840574264526, -1.502059817314148, -1.7797757387161255, -0.848313570022583, 0.23395377397537231, 1.2019551992416382, -1.0208967924118042, 0.7519570589065552, -0.8062499165534973, 1.1637698411941528, 0.4671720862388611, -1.6559826135635376, -1.2976253032684326, -0.5460895299911499, 0.29952192306518555, 0.9734538197517395, -0.0529937744140625, 0.9989405274391174, 0.8323013186454773, -0.3623388111591339, -1.0108000040054321, 0.5688555240631104, 0.10087379813194275, -0.5197222828865051, 1.4253119230270386, 0.694976806640625, -1.5320950746536255, 0.3508082628250122, -1.7021182775497437, -0.5861321687698364, 1.4429608583450317, 1.2771236896514893, 1.436998963356018, 0.21542280912399292, -0.45391494035720825, 2.472984552383423, 0.2501242756843567, 1.1844843626022339, -0.5794535279273987, -0.07237830758094788, 0.8260191679000854, 1.1624294519424438, 1.4114841222763062, 0.9065159559249878, -1.1289300918579102, 1.7750588655471802, 1.331205129623413, -0.6623516082763672, -0.037998855113983154, -0.888242244720459, 0.728225827217102, -0.6339603662490845, 0.2408287227153778, 1.4686791896820068, 0.571014940738678, 0.7590000033378601, 1.165431261062622, -2.132481575012207, 0.2844028174877167, 0.8596540093421936, -0.9892069101333618, 0.1184004545211792, -1.626427173614502, 1.3046019077301025, -0.10141909122467041]",0,55.0
1,9606.ENSP00000240587,"[1.520505666732788, -0.06534484028816223, 1.6869632005691528, 2.1528189182281494, -0.8235231637954712, 1.086439847946167, 0.12448230385780334, 3.104534864425659, -2.8946735858917236, 2.8248462677001953, 2.3895153999328613, -2.0364162921905518, 0.14812418818473816, -0.16946184635162354, -0.5121126770973206, 0.9165357351303101, -0.24744346737861633, 2.358987808227539, 2.762974739074707, -0.05418676137924194, -1.579033374786377, -2.509293794631958, -0.9292486906051636, -0.9155577421188354, -2.0951995849609375, -1.4300830364227295, -0.42973196506500244, 2.2441048622131348, 0.24698349833488464, -1.5502020120620728, -0.7632939219474792, -0.8296464681625366, -2.8010010719299316, 0.8480185270309448, 1.661991834640503, -2.2462494373321533, -0.5282150506973267, -0.13378167152404785, -2.8498647212982178, -0.9892880916595459, -1.163534164428711, -1.355072259902954, -2.150315999984741, 0.9364684820175171, -0.6172614097595215, -2.1461148262023926, 2.034968137741089, -1.7993842363357544, -0.876248836517334, -2.778707981109619, 1.8004138469696045, 1.8214595317840576, -0.21384519338607788, -0.17404916882514954, -0.7581195831298828, 0.13960418105125427, 1.031874418258667, -2.8605270385742188, 0.656939685344696, -1.486976146697998, -0.18890716135501862, 2.8137576580047607, 1.5215036869049072, 0.7665877938270569, -1.0823898315429688, 1.548530101776123, 1.4351738691329956, -4.161172389984131, -1.428004264831543, 1.668883204460144, 0.012916713953018188, -0.7774496078491211, -1.0162444114685059, -0.3355337381362915, -2.7482643127441406, 1.1256062984466553, 0.9360512495040894, -0.6342054009437561, -2.030001640319824, 0.15098965167999268, 0.13554146885871887, 1.8873255252838135, 0.8263381719589233, -1.2420097589492798, -0.3918186128139496, 1.160880208015442, -2.3144993782043457, 1.6753208637237549, -2.459339141845703, -0.10692709684371948, -3.5724263191223145, 1.7825148105621338, 0.723716139793396, -0.17315584421157837, 1.1024057865142822, 3.384613275527954, -1.7606589794158936, -0.24137845635414124, 0.28807544708251953, -1.170607328414917, 1.5725904703140259, 1.1239008903503418, -2.3281986713409424, 1.2385423183441162, 1.9850778579711914, 2.350674629211426, -1.6285289525985718, -1.6228219270706177, 0.10661947727203369, -0.062232039868831635, 0.28382471203804016, 0.5584980249404907, 0.2989770472049713, -3.227954387664795, 0.4058758616447449, -0.12160980701446533, -1.2709155082702637, -0.41091272234916687, -1.2520520687103271, 1.8875070810317993, 1.1211397647857666, 0.9407209157943726, 0.3666685223579407, 1.4569202661514282, 0.5924513339996338, 0.850292980670929, -0.7585523128509521, -1.7629876136779785, 2.1990115642547607, -0.4287712275981903, 2.5645275115966797, 1.6871871948242188, -0.6552905440330505, 1.7856825590133667, -0.9602504372596741, 1.3804199695587158, -2.8954389095306396, -2.728060722351074, 0.4649844765663147, 1.601938247680664, 2.0081944465637207, 1.2220757007598877, 0.0877663791179657, -2.5109124183654785, 2.166266679763794, 2.146176338195801, -2.185011863708496, -0.3564075231552124, 3.075437545776367, 1.7023898363113403, 2.7430741786956787, -2.308614730834961, -1.062211275100708, 0.6425220966339111, -2.0148894786834717, 0.5790216326713562, -1.0902750492095947, -0.4133925139904022, -0.4754636585712433, 1.355979561805725, -1.641951560974121, 0.6983432173728943, 1.1584337949752808, -1.6506330966949463, -0.2432827204465866, 2.065225601196289, 0.6149908900260925, 0.3827759027481079, -1.845477819442749, 2.741875171661377, 0.4403446912765503, -1.3783113956451416, 1.3973954916000366, -0.1889825165271759, -0.10503146052360535, -1.414257526397705, 1.4884458780288696, 1.5283186435699463, 1.6724328994750977, -1.875124454498291, -0.5250890254974365, 2.183643341064453, 0.899415910243988, -1.8073244094848633, -3.565563201904297, -0.8089554905891418, -0.32948070764541626, -2.6405136585235596, -0.15518462657928467, -0.2712138593196869, 2.0472848415374756, -1.9489927291870117, -1.3176933526992798, 0.3321904242038727, 1.3116846084594727, -0.3186571002006531, 0.8802217841148376, -0.996921181678772, 2.150097370147705, -0.7243835926055908]",0,85.0
2,9606.ENSP00000464391,"[1.2079392671585083, 0.14552484452724457, 0.7907242774963379, -0.13224351406097412, -1.9873948097229004, -0.429091215133667, 0.27375081181526184, 0.5819741487503052, -1.530619740486145, 1.1550334692001343, 1.2992026805877686, -0.8103057146072388, -0.9340969920158386, 1.1239964962005615, -0.05061502754688263, -0.4070088565349579, 1.3017147779464722, 0.7378767728805542, 1.0644538402557373, -0.9125131368637085, -0.3329271972179413, -0.17258483171463013, 0.23365330696105957, -0.436589777469635, -0.5146200656890869, -1.5230381488800049, 0.7354275584220886, 0.7253502607345581, 0.570337176322937, -1.3487738370895386, -0.5190814137458801, -1.6423163414001465, -0.5490665435791016, 0.8632367849349976, 0.5544966459274292, -0.5031476616859436, 1.4526073932647705, 0.33224689960479736, -0.9875043630599976, -0.6187844276428223, -0.6123427152633667, -0.6683667302131653, -0.6927443146705627, 1.373628854751587, 1.9222809076309204, -2.4739365577697754, 1.6104024648666382, -2.532423496246338, 0.2028341293334961, -0.8698080778121948, -0.30900365114212036, 0.14048828184604645, -0.3286271095275879, -0.40734511613845825, -1.508985996246338, -0.5789574980735779, -0.18482619524002075, -0.44286608695983887, 0.46934404969215393, -0.8182693719863892, 0.4858681559562683, 0.708568274974823, 0.6599440574645996, -0.13278305530548096, 0.017799675464630127, 1.0453591346740723, 1.0861899852752686, -1.726454734802246, -0.9037154912948608, -0.27279672026634216, -1.424330472946167, -1.5736058950424194, 1.1924569606781006, 0.18254926800727844, -0.6476466655731201, 0.4737411141395569, 0.5876479148864746, -2.1767845153808594, -1.3556898832321167, -0.35252928733825684, 0.9791957139968872, 0.7544244527816772, 0.6694152355194092, -0.8229295015335083, 0.07844460010528564, 0.3455992341041565, -0.7012119889259338, 1.060228943824768, -1.6706421375274658, -0.22287097573280334, -1.1568547487258911, 0.2450447827577591, 0.9811787605285645, 1.0870931148529053, 1.1566489934921265, 2.012808322906494, -1.7313051223754883, -1.8455581665039062, -0.5168291330337524, 0.8857830166816711, -0.2586926221847534, 1.4322863817214966, -0.34794533252716064, 0.3798460364341736, 0.35301923751831055, 0.33123403787612915, -0.9458590745925903, -0.29984989762306213, 1.2019696235656738, 1.0383669137954712, 1.0486388206481934, 0.5110118985176086, 0.5029421448707581, -2.306135892868042, -0.9265219569206238, 0.43777626752853394, 0.8477810621261597, -0.20093736052513123, -1.180506944656372, 1.753288984298706, -0.8427461981773376, 0.11869509518146515, 1.033549189567566, 0.06183484196662903, 0.5633251667022705, -0.16594676673412323, -0.46954163908958435, -0.9207978844642639, 1.1577154397964478, -1.7594118118286133, 1.4077788591384888, 1.8735357522964478, -0.5115304589271545, -0.01821717619895935, -1.3237903118133545, -0.047166019678115845, -1.663466453552246, -1.5584360361099243, 0.402654767036438, 0.13923324644565582, -1.0163829326629639, -0.24073727428913116, -0.6664392948150635, -0.960715651512146, 0.8496038317680359, 1.3830012083053589, -1.6672214269638062, -0.2115841507911682, 0.35729312896728516, 1.9804408550262451, 1.2531054019927979, -1.111501693725586, 0.6894513368606567, 0.21873098611831665, -1.1816085577011108, 0.059401243925094604, -1.6413969993591309, 1.5537874698638916, 0.0740630030632019, 0.3916133642196655, -0.5137077569961548, -0.6895661950111389, 0.12825429439544678, -1.1804827451705933, -1.360525369644165, 0.9999194145202637, 0.9955689907073975, 0.41961777210235596, 0.36056143045425415, 2.0137038230895996, -1.6116065979003906, -0.45090538263320923, 0.6376988291740417, 0.40561115741729736, -0.9776432514190674, -1.2818286418914795, 0.8366671800613403, 0.23015178740024567, 0.7852937579154968, 0.18567603826522827, 0.002620011568069458, 0.5405213236808777, -0.2355351448059082, -1.2611198425292969, -1.2588698863983154, -0.44836026430130005, -0.5138587355613708, -1.5138099193572998, -0.16938842833042145, -0.5587050914764404, 0.9078978300094604, -0.9292287826538086, 0.14839264750480652, -0.2878239154815674, 0.965564489364624, -0.007571220397949219, 0.20401506125926971, -0.2730065584182739, 1.1246265172958374, 0.6237349510192871]",0,63.0
3,9606.ENSP00000262629,"[5.751279830932617, 2.535179853439331, -1.490520715713501, -3.175307273864746, -2.55421781539917, -3.4125895500183105, -4.377445220947266, 1.4253952503204346, 2.702138662338257, -4.3664960861206055, 5.019655704498291, 2.251763343811035, -4.925301551818848, 0.7309893369674683, 1.0308864116668701, -0.40510159730911255, -4.669009208679199, -1.1764109134674072, 0.6517922878265381, 6.2867279052734375, -0.21948844194412231, -0.45005878806114197, -1.2307754755020142, 1.5505101680755615, 6.676739692687988, -6.237582206726074, -0.8573945760726929, 1.9242362976074219, -2.1542086601257324, -4.435813903808594, 4.334855556488037, -1.5706690549850464, -2.038088083267212, 2.726536989212036, 4.355275630950928, 1.892229676246643, -1.132840871810913, 3.9512012004852295, -3.6218955516815186, 2.1058425903320312, -2.1724987030029297, -5.752814769744873, -2.022456169128418, 5.334700584411621, 2.6477348804473877, -4.774461269378662, 3.639389753341675, -7.116983890533447, -3.8702690601348877, 2.6941378116607666, -2.4043869972229004, 5.918237209320068, 3.134760618209839, -1.436661720275879, -2.8344180583953857, 0.258516788482666, 4.478119373321533, 1.0747675895690918, 2.767834186553955, -0.6118131875991821, 0.06586042046546936, -2.405759572982788, -2.26096773147583, 3.978947877883911, -2.704833984375, -2.9362528324127197, 1.1937940120697021, -4.2820143699646, -7.966886043548584, -1.387816071510315, 3.5338144302368164, -6.026089668273926, 1.2492378950119019, -3.102908134460449, -0.2499590367078781, 7.0282440185546875, -5.962618827819824, 1.5674371719360352, 2.8066349029541016, -3.4577293395996094, 1.6893062591552734, 5.15363073348999, -7.495412826538086, -2.089820384979248, 3.480628728866577, 4.391361713409424, 0.2181166559457779, -7.370586395263672, -0.08898067474365234, 2.1648592948913574, -0.06958863884210587, 3.2298600673675537, -1.0647860765457153, 0.4782750606536865, -2.017789363861084, 1.0876797437667847, 1.98128342628479, -4.875878810882568, 2.994366407394409, 6.3958611488342285, 6.6947855949401855, 3.257086753845215, -2.832833766937256, 6.106922626495361, -1.5190187692642212, -5.629388332366943, -0.11216706037521362, 2.0118799209594727, 5.631361484527588, 8.512727737426758, 0.3548770546913147, -6.126756191253662, 7.506038665771484, -3.622192859649658, -2.300874710083008, -2.513632297515869, -1.4746994972229004, -1.8781843185424805, -2.367185592651367, -1.235651969909668, 5.768818378448486, -4.327855587005615, 0.6750339865684509, -4.900303840637207, 6.2700371742248535, -0.5711493492126465, -1.9563109874725342, 3.8007047176361084, 4.740604877471924, 5.080583572387695, 5.0049333572387695, -3.114114761352539, 0.8111205101013184, 0.33391037583351135, 2.2840068340301514, 0.2308388352394104, 1.4506086111068726, 1.9421790838241577, 3.8106606006622314, -1.2337334156036377, 5.471993446350098, -4.061607360839844, -0.7535804510116577, -4.826081275939941, 3.014758825302124, 0.16476935148239136, -4.292443752288818, -3.1867284774780273, 3.1317458152770996, 0.09030711650848389, -1.827177882194519, 1.8474206924438477, -3.1262848377227783, -2.3254902362823486, -0.8379446268081665, 0.3910977244377136, 2.467885732650757, 4.2786865234375, 1.42452871799469, 2.505465030670166, -0.7409213781356812, 2.929342269897461, 1.4015555381774902, -3.019434928894043, 9.138392448425293, -1.716691255569458, 7.0660786628723145, -3.21921968460083, 2.335266590118408, 5.205711841583252, 4.814320087432861, -2.398102045059204, 0.6078873872756958, 0.20051582157611847, -1.6268481016159058, -4.528098106384277, -2.540985345840454, 3.6440982818603516, -3.1419677734375, 1.552020788192749, 4.764305591583252, 1.6461520195007324, -3.363288402557373, -7.783179759979248, 0.585869550704956, -3.327453136444092, -0.1774972677230835, -2.6878747940063477, 3.8696188926696777, -5.849255084991455, 4.227685451507568, 3.591437578201294, -4.07853889465332, 4.546021461486816, 5.703450679779053, -2.83339786529541, -3.8577518463134766, -6.665597438812256, 3.0529065132141113, 1.0130952596664429]",0,129.0
4,9606.ENSP00000216484,"[1.0493078231811523, -1.3144572973251343, 1.0212208032608032, -1.3779232501983643, -1.929847240447998, 0.27740222215652466, 0.13808989524841309, 0.49181437492370605, 1.6810648441314697, 0.25062644481658936, 1.9527181386947632, -0.8180183172225952, -0.07969504594802856, 0.6589842438697815, 1.1740319728851318, -2.562758445739746, -0.09400749206542969, 0.031039148569107056, -0.15903210639953613, 0.43738430738449097, 1.3172557353973389, -1.1800726652145386, -1.2652000188827515, -1.0820335149765015, -1.1645867824554443, 0.12776347994804382, -0.43676328659057617, 1.4602429866790771, -0.3763986825942993, -2.575681686401367, -0.7507035136222839, 0.7107163667678833, -2.1611738204956055, -0.02076728641986847, 1.2650907039642334, -1.4795458316802979, 0.723258912563324, -0.040636032819747925, -0.5968950390815735, -0.863446831703186, -1.0323209762573242, -1.0149421691894531, 0.8789300322532654, 1.234726905822754, 2.1607651710510254, 0.9285622835159302, 0.02608228474855423, -0.0719415545463562, -1.4575750827789307, 0.8513718843460083, -0.217755526304245, 0.2572648823261261, 1.8628709316253662, 2.2192795276641846, -0.759045422077179, 1.0476289987564087, 1.180098295211792, 0.5499307513237, 1.6660349369049072, -0.6800343990325928, -0.23911152780056, -0.5358837842941284, 0.271562397480011, -1.1727639436721802, -0.9040812253952026, 1.4198014736175537, -0.34498274326324463, -0.5336980819702148, 1.179586410522461, -1.1173006296157837, -0.051365479826927185, -0.2537001967430115, -1.1039975881576538, -0.8685755133628845, 0.6781079173088074, -0.5457766056060791, 1.7439513206481934, -0.5899296998977661, -1.1172075271606445, 0.9558024406433105, 1.142638921737671, 2.273200273513794, -0.3804304599761963, -0.7040990591049194, -0.9361447095870972, 1.8561609983444214, 1.7232898473739624, 0.23106682300567627, 0.1148984283208847, 0.7652943134307861, 0.7373275756835938, -1.3832992315292358, -0.3966536521911621, 1.255187749862671, 2.4677162170410156, 0.9918344020843506, 0.6369734406471252, 0.06742261350154877, -1.1989920139312744, 0.18857493996620178, 1.1564531326293945, 2.0683069229125977, 1.014840006828308, 0.5820562839508057, -1.4243937730789185, 0.09360812604427338, -0.6328035593032837, 2.3580398559570312, 0.6909311413764954, -1.0778586864471436, -2.4876861572265625, 1.4275867938995361, 0.222774475812912, 0.09592476487159729, -2.300183057785034, -0.3240581750869751, 1.5721439123153687, 0.5689597129821777, -0.16361431777477264, 0.3636789619922638, 1.2894415855407715, 1.856325387954712, 1.9359713792800903, 0.9978605508804321, -0.2158360779285431, -0.8925766348838806, -2.3598556518554688, -1.2796812057495117, -0.887188196182251, -0.7969996333122253, 1.0043046474456787, 0.510258674621582, -2.876358985900879, -0.400248646736145, -1.061029076576233, 0.783694863319397, 0.5034780502319336, 0.5233557820320129, -0.03314870595932007, 0.33078402280807495, 0.6589047908782959, -1.3215504884719849, 0.2551298439502716, 0.9580501317977905, 0.6172187328338623, -1.6509771347045898, -1.6886260509490967, -1.5063828229904175, -0.36475270986557007, 0.4211938977241516, 0.6463825106620789, 0.4830319583415985, 2.005004644393921, 0.25489160418510437, -0.9343218207359314, 1.5597110986709595, -0.8336118459701538, 1.290464162826538, 1.4251677989959717, 0.5501582622528076, -0.6355931758880615, -0.3442904055118561, 1.2383702993392944, -0.6319985389709473, 0.49790894985198975, 1.619175672531128, -0.3877805471420288, 0.3222697675228119, 2.2751080989837646, 0.756393551826477, 1.7564506530761719, 1.4624031782150269, 2.9448814392089844, -1.8876467943191528, 1.109622597694397, -0.3481207489967346, 0.8485700488090515, 2.5005815029144287, -1.605089783668518, -1.5265895128250122, 0.17408552765846252, -0.2704901695251465, -0.9640027284622192, -0.9452563524246216, 0.551750659942627, -0.9075941443443298, -0.7738499045372009, 1.8479721546173096, -0.27547261118888855, -0.8786658644676208, -1.304624080657959, 0.629862904548645, -0.6577947735786438, -1.2555667161941528, -0.27380621433258057, -0.6606848239898682, -0.675322413444519, -0.4567573070526123, 1.1119474172592163, 0.6384177207946777]",0,126.0
5,9606.ENSP00000357727,"[1.9753038883209229, 1.4359633922576904, 2.228412389755249, 6.157398700714111, 0.18735617399215698, 0.5460447072982788, -0.8884435892105103, 4.073053359985352, 0.2235281765460968, -1.0096685886383057, 5.658878326416016, -1.8420273065567017, 0.47379061579704285, -2.5034539699554443, -2.7690017223358154, -4.101632595062256, -0.14334924519062042, 2.1703996658325195, 2.00805401802063, 5.62797212600708, 1.5088833570480347, -3.657845973968506, -1.573236346244812, -1.2312852144241333, 2.1752068996429443, -7.6968536376953125, -2.005181312561035, 2.8165740966796875, -2.3185248374938965, -8.300762176513672, -3.0391931533813477, -8.264764785766602, -0.5451492071151733, 3.896962881088257, 2.882519006729126, 0.18007861077785492, -0.5122839212417603, 0.27149951457977295, -2.9597864151000977, -2.6353096961975098, -3.1154396533966064, -5.133113384246826, -2.1198606491088867, 0.2144443690776825, 2.792640447616577, 0.3121967315673828, 4.151073932647705, -4.185689926147461, -8.765053749084473, -1.3617502450942993, 3.326449155807495, 8.311493873596191, 0.9348442554473877, -0.6946839094161987, -0.422964870929718, -3.1765785217285156, 7.387779235839844, 1.6436829566955566, 0.7166277170181274, -3.5671379566192627, -7.815840721130371, -1.632380723953247, 0.01980602741241455, 0.36001157760620117, -0.25567784905433655, -2.1990902423858643, 7.978795528411865, -6.805660247802734, -6.267127990722656, 4.363318920135498, -1.4573427438735962, -2.3654625415802, 2.316230297088623, 1.739463210105896, -0.858880341053009, 8.681382179260254, 1.1715312004089355, -3.555852174758911, -1.1569167375564575, -0.30884069204330444, 1.1187880039215088, 2.5507559776306152, -2.037414073944092, -4.1259050369262695, 5.293478012084961, 2.4376418590545654, 1.3219932317733765, -3.138577938079834, -0.8296539187431335, 3.349376678466797, -2.904843807220459, 7.9253740310668945, 3.1310646533966064, -1.4034192562103271, -5.669083595275879, 5.371522426605225, -3.2218985557556152, -5.47216272354126, 9.393316268920898, 2.098271608352661, 6.333080291748047, 3.9744911193847656, -3.4490370750427246, 7.919618606567383, 0.5671110153198242, -1.4495679140090942, -2.7502923011779785, 0.28752583265304565, -0.5672885775566101, 2.4650557041168213, -3.856645107269287, -1.4962427616119385, 2.2622056007385254, -3.0262351036071777, -2.007685661315918, -0.24152427911758423, 2.9255213737487793, -3.449158191680908, -8.826925277709961, 2.29634165763855, 3.459247589111328, 0.9751152992248535, 3.131434917449951, -4.37709379196167, 3.07690691947937, -0.447421133518219, -1.335301160812378, 0.6513122916221619, 3.7190332412719727, -1.7883549928665161, 7.0886759757995605, 1.7334532737731934, -0.9445479512214661, 2.2485392093658447, -4.714327812194824, 2.3710949420928955, -0.43716707825660706, -2.4702610969543457, -0.021364353597164154, 0.32121512293815613, 5.21535587310791, -5.25150728225708, -2.1351139545440674, -3.8459560871124268, 5.4655914306640625, 0.5595214366912842, -6.730777263641357, -1.8697800636291504, 4.325509548187256, 6.2979416847229, -3.0788471698760986, 0.0053322166204452515, -2.007351875305176, 2.178401470184326, 0.588800847530365, 4.119116306304932, 0.8419172763824463, 0.5996219515800476, 1.5767626762390137, 0.3996613919734955, -2.5632164478302, -2.337930917739868, 3.119384288787842, -6.526317596435547, 4.692104339599609, -1.0178062915802002, 7.436323165893555, -2.487814426422119, 1.0108720064163208, 3.7667603492736816, 7.132796287536621, -2.8709373474121094, -1.3483526706695557, -1.7422453165054321, -4.5584869384765625, 1.7669999599456787, -1.3302199840545654, 1.933058500289917, 1.3502784967422485, -0.32605111598968506, 9.931318283081055, 6.635289669036865, -2.4333083629608154, -4.554635524749756, 1.10234797000885, 1.9464061260223389, 0.8233634829521179, 0.8171857595443726, 5.175466537475586, -2.5091757774353027, 2.6710829734802246, -0.9526855945587158, -3.499094009399414, 6.616910457611084, 7.432309150695801, -6.3961591720581055, -3.065397262573242, -5.301398277282715, 6.640680313110352, 0.3798426389694214]",0,24.0
6,9606.ENSP00000334538,"[2.183065414428711, -0.32474178075790405, 0.8472529649734497, 0.3891459107398987, 1.1272118091583252, -0.16907578706741333, -0.0516568124294281, 0.07214581966400146, -1.9549949169158936, 0.9156374931335449, 1.4182630777359009, -0.6352500915527344, 0.078886017203331, 0.41108810901641846, -1.2118818759918213, 0.8582061529159546, 1.0328922271728516, 1.26456618309021, 1.1013786792755127, -0.44035571813583374, -1.008976936340332, 0.5193428993225098, -0.012488387525081635, 0.7230542898178101, -1.3640425205230713, 0.24021844565868378, 0.5132558345794678, 1.6220760345458984, 0.6548453569412231, -0.4460248649120331, -0.729637622833252, -0.5145224332809448, -0.5046759247779846, -0.2292892038822174, 0.8974652290344238, -2.5115911960601807, -0.12998847663402557, -0.6416069269180298, -1.1524248123168945, -0.5874494314193726, -0.07822810858488083, 0.038448989391326904, -0.7545183300971985, 0.5879927277565002, -0.3951594829559326, -1.1503922939300537, 0.3723566234111786, -0.029184475541114807, 0.8693534731864929, -0.7771713733673096, 0.11492114514112473, -0.438668817281723, -0.35109683871269226, 0.40259966254234314, 0.1580248326063156, -0.5310232043266296, 0.3357037603855133, 0.16844244301319122, 1.0090630054473877, -1.3105849027633667, -1.0632764101028442, -0.38137561082839966, 0.5983618497848511, 0.16869965195655823, -0.6817734241485596, 0.8752648830413818, 0.2692784368991852, -2.068256378173828, 0.6509398221969604, 0.591998279094696, 0.5647339820861816, -0.6652874946594238, 0.20933911204338074, 0.435708612203598, -1.3571791648864746, -1.8416759967803955, 0.8079065084457397, -2.1345064640045166, -1.029198169708252, 0.6343679428100586, 0.32151585817337036, 1.3637495040893555, -0.9736759662628174, 0.1045045554637909, -1.0540112257003784, 1.4110201597213745, -1.0415418148040771, 1.5293246507644653, -0.48002520203590393, 0.671330451965332, -0.5341642498970032, 1.6473900079727173, 0.9638132452964783, 0.525253415107727, 1.5326120853424072, 0.7732073068618774, -0.562423586845398, 0.12814417481422424, 1.5397897958755493, -0.3048401176929474, 0.5212544202804565, 0.9334906339645386, -0.9569509029388428, 1.1154162883758545, 1.627909779548645, 1.1042430400848389, -0.07448241114616394, -0.537164568901062, 0.9747520685195923, -1.3742886781692505, 0.46447232365608215, -0.1905258595943451, -0.5429127216339111, -1.9863197803497314, -1.1263957023620605, 0.9256457090377808, -0.7702487111091614, 0.9396520853042603, -0.15455785393714905, 0.7986459732055664, -0.4567911624908447, -0.8308992385864258, -0.7793745994567871, -0.5707206130027771, -0.4814915060997009, 0.8649824857711792, -0.8995851278305054, -1.0769110918045044, 0.4606438875198364, -0.9501532316207886, 1.3057208061218262, 0.28566479682922363, -1.1488085985183716, 0.5533658266067505, 0.2293185442686081, 1.3434504270553589, -0.5301773548126221, -0.9083192348480225, 0.38290226459503174, 1.264574646949768, -0.12774235010147095, 0.6383160948753357, -0.5397236347198486, -0.8981964588165283, 1.1305835247039795, 0.902860164642334, -1.2245079278945923, -0.36715906858444214, 1.4160823822021484, -0.6210747361183167, 0.7054860591888428, -0.035080671310424805, -0.28060823678970337, 0.6900191903114319, -1.175693392753601, 0.5634050965309143, -1.000793218612671, -0.9194408059120178, -0.3620801568031311, 0.48226967453956604, -0.6159133911132812, 0.8506877422332764, -0.20748041570186615, -2.4759068489074707, 0.6140666007995605, -0.37089115381240845, -0.5208858251571655, -0.13937953114509583, -1.0177022218704224, -0.13591589033603668, -0.23037312924861908, 0.5272329449653625, 1.0858646631240845, -0.6501339673995972, 0.9131993055343628, -1.17567777633667, 1.0998034477233887, -0.29785847663879395, 0.23666183650493622, -1.2054873704910278, 0.6606681942939758, 0.5304855704307556, 0.2979079484939575, -0.7025461196899414, -1.0331240892410278, -0.10752591490745544, -2.1679933071136475, -0.8331503868103027, 0.0018778741359710693, -0.7461293935775757, 1.2915678024291992, -0.48451516032218933, -1.5289421081542969, 1.8271501064300537, 0.35379457473754883, -0.05953028053045273, 1.077232003211975, -1.5833176374435425, 0.4494154453277588, -1.3217277526855469]",0,132.0
7,9606.ENSP00000261973,"[3.077263355255127, 0.09501028060913086, 0.0855218768119812, 0.504001796245575, 0.4329272508621216, -0.4310669004917145, 0.0331457257270813, -0.5853706002235413, -1.254198670387268, 1.2706751823425293, 1.7683616876602173, -0.2649794816970825, -0.03682440519332886, -0.6934543251991272, -0.17263203859329224, 1.7897266149520874, 0.5005982518196106, 0.922145426273346, 0.8767377734184265, 1.4766130447387695, 0.13131794333457947, -0.03888417035341263, 0.06663677096366882, 0.10496574640274048, -1.099572777748108, 0.10421380400657654, 0.7579814195632935, 2.3287570476531982, -0.22262972593307495, -0.19145044684410095, -0.191461443901062, -0.026173144578933716, -1.8530004024505615, 1.232566237449646, 1.452721118927002, -2.7739386558532715, 0.9818302392959595, -1.0281261205673218, -1.7216368913650513, -1.3488658666610718, -0.6389462947845459, -0.6096982955932617, -1.3379627466201782, 2.2561020851135254, 0.6739488244056702, -1.5312740802764893, 0.5083349943161011, -0.41758137941360474, 0.8755532503128052, 0.8011966943740845, 0.05505916476249695, 0.7559064626693726, 0.7094069123268127, 1.3923726081848145, 0.13914257287979126, -0.3985571265220642, 0.6217913627624512, 0.7432940006256104, 1.2728108167648315, -0.9075490832328796, -1.8485970497131348, -0.2311108559370041, 0.30422571301460266, 0.23484434187412262, -2.08553409576416, 0.6432501077651978, 1.2734794616699219, -2.77976655960083, -0.01917976140975952, 1.5519605875015259, 0.9582123160362244, -1.477084755897522, 1.5200774669647217, -0.1636105477809906, -1.0826537609100342, -0.9066795110702515, 1.1109108924865723, -1.871476411819458, -1.4006242752075195, 0.6221647262573242, 1.1010751724243164, 2.352726936340332, -0.9859728813171387, -0.570574164390564, -1.6435573101043701, 0.9982999563217163, -0.5392410755157471, 1.2547954320907593, -1.1259404420852661, 0.5900699496269226, -0.45879870653152466, 2.2009048461914062, 0.9641312956809998, -0.6076338291168213, 1.431335687637329, 1.7719812393188477, -1.050700306892395, -1.0568103790283203, 1.7023571729660034, -0.5222771167755127, 0.17077016830444336, 1.2544033527374268, -1.21443510055542, 1.6533446311950684, 1.3421190977096558, 1.3766708374023438, 0.1673760861158371, -0.19017437100410461, 1.4485948085784912, -0.924705445766449, -0.29835212230682373, -1.6696853637695312, 0.05729949474334717, -1.9672108888626099, -1.4854668378829956, 1.5954521894454956, -0.5573318004608154, 1.0414137840270996, 0.3819834887981415, 1.411962866783142, 0.4862869083881378, -1.8318880796432495, -0.7577754855155945, -0.0058316439390182495, -0.023485489189624786, 0.41291943192481995, -0.7788312435150146, -1.7809497117996216, 0.4540753960609436, -0.10900068283081055, 1.798315167427063, -1.160006046295166, -1.6063387393951416, -0.7310634851455688, 1.406167984008789, 1.2691570520401, -0.41552555561065674, -1.372557282447815, 1.094866156578064, 0.32669833302497864, -0.045258522033691406, -0.5557690858840942, 0.07363411784172058, -1.2582144737243652, 1.5464423894882202, 0.8013120889663696, -1.9774889945983887, -0.2731793522834778, 1.0105361938476562, 0.2809860110282898, -0.08787517249584198, 0.23199567198753357, -1.572040319442749, 0.9567187428474426, -0.7944991588592529, 0.8368738889694214, -1.3107866048812866, -1.259572982788086, 0.3920246958732605, 0.7822518944740295, 0.23409169912338257, 1.8595733642578125, 0.7599210739135742, -3.8436622619628906, 1.5157184600830078, -1.049714207649231, -1.0216797590255737, 0.48899170756340027, -1.1671791076660156, 0.02891968935728073, -0.25103282928466797, -0.7202295064926147, 1.401382565498352, -0.3524928092956543, 1.5022943019866943, -1.8772448301315308, 0.07623705267906189, -0.13272464275360107, -0.4153868854045868, -1.5418587923049927, 0.2711411118507385, 1.2765164375305176, -0.3102293312549591, -1.9713879823684692, -0.7279253602027893, -0.9219217896461487, -2.0743629932403564, -2.627758502960205, -0.04799333214759827, -1.0016181468963623, 1.506711721420288, -0.6044232249259949, -1.7976077795028687, 1.8147892951965332, 0.5648466348648071, -0.4766569137573242, 1.0311038494110107, -1.9011483192443848, 0.7123555541038513, -1.2570432424545288]",0,104.0
8,9606.ENSP00000357876,"[1.3751882314682007, -0.10267198085784912, 3.436640501022339, 2.7998554706573486, 0.5507540106773376, 1.624464988708496, 0.21135729551315308, -0.20760297775268555, -1.6026273965835571, 0.09021392464637756, 1.1295291185379028, -1.795809030532837, 0.24144327640533447, -1.6386325359344482, -2.1809473037719727, 0.914021909236908, 2.0255022048950195, 0.890761137008667, 1.9995100498199463, 0.18795879185199738, -1.4024848937988281, -2.6092588901519775, 1.4310160875320435, 3.0536437034606934, -2.5748791694641113, -0.1876489520072937, -0.24086837470531464, 0.6134527921676636, 0.2858025133609772, -0.14532877504825592, -2.266996383666992, -2.513948440551758, 0.8761681914329529, -0.6107146739959717, -0.7759059071540833, -1.0275559425354004, -1.2778533697128296, -2.3373937606811523, -1.57361900806427, -2.305577278137207, -0.35825592279434204, -0.5400089025497437, -2.8468363285064697, 0.9513842463493347, 0.1637173295021057, -1.9173872470855713, 0.031899064779281616, 0.4016682207584381, -0.42562854290008545, -1.9912852048873901, 3.3693346977233887, 1.2612828016281128, -1.1540435552597046, -1.4617903232574463, 0.5210869312286377, -0.15544089674949646, 1.432822823524475, -2.580275535583496, 1.0004944801330566, 0.1603316366672516, -1.787919044494629, 3.771045684814453, 2.972322940826416, 0.43499645590782166, -0.5673590898513794, 1.3826038837432861, 2.767674446105957, -1.6769697666168213, 1.3315024375915527, 1.2840497493743896, 0.621609091758728, -0.790688693523407, -1.2800360918045044, 1.1134982109069824, -2.5921006202697754, 0.22072434425354004, 0.33904701471328735, -1.1056002378463745, -0.3788757026195526, 2.883077383041382, -2.0423102378845215, 1.1095547676086426, 0.8810202479362488, 0.8334840536117554, -1.7258191108703613, 0.4334702789783478, -3.215695381164551, 1.1190013885498047, -2.5219337940216064, 0.2836857736110687, -1.1047223806381226, -0.2698790431022644, 1.2946009635925293, -0.6526747941970825, -0.6946712732315063, 2.358607292175293, -2.0147221088409424, 0.7416436672210693, -0.46317917108535767, 0.7783732414245605, 0.44692230224609375, 0.31055909395217896, 0.02931460738182068, 2.0545077323913574, 0.8397753238677979, 3.9864871501922607, -2.551212787628174, -0.6690353155136108, -0.8822669982910156, -0.3401668965816498, 1.9648820161819458, 1.650266170501709, -2.7325971126556396, 0.8660918474197388, 0.7960683107376099, 3.006641149520874, -1.4967347383499146, -0.8173406720161438, 0.32679420709609985, 0.041679590940475464, 0.9612417221069336, -0.015347063541412354, 1.1430610418319702, -0.25716638565063477, -1.4219406843185425, 2.512650966644287, -0.24576744437217712, -1.3165383338928223, 0.6610031127929688, -3.046067714691162, 1.2798947095870972, 2.3066468238830566, -2.2212038040161133, 2.794079542160034, 0.1993752419948578, 2.6267342567443848, -0.7893766164779663, -2.8996145725250244, 0.8165625929832458, 0.7242116928100586, 0.9726665616035461, 1.6900744438171387, 2.208160161972046, -0.9206540584564209, 2.238341808319092, 3.3539586067199707, -0.976058304309845, 1.1890360116958618, -1.4690512418746948, -1.7250499725341797, 2.5254247188568115, -1.4858747720718384, -2.9566099643707275, 2.229177474975586, -2.3885223865509033, -2.45552921295166, -2.2310967445373535, -2.5616114139556885, -0.6621305346488953, 2.0200788974761963, 0.807485818862915, -0.03720211982727051, -2.3471975326538086, -0.9428650140762329, -0.4300580620765686, 0.3970814645290375, -1.3627153635025024, -0.043303459882736206, -0.044409602880477905, 0.6436609029769897, 0.7513072490692139, 0.7430880665779114, 2.2585253715515137, 0.2674768269062042, 1.558571696281433, 0.9344223737716675, 1.3140836954116821, 0.34794601798057556, 2.8052902221679688, -0.6120642423629761, 2.896223545074463, 0.8147696256637573, -0.378584623336792, -1.3133213520050049, -3.0159294605255127, 0.31449568271636963, -0.46614527702331543, -2.0642197132110596, -0.9054598808288574, -1.354978084564209, 1.547311782836914, -0.9933013319969177, -1.6672531366348267, -0.7151260375976562, 1.6305809020996094, 1.8948496580123901, -0.23914238810539246, -1.0192819833755493, 0.7421424984931946, -1.6232949495315552]",0,100.0
9,9606.ENSP00000301522,"[3.002668619155884, 0.150042325258255, -0.6817210912704468, -0.30639493465423584, -1.0030416250228882, -1.5884324312210083, -0.08588586747646332, 2.680086135864258, 1.3927494287490845, -3.666916608810425, 3.1624553203582764, 2.7847132682800293, 0.1517835408449173, -1.1588654518127441, 0.037933290004730225, -1.406140923500061, -2.2196366786956787, -1.7785983085632324, -1.3654927015304565, 5.651081085205078, 4.379065036773682, 1.4532076120376587, -2.912914276123047, -0.3950108289718628, 3.648083209991455, -5.360946178436279, 1.642652153968811, 3.00121808052063, -4.273472785949707, -5.518988132476807, 3.769294023513794, -3.911003828048706, -0.8095784187316895, 5.455167293548584, 7.539150238037109, -0.3099140226840973, 1.0228594541549683, 0.984869658946991, -1.1622941493988037, 1.533953309059143, -2.159862995147705, -2.0536935329437256, -1.8168987035751343, 0.8205587267875671, 1.6463203430175781, -1.3026466369628906, 3.265872001647949, -1.1327884197235107, -8.092183113098145, 1.2270183563232422, 0.025735020637512207, 2.471013069152832, -0.6208878755569458, 3.649862289428711, -2.9579670429229736, -2.411109209060669, 2.924412250518799, 2.46197772026062, 1.9682180881500244, 0.1744421273469925, -5.109344005584717, -1.3659905195236206, -2.7011353969573975, 2.5526294708251953, -0.555401086807251, -5.325224876403809, 0.4588467478752136, -2.5807456970214844, -3.508992910385132, -3.3059186935424805, 1.7702312469482422, -1.9829494953155518, 2.3606436252593994, -1.8758610486984253, 3.7470526695251465, 7.059562683105469, -2.063180685043335, 1.5141080617904663, -3.730983018875122, -0.7625517845153809, 0.7401794195175171, 0.2471272200345993, -2.9244582653045654, -3.0755200386047363, 5.123014450073242, 2.9831748008728027, 2.891439199447632, -4.50132417678833, 1.0757735967636108, 1.6171518564224243, -4.429172515869141, 7.396151542663574, 4.279513359069824, 2.2441067695617676, -3.5589523315429688, 0.5173332691192627, 2.379711151123047, -6.109060764312744, 2.934980630874634, 4.259554862976074, 4.463601112365723, 1.6700971126556396, -3.0645952224731445, 3.264524221420288, -4.221920013427734, -2.376283645629883, 3.1211836338043213, 2.7009389400482178, 2.105476140975952, -0.7268198728561401, -3.083820104598999, -5.2448296546936035, 4.583449840545654, -5.7797956466674805, -3.9039793014526367, -3.5081636905670166, 4.1379804611206055, -1.3178242444992065, -2.461090087890625, 2.146620035171509, 1.6687602996826172, -1.6638269424438477, 0.49898281693458557, -3.365074634552002, 5.819947719573975, -2.593981981277466, 0.20511020720005035, 1.4569929838180542, 1.8111255168914795, 2.617431640625, 3.759974718093872, -0.9522224068641663, -0.755837082862854, -4.0255961418151855, -0.2989703416824341, -1.712359070777893, -0.6118180155754089, 0.7688557505607605, 1.3927638530731201, -1.4036630392074585, 5.606179237365723, -4.476974010467529, -1.2324997186660767, -3.493797779083252, 2.206752061843872, -1.9010050296783447, -2.3676562309265137, -3.497457981109619, 4.512117385864258, 2.9474880695343018, -5.806622505187988, 3.6683640480041504, 2.036497116088867, -2.849209785461426, 2.2704193592071533, 1.1283788681030273, 1.4899450540542603, 1.2199573516845703, 3.325664520263672, 2.0235321521759033, -1.6037640571594238, -2.007181406021118, 2.129627227783203, -3.0309906005859375, 1.8570162057876587, -1.2258801460266113, 5.746530532836914, -2.8647656440734863, 0.13326802849769592, 0.7502635717391968, 5.624037265777588, -3.721688747406006, -3.873023748397827, 1.2304062843322754, -2.56099796295166, -0.5364559888839722, -1.7973854541778564, 2.60697603225708, -2.778552532196045, 3.1664719581604004, 5.785992622375488, 6.214470386505127, -2.3600997924804688, -4.680354118347168, 2.4024112224578857, -2.1078896522521973, 1.4108221530914307, 1.2716419696807861, 2.7586021423339844, -0.17729471623897552, -0.17976291477680206, 0.732668936252594, -2.1800618171691895, 3.4051547050476074, 4.72556209564209, -1.6806074380874634, -4.1932783126831055, -5.933600902557373, 3.3658552169799805, 1.452161431312561]",0,162.0
10,9606.ENSP00000262746,"[2.71955943107605, 0.397595077753067, 1.280643105506897, 0.0017047524452209473, -0.328429251909256, -1.1696398258209229, 1.1983128786087036, 3.856642246246338, -0.3353921175003052, -2.121431827545166, 3.786135673522949, -2.792112112045288, -1.3552395105361938, 0.9558348655700684, 0.3646983206272125, -1.4489243030548096, 0.2974381148815155, 1.6937898397445679, 0.8648108839988708, 5.0926313400268555, 1.414367914199829, -1.9543421268463135, -1.0589962005615234, -0.5105257630348206, 0.021778538823127747, -4.7416582107543945, 0.6650492548942566, 2.607728958129883, -1.858290433883667, -4.6617536544799805, 1.8561291694641113, -6.455338478088379, 0.287709504365921, 2.214604139328003, 5.872064113616943, -1.9998805522918701, -0.13598981499671936, -1.0033533573150635, -2.756129264831543, 0.8444005250930786, -1.4032478332519531, -1.6270142793655396, -0.9657095074653625, 1.363559365272522, 2.179274559020996, -2.1003448963165283, 0.9793856739997864, -1.247774362564087, -5.395590782165527, -0.4431343674659729, 2.005924940109253, 3.311298131942749, -1.8048264980316162, 2.7370314598083496, -0.34189215302467346, -1.5683462619781494, 3.3267226219177246, -0.685944676399231, 2.0832247734069824, 0.23205628991127014, -3.219142436981201, -0.8694301843643188, 1.9862446784973145, -0.05892259255051613, 0.2566293478012085, -2.1496708393096924, 1.4228774309158325, -2.9044559001922607, -3.2572734355926514, 0.2740383744239807, 2.183142900466919, -0.6736912131309509, 0.3734651207923889, -1.2336030006408691, 1.5125596523284912, 5.136902332305908, -0.29352906346321106, -1.7481443881988525, -1.2597825527191162, 1.4363094568252563, 1.9428845643997192, 2.026750087738037, -3.3274316787719727, -2.050593614578247, 2.421171188354492, 0.9930521249771118, 1.036638617515564, -2.0788776874542236, -1.5006650686264038, 2.437882423400879, -3.9519331455230713, 5.252758026123047, 1.8138178586959839, -1.519970417022705, -1.9516489505767822, 0.9253107309341431, -0.5838432312011719, -5.830224990844727, 4.7067108154296875, 2.5223388671875, 5.038257122039795, 1.0415951013565063, -4.788125514984131, 2.476254940032959, -1.3206993341445923, -0.9869371652603149, 0.9622088074684143, 1.7309542894363403, 0.1576375961303711, -0.41332685947418213, -0.7935897707939148, -1.004061222076416, 1.4833171367645264, -1.64662766456604, -2.658921718597412, -0.8092609643936157, 2.2076315879821777, -3.4313066005706787, -4.445691108703613, 0.3446371555328369, 3.2839303016662598, -0.8399468660354614, 0.30791646242141724, -2.1308531761169434, 4.045525074005127, -0.06811200082302094, -2.604480743408203, -2.5578370094299316, 4.923464775085449, -0.7950514554977417, 5.578078269958496, 1.9153226613998413, -1.3410375118255615, 0.24717846512794495, -1.1186124086380005, 1.1868702173233032, -1.1878900527954102, -1.8804510831832886, 0.5593661665916443, -2.538825273513794, 1.889181137084961, -0.3675365746021271, -1.2465766668319702, -4.091024875640869, 4.2607011795043945, 0.8959317207336426, -2.2776334285736084, -2.35770845413208, 3.417287588119507, 2.073995351791382, -1.9235187768936157, 3.273651361465454, 1.3423411846160889, 0.5478330850601196, -0.009304866194725037, 2.7770519256591797, -3.3232431411743164, -1.4229885339736938, 2.524458408355713, 3.338834524154663, 0.3633817732334137, -0.040178656578063965, -0.8272223472595215, -2.989684820175171, 1.9448447227478027, 0.8904489278793335, 3.2143759727478027, -2.0899009704589844, 3.4410617351531982, 0.7704399228096008, 7.599786758422852, -3.3657307624816895, -1.2424482107162476, -1.1797394752502441, -1.362511157989502, -0.5402122735977173, 2.797154664993286, 2.2053942680358887, 1.2909303903579712, -0.21942612528800964, 4.995445251464844, 6.153510093688965, -2.6316895484924316, -2.974989652633667, 0.21406246721744537, -2.4251255989074707, -2.210951805114746, 1.0770392417907715, 2.9098827838897705, -1.0003292560577393, 0.19936101138591766, -3.065007209777832, -2.5330147743225098, 0.8715417981147766, 4.57078742980957, -0.8086201548576355, -4.136592864990234, -4.137998104095459, 4.290452480316162, -1.2407485246658325]",0,168.0
11,9606.ENSP00000388107,"[5.8382487297058105, -3.3125381469726562, 4.940820693969727, 5.048123359680176, 0.2577938735485077, 5.04880952835083, 0.24429965019226074, 4.215104103088379, -4.648889541625977, 4.873931884765625, 3.08021879196167, -6.104438304901123, 2.76590895652771, 0.6216373443603516, -4.942673683166504, -2.21806263923645, 2.5616350173950195, 4.871623516082764, 4.425068378448486, 1.3841543197631836, -3.59805965423584, -5.362490653991699, 1.6604113578796387, 4.670912265777588, -5.944642066955566, -1.4475030899047852, 1.8033167123794556, 3.584364175796509, 4.543618679046631, -4.62066125869751, -4.087759494781494, -5.026162624359131, -2.1041293144226074, 0.20181269943714142, 4.499022960662842, -2.391993999481201, 1.861133337020874, -3.7341153621673584, -4.311126708984375, -3.4761440753936768, -4.712935447692871, 3.4175496101379395, -7.0515360832214355, 0.07745447754859924, -2.1990981101989746, 0.28258389234542847, 4.204830169677734, -0.6085891723632812, -4.536466598510742, -3.5722103118896484, 5.561910629272461, 5.841867923736572, 0.7658169269561768, 1.6172733306884766, 4.366218566894531, -4.851490497589111, 5.0301923751831055, -5.378121376037598, 5.424322605133057, -6.156440734863281, -5.642724990844727, 4.02324914932251, 5.719862937927246, -2.1655972003936768, 1.678130865097046, 1.2889617681503296, 5.359498023986816, -4.308880805969238, 2.0254926681518555, 1.6588318347930908, 4.781773567199707, 4.792983055114746, -0.03563150763511658, -2.8506112098693848, -3.1553914546966553, 4.0679731369018555, 4.290642738342285, -2.8902103900909424, -3.629056453704834, 3.066106081008911, -1.7770357131958008, 5.218628883361816, -4.395915508270264, 2.2740111351013184, -0.9272235631942749, 3.626303195953369, -6.857242107391357, 2.874995708465576, -4.723290920257568, -1.7251253128051758, -2.5700650215148926, 5.878847122192383, 3.2151529788970947, -5.149998664855957, -2.298168659210205, 2.7982351779937744, -3.471363067626953, 0.09672331809997559, 3.6068613529205322, -2.4274256229400635, 2.1473259925842285, 4.286849498748779, -5.799903869628906, 3.955507278442383, 4.148656845092773, 4.770564079284668, -4.383843421936035, -1.3601140975952148, 1.220855474472046, -4.7261433601379395, 3.0035417079925537, 3.3913371562957764, -4.889986038208008, -2.4073991775512695, -5.566525459289551, 2.3057425022125244, 0.28250807523727417, -1.1214687824249268, -2.841477870941162, 3.7493855953216553, 5.407636642456055, 2.501281499862671, 4.035523891448975, 1.9652225971221924, -1.929829716682434, 4.43105936050415, -3.43491268157959, -5.165988922119141, 4.277215003967285, -4.830857753753662, 5.531856536865234, 4.050143718719482, -5.206528663635254, 4.5055742263793945, -0.3498867452144623, 7.500339508056641, -4.142621040344238, -6.306450843811035, -2.260667085647583, 5.693568229675293, 2.1841437816619873, 0.9157238006591797, 5.833643913269043, -6.146911144256592, 4.125722408294678, 4.7788519859313965, -3.513676166534424, -1.406900405883789, 1.6157176494598389, -0.5487498044967651, 3.64150071144104, -4.3933000564575195, -0.717917799949646, 6.0363030433654785, -2.7127833366394043, -1.607785701751709, -1.7994215488433838, -5.517156600952148, -2.8300271034240723, -1.0897278785705566, 1.627583622932434, -1.668210506439209, -1.8518521785736084, -4.884948253631592, -3.100863456726074, 4.5598320960998535, -1.9386522769927979, 3.325279712677002, -1.3808984756469727, -2.450002431869507, 6.55460262298584, 1.0600860118865967, 6.130498886108398, -2.6251354217529297, 1.870640516281128, 2.4193732738494873, 4.67467737197876, 4.356330871582031, 3.5672311782836914, -6.025089263916016, 5.954806804656982, 5.36675500869751, 0.3835819661617279, -1.2387784719467163, -4.157588005065918, 1.3993644714355469, -6.514936923980713, -2.389968156814575, 5.420328617095947, 0.028566434979438782, 3.2665810585021973, -2.376840114593506, -4.678371906280518, 2.172764539718628, 0.6917215585708618, 1.7053415775299072, 0.9177697896957397, -3.4216091632843018, 5.719292640686035, -5.367071151733398]",0,139.0
12,9606.ENSP00000478771,"[3.9630091190338135, -0.5673728585243225, 2.963155746459961, 0.6313337087631226, -1.1294232606887817, 2.4611666202545166, -2.7271859645843506, 3.223513603210449, -1.5477797985076904, 2.214293956756592, 3.3864657878875732, -4.519526958465576, 1.0415515899658203, -1.083733320236206, -2.528625011444092, -3.687018394470215, -0.764830470085144, 1.132144808769226, 0.542245090007782, 4.348712921142578, -1.9068725109100342, -2.5192670822143555, 0.6090326309204102, 4.415887355804443, -1.587373971939087, -2.9719889163970947, 1.325624704360962, 3.732644557952881, 0.3444739878177643, -8.714330673217773, -3.320011615753174, -5.803681373596191, -0.8034597635269165, 1.0856784582138062, 3.7954630851745605, 0.33180975914001465, -0.2570759654045105, 1.281402826309204, -6.01008415222168, -0.845908522605896, -4.637360572814941, 2.7637088298797607, -2.8527119159698486, -1.8147274255752563, -1.070014238357544, -1.0411409139633179, 5.2083001136779785, -4.6284942626953125, -4.714664936065674, -1.727155089378357, 4.809919357299805, 4.763258934020996, 0.7863523960113525, 0.7615041732788086, 0.2188766747713089, -6.817910194396973, 6.07189416885376, -3.473879814147949, 2.1483726501464844, -5.258520603179932, -6.946186065673828, 1.6136829853057861, 5.358675003051758, -0.7650702595710754, -0.5842267274856567, -0.24695609509944916, 1.0895189046859741, -4.718414306640625, 1.7558956146240234, 1.3570233583450317, 1.879944920539856, 3.5805280208587646, 2.2113006114959717, -1.044217824935913, -0.8975167274475098, 5.055480480194092, 1.7708714008331299, -2.105645179748535, -5.992166519165039, 0.06737378239631653, -1.2661683559417725, 7.650750160217285, -1.927457332611084, 2.1811580657958984, 0.5791839361190796, 1.283677577972412, -3.686068296432495, -2.251617431640625, -3.1918113231658936, -1.5578668117523193, -4.071420192718506, 6.0186614990234375, 3.2787344455718994, -2.387406587600708, -0.6389410495758057, 5.945239067077637, -1.1590843200683594, -3.5797910690307617, 5.680899620056152, 0.517122209072113, 5.341842174530029, 5.823616981506348, -4.448602199554443, 6.217336654663086, 2.224583148956299, 0.802777886390686, -0.034386247396469116, -0.2831535041332245, 2.8328542709350586, -4.762427806854248, 0.8510990738868713, 0.06639757752418518, -3.5452873706817627, -3.407514810562134, -7.678160190582275, 0.07385489344596863, 3.224966287612915, -4.804227828979492, -3.417811632156372, 2.8843064308166504, 5.634024620056152, 1.4530045986175537, 2.8926587104797363, 0.4717985689640045, -1.9226819276809692, 2.4616189002990723, -4.010651588439941, -3.7590365409851074, 2.3780364990234375, -2.3192250728607178, 6.583090305328369, 1.6735196113586426, -2.0850892066955566, 1.5888770818710327, -2.121454954147339, 3.296750068664551, 0.48389899730682373, -2.009268045425415, -0.4775807857513428, 1.672918438911438, 1.0467721223831177, -1.0428580045700073, 2.2379627227783203, -6.698611259460449, 5.942668914794922, 2.2598254680633545, -5.404507637023926, -1.6786363124847412, 3.489280939102173, -0.8681660890579224, 1.6772363185882568, -0.7583608627319336, 2.063223361968994, 0.628913938999176, -1.2434965372085571, 0.11728905141353607, -0.5268795490264893, -2.6263809204101562, -3.417109966278076, 0.7472646236419678, -2.5206751823425293, -0.014784663915634155, -2.423358201980591, -5.709792137145996, -1.4374191761016846, 0.42559710144996643, 3.064497947692871, 0.7695899605751038, -0.2124132215976715, -1.2868905067443848, 3.173323154449463, 1.8122353553771973, 5.3864970207214355, -0.47627997398376465, 2.1750385761260986, 2.1927835941314697, 1.4670705795288086, 6.506485462188721, 1.7671860456466675, -2.6347038745880127, 5.235383033752441, 7.316372871398926, -0.6743557453155518, -2.8804738521575928, -2.4884836673736572, 0.09216208755970001, -5.358443260192871, -2.4406933784484863, 6.379952907562256, 0.02529708296060562, 0.7543820142745972, 1.5088144540786743, -4.694119453430176, 2.7873587608337402, 4.5645246505737305, -0.9429346323013306, -3.594914436340332, -4.742534160614014, 6.382684707641602, -3.3279507160186768]",0,65.0
13,9606.ENSP00000441543,"[2.832608461380005, 0.04304543137550354, 3.2252109050750732, 3.3781962394714355, 1.1599597930908203, 2.072294235229492, 0.022806912660598755, 2.6735148429870605, -3.6140787601470947, 3.0800020694732666, 0.6890599727630615, -4.984009742736816, 1.4649049043655396, -0.17476889491081238, -2.9336421489715576, -0.9846633076667786, 0.7340251207351685, 4.054479122161865, 3.411144495010376, 0.9899724721908569, -2.7253713607788086, -3.5781242847442627, 0.6367374062538147, 3.0654478073120117, -3.8898699283599854, -0.9111552238464355, 0.27152934670448303, -0.04864996671676636, 2.8818581104278564, -3.69631290435791, -4.147857666015625, -3.521510362625122, -1.3944472074508667, -0.10966736078262329, 1.1329373121261597, -1.8810912370681763, 0.36693546175956726, -2.9476771354675293, -3.5227458477020264, -1.9717236757278442, -3.6383824348449707, 2.489609956741333, -4.061972141265869, -0.9041204452514648, -1.039401888847351, -0.11204735934734344, 1.8682376146316528, -2.3849716186523438, -2.773930072784424, -2.4283251762390137, 4.726425647735596, 3.2990009784698486, 0.12022817134857178, 0.35216066241264343, 1.8181939125061035, -2.310650587081909, 2.2148501873016357, -3.8975040912628174, 2.655946969985962, -3.0633316040039062, -2.371868371963501, 3.5516064167022705, 4.420881748199463, -0.9619987607002258, 0.5148457288742065, 0.8995113968849182, 3.289720296859741, -2.434593677520752, 1.887284517288208, 2.3650639057159424, 3.4983370304107666, 1.662824034690857, -0.5231494307518005, -0.2126755714416504, -2.7605020999908447, 1.4037998914718628, 3.2613155841827393, -2.2022600173950195, -2.129143238067627, 2.4500718116760254, -0.582857072353363, 2.8352696895599365, -0.5870084762573242, 2.3639001846313477, 0.5667842626571655, 0.500604510307312, -4.941004276275635, 1.8422338962554932, -3.490413188934326, -1.5669054985046387, -0.9254002571105957, 3.5732452869415283, 1.783541202545166, -3.602593421936035, -0.9869731664657593, 2.655755043029785, -1.9600011110305786, -0.47927603125572205, 1.7665846347808838, -1.7038651704788208, 2.170433521270752, 2.061415910720825, -2.119982957839966, 3.017099618911743, 3.5541205406188965, 3.703434944152832, -3.6755707263946533, -1.953303575515747, -0.050982266664505005, -2.1426846981048584, 2.130756378173828, 2.089811086654663, -4.04486083984375, 0.6070815324783325, -3.157008171081543, 1.7201812267303467, -0.9358021020889282, -0.4974214732646942, -2.005227565765381, 0.14113661646842957, 2.6723744869232178, 0.8549451231956482, 0.7734720706939697, 1.0385198593139648, -2.238790512084961, 3.266582489013672, -2.327625274658203, -4.552232265472412, 2.375413417816162, -3.2309041023254395, 2.9761433601379395, 3.338284969329834, -2.9640002250671387, 2.505101203918457, -0.5783344507217407, 5.2528862953186035, -2.0457603931427, -3.8810298442840576, -0.28081995248794556, 2.903409719467163, 0.7703319787979126, 0.4539431631565094, 2.7104384899139404, -3.169964075088501, 2.706747531890869, 3.1645097732543945, -2.55891752243042, 0.14106661081314087, 0.8905689716339111, 0.20681534707546234, 3.016193151473999, -2.504488706588745, -0.27779632806777954, 3.6305506229400635, -2.1040265560150146, -1.109178066253662, -1.5087015628814697, -2.5054681301116943, -0.9630930423736572, -0.8618187308311462, -0.02698257565498352, 0.3192339837551117, -2.1003592014312744, -3.0442380905151367, -1.3872089385986328, 1.116869330406189, -0.6521515250205994, 1.312986969947815, -0.9426764845848083, -1.8183287382125854, 3.3954596519470215, 0.2517733573913574, 4.561355113983154, -2.635866641998291, 1.8521780967712402, 1.1295416355133057, 3.3198559284210205, 2.618426561355591, 2.737776041030884, -4.130617618560791, 2.837416648864746, 3.9548604488372803, 0.5684407949447632, -2.0964267253875732, -4.431364059448242, -0.5726707577705383, -3.3492891788482666, -0.1100054383277893, 3.013115644454956, -0.17094363272190094, 0.05484366416931152, -0.07286065816879272, -2.7120776176452637, 1.7150307893753052, 0.3277280330657959, 1.0122474431991577, -0.25989365577697754, -1.4782334566116333, 3.255929708480835, -3.720365524291992]",0,10.0
14,9606.ENSP00000355046,"[1.0331066846847534, 1.0535528659820557, 0.8203923106193542, 0.8437256217002869, -0.5437608361244202, 1.189866304397583, 1.5986006259918213, -1.4148787260055542, -1.1413969993591309, -0.3226970434188843, 1.5200207233428955, -1.1660524606704712, -0.7017198801040649, 2.1442410945892334, -1.0085071325302124, -1.0398423671722412, 1.5701076984405518, 2.2037782669067383, 0.8161740899085999, -0.13651104271411896, -1.871546983718872, -0.3834649920463562, 0.4457634687423706, 0.05208402872085571, -1.0380581617355347, -0.18694870173931122, 1.1637732982635498, 0.8522219657897949, 1.3357142210006714, -1.9989750385284424, -0.35374534130096436, -1.5495126247406006, -1.3804527521133423, -0.12219168245792389, 1.778174638748169, -2.836925983428955, 1.8681224584579468, -1.9345840215682983, 0.29895058274269104, -1.484603762626648, -0.1949651539325714, -0.8262388110160828, -0.5399255156517029, 1.2001615762710571, -0.16315925121307373, -1.7273410558700562, 0.8837506175041199, -1.5273926258087158, -0.9480487108230591, 0.8443229794502258, 1.708133339881897, 1.3536354303359985, 1.1740938425064087, 1.0602084398269653, -1.9248943328857422, -1.11908757686615, 1.0756020545959473, -0.9965664148330688, 2.4184508323669434, -1.4529417753219604, -2.1782402992248535, 0.5710921287536621, 1.2391870021820068, -0.3843163549900055, -0.9009523391723633, 1.3257964849472046, 0.07799303531646729, -1.8026645183563232, 0.32141104340553284, 2.058109760284424, 0.34854716062545776, -1.693547248840332, 0.7844877243041992, 0.6404055953025818, -0.6888320446014404, 1.5984135866165161, 1.0106117725372314, 0.0002926141023635864, -0.28401827812194824, -0.16173483431339264, 1.0934919118881226, -1.1477339267730713, -1.3794002532958984, -1.8661317825317383, 4.14823579788208, -1.0134166479110718, -0.9954821467399597, 0.6308140754699707, -0.7875974178314209, 2.643338441848755, -1.2740232944488525, 1.2158534526824951, 0.4651404023170471, -0.8081532716751099, -0.9762548804283142, 1.1052279472351074, -0.5121973752975464, -1.4455922842025757, 0.2618429660797119, -0.01574915647506714, -0.31986337900161743, 0.5675365328788757, 0.028558731079101562, 0.738219141960144, 0.2971707284450531, 2.0193004608154297, -0.09718617796897888, -0.5459217429161072, -1.6456352472305298, -1.0912895202636719, -2.657797336578369, 0.8089198470115662, -1.784876823425293, -2.0951335430145264, -1.0960252285003662, -1.1940560340881348, 1.6415047645568848, 0.8514718413352966, 0.8291950821876526, 1.1397672891616821, 0.41199350357055664, 0.7559723854064941, 1.4990123510360718, -0.8529866933822632, 2.1142921447753906, 0.11156392097473145, -0.5657517910003662, -1.34340238571167, 1.2702468633651733, -1.6300052404403687, -0.06159046292304993, 0.6052674055099487, -1.9824291467666626, 0.6344247460365295, -3.133378267288208, 0.9541531801223755, -0.4467431902885437, -2.2281010150909424, -0.93451988697052, 1.5210376977920532, -0.0640607476234436, 0.4599620997905731, -0.29343676567077637, -0.6137926578521729, 1.734455943107605, 1.0377906560897827, -1.8007924556732178, -2.0036511421203613, -0.059566229581832886, -0.5396462678909302, 1.5258660316467285, -3.116346597671509, 2.324333667755127, 2.2898573875427246, 0.2123563587665558, 2.2576892375946045, 0.5403735637664795, -0.13359832763671875, 0.9681726098060608, -0.39832746982574463, -0.6646311283111572, 0.28691157698631287, 1.843165636062622, -0.17558236420154572, -1.227785348892212, 2.399698257446289, -0.4834662973880768, 0.002727121114730835, 0.24479180574417114, 0.5051496624946594, 2.0421721935272217, 0.3950776755809784, 0.21839135885238647, 0.3871840238571167, -0.6884968876838684, 1.5578413009643555, 2.2798261642456055, 1.457762360572815, 1.1291217803955078, -2.003368616104126, 0.7872322201728821, 1.6506531238555908, -1.4684492349624634, -1.3346869945526123, -1.0649900436401367, 0.5416162014007568, -0.7519011497497559, -0.9719337224960327, 0.23591285943984985, 0.13933518528938293, 0.7296363115310669, 0.7131718397140503, -1.0166388750076294, 1.7586231231689453, 0.2074156403541565, -0.5843383073806763, 0.31738072633743286, -2.3657212257385254, -0.08602795004844666, -0.30355963110923767]",0,174.0
15,9606.ENSP00000483424,"[4.300235748291016, -3.3113934993743896, 1.5526775121688843, -0.7304621934890747, -1.383012294769287, 3.6725780963897705, -0.6002466678619385, 3.647913694381714, -0.3101227283477783, 2.124464750289917, 3.5559818744659424, -2.0530571937561035, 0.24098742008209229, 3.0740556716918945, 0.7122653722763062, 0.08993661403656006, -0.03142794966697693, -1.0384851694107056, 2.848217487335205, 0.8608354330062866, -0.04734358191490173, -1.8806325197219849, -4.784214973449707, -0.19464151561260223, 0.8542249202728271, -0.9496538639068604, 2.518472671508789, 1.7928434610366821, 2.187861204147339, 0.008552908897399902, 2.513089179992676, -2.5116522312164307, -0.29910576343536377, 3.4403839111328125, 4.068666458129883, -2.5862293243408203, -2.325521469116211, 0.30165794491767883, -0.7712131142616272, -2.0084803104400635, -2.811774730682373, 0.5095294713973999, 0.022461801767349243, 2.755502223968506, -0.7837039232254028, -3.7617387771606445, 0.9540038108825684, -3.8848397731781006, 0.03275398910045624, 0.27422839403152466, 0.43235719203948975, 0.8636968731880188, 4.327416896820068, 3.9296863079071045, -1.2354364395141602, -5.831338405609131, 4.84130334854126, -0.5925005674362183, -1.015063762664795, 0.13088148832321167, -4.222691535949707, -1.1447726488113403, 1.1259443759918213, 0.12543869018554688, -3.0120913982391357, 3.037668466567993, 0.5046283006668091, -0.6653499603271484, -1.4455981254577637, 1.6178292036056519, -0.15364079177379608, -0.4332408308982849, 3.4334514141082764, -3.3301472663879395, 0.11904054880142212, 2.8531641960144043, 1.8783912658691406, -0.023938536643981934, -5.6179304122924805, -0.4235091209411621, 1.7295736074447632, 5.212689399719238, -2.110011577606201, -3.7888946533203125, -3.294403076171875, 0.6413346529006958, -1.0390030145645142, -2.2658445835113525, -1.1199582815170288, 3.064359188079834, -2.1702136993408203, 5.452334403991699, 0.6865090131759644, -1.9417481422424316, 2.992465019226074, 2.2422313690185547, 0.2863475978374481, -2.363237142562866, 2.68770170211792, -0.7177904844284058, -0.10143271088600159, 3.106969118118286, -1.6523499488830566, 2.8977925777435303, 0.02839529514312744, -1.2549000978469849, -3.939666986465454, 2.4074153900146484, 1.7570042610168457, 0.7639598250389099, -3.1711246967315674, -0.28597143292427063, 0.07089100778102875, -2.820108413696289, -0.3881797790527344, -0.3705476224422455, -0.6077017784118652, -4.708983421325684, 0.9269013404846191, 1.2599245309829712, 4.0417609214782715, 1.0977498292922974, 0.2375367432832718, -2.215070962905884, 3.994758129119873, -0.3091147541999817, -3.9898784160614014, -1.0668754577636719, 1.1029988527297974, -0.8506745100021362, 1.1592202186584473, 1.5479609966278076, 1.2780776023864746, -2.002143621444702, -4.243093967437744, 2.9613797664642334, -1.7629178762435913, -0.6220226883888245, 1.6890904903411865, 0.8399466872215271, 0.6028090715408325, -0.13421332836151123, 3.756807565689087, -2.892648696899414, 2.0567753314971924, -0.9554294347763062, -2.387683629989624, -1.6243457794189453, 2.6935503482818604, 3.314785957336426, -0.3134673833847046, -1.746813416481018, -1.7008332014083862, 4.711960792541504, -2.4644579887390137, 1.2650233507156372, -1.31618070602417, 2.3121695518493652, 0.28080087900161743, 3.111783266067505, -2.305886745452881, 1.9847015142440796, 0.5905523300170898, -1.9163694381713867, 5.531767845153809, 3.18192982673645, -2.0185296535491943, -2.196136236190796, 2.6113948822021484, 2.271761417388916, 1.4657394886016846, -3.003467082977295, -0.6271533370018005, 1.0067787170410156, -3.6634316444396973, -0.0854787528514862, 0.8019072413444519, 2.4899227619171143, 0.759006142616272, -0.3577950596809387, 2.2319748401641846, 2.2753336429595947, -2.339770793914795, -2.049502372741699, -2.9872562885284424, -2.0779001712799072, -0.552747368812561, -2.1579742431640625, 2.863532304763794, -0.9129544496536255, 3.9384191036224365, 1.6086689233779907, -4.173770904541016, -1.5126971006393433, 5.810501575469971, -1.5661107301712036, -0.5697857141494751, -2.5934619903564453, 2.8144912719726562, -0.8664118647575378]",0,110.0
16,9606.ENSP00000262891,"[2.366171360015869, -1.060545563697815, 2.331024169921875, 0.9520959854125977, -4.334065914154053, 2.3216633796691895, 0.9191057085990906, 3.8984603881835938, 1.5095632076263428, 1.591866374015808, 4.045272350311279, -2.8484039306640625, -1.259401559829712, -0.5200157165527344, -0.4261682629585266, 0.031041443347930908, -0.04644104838371277, -0.29817110300064087, -0.2042548805475235, 3.5531861782073975, 0.8068047761917114, -4.064387321472168, -3.635256767272949, 2.89380145072937, 0.5409499406814575, 1.0789486169815063, -0.8021711707115173, -1.5229007005691528, 1.6794294118881226, 0.40019503235816956, 2.403231143951416, -2.955737352371216, -0.5226321220397949, 0.3207247853279114, 4.575768947601318, 0.8723508715629578, -0.33643463253974915, 0.6863524317741394, -3.355334758758545, -3.932488441467285, -2.95086669921875, -0.18994717299938202, -1.6757476329803467, 3.1360440254211426, 0.6768321990966797, -3.6367592811584473, -0.07760079205036163, 0.11400946229696274, -1.9588631391525269, -0.19511885941028595, 3.5607376098632812, 4.2682905197143555, 6.082882881164551, 0.8472046852111816, 3.766158103942871, -6.754580974578857, 6.653280735015869, -3.4580698013305664, 2.886180877685547, -0.39865440130233765, -3.626020669937134, 0.617765486240387, 2.0031120777130127, 0.245688796043396, -1.010035514831543, 1.6665059328079224, 0.07278698682785034, -4.483476161956787, -3.5465683937072754, 1.4205697774887085, 1.754833698272705, 0.17530475556850433, 2.0522851943969727, -4.413625717163086, -4.0869293212890625, 4.230859756469727, 0.8528252243995667, 0.8613570928573608, -6.458796501159668, 0.19349420070648193, 0.031282901763916016, 3.7111079692840576, -0.4730812907218933, -0.38293832540512085, -4.707243919372559, 2.743155002593994, -4.040048122406006, 0.38461676239967346, -2.4641218185424805, 0.2889188528060913, -2.524672746658325, 5.151927947998047, 2.842350959777832, -3.9795279502868652, 2.014934539794922, 4.313690662384033, -2.289680004119873, -3.0444066524505615, 6.739016532897949, -0.47174131870269775, 1.8274134397506714, 2.794382095336914, -2.596787452697754, 2.233187198638916, 3.849984645843506, -0.7017487287521362, -3.5881855487823486, 2.293415069580078, -0.7972601652145386, -3.9830565452575684, -0.36166709661483765, -0.2909303903579712, 1.8526469469070435, -3.986597776412964, -2.081019163131714, -2.1941165924072266, 0.38871413469314575, -4.24360990524292, 0.1474803388118744, 3.8698861598968506, 4.4723992347717285, 2.101426362991333, 1.3513535261154175, -3.455676555633545, 4.484864234924316, 0.9920886754989624, -3.6378259658813477, -1.5347630977630615, 0.9828701615333557, -1.0602959394454956, 1.1044361591339111, -0.09208568930625916, 1.5924370288848877, -0.041114747524261475, -6.0613837242126465, 2.8300137519836426, -0.5918886065483093, 1.4131654500961304, 2.6462392807006836, 1.0811430215835571, 1.475132703781128, -0.015503615140914917, 2.9488158226013184, -1.7865228652954102, 5.237486839294434, -0.05717200040817261, -4.318872451782227, -1.692690134048462, 3.247532844543457, -2.1557846069335938, 0.3109905421733856, -2.191926956176758, -1.5443072319030762, 5.786266326904297, -3.590132236480713, 0.7187249660491943, -2.414362668991089, 1.2759697437286377, -1.4637963771820068, 1.0654598474502563, -0.05410754680633545, 2.9420652389526367, 1.1720986366271973, -2.606562376022339, 1.5580658912658691, 0.8319261074066162, 0.604930579662323, 0.7877444624900818, 0.531822144985199, 2.2015414237976074, 2.5755887031555176, -1.0940431356430054, -3.42578125, -0.0946718156337738, 0.06801636517047882, 0.42885416746139526, 0.8186261653900146, 3.903092861175537, -0.6092631220817566, 1.2628185749053955, 1.6763949394226074, -0.488352507352829, -0.7173260450363159, -2.4833178520202637, -5.59431266784668, -0.9147831797599792, -0.9956241250038147, -2.2817487716674805, -0.9391462206840515, -0.6825814843177795, 5.595449924468994, -1.1109486818313599, -4.443763732910156, 0.716942310333252, 5.1288251876831055, -1.2903841733932495, -1.3395984172821045, -4.481025218963623, 3.5358991622924805, -1.753868818283081]",0,41.0
17,9606.ENSP00000012443,"[3.537842273712158, 0.555840253829956, -0.8618830442428589, 3.5013067722320557, -2.286620616912842, 0.25198739767074585, -0.5860807299613953, -2.095942974090576, -2.067835807800293, 2.944694995880127, 1.7984895706176758, -6.824594974517822, -2.2823896408081055, 4.089146137237549, -0.6557304859161377, 1.2278313636779785, 2.6503801345825195, -0.37116509675979614, 3.122631072998047, 1.6006550788879395, -3.062262535095215, -0.597720742225647, -2.0678255558013916, 1.0841634273529053, -4.163457870483398, -0.4536593556404114, 0.6251482963562012, 1.4322890043258667, 2.350498914718628, -0.9066982865333557, -3.7834317684173584, -1.3091485500335693, -4.104808330535889, 3.433800220489502, -0.22800850868225098, -4.852336406707764, -2.877927541732788, -2.1494274139404297, 0.24505403637886047, -2.733424663543701, -0.4492150545120239, -2.6856770515441895, -5.723453521728516, 4.188107967376709, 3.961221218109131, -3.6767961978912354, 1.418955683708191, -0.6172325611114502, 1.0587735176086426, -2.1801559925079346, 1.5149757862091064, -0.051171332597732544, 3.9400477409362793, 2.3208985328674316, 0.717591404914856, 1.4247692823410034, 4.370296478271484, -3.151036500930786, 1.8970052003860474, 0.600031852722168, -0.8998379707336426, 4.193104267120361, 1.8164045810699463, 3.2179980278015137, -0.12211886048316956, 3.3777379989624023, 0.6658883094787598, -0.47314929962158203, -4.277112007141113, 3.2790119647979736, -0.1356581598520279, -2.265672445297241, 3.974020481109619, 0.41996756196022034, -4.543069362640381, 0.6649084091186523, 1.4613534212112427, -2.9829518795013428, -0.8237810134887695, 2.792599678039551, 0.1181960478425026, 1.2584342956542969, -1.9708607196807861, -2.166177272796631, -1.7221665382385254, 0.28255966305732727, -2.0706677436828613, -0.5774685740470886, -3.6214773654937744, 0.15800872445106506, -0.6060991287231445, 5.055487632751465, 0.8858494758605957, 1.0656715631484985, -0.3748440742492676, 4.8428215980529785, -4.600237846374512, -0.6468383073806763, 0.6227757334709167, 3.2309131622314453, 0.7422647476196289, 1.7032114267349243, -1.9071967601776123, 3.1673882007598877, 3.6518971920013428, 3.7203989028930664, -4.2835917472839355, 0.6279635429382324, -1.7358946800231934, -1.9202768802642822, -0.6553744673728943, -2.0981357097625732, -0.5468358397483826, -1.742898941040039, -0.299613356590271, 2.214305877685547, 1.084476113319397, -1.8010101318359375, 0.8786264657974243, 2.2365505695343018, -0.24148797988891602, -1.0905349254608154, 1.1983575820922852, 0.43858930468559265, 2.016138792037964, 2.2308645248413086, 2.2781059741973877, 1.0068140029907227, -1.3012969493865967, -2.264350175857544, 1.6291160583496094, 2.7060084342956543, 2.155517101287842, 4.396635055541992, -4.1140875816345215, 4.23148250579834, -2.2235512733459473, -3.648045539855957, -3.129873514175415, 1.067734956741333, -2.3908233642578125, -0.36842265725135803, 3.58404803276062, -1.5788512229919434, 0.445747971534729, 2.9220521450042725, -1.2823996543884277, 0.8805254697799683, 2.428889513015747, 2.491027355194092, 2.2847468852996826, -3.307572841644287, 1.6107916831970215, 3.7406766414642334, -3.082458972930908, 4.009313106536865, -1.394343614578247, -0.1962870955467224, 3.8671305179595947, 4.959934234619141, -1.1535531282424927, 0.8426066637039185, 1.549473762512207, -3.1071360111236572, 1.9799485206604004, 0.2651708126068115, -2.5471317768096924, -3.4844982624053955, -0.9764808416366577, 3.0151500701904297, 3.190915822982788, -1.4604566097259521, 2.246797561645508, 1.7521806955337524, -4.0131144523620605, 1.0610697269439697, 0.8770096898078918, -1.1260063648223877, 3.61257004737854, -2.8988351821899414, -0.8606786727905273, 3.967586040496826, -2.6223580837249756, -4.690335750579834, -1.846792221069336, -2.295776605606079, 2.619231939315796, -1.0065605640411377, 0.6818381547927856, -3.3892037868499756, 1.772666335105896, 1.4248738288879395, -2.8470821380615234, 0.2497490644454956, 5.278251647949219, -3.4181113243103027, -2.1396324634552, -1.9762237071990967, 0.7851054668426514, -2.5072782039642334]",0,148.0
18,9606.ENSP00000378487,"[3.8972668647766113, -5.4117817878723145, 7.225301742553711, 2.068721294403076, -0.6994403600692749, 0.6258883476257324, 0.42039069533348083, 2.2264232635498047, 0.6581811308860779, 1.6597201824188232, 1.2743483781814575, -3.0860421657562256, -2.1862571239471436, -1.94181227684021, -1.6109824180603027, -3.6460747718811035, -1.5537737607955933, 5.054640293121338, 2.9654347896575928, -1.9863017797470093, -1.3593859672546387, -4.6708598136901855, -1.7624508142471313, -1.165480375289917, -0.17869997024536133, -2.760983943939209, 0.3158400356769562, 1.696114182472229, 0.642382800579071, -4.234261512756348, -2.87378191947937, -4.036684036254883, -3.5657906532287598, 3.219797372817993, 4.684594631195068, -0.6403072476387024, 1.2552982568740845, -5.2999467849731445, -3.286388874053955, -4.223982810974121, -4.553599834442139, 1.5816993713378906, -2.5688815116882324, -0.030534446239471436, 1.4994909763336182, -1.7857469320297241, 2.0519859790802, -1.657429575920105, -7.051223278045654, -2.068742275238037, 2.7633395195007324, 4.2488484382629395, 0.2552115023136139, 1.2807759046554565, -1.1309230327606201, -3.1898679733276367, 1.4604642391204834, -2.304586410522461, -1.8418681621551514, -2.2508084774017334, -7.8961591720581055, 2.686279535293579, 2.608642101287842, 0.4909746050834656, -2.0172269344329834, 2.1309192180633545, 0.5007462501525879, -3.222330093383789, -1.7522846460342407, 0.8556358814239502, 2.6820054054260254, 1.7951537370681763, 0.5660790205001831, 3.4585530757904053, -2.8326256275177, 7.418040752410889, 4.209142684936523, -1.1513118743896484, -2.2689523696899414, 1.4383714199066162, 0.4291294813156128, 4.319234371185303, 0.02398224174976349, 1.05612051486969, 5.495614528656006, -0.8965251445770264, -4.316596984863281, 3.600238561630249, -1.9527983665466309, 2.2449095249176025, -4.628530025482178, 4.923209190368652, 4.8042144775390625, -1.6310118436813354, -4.114469528198242, 5.293367862701416, -1.3736774921417236, 4.491524696350098, 5.074803829193115, -1.8641669750213623, 0.11538930237293243, 5.143958568572998, -3.7632296085357666, 5.479372024536133, 3.7884163856506348, 2.7982218265533447, -1.2118871212005615, 0.5462619662284851, -2.660499095916748, 0.1122083067893982, -4.057901382446289, -0.21602165699005127, -4.857263088226318, 0.9599698781967163, -0.053794801235198975, -1.6171464920043945, -0.47658753395080566, 0.6349363923072815, -0.15790805220603943, 2.3942012786865234, 1.5620179176330566, -0.36922475695610046, 2.921626567840576, 0.5899282693862915, 2.6350009441375732, 3.5887534618377686, -2.2748987674713135, -3.7872698307037354, 3.0215632915496826, -2.4067394733428955, 0.5600859522819519, 3.9005777835845947, 3.123460531234741, 3.1841225624084473, -3.2991201877593994, 2.133403778076172, -1.7045990228652954, -0.8431524634361267, 2.5783281326293945, 0.6317051649093628, 2.496631383895874, 0.5024421215057373, -1.8663177490234375, -3.843153953552246, 3.463808536529541, 5.092202663421631, -2.275266170501709, 2.2639687061309814, -0.7124671936035156, 0.897754430770874, -0.19541892409324646, -3.5644047260284424, -0.09872934222221375, 2.582810640335083, -1.0590200424194336, 0.7632327079772949, 0.0772404670715332, -1.7582459449768066, 3.1317379474639893, 4.69684362411499, -0.7824912071228027, 1.8362990617752075, -1.0663020610809326, -5.088256359100342, 2.3159799575805664, 0.9532402753829956, -0.49454790353775024, -3.3190627098083496, -0.745305597782135, -0.9957030415534973, 1.7565724849700928, -1.7943787574768066, 2.4046099185943604, 0.12545770406723022, -1.3084774017333984, 1.5470460653305054, 1.3296434879302979, 4.353575706481934, 1.9578015804290771, -3.175215244293213, 5.783305644989014, 4.161616325378418, -0.2138986438512802, -3.1014976501464844, -2.974952459335327, -1.9290387630462646, 2.2007322311401367, -2.04580020904541, 4.444858074188232, -1.655398964881897, 2.037487506866455, 0.3614901602268219, -6.148334980010986, 0.4099511504173279, 3.6005454063415527, -0.8987271785736084, -3.046145439147949, -4.824131488800049, 3.034274101257324, -3.7781009674072266]",0,27.0
19,9606.ENSP00000262554,"[1.4049644470214844, -1.4144363403320312, 1.2014214992523193, -2.1616005897521973, -2.410630941390991, 1.0530014038085938, 0.7598588466644287, 0.6205019354820251, 1.719793438911438, 0.5867568254470825, 2.7822413444519043, -0.675032377243042, 0.5283505320549011, 0.4312148690223694, 1.6091421842575073, -2.763214588165283, -0.5906790494918823, 0.7989850044250488, -0.575433611869812, 0.49011802673339844, 2.201498508453369, -0.5540486574172974, -1.4582793712615967, -1.0736443996429443, -1.17949378490448, -0.022762149572372437, -0.13289228081703186, 2.192141056060791, -1.0716012716293335, -2.578152656555176, -1.7307018041610718, 1.1191273927688599, -2.423605442047119, -0.02792125940322876, 2.2793025970458984, -1.493756890296936, 0.0538235604763031, -0.5864208936691284, 0.28302526473999023, -0.6529152989387512, -0.7711361646652222, -1.5024816989898682, 0.7997488975524902, 0.8748794794082642, 3.2327632904052734, 1.6257617473602295, 0.025982432067394257, 1.1105695962905884, -2.0265071392059326, 1.3059477806091309, 0.11959557235240936, 0.64853835105896, 2.561274528503418, 2.1956381797790527, 0.18349137902259827, -0.19916671514511108, 1.3627221584320068, 0.13197040557861328, 1.994813323020935, -1.0284351110458374, -0.6013959646224976, -0.3572278320789337, 1.304195761680603, -2.2197816371917725, -1.5730243921279907, 1.4000191688537598, 0.7233152389526367, -0.7292134761810303, 1.772081732749939, -1.6298608779907227, -0.13870100677013397, 0.973415732383728, -1.2576158046722412, -0.8860596418380737, 0.7429899573326111, -0.23183831572532654, 2.3824961185455322, 0.5040791630744934, -1.3790611028671265, 0.6635521650314331, 1.3513911962509155, 2.5820391178131104, -0.6857571005821228, -0.4191492795944214, -0.49807241559028625, 2.582540512084961, 2.5756876468658447, -0.08030281960964203, 0.6018387079238892, 0.38144129514694214, 1.1648612022399902, -0.7526846528053284, -0.025708049535751343, 1.08163321018219, 2.443641424179077, 1.1426876783370972, 0.4652365446090698, 0.18175554275512695, 0.1787453293800354, -0.49292320013046265, 0.7892195582389832, 2.0339832305908203, -0.3984352946281433, -0.03174465894699097, -1.4710063934326172, -1.1267259120941162, -0.524692177772522, 3.255575180053711, 0.7802950739860535, -1.7492903470993042, -3.0006604194641113, 2.225984811782837, 0.9470040798187256, 0.5233967304229736, -2.4503724575042725, 0.19459041953086853, 1.1458102464675903, 0.11118942499160767, 0.3298896253108978, 1.4303772449493408, 2.608354330062866, 1.2066296339035034, 1.857729434967041, 1.4497309923171997, -0.980643630027771, -1.6566241979599, -2.4264533519744873, -1.6529817581176758, 0.2553771138191223, -0.88056480884552, 1.141295075416565, 1.2281399965286255, -2.822819948196411, 0.03494320809841156, -1.1347296237945557, 0.19461886584758759, 0.7187979221343994, -0.051219433546066284, -0.7805502414703369, 0.49068647623062134, 2.1569900512695312, -1.6430575847625732, 1.6478381156921387, 0.16441336274147034, 0.3297797739505768, -1.4668138027191162, -2.008544683456421, -1.2079952955245972, 0.002917051315307617, 0.9561876058578491, 1.608393669128418, 0.31758612394332886, 2.4466094970703125, -0.36160385608673096, -1.5399129390716553, 1.5734641551971436, -0.7030888795852661, 0.8558934926986694, 0.9843549728393555, 0.3569648563861847, -0.5079017877578735, 0.22441649436950684, 2.470233201980591, -1.4415857791900635, 0.4862062633037567, 1.4052019119262695, -1.2026283740997314, 0.3616272509098053, 2.4519565105438232, 1.1611284017562866, 2.3811769485473633, 1.4795453548431396, 3.075920820236206, -1.7144782543182373, 0.9577817916870117, -0.41494083404541016, 1.186552882194519, 3.298707962036133, -1.4396564960479736, -1.5030362606048584, 0.38973337411880493, 0.7860456705093384, -0.9856553673744202, -1.1492695808410645, 1.1152795553207397, -0.5394114851951599, -0.937741219997406, 1.2008037567138672, -0.12157130241394043, -0.5366500020027161, -2.3730695247650146, 0.07190895080566406, -0.6674672961235046, -0.5077738165855408, 0.4428403675556183, -1.4536466598510742, -0.06414389610290527, -1.168838620185852, 0.8050739765167236, 0.527620792388916]",0,75.0
20,9606.ENSP00000261366,"[2.2903800010681152, -0.06489938497543335, 4.7146100997924805, 2.506131649017334, -0.20185017585754395, 1.6571354866027832, -0.9624974727630615, 1.9148253202438354, -4.928501605987549, 0.16001567244529724, 1.8551677465438843, -2.7175824642181396, -1.0622482299804688, 0.5705913305282593, -2.240422487258911, -1.2031794786453247, 0.9494024515151978, 4.248095989227295, 3.346463918685913, -0.9994704723358154, -2.3706886768341064, -3.3569529056549072, -0.37558242678642273, 1.7141733169555664, -2.2451467514038086, -0.22996363043785095, 2.1603844165802, 1.0172494649887085, 2.4209322929382324, -3.0899832248687744, -1.0657908916473389, -2.275521755218506, 0.23614591360092163, -2.923340082168579, 1.9686787128448486, -3.3947272300720215, 0.3516615033149719, -3.5179965496063232, -2.0026118755340576, -2.8321175575256348, -2.437654495239258, -0.7482302188873291, -0.05811411142349243, -0.55804044008255, -0.30169031023979187, -0.33563297986984253, 1.2668222188949585, -1.3951029777526855, -2.6938016414642334, -3.080057382583618, 2.1522104740142822, 1.8918026685714722, -0.1823633462190628, -2.378077745437622, 1.1121567487716675, -2.9721498489379883, 2.066524028778076, -3.294996976852417, 2.654250383377075, -3.2176079750061035, -3.5448408126831055, 3.5552592277526855, 3.475235939025879, -0.037566035985946655, -0.6126081943511963, 3.56268572807312, 1.769618272781372, -0.7755980491638184, 1.5259873867034912, 3.5584394931793213, 1.6678082942962646, -0.8463888168334961, -0.94295734167099, 1.1117678880691528, -3.7611782550811768, 0.6465206742286682, 2.857300281524658, -5.458761692047119, -3.709611415863037, 1.9925624132156372, 0.4285087585449219, 4.985937118530273, -3.035200357437134, 1.1981029510498047, 2.2060415744781494, 1.933301568031311, -5.478021621704102, 1.785503625869751, -5.303375244140625, 0.31968995928764343, -3.7733981609344482, 1.9937140941619873, 4.236912727355957, 2.7983086109161377, 0.26842910051345825, 4.104884147644043, -1.6380786895751953, 0.8025428652763367, 2.5666654109954834, -4.244330883026123, 2.036632776260376, 3.304530382156372, -2.7879786491394043, 1.7522375583648682, 4.15935754776001, 3.2903945446014404, -3.979217767715454, -3.3856046199798584, 0.09579315781593323, 0.4119133949279785, 0.7875533699989319, 2.8268790245056152, -1.9501250982284546, -2.815911293029785, -4.1811981201171875, 1.889225721359253, 0.9737805128097534, -2.7594659328460693, -1.3472226858139038, 3.515801429748535, 2.130946636199951, 2.760103940963745, 2.632991075515747, 1.0865709781646729, -1.9317975044250488, 1.4374549388885498, -1.3774051666259766, -2.1309754848480225, 4.358379364013672, -2.0646142959594727, 1.9925947189331055, 2.5465338230133057, -0.6083704233169556, -0.20964378118515015, -2.968567132949829, 2.2625179290771484, -1.5800243616104126, -2.2858941555023193, 1.4697906970977783, 1.9436802864074707, 2.931391954421997, 1.526806354522705, 0.43544435501098633, -3.679647922515869, 3.67258882522583, 3.146613597869873, -5.156962871551514, -2.0317869186401367, 1.050645112991333, -0.8188662528991699, 1.917320728302002, -1.4202158451080322, 0.9581505060195923, 3.250469923019409, -3.6484951972961426, -1.5347120761871338, 0.10864464938640594, -2.4877142906188965, -3.304549217224121, 0.2520158588886261, -0.11973148584365845, 1.9206678867340088, -1.2685316801071167, -3.3334314823150635, 3.1025636196136475, 1.6089924573898315, 1.1502127647399902, -2.267404794692993, -2.4308385848999023, 2.172919750213623, 3.211333751678467, 1.8038699626922607, 3.0558085441589355, 1.375232219696045, -0.40871989727020264, -0.1711532473564148, 2.65948748588562, 1.3083795309066772, 2.154951572418213, -3.1008529663085938, 2.7581636905670166, 3.2779955863952637, -0.5172358751296997, -1.4101544618606567, -4.355230331420898, 0.3718538284301758, -3.5556721687316895, -2.4306411743164062, 0.6944275498390198, 0.5619106292724609, 1.6133099794387817, -0.1999804824590683, -2.6838479042053223, 2.346925735473633, 2.01900577545166, -1.6359449625015259, 0.7981836795806885, -2.1107900142669678, 3.179750919342041, -1.7298346757888794]",0,60.0
21,9606.ENSP00000357283,"[5.085492134094238, 1.4353491067886353, 3.035757064819336, 0.2900051474571228, 1.1069896221160889, 1.6891710758209229, -1.5497257709503174, 7.466911792755127, -4.108321189880371, -3.7780280113220215, 5.2425031661987305, -1.453545093536377, -1.8016859292984009, -0.9000985622406006, -1.1567941904067993, -2.008516788482666, -2.020021915435791, 4.421523094177246, 1.3573992252349854, 1.0524463653564453, -1.6293346881866455, -2.8793976306915283, 2.267901659011841, 0.5879206657409668, 0.8529318571090698, -0.8490970134735107, 3.7867581844329834, 5.099674701690674, -2.4024524688720703, -5.32435941696167, 1.9922938346862793, -7.601962089538574, 1.4255543947219849, -1.6111631393432617, 4.709281921386719, 0.6681721806526184, 0.1924176812171936, -1.609988808631897, -3.47701358795166, -2.4235892295837402, -4.086986541748047, -3.4830050468444824, 0.6687873005867004, -0.2054668515920639, -1.4243988990783691, -2.07800030708313, 2.510697841644287, -0.04248270392417908, -6.9679059982299805, -3.705717086791992, 1.065171718597412, 4.20231294631958, 3.7418556213378906, -1.9735743999481201, -0.7479528188705444, -6.822993278503418, 4.1948442459106445, -3.3693008422851562, 1.687575101852417, -6.300648212432861, -8.761285781860352, 3.2131731510162354, 1.70331609249115, -0.9903081655502319, -0.3424466848373413, 2.435586452484131, 0.29457247257232666, -5.610867500305176, 1.1747097969055176, 2.0008323192596436, -1.6568777561187744, -2.442708969116211, -1.8792221546173096, -3.3640711307525635, -1.5280170440673828, 7.995064735412598, -0.3609471321105957, -6.6336822509765625, -6.080479621887207, 0.39146888256073, 0.8369615077972412, 9.693605422973633, -5.121123313903809, -3.180671215057373, 2.553384304046631, 5.424557209014893, -4.972648620605469, -0.952167272567749, -4.169287204742432, 0.7456420063972473, -7.1170477867126465, 6.598301887512207, 10.161684036254883, 6.485461711883545, 0.3320915400981903, 8.698258399963379, 0.6166815161705017, -0.9408547878265381, 6.737156391143799, -0.4031820297241211, 3.0269832611083984, 4.578330993652344, -7.555484771728516, 4.569794178009033, 2.4855620861053467, 1.4886059761047363, -2.4268388748168945, -2.728363037109375, 5.424321174621582, 1.1118272542953491, -0.15610529482364655, 0.9330801963806152, 0.4983372092247009, -7.552166938781738, -4.874891757965088, 2.098280191421509, 3.2616429328918457, -6.233922481536865, -0.6501868963241577, 9.85360336303711, 3.6958532333374023, 1.5424288511276245, 2.777653932571411, -2.6851518154144287, -1.6862826347351074, 0.25724104046821594, -2.7705419063568115, 1.0908721685409546, 8.450218200683594, -1.2245641946792603, 7.49922513961792, -1.3265020847320557, -1.8890395164489746, -0.5034767985343933, -3.959134340286255, 1.1186332702636719, 0.9112760424613953, 1.013575553894043, 4.355174541473389, -1.9523546695709229, 6.4799885749816895, 1.5398674011230469, 1.514951467514038, -7.613027572631836, 8.003780364990234, -0.20226338505744934, -7.071235179901123, -5.537810802459717, 3.420968532562256, -0.27254658937454224, 0.4357469975948334, -0.8139472603797913, 0.3881455659866333, 2.9336981773376465, -2.6096818447113037, -4.1073431968688965, -0.4313333034515381, -2.088677406311035, -4.096770286560059, 0.7084780335426331, -3.15895676612854, 2.0556790828704834, -1.1346774101257324, -4.018321514129639, 5.626424312591553, 1.362833857536316, 2.882131814956665, -3.756906270980835, 0.780481219291687, 2.4685444831848145, 6.243624687194824, -1.7912733554840088, 0.9700455069541931, 2.427807092666626, -0.9215036630630493, -4.402961730957031, 0.2658650577068329, 2.327988624572754, 3.1869163513183594, -1.391560673713684, 5.475172519683838, 6.137135028839111, -1.0698440074920654, -1.9864704608917236, -2.412618637084961, -0.04068286716938019, -4.718601703643799, -5.180941104888916, 2.934624195098877, 1.4411386251449585, 7.118513584136963, 1.5477194786071777, -5.322800636291504, 3.0664560794830322, 3.433224678039551, -6.309136390686035, -2.2059781551361084, -5.422746658325195, 6.9143242835998535, -0.13838523626327515]",0,163.0
22,9606.ENSP00000355747,"[7.237363815307617, -1.145901083946228, 4.3417439460754395, -0.00035262107849121094, 1.026423692703247, 0.9345654845237732, -3.191077947616577, 4.113162994384766, -0.23803310096263885, 1.7164745330810547, 3.55159592628479, -1.356453537940979, 1.1728452444076538, -1.8042497634887695, -1.302069902420044, -3.728954792022705, -0.04739375412464142, 2.5548410415649414, 2.1446220874786377, 0.015954285860061646, -1.8936536312103271, -1.4603815078735352, -0.7552041411399841, -0.7701971530914307, -4.769683837890625, -2.979384422302246, 2.8442177772521973, 3.0670557022094727, 3.5038793087005615, -4.409170627593994, 0.22632652521133423, -2.484886884689331, 0.06424286961555481, 0.4950720965862274, 1.6336089372634888, -2.8875608444213867, -0.4812880754470825, -2.6927719116210938, -4.8572492599487305, -4.272247791290283, -4.09750509262085, 2.9247794151306152, -4.296080112457275, -0.3544361889362335, -0.9619293212890625, -0.7830559015274048, 6.4346394538879395, -5.8430938720703125, -3.053912401199341, -0.5719336271286011, 2.933377981185913, 6.637115478515625, 3.2842752933502197, -1.4873712062835693, 2.200723648071289, -4.432706356048584, 6.2153472900390625, -4.450827598571777, 3.703653335571289, -5.676023483276367, -5.039796829223633, 3.0325188636779785, 3.1467995643615723, 0.058103591203689575, 1.3139394521713257, 2.183335781097412, 2.535609483718872, -5.4727325439453125, -0.5156011581420898, 3.8106515407562256, 0.7779712677001953, 1.0358304977416992, -1.5692229270935059, -1.6541228294372559, -3.4402883052825928, 4.725118160247803, 3.0869457721710205, -1.8112027645111084, -2.478742837905884, 3.6768226623535156, 2.3272783756256104, 6.598783016204834, -2.7835958003997803, 0.23270031809806824, 0.6867531538009644, 3.366903305053711, -0.5394916534423828, -0.017233043909072876, -1.4534118175506592, -1.4667516946792603, -1.5414661169052124, 4.214616775512695, 2.517340660095215, -1.0580639839172363, -3.45149564743042, 5.058980941772461, -3.8563573360443115, 2.3119795322418213, 4.2289228439331055, -0.9133819341659546, -0.8831851482391357, 5.644331455230713, -1.1433361768722534, 3.245161533355713, 5.039287090301514, 2.2752890586853027, -4.81326961517334, -0.7782750129699707, 3.392890453338623, -1.7166944742202759, -0.4294593334197998, 2.6204025745391846, -1.8072620630264282, -0.5946214199066162, -1.7825976610183716, 1.8033857345581055, 4.550529479980469, -3.175264596939087, -0.8639588356018066, 3.858544111251831, 6.548703670501709, 3.0180325508117676, 5.810086727142334, 0.04989171028137207, -1.2585996389389038, 0.49515435099601746, -5.659011363983154, -4.208079814910889, 2.4509806632995605, -3.2783117294311523, 3.09032940864563, 3.3310794830322266, -1.8337419033050537, 3.716994047164917, -3.633133888244629, 3.6370887756347656, -0.46769213676452637, -2.6332504749298096, -1.843171238899231, 2.314537286758423, 4.8331732749938965, -0.6681900024414062, 1.7910906076431274, -5.212701797485352, 4.645468711853027, 2.8194804191589355, -2.6650946140289307, -2.514638662338257, 2.8355016708374023, -1.204306721687317, 3.341451406478882, -4.561955451965332, 1.4946305751800537, 2.559465169906616, -1.1256409883499146, -1.0976980924606323, 1.5934209823608398, -1.8530564308166504, -2.0192670822143555, -0.7150534391403198, -0.8394024968147278, -1.2092573642730713, -0.1335887610912323, -5.661618709564209, -0.3775498569011688, 3.510911464691162, -1.3242377042770386, 1.7184326648712158, -1.0216566324234009, -0.4641630947589874, 4.84666633605957, 1.916522741317749, 4.2320756912231445, -1.9244697093963623, -0.7554603219032288, 2.484727144241333, 2.9788832664489746, 2.902907609939575, 0.39774441719055176, -3.4993185997009277, 6.288480281829834, 6.772939205169678, 1.0301812887191772, -1.0279676914215088, -2.6848442554473877, -0.8820182085037231, -4.700541973114014, -5.573677062988281, 4.641782283782959, 0.5363051891326904, 0.8340460062026978, -0.23520123958587646, -4.2114458084106445, 4.823849678039551, -0.6509730219841003, -3.0967559814453125, -0.1363779604434967, -3.9720802307128906, -0.1828024685382843, -2.1995856761932373]",0,64.0
23,9606.ENSP00000295225,"[1.4375996589660645, 0.2954804301261902, 2.553272247314453, -0.7848786115646362, -0.7664202451705933, 0.13196676969528198, 0.6007093191146851, 2.0241799354553223, -0.16748523712158203, 1.2316627502441406, 2.153296709060669, -1.9907729625701904, -0.6509031653404236, -0.42173442244529724, 1.3165357112884521, 0.4674642086029053, 0.288372665643692, 3.359356164932251, 1.4276725053787231, 0.31641054153442383, 0.055128466337919235, -2.4335289001464844, -1.2307419776916504, -0.30262863636016846, -1.1472972631454468, -0.6152356863021851, 1.7980607748031616, 4.181151390075684, -1.4328899383544922, -1.6190017461776733, -0.2563105523586273, -2.0066659450531006, -2.6962289810180664, 1.8979343175888062, 2.9182803630828857, -0.7713573575019836, -1.5496735572814941, -1.0148983001708984, -0.20335295796394348, -0.15121039748191833, -2.178248405456543, -0.8628100752830505, 0.5627024173736572, 0.19429859519004822, 0.18315547704696655, -2.4135167598724365, 1.3646165132522583, -1.2161731719970703, -1.6888177394866943, -0.1948651671409607, 1.7261377573013306, 2.2391743659973145, 1.9454658031463623, 0.09526652097702026, -0.5389273166656494, -4.165422439575195, 2.5643422603607178, -1.7399972677230835, 1.368410348892212, -4.59319543838501, -1.1935126781463623, -0.15485194325447083, 1.9509503841400146, -0.08378438651561737, 0.07645067572593689, 3.459095001220703, 1.045013666152954, 0.05877391993999481, -0.778035581111908, 0.29693037271499634, -0.3348087966442108, -0.45451804995536804, 1.0645103454589844, -1.250598430633545, -0.6164417862892151, 2.3631973266601562, 1.7370425462722778, 0.140581414103508, -2.174100875854492, 1.1103211641311646, 0.40609490871429443, 3.6877284049987793, -0.13354995846748352, 0.47504112124443054, 0.8842697143554688, 1.0588099956512451, -0.712695837020874, 0.34461861848831177, -1.5044304132461548, 0.00420224666595459, -1.315219521522522, 2.8521060943603516, 1.8162416219711304, 0.20469997823238373, -1.2766623497009277, 4.065140724182129, -0.46635571122169495, 1.1529254913330078, 1.7024638652801514, 0.5243978500366211, 1.6956126689910889, 2.4450571537017822, -2.4647512435913086, 4.046833515167236, -0.898871660232544, 0.8743027448654175, -3.092892646789551, -0.25157231092453003, 1.0068086385726929, 1.0839176177978516, -0.580901026725769, 2.0822010040283203, -1.8794971704483032, -0.6168385744094849, -3.344055652618408, 0.43826383352279663, -1.1782824993133545, -1.2568525075912476, -0.9747713804244995, 3.8249282836914062, 1.6411161422729492, 0.10657408833503723, 0.12841826677322388, -1.207645297050476, -1.3486440181732178, 0.19306638836860657, -0.9238476157188416, -1.9410861730575562, 2.322077989578247, -1.4479336738586426, 2.268463611602783, 1.2064225673675537, 0.23683032393455505, 2.7678449153900146, -0.5750336647033691, 2.4599051475524902, -2.0025997161865234, -1.9154701232910156, 1.387295126914978, -0.47126132249832153, 1.3039193153381348, -1.1644799709320068, 1.7502787113189697, -4.007007122039795, 2.5656514167785645, 1.9939980506896973, -1.331420660018921, 2.0633435249328613, 0.6275690793991089, 0.8526158332824707, 1.3585240840911865, -0.32193925976753235, -0.016920968890190125, 0.7677960991859436, -0.731196403503418, -0.6753066182136536, 0.3300199806690216, -0.7150877714157104, -0.4193961024284363, 1.3709702491760254, -0.48190638422966003, 0.5221003293991089, 0.9010946154594421, -3.744764804840088, 2.1242451667785645, 0.24770155549049377, 0.016385018825531006, 1.492220401763916, -1.0106801986694336, 1.7690114974975586, -0.5603127479553223, -2.523977756500244, 2.0031065940856934, -0.9630075693130493, 0.8081479072570801, 1.7938354015350342, 1.498208999633789, 2.5609097480773926, 1.9123444557189941, -1.1985697746276855, 1.303039789199829, 2.626378297805786, -0.9631215333938599, -1.0258677005767822, -1.1580545902252197, -0.40892356634140015, -0.9272093772888184, -2.0061702728271484, 3.0832786560058594, -0.3599889874458313, 1.7451236248016357, 1.4171524047851562, -3.8144915103912354, 0.5172175765037537, 1.042372226715088, 0.14356917142868042, -0.6603869199752808, -2.307077169418335, 2.160010576248169, -0.9785903692245483]",0,119.0
24,9606.ENSP00000329357,"[-0.8808972239494324, -0.4698668122291565, 1.639749526977539, 3.2503318786621094, -4.727806091308594, -1.4097719192504883, 3.8393607139587402, 1.6037261486053467, -3.7027549743652344, 4.5601019859313965, -0.2331092357635498, -4.832940578460693, -4.684991359710693, 6.139867782592773, -2.504807949066162, 1.8816161155700684, 1.8853883743286133, 5.268656253814697, 2.207192897796631, -2.5036325454711914, -1.4043511152267456, -7.172946453094482, -2.67484974861145, 3.2031447887420654, -2.890359401702881, -2.6940014362335205, -2.724046468734741, 2.723768711090088, 1.6770474910736084, -2.7161502838134766, -4.982174873352051, -4.238117218017578, -5.53523063659668, 4.729560852050781, -0.19695410132408142, -3.7369632720947266, -0.175498366355896, -2.59486722946167, -1.20316481590271, -3.1809544563293457, -2.1108334064483643, -5.273609161376953, -7.9583964347839355, 5.374552249908447, 5.568538188934326, -5.028728008270264, 0.8720237016677856, -7.469805717468262, 4.278102874755859, -2.2852439880371094, 2.5374419689178467, 0.3344178795814514, 4.3122663497924805, -2.752103805541992, -4.408052921295166, -1.8085497617721558, 2.274951219558716, -5.484101295471191, 2.26517391204834, 1.597977638244629, 1.0122804641723633, 3.4741508960723877, 3.0226938724517822, 0.34727704524993896, -2.6917030811309814, 5.830909729003906, 3.299696207046509, -3.521630048751831, -4.24037504196167, 1.769760251045227, -0.42450639605522156, -7.489633083343506, 1.3282824754714966, 1.0918337106704712, -6.7169389724731445, -3.033059597015381, -0.3745996952056885, -1.085038423538208, 1.8783706426620483, 2.9442739486694336, 3.8553578853607178, 0.7502714991569519, -1.2031329870224, -2.321305990219116, 3.9761829376220703, 4.864711284637451, -3.5496904850006104, 4.292741298675537, -5.747200012207031, 5.487365245819092, -3.93717885017395, 0.8570066690444946, -4.605467319488525, -2.217296600341797, -0.15036475658416748, 3.2174837589263916, -1.1304876804351807, -3.1732420921325684, -2.734506130218506, 1.870654582977295, -1.6081324815750122, -0.2317926585674286, -1.552628755569458, 3.2139506340026855, 2.12337589263916, 2.3571813106536865, -1.4549833536148071, 1.1474578380584717, -3.1078262329101562, 3.2003209590911865, -0.8096541166305542, 2.3420708179473877, -1.5406832695007324, 0.9735113978385925, 1.9735887050628662, -0.042560726404190063, -7.0295891761779785, 0.07094128429889679, -0.7458686828613281, 5.201564311981201, 1.7593326568603516, -2.876478672027588, -4.044271945953369, -0.6071449518203735, 5.895191669464111, -0.5549672842025757, 4.083878040313721, -1.7213979959487915, 0.24878059327602386, -1.833952784538269, 4.9311676025390625, 2.750821352005005, 0.007116228342056274, 0.7983539700508118, -4.719313144683838, 2.3163578510284424, -2.9288363456726074, -7.345330238342285, 3.4101743698120117, 0.8932287693023682, 0.3181517422199249, -2.76973295211792, -2.5504543781280518, -0.8077447414398193, 2.5177419185638428, 4.211576461791992, -2.831294298171997, 0.8798630237579346, 2.398062229156494, 1.3150708675384521, 4.3730950355529785, -1.3862030506134033, -7.8952412605285645, 2.901233673095703, -4.440896987915039, 2.2233853340148926, -6.6990742683410645, 0.4739777445793152, 3.739588975906372, 4.371490478515625, -0.9344649314880371, 2.87249493598938, 3.7174737453460693, -1.5229506492614746, 1.7466224431991577, 1.599453330039978, -0.32819223403930664, 2.0462827682495117, 0.05874067544937134, 1.9176249504089355, -1.8639434576034546, -4.153459072113037, -1.09037184715271, 4.371387481689453, -3.527320146560669, -0.20638182759284973, 0.23951396346092224, 3.9454400539398193, 1.3270806074142456, -1.6904535293579102, -2.394921064376831, -0.935728907585144, -5.099488735198975, -4.213469505310059, -1.4758658409118652, -6.972524642944336, 0.8570957183837891, -7.033474922180176, -2.090393543243408, -5.05653715133667, 2.8913156986236572, -5.144355297088623, -0.9921637773513794, -6.740537166595459, 6.16274356842041, -1.2905185222625732, 1.5019397735595703, 2.20513653755188, 2.1930317878723145, -2.5785584449768066]",0,11.0
25,9606.ENSP00000410339,"[3.222290515899658, -1.6401177644729614, 0.9671074151992798, 2.305691719055176, -0.7123775482177734, 0.3852108120918274, -0.7147310972213745, 0.1603836715221405, -1.861971378326416, 1.7280220985412598, 2.075299024581909, -3.1386098861694336, 0.6562436819076538, 0.7074565291404724, -2.2522177696228027, -1.542409896850586, 0.2380269169807434, 2.8189356327056885, -0.1013372540473938, 0.4462346136569977, -2.0639431476593018, -2.3175137042999268, 0.8649157285690308, -0.005472004413604736, -0.34510475397109985, -0.6025017499923706, 0.9214944243431091, -0.2762938439846039, 1.4569206237792969, -1.7925584316253662, 0.6046644449234009, -2.248495101928711, -0.9243913888931274, -2.70664119720459, 3.984919548034668, -0.31768929958343506, 2.0946831703186035, -3.6593029499053955, -0.8527011871337891, -3.010840654373169, -2.732229232788086, 1.5856631994247437, -1.997321605682373, -0.37528854608535767, -1.356269359588623, -1.4181698560714722, 3.1968183517456055, 0.1469799280166626, -4.680975437164307, -1.0424771308898926, 2.340090274810791, 3.063927173614502, 0.8163914680480957, -0.46361884474754333, 0.905872106552124, -1.2318270206451416, 1.6932951211929321, -2.1724841594696045, 1.8004326820373535, -3.5739190578460693, -3.6105270385742188, 2.227729320526123, 1.056670904159546, 0.7401201725006104, -0.7135661840438843, 3.067530632019043, 0.46877747774124146, -3.164517879486084, -0.7343218922615051, 2.64981746673584, 1.0363702774047852, 0.8369827270507812, -0.14620572328567505, -0.6405853629112244, -3.5838308334350586, 4.303744316101074, 2.2825634479522705, -1.5497608184814453, -1.6947839260101318, -0.3837129473686218, 1.0409190654754639, 4.83507776260376, -1.386484980583191, 0.23164315521717072, 2.9740710258483887, -2.3142342567443848, -2.9930965900421143, 1.8994238376617432, -2.634498119354248, 1.1657404899597168, -3.30167293548584, 4.377292156219482, 4.445446014404297, -2.081913709640503, -2.6106820106506348, 3.342665433883667, -1.8146673440933228, 1.5348201990127563, 3.8864383697509766, -0.096734918653965, 2.413705825805664, 4.473197937011719, -3.7187376022338867, 1.3488539457321167, 3.6396477222442627, 2.2667734622955322, -1.8907740116119385, -1.975499153137207, -0.45253264904022217, -1.4603745937347412, -1.2711235284805298, 4.392647743225098, -2.5881175994873047, -2.0526297092437744, -2.447421073913574, 1.9861719608306885, 1.7120097875595093, -2.132493495941162, -0.026475727558135986, 1.9860022068023682, 1.0925639867782593, 2.6891016960144043, 3.4389243125915527, -1.071875810623169, 0.7600527405738831, 1.8965551853179932, -1.493552565574646, -1.7282381057739258, 1.1076816320419312, -3.0253920555114746, -0.3421415388584137, 1.6058436632156372, 0.7126644849777222, 2.4581382274627686, -1.572390079498291, 1.4590160846710205, -2.254629611968994, -1.2357494831085205, -0.23034662008285522, 0.21351119875907898, 1.848751425743103, -0.4051879942417145, 0.02930547297000885, -2.1832261085510254, 2.0605075359344482, 1.9322330951690674, -2.6476917266845703, -2.0208864212036133, -0.23622503876686096, -2.548882007598877, 0.7642995119094849, -2.0709760189056396, 0.5962239503860474, 4.252617359161377, -1.9531080722808838, 0.3889482915401459, 1.7998617887496948, -1.7623049020767212, -1.8672683238983154, -0.8815032243728638, 0.6054724454879761, -0.6586476564407349, -1.3406153917312622, -1.0072333812713623, -0.518629789352417, -0.34755709767341614, 0.33899521827697754, 0.15795323252677917, -2.170897960662842, 0.13979458808898926, 3.8760125637054443, 0.3827248811721802, 4.615573883056641, 0.0010033845901489258, 2.913860321044922, 0.797478199005127, 3.0429940223693848, 3.3683862686157227, 1.9207842350006104, -2.5247671604156494, 4.313866138458252, 2.648608684539795, -0.43064308166503906, 0.2975218892097473, 0.06661218404769897, -1.4969446659088135, -2.5287866592407227, -2.6752588748931885, 2.2070538997650146, -0.30480512976646423, 3.120468854904175, 0.713087797164917, -1.6834877729415894, 3.40998911857605, -2.163090467453003, -0.011125802993774414, 0.48527199029922485, -4.328818321228027, 2.576646566390991, -3.5365841388702393]",0,142.0
26,9606.ENSP00000385751,"[4.780611991882324, -0.7231735587120056, 1.034741759300232, -1.4474775791168213, -2.851925849914551, 2.1150336265563965, -1.3455119132995605, 4.79536771774292, -0.21420148015022278, 3.6706409454345703, 8.693049430847168, -4.062218189239502, -4.61123514175415, 4.070213317871094, -1.8577708005905151, -0.9735065698623657, -1.2459272146224976, -2.4226233959198, 1.1490445137023926, 4.2099289894104, 0.5468317866325378, -3.3225300312042236, -7.230397701263428, 0.3646252453327179, 0.28757166862487793, 1.2536110877990723, 0.08122599124908447, 0.9326010346412659, 2.7935500144958496, 1.064254879951477, -0.7251553535461426, -4.07102108001709, -1.4491015672683716, 1.6863316297531128, 5.386978626251221, -3.6290814876556396, -1.6894503831863403, -0.15868711471557617, -1.6377910375595093, -2.919313907623291, -2.503159761428833, -1.1102004051208496, -0.5724536180496216, 4.7976179122924805, 2.9201974868774414, -6.328567028045654, -1.7719135284423828, -4.167167663574219, 0.6381295919418335, 1.4828158617019653, 3.558983087539673, 2.4098994731903076, 6.870810508728027, 2.3672444820404053, 0.6763991117477417, -5.8131103515625, 6.552951335906982, 1.5523207187652588, 2.5467286109924316, -0.29891008138656616, -6.0546488761901855, 0.0893612653017044, 2.139171838760376, 4.055534362792969, -2.9090917110443115, 0.18555456399917603, 3.3249616622924805, -2.801737070083618, -4.162032604217529, 2.7468388080596924, -0.4686179459095001, -3.7773518562316895, 6.353053092956543, -1.0124324560165405, 1.255223274230957, 1.2395848035812378, 0.1858617663383484, 0.7330109477043152, -6.843559741973877, -0.44613903760910034, 2.1237921714782715, 5.393647193908691, -2.6993510723114014, -2.748137950897217, -2.857625722885132, 2.7427890300750732, -5.351335048675537, -1.5350878238677979, -1.7565325498580933, 3.567101240158081, -4.662642955780029, 6.266266822814941, 3.7501935958862305, -0.6611831188201904, 1.0602378845214844, 6.644838333129883, -0.49274250864982605, -5.222992420196533, 2.623796224594116, 0.11469225585460663, 3.179490327835083, 2.6667609214782715, -3.6716527938842773, 2.0115981101989746, 1.1476407051086426, 2.383007049560547, -3.0206828117370605, 2.1221094131469727, -1.6498031616210938, -3.0427989959716797, -3.9862308502197266, -0.8867109417915344, -3.7569804191589355, -1.7559622526168823, -4.021528244018555, -1.4367676973342896, 2.8570852279663086, -3.542468547821045, -0.31341037154197693, 3.51192307472229, 4.631011009216309, 0.9155213832855225, 1.4522746801376343, -4.373950004577637, 5.346719264984131, -0.5240047574043274, -6.082058906555176, -0.9471128582954407, 2.5218257904052734, -2.014359951019287, 1.374447226524353, 1.2428265810012817, 3.7911572456359863, -2.29723858833313, -6.340625762939453, 0.9814899563789368, 0.7577576041221619, 1.546292781829834, 1.164900302886963, -1.4700442552566528, -0.31873252987861633, 0.7046030759811401, 3.9469692707061768, -3.2701284885406494, 2.6082139015197754, 3.446988344192505, -5.978440761566162, -2.418088436126709, 2.7539308071136475, 2.2183098793029785, 0.7084778547286987, -2.3158013820648193, 1.0799832344055176, 4.13601016998291, 0.6743263006210327, 3.5651519298553467, 2.026416540145874, 1.4351520538330078, -1.465827465057373, 3.2425456047058105, -4.156726360321045, 2.0126993656158447, 0.7133581638336182, -2.536102294921875, 6.444398880004883, -1.9855616092681885, -1.2115960121154785, -2.7442822456359863, 3.8235232830047607, 3.231302499771118, 2.989511251449585, -4.98501443862915, -1.4623923301696777, 2.098433017730713, -4.5272932052612305, -1.2323814630508423, 1.9162737131118774, 2.2094833850860596, 0.736303448677063, 0.05494523048400879, 1.7973905801773071, 2.3065404891967773, -2.161959171295166, -4.732241630554199, -4.102839946746826, -4.298722743988037, 0.7475879192352295, 0.07355323433876038, 1.3466341495513916, -3.1583762168884277, 6.175480842590332, 2.580575704574585, -4.575632572174072, 1.1901174783706665, 5.994048118591309, -4.899213790893555, -1.8832340240478516, -4.8668107986450195, 4.4175286293029785, -1.2011717557907104]",0,150.0
27,9606.ENSP00000407586,"[7.129091739654541, 3.1135239601135254, 1.7333941459655762, -1.1616013050079346, -1.2537332773208618, 0.9510419368743896, -5.340038299560547, 6.677781105041504, 4.348217487335205, -2.9157350063323975, 9.384675025939941, 0.6010943651199341, -3.872887372970581, 2.406628370285034, -0.49684739112854004, -3.3611505031585693, -4.614288806915283, -3.949185848236084, -0.5464333891868591, 11.247243881225586, 0.8047138452529907, 2.343869209289551, -2.5666351318359375, 1.7854931354522705, 1.4078996181488037, -8.65613079071045, 2.019029378890991, 5.918915271759033, -3.0000908374786377, -9.889522552490234, 6.361804485321045, -3.0606842041015625, -2.7583022117614746, 4.815865993499756, 10.274314880371094, 1.1945303678512573, -7.7277703285217285, 3.426222085952759, -8.617073059082031, 3.0336434841156006, -4.240828990936279, -5.646868705749512, -0.37955939769744873, 4.0189313888549805, 0.33326372504234314, -2.8768677711486816, 6.384842872619629, -5.9736409187316895, -3.3248987197875977, 0.9364244937896729, -1.8780807256698608, 9.607688903808594, 6.403890609741211, 3.3218834400177, -2.9954776763916016, -4.201502323150635, 11.506794929504395, 0.7011680603027344, 6.318267345428467, -7.946719646453857, -6.06826114654541, -3.620607852935791, 0.3671107292175293, 3.885181188583374, -4.870256423950195, -5.845720291137695, -2.9504432678222656, -4.781908988952637, -1.7293970584869385, 1.962728500366211, 1.6982977390289307, -5.296561241149902, 4.012545585632324, -10.58648681640625, 3.8834431171417236, 12.172000885009766, -4.959439754486084, 2.6023714542388916, -13.964017868041992, -4.35600471496582, 3.569838762283325, 5.711741924285889, -10.968827247619629, -6.439094543457031, 3.6912176609039307, 6.869875431060791, 2.7533774375915527, -7.529151439666748, 1.1293275356292725, 3.817406177520752, -10.30467414855957, 12.841079711914062, 7.6388349533081055, 5.992752552032471, 0.41565462946891785, 10.932178497314453, 1.9859027862548828, -8.171013832092285, 5.4103102684021, 9.889848709106445, 8.058287620544434, 6.602165699005127, -6.304666042327881, 10.141786575317383, 0.22313621640205383, 1.0120937824249268, -0.12372493743896484, 0.755057692527771, 6.072053909301758, 4.032258987426758, -7.490734100341797, -3.9802072048187256, 7.459866046905518, -8.144558906555176, -5.628209590911865, -2.5038347244262695, 7.045856475830078, -9.640374183654785, -0.15589648485183716, 4.569077014923096, 9.443106651306152, -2.602816104888916, 1.6909879446029663, -4.32969331741333, 9.09337043762207, -4.305299282073975, -5.4356160163879395, 0.16004639863967896, 8.238667488098145, 4.3221259117126465, 7.926342010498047, -0.4515951871871948, -2.791412591934204, 0.8487200140953064, -5.555547714233398, -1.6707755327224731, -3.0446016788482666, -0.7385284900665283, 2.247584104537964, -3.840843915939331, 7.985960960388184, -3.2362914085388184, 1.7843228578567505, -4.982706546783447, 7.446402072906494, 0.9564005136489868, -6.3623270988464355, -11.257519721984863, 9.124320030212402, 1.4923951625823975, 1.3469887971878052, 1.8033559322357178, -1.494512677192688, 1.181833028793335, 2.6523396968841553, 1.86049222946167, 2.511199474334717, 2.6408817768096924, 1.3812884092330933, 4.017149925231934, -4.336881160736084, 2.2170090675354004, -3.2104697227478027, -9.271035194396973, 3.086108446121216, 0.3402862250804901, 8.39941692352295, -3.018216371536255, 2.315480947494507, 6.780951023101807, 6.432886600494385, -9.046256065368652, -3.5609164237976074, 5.056974411010742, -4.986978530883789, -3.175217390060425, -2.0967249870300293, 5.5240559577941895, -0.5453432202339172, 2.408754587173462, 4.588199138641357, 8.838804244995117, -0.06279579550027847, -5.632071018218994, -0.11221054196357727, -4.445449352264404, 1.4767608642578125, -5.698373317718506, 2.7935092449188232, -4.129287242889404, 9.305965423583984, 3.569101333618164, -10.65164566040039, 3.4743010997772217, 4.758731365203857, -7.489992141723633, -4.535055160522461, -9.760468482971191, 10.562899589538574, 2.0476410388946533]",0,172.0
28,9606.ENSP00000245185,"[0.07731251418590546, 2.346100091934204, 1.0620315074920654, 0.11810024082660675, -1.732365608215332, 0.6260567903518677, 2.227053642272949, 1.280815601348877, -0.38238024711608887, -0.7887585163116455, -0.7851147651672363, 0.010972917079925537, -0.48224619030952454, -0.3687520921230316, 0.5266785025596619, -0.8366803526878357, -0.5626738667488098, 1.2575335502624512, 0.04213337600231171, -0.015846356749534607, 2.5711252689361572, -1.8290660381317139, 1.6926782131195068, -1.0794686079025269, 0.3265870213508606, -1.9183156490325928, 2.8201568126678467, 1.167541742324829, -1.4526163339614868, -0.1646905541419983, -1.3701610565185547, -3.897819995880127, -2.6910653114318848, 0.8443579077720642, -0.05400877445936203, -2.999216318130493, -0.13734620809555054, 0.591907262802124, 0.3796902000904083, -0.9494258165359497, 0.7528262734413147, -1.8111742734909058, -1.5199689865112305, 1.4873278141021729, 2.8504016399383545, -3.7219200134277344, 1.1945806741714478, -1.4008415937423706, -3.650787353515625, -0.8496156930923462, 2.0712547302246094, 1.9623103141784668, -0.35841408371925354, 1.724001407623291, -0.9968473315238953, -0.8000764846801758, 2.4264543056488037, -0.8403221368789673, 2.399369239807129, 0.018449947237968445, -0.6296185851097107, 0.3543691635131836, 1.163243293762207, -0.6130279302597046, 2.643606185913086, -0.3269406259059906, 0.5875710248947144, -1.9740597009658813, -1.1829310655593872, -0.015548080205917358, -1.3225549459457397, -0.661691427230835, 0.707714319229126, -1.6311936378479004, -2.7280986309051514, 3.771601676940918, 1.0579662322998047, -1.341667652130127, -1.652235507965088, 0.5778803825378418, 1.8628387451171875, 0.71012282371521, 1.2294129133224487, -2.0463883876800537, 2.4560577869415283, 0.594940721988678, 1.3186547756195068, 0.007689327001571655, -2.7877368927001953, 2.4889583587646484, -0.4544501006603241, 2.160191297531128, 4.368551731109619, 0.09754902124404907, -1.9682235717773438, 0.7871881127357483, -1.967756986618042, -1.9552457332611084, 1.508617639541626, 1.257925033569336, 0.5862812995910645, 2.917240858078003, -1.538596510887146, 0.8161121010780334, 1.4842567443847656, 0.7010287046432495, -1.8808153867721558, 0.7441830635070801, -1.167037010192871, 0.9041278958320618, -0.14110487699508667, 1.6377151012420654, -2.3232710361480713, -0.7984457015991211, -1.0087790489196777, 0.8204725980758667, 1.7853333950042725, -0.19758668541908264, -2.3149750232696533, -0.10550688207149506, 1.4752213954925537, -0.04395613074302673, -0.9341237545013428, -0.9770159721374512, 0.7356155514717102, 0.6635144352912903, 0.5420681238174438, -0.2802548408508301, -0.2250053733587265, 0.638563334941864, 0.5046130418777466, -0.9163798689842224, 2.0883803367614746, -0.6631892323493958, -1.1257702112197876, 0.8688549995422363, -0.33841872215270996, -0.7833303213119507, -0.11810626089572906, -0.09310619533061981, 1.449631690979004, -2.7067999839782715, -0.5115361213684082, -0.7654772996902466, 0.27524566650390625, 1.0520843267440796, 0.039692625403404236, 0.35192152857780457, 1.478965401649475, 0.916312575340271, 0.2487129271030426, -2.3448338508605957, -0.15265345573425293, 1.4831594228744507, -2.164053201675415, -0.817573606967926, -1.238904595375061, -0.3810860812664032, 2.4677059650421143, -0.2492057830095291, 0.748626708984375, -2.334412097930908, 0.8912523984909058, -2.996230363845825, 1.1016038656234741, 0.27912670373916626, 1.2991167306900024, 0.20382022857666016, 0.3768358826637268, 0.44226977229118347, 1.5868444442749023, -1.8700599670410156, -2.863046884536743, -1.9765410423278809, -0.1720438003540039, -0.5005704760551453, -1.0298234224319458, -1.5898419618606567, 0.16470760107040405, -1.1585960388183594, 3.047666072845459, 1.130081057548523, -2.60196590423584, -1.3288317918777466, 0.9188973903656006, 0.2203797847032547, 1.37887704372406, -0.2815457880496979, 0.8062899112701416, 0.5904807448387146, 3.0321590900421143, 1.2019073963165283, -2.1829867362976074, 0.14459796249866486, 1.857229232788086, -1.5900626182556152, 0.2284601926803589, -1.8620669841766357, 2.685642957687378, 0.054487019777297974]",0,42.0
29,9606.ENSP00000409555,"[3.844609260559082, -0.04223419725894928, 1.7242755889892578, 1.1765426397323608, -0.29430922865867615, -1.2980656623840332, 2.011827230453491, 3.5374064445495605, 0.8851908445358276, 1.4150668382644653, 3.930655002593994, -1.142024278640747, -3.3914737701416016, 1.3728001117706299, 1.6219969987869263, -3.1126580238342285, -3.7201547622680664, -0.6366276741027832, 0.39964914321899414, 0.31600120663642883, -0.3368311822414398, 0.32519522309303284, -1.6605656147003174, 0.050983041524887085, 0.8578466176986694, -1.5881938934326172, 0.6844562292098999, 3.7530605792999268, 0.22399553656578064, -2.138610363006592, -0.013620242476463318, 0.9212579727172852, 1.022961974143982, 2.8166344165802, 2.3475520610809326, -3.378352165222168, 0.821202278137207, 0.07371586561203003, -0.8566934466362, 0.9157553315162659, -2.0719616413116455, -2.484182357788086, -5.322310447692871, 0.2929702401161194, 2.623552083969116, 0.8480240702629089, 6.126331329345703, -4.015559196472168, -4.0340118408203125, -2.748575448989868, 1.7827949523925781, 2.975017786026001, 2.3252153396606445, -0.8124396204948425, -0.33242368698120117, -1.4920175075531006, 5.108913421630859, -3.35660457611084, 4.394148826599121, -5.745804786682129, -4.1119208335876465, -1.3197447061538696, 2.2560863494873047, 1.7495783567428589, 0.36627861857414246, 1.2025548219680786, 4.4423675537109375, -0.05989295244216919, -0.07053667306900024, 0.3043426275253296, 0.12446616590023041, 1.6910055875778198, -0.2765675187110901, -1.4103562831878662, -0.1286376565694809, 2.3053042888641357, -1.9793212413787842, 2.5910987854003906, -2.6957972049713135, -0.9181249737739563, 2.2285070419311523, 3.729428768157959, -3.269339084625244, -0.874397873878479, 2.772742748260498, 3.3113725185394287, 0.5992035269737244, -2.803544044494629, 0.45181143283843994, 0.9419469237327576, -2.2846169471740723, 5.365054130554199, 4.868441104888916, 3.561704397201538, -2.529482126235962, 5.179776191711426, -1.704604983329773, 0.16339609026908875, 5.213157653808594, 1.2262762784957886, 0.2454361915588379, 1.921621561050415, -3.61647891998291, 3.0266289710998535, -2.6100754737854004, -0.24916206300258636, -1.2774484157562256, 2.131725788116455, 3.423640489578247, -2.7824184894561768, 1.5440983772277832, -0.8392347693443298, -0.33822113275527954, -3.0469815731048584, -2.7568304538726807, 2.3234565258026123, 3.1067261695861816, -2.7178964614868164, -0.25895026326179504, 2.530919313430786, 5.761841773986816, -1.0078045129776, 2.033747673034668, -0.5446716547012329, 0.7968791723251343, -0.36554744839668274, -0.5788719654083252, 1.6512852907180786, 3.8133063316345215, 2.4289591312408447, 1.716351866722107, 3.3256194591522217, -2.4361255168914795, 0.509393572807312, -4.845962047576904, 2.117011785507202, -0.7086580991744995, -4.728023052215576, -3.055203676223755, 0.33432313799858093, 3.005131721496582, -2.8510992527008057, 0.9939129948616028, -4.8623199462890625, 2.3331849575042725, 3.478769540786743, -2.0321969985961914, -5.369657516479492, 1.5747922658920288, 0.374837189912796, -0.42655959725379944, -1.1464370489120483, 1.115005373954773, -1.2532492876052856, 1.2957121133804321, -1.258910059928894, -1.3787505626678467, 1.667849063873291, 1.7780168056488037, 2.8727545738220215, -2.1889007091522217, -0.383454293012619, 1.2025641202926636, -1.7386502027511597, 0.6586519479751587, 0.16903521120548248, 1.2170097827911377, -0.5718194842338562, -1.4164048433303833, 0.9784865379333496, 4.599358081817627, -2.486119031906128, 2.952171802520752, 2.2347047328948975, -1.8317981958389282, -2.399015188217163, -1.1697582006454468, 1.7792444229125977, -0.5895588994026184, 0.08668451011180878, 3.0391945838928223, 2.71307110786438, -2.9043171405792236, -1.4281340837478638, -0.8922238349914551, -0.7925601005554199, 0.6438162326812744, -2.8063154220581055, 4.953676223754883, -1.466858983039856, 1.2139713764190674, 1.692635178565979, -5.663307189941406, 2.1548008918762207, 5.028955459594727, -3.1278440952301025, -2.17008638381958, -2.324152708053589, 2.0980026721954346, -0.07629705965518951]",0,138.0
30,9606.ENSP00000360266,"[1.4669352769851685, 0.9067460298538208, 1.408651351928711, 2.664581775665283, -3.902200222015381, -2.957022190093994, 1.9643785953521729, 1.0108771324157715, -5.886440277099609, 1.5098838806152344, -1.9223288297653198, -3.6490085124969482, -3.0154287815093994, 3.0545177459716797, -0.8143905401229858, 1.893079400062561, 2.711944580078125, 7.2448320388793945, 1.0763721466064453, -2.7091591358184814, -1.5750234127044678, -2.261807441711426, -3.7815799713134766, 0.7432730197906494, -5.030190467834473, -4.866304397583008, -2.7647266387939453, 0.26781556010246277, 1.4530059099197388, -4.125757217407227, -1.1217079162597656, -4.182174205780029, -7.18642520904541, 4.247864723205566, 0.4711993634700775, -0.4087270498275757, -1.8883732557296753, -2.574603319168091, -2.9348857402801514, -1.55402672290802, -1.7787737846374512, -6.686628341674805, -5.150022029876709, 0.5628025531768799, 4.040233612060547, -6.210334300994873, 5.738974571228027, -6.4126081466674805, 1.0370177030563354, -1.3784438371658325, 0.37279951572418213, 3.4999828338623047, 3.6111433506011963, -2.202637195587158, -4.196976661682129, -1.7277534008026123, 3.406494140625, -5.379464149475098, 4.196712017059326, -3.140536308288574, -1.1057194471359253, 3.8159332275390625, 0.5302925109863281, 0.8607746958732605, -5.884651184082031, 3.439946413040161, 1.406441330909729, -6.924704074859619, -5.10280704498291, 1.7828831672668457, -2.4170584678649902, -7.271530628204346, 0.3587568998336792, 2.372561454772949, -4.278107643127441, -0.2412625253200531, 2.02339506149292, -2.776153326034546, -3.677476644515991, 2.166393518447876, 2.9983391761779785, 4.54611873626709, 0.13841497898101807, -2.929464340209961, 1.5171175003051758, 2.1080732345581055, -2.9473378658294678, 1.1687164306640625, -3.862557888031006, 4.968070983886719, -4.9655280113220215, 2.096879720687866, -1.0850456953048706, -0.4180029034614563, 1.6027976274490356, 3.358046770095825, -0.5634593963623047, -3.9559805393218994, -3.6050021648406982, 1.9690338373184204, 1.55646550655365, 2.208519458770752, -3.077923059463501, 3.7371459007263184, -0.015448898077011108, 2.3137929439544678, -4.95999002456665, -1.5172874927520752, -0.6710659861564636, 3.678628444671631, 3.394575834274292, 0.36844831705093384, -0.8660724759101868, -1.5190281867980957, -3.3078181743621826, 0.486608624458313, -5.679688453674316, -0.720191478729248, 2.629725456237793, 5.460268974304199, 0.8376379609107971, -2.9448156356811523, -4.438037395477295, -4.700960636138916, 4.93738317489624, -0.3239372968673706, 0.4952549338340759, -2.1906771659851074, 4.672240257263184, -0.5303292870521545, 7.684370517730713, 4.097192764282227, -1.7178369760513306, 0.3337472081184387, -2.836359739303589, 4.112741470336914, -0.9795670509338379, -8.379838943481445, 3.5872507095336914, -0.9670538902282715, 3.4688141345977783, 0.9289646744728088, -0.8206050395965576, -1.6457990407943726, 5.610898017883301, 4.212527275085449, -4.002961158752441, 1.658440113067627, 3.1089179515838623, 2.7131259441375732, 3.411363363265991, -4.361058712005615, -6.7119598388671875, 0.2675667107105255, -2.3211724758148193, 4.83980655670166, -5.620210647583008, 0.5066851377487183, 3.953598737716675, 5.826968669891357, 0.08655992150306702, 5.327176570892334, 2.693049669265747, -5.647806644439697, 1.0941368341445923, -0.44571995735168457, -1.6690723896026611, -0.3409595489501953, 1.2211008071899414, 3.2289841175079346, -4.071588516235352, -5.764057159423828, -1.071733832359314, 3.9780428409576416, -2.908273220062256, -4.595644474029541, -0.49662965536117554, 5.584056377410889, 0.8360204696655273, -2.5893447399139404, -5.66071891784668, 0.7831718325614929, -2.4034180641174316, -3.5684828758239746, -2.0020084381103516, -7.754283428192139, -1.910576581954956, -6.995913982391357, -2.2191758155822754, -4.269862651824951, 3.1557888984680176, -3.6576852798461914, -3.505357503890991, -2.267749309539795, 4.603766918182373, -1.985886573791504, 4.077144622802734, 3.4357409477233887, 2.858269691467285, -2.3174848556518555]",0,37.0
31,9606.ENSP00000378323,"[7.878650665283203, 2.6159887313842773, 1.70076584815979, -1.0916082859039307, -5.361117362976074, 2.875969648361206, -7.156700611114502, 7.414856910705566, 5.230428218841553, -3.615516185760498, 6.7630767822265625, -0.18945103883743286, -3.1270737648010254, -0.2948457896709442, -0.2736320495605469, -0.049323827028274536, -2.178598642349243, -2.9120230674743652, 1.3100011348724365, 7.411879062652588, 2.673945665359497, -1.2848674058914185, -7.354498386383057, -1.5714013576507568, 2.917273998260498, -7.426874160766602, 1.0730955600738525, 7.654985427856445, 1.8813484907150269, -5.09352970123291, 1.3486052751541138, -7.555521488189697, -3.1540987491607666, -0.783782422542572, 3.700014114379883, 4.371129035949707, -7.540048122406006, 3.3210487365722656, -11.240378379821777, 0.38091355562210083, -7.391433238983154, -4.014181137084961, -1.251225471496582, 2.7570908069610596, -1.8645395040512085, -6.6241455078125, 5.017412185668945, -6.058204174041748, -4.709028244018555, 0.29161393642425537, -3.1900782585144043, 7.245036602020264, 6.57060432434082, 6.368356227874756, -1.1530966758728027, -5.024104595184326, 10.850371360778809, -1.5758213996887207, -2.1572768688201904, -8.064936637878418, -9.140481948852539, 0.9361039996147156, -0.33902424573898315, 2.6859233379364014, -4.221837520599365, -1.4184801578521729, -0.11869624257087708, -8.045449256896973, -7.494281768798828, 0.774456262588501, -1.8012776374816895, -3.0054447650909424, 2.3857858180999756, -6.695528507232666, -4.148496627807617, 16.04256248474121, -4.44066047668457, 1.0487887859344482, -7.511671543121338, -0.6048691272735596, 3.5372378826141357, 4.283076286315918, -8.448973655700684, -6.1676249504089355, 2.843492031097412, 3.706834077835083, 1.4001085758209229, -3.9685022830963135, 3.2283132076263428, 3.2259180545806885, -4.407784461975098, 8.135932922363281, 8.669087409973145, 2.2598400115966797, -3.5529699325561523, 6.653469562530518, -2.260462760925293, -8.843082427978516, 6.255316734313965, 4.774849891662598, 7.029288291931152, 6.074329376220703, -3.809968948364258, 8.521340370178223, 0.8896511197090149, -2.6523454189300537, -1.304298996925354, 5.267550468444824, 5.871469497680664, 4.145486354827881, -3.0350899696350098, -1.3897916078567505, 6.484139919281006, -10.053116798400879, -2.1167521476745605, 0.5186387896537781, 3.418287754058838, -8.385346412658691, -3.4272944927215576, 7.477350234985352, 9.990200996398926, 0.9153943657875061, 4.703263282775879, -3.6249027252197266, 6.929872035980225, 1.7015635967254639, -3.049861192703247, 3.777242422103882, 5.242395877838135, 3.130476236343384, 6.793623924255371, -1.6990278959274292, 0.9711215496063232, 4.885371685028076, -3.2188496589660645, -2.959139823913574, -0.2420116662979126, -3.714092254638672, -2.235706090927124, -0.8131824731826782, 5.257688522338867, -1.8211923837661743, -2.3446567058563232, -9.611827850341797, 6.56473970413208, -0.9931701421737671, -9.20933723449707, -9.132845878601074, 9.389664649963379, 1.5539389848709106, -4.942113876342773, -3.5213091373443604, -7.918557167053223, -0.36971315741539, -1.1940605640411377, 4.232676982879639, -1.5303092002868652, 0.3474322259426117, 2.8268938064575195, 2.243781089782715, -1.4990875720977783, -4.325934410095215, -4.280133247375488, -8.905879974365234, 4.407886981964111, 0.4438541531562805, 3.9649295806884766, -5.573494911193848, 2.6799123287200928, 4.659904956817627, 5.772135257720947, -6.074337959289551, -2.5250015258789062, 3.5247538089752197, -3.4615519046783447, -2.7858641147613525, -3.2232959270477295, 8.272610664367676, -2.1657371520996094, 0.06350507587194443, 7.622819900512695, 5.671229839324951, -5.386856555938721, -8.749520301818848, 3.7859184741973877, -8.147735595703125, 3.2694883346557617, -5.325087547302246, 6.386773586273193, -5.9227423667907715, 12.398433685302734, 2.113682985305786, -8.606616020202637, 4.760672092437744, 7.298101902008057, -8.786913871765137, -3.0110647678375244, -6.732704162597656, 7.1039628982543945, -1.4465128183364868]",0,74.0
32,9606.ENSP00000416097,"[4.020294666290283, -0.038228556513786316, 2.9501354694366455, 0.9304644465446472, -0.9969833493232727, 1.3863840103149414, -0.48570650815963745, 4.28282356262207, -0.6665680408477783, -3.4247894287109375, 2.1580400466918945, -1.9751513004302979, 0.6018885970115662, -0.12943416833877563, -2.0373170375823975, -4.1902594566345215, 4.566248893737793, 2.1612093448638916, 2.3041555881500244, 1.8479419946670532, 0.06324751675128937, -4.669002056121826, -1.0610935688018799, 0.05364960432052612, -1.116882562637329, 0.4628973603248596, -0.38553041219711304, 5.345087051391602, 0.2518531382083893, 0.25927698612213135, -0.7528688907623291, -6.275430202484131, 0.6168392896652222, -0.7469891309738159, 1.9431029558181763, -1.3806195259094238, -1.8350969552993774, -1.4439117908477783, -2.4536139965057373, -1.287987470626831, -1.344199538230896, -1.749350666999817, -1.479759931564331, 0.5063984394073486, 3.471370220184326, -2.4171090126037598, 2.7458014488220215, -0.22376123070716858, -4.816423416137695, -1.828820824623108, 2.0486502647399902, 2.9610650539398193, 3.816328763961792, -0.35649949312210083, 1.829767107963562, -3.859858512878418, 2.4630331993103027, -2.2741904258728027, 2.4466660022735596, -0.3552837669849396, -3.262155532836914, 1.4839086532592773, 1.0427658557891846, 2.4713382720947266, 0.5233933329582214, 0.8386393785476685, 0.9250630736351013, -3.958115816116333, -2.376715660095215, -0.06716340780258179, 2.729881763458252, 1.238660454750061, -0.46165233850479126, -2.7837636470794678, -1.6083883047103882, 5.945129871368408, 0.30548039078712463, -5.935776233673096, -2.7919914722442627, 1.8935341835021973, -2.67385196685791, 4.8729071617126465, -2.6667377948760986, -0.4010019600391388, 0.4723430275917053, 3.51274037361145, -1.6748865842819214, -2.225534439086914, -2.6229400634765625, -0.25331810116767883, 0.7822847962379456, 5.29795503616333, 3.6026105880737305, 0.15458454191684723, -2.855827569961548, 3.9476521015167236, 0.49078264832496643, 0.11537176370620728, 3.965482711791992, -1.0822701454162598, 4.525944709777832, 2.394017219543457, 0.5793147087097168, 3.869861364364624, 2.2585558891296387, 0.7903007864952087, -2.8710145950317383, 0.8735889792442322, 3.0234971046447754, -3.8021657466888428, -1.7024762630462646, 2.5815255641937256, -4.386902809143066, -4.044898509979248, -4.070121765136719, 2.0203428268432617, 1.657157301902771, -2.643129825592041, 1.1451632976531982, 2.398711919784546, 0.3886013627052307, 2.7772932052612305, -0.7424525022506714, -0.8042358756065369, 0.9388384819030762, 0.613359272480011, -1.189760446548462, -0.3316953182220459, 1.1202118396759033, -3.826728105545044, 6.250061988830566, 2.6586971282958984, 5.532345771789551, 0.04934045672416687, -9.227363586425781, 2.6484334468841553, -1.3716691732406616, -0.30334439873695374, 3.0908308029174805, 2.399730920791626, -0.9482939839363098, 1.6107832193374634, -1.5026586055755615, -3.689176082611084, 4.565950870513916, 4.194828033447266, -3.1713919639587402, -3.1631507873535156, 2.8900198936462402, -3.107828140258789, 0.3989357054233551, -3.2667746543884277, 0.7672257423400879, 4.570497512817383, -2.204791784286499, 1.43101966381073, -0.2016107439994812, 1.8517204523086548, -3.5190370082855225, -0.5284963250160217, -0.1127159595489502, 1.9356558322906494, -2.590261220932007, -0.6072298884391785, 3.1935853958129883, 1.234468698501587, 2.259903907775879, -2.0854642391204834, -0.7881373763084412, 0.498422235250473, 1.6785781383514404, -0.05238927900791168, -0.944183886051178, -1.0274779796600342, -1.9386330842971802, 4.133012771606445, 0.14504897594451904, 1.1336292028427124, 2.6525635719299316, -0.8832685947418213, 6.677480697631836, 1.279011607170105, -1.036595344543457, 0.25458425283432007, -1.0391813516616821, -1.5189497470855713, -2.1121556758880615, -2.7425589561462402, 0.6548169851303101, 0.08684813976287842, 0.2881632447242737, 1.583662509918213, -0.7248554229736328, 2.6477162837982178, 0.8015459775924683, -3.436619758605957, -1.3731240034103394, 0.9394040107727051, 3.308885097503662, 0.03664875030517578]",0,120.0
33,9606.ENSP00000409007,"[6.473259449005127, 2.099531888961792, -3.4207403659820557, -4.671727180480957, -1.7787138223648071, -1.8424382209777832, -7.924907207489014, 3.431060552597046, 4.78004264831543, -6.299102306365967, 5.277021884918213, 5.5007004737854, -1.1574372053146362, 2.991459369659424, 2.7099757194519043, -1.8435918092727661, -2.5590438842773438, 0.5447348356246948, -2.728102684020996, 6.307956695556641, -0.49376270174980164, 2.902996063232422, -2.9892737865448, 1.592858076095581, 2.882227897644043, -10.996847152709961, 2.219078302383423, 5.225183963775635, -6.515194892883301, -9.869010925292969, 4.864305019378662, -3.879077434539795, -0.6676097512245178, 0.4724903702735901, 2.2260451316833496, 6.861304759979248, -6.993755340576172, 5.299539566040039, -5.879086971282959, 3.6625735759735107, -3.803969621658325, 1.7969328165054321, -1.2189404964447021, 5.538563251495361, -0.5986543893814087, -3.6646978855133057, -2.039716958999634, -8.02016830444336, 2.848879098892212, 5.260522365570068, -5.61130428314209, 4.931703090667725, 3.0061960220336914, 3.696645498275757, -1.4026134014129639, -3.934603214263916, 7.028032302856445, 4.048384666442871, -7.554703712463379, -2.7024805545806885, -6.51019811630249, -1.2875200510025024, -1.639448881149292, 5.646303653717041, -3.951961040496826, -7.050565719604492, 1.5251582860946655, -6.166291236877441, -9.142903327941895, -6.406416893005371, -1.0916160345077515, -7.288061618804932, 6.734952449798584, -0.05736306309700012, 4.533217430114746, 5.51056432723999, -8.368463516235352, 0.9340242147445679, -4.28795862197876, -0.5836745500564575, 3.3113291263580322, 2.0815236568450928, -2.7442009449005127, -1.4505971670150757, -0.4533193111419678, 7.993221759796143, 4.521782875061035, -5.650086402893066, 3.230741500854492, 1.6179375648498535, -3.351043462753296, 2.1657283306121826, 3.8721041679382324, 2.519683599472046, 0.7863782644271851, 5.531244277954102, 7.359119892120361, -7.325589179992676, 4.658785343170166, 2.61747670173645, 5.827755928039551, 4.458418846130371, -5.819032669067383, 6.447330474853516, -2.6564998626708984, -5.459666728973389, 2.8134546279907227, 2.2679085731506348, 3.293510913848877, 7.564334869384766, -5.189113616943359, -7.635897636413574, 3.427173376083374, -4.705042362213135, -2.331660270690918, -7.521785736083984, -0.1541643738746643, -4.8633341789245605, -5.618216514587402, 5.9236578941345215, 7.517728328704834, -1.6734740734100342, 2.095881938934326, 0.311737060546875, 6.6725287437438965, -3.206122875213623, -1.659566044807434, 2.0422160625457764, 3.835369348526001, 5.539821624755859, 5.876493453979492, -5.5421462059021, -0.8460463285446167, -2.515868663787842, -5.940223693847656, -2.75555682182312, 2.7335662841796875, 2.8439230918884277, 8.62016773223877, -6.392086982727051, 1.0902825593948364, -2.701510429382324, -1.3262314796447754, -4.077143669128418, 3.503023624420166, -2.417044162750244, -7.91400146484375, -2.8902089595794678, 8.660030364990234, 4.545124530792236, -3.521775722503662, 2.903965711593628, -1.5472934246063232, -2.7248475551605225, 0.8436107635498047, 0.5068972110748291, 2.476191520690918, 4.218463897705078, -2.8295681476593018, 5.849941253662109, -5.335860729217529, -4.64541482925415, -1.2809172868728638, -5.705632209777832, 1.4640743732452393, -3.0077414512634277, 2.5963330268859863, -6.7190656661987305, 5.433874607086182, 1.0471205711364746, -4.0809855461120605, -4.180729866027832, -5.388271331787109, 3.076467514038086, -6.631198406219482, -6.4208550453186035, -4.369429588317871, 5.117042541503906, -2.2779810428619385, 7.044764518737793, 4.791347503662109, 8.310418128967285, -4.2258782386779785, -2.8846259117126465, 3.9314475059509277, -3.750386953353882, -0.7843706607818604, -5.95050048828125, 5.307862281799316, -2.2118306159973145, 1.4262583255767822, 5.227316379547119, -4.525360107421875, 6.375350475311279, 6.727326393127441, -4.924782752990723, -4.052988052368164, -3.3632681369781494, 4.5832839012146, 2.7229154109954834]",0,18.0
34,9606.ENSP00000380070,"[6.225926399230957, -2.4076554775238037, 4.478881359100342, 3.803353786468506, -2.2894437313079834, 3.18339467048645, 1.8057363033294678, -0.173909991979599, -2.2829856872558594, 2.387234687805176, 2.983882427215576, -3.791585922241211, 1.0124455690383911, -3.5399086475372314, -2.2013375759124756, -1.4685696363449097, 1.5458788871765137, 0.9744085073471069, 3.6891400814056396, 4.920482635498047, -3.054335594177246, -3.1097562313079834, -0.3520849347114563, 1.1174957752227783, -4.26557731628418, -6.355470657348633, 1.1155693531036377, 2.6185078620910645, 1.2554200887680054, -5.577232837677002, -1.68585205078125, -6.083912372589111, -1.706466794013977, 4.178167343139648, 3.310804605484009, -4.716028690338135, 0.7667704224586487, -2.4377079010009766, -0.46510133147239685, -2.397102117538452, -1.5757653713226318, -2.7699968814849854, -5.127339839935303, 2.0337769985198975, 0.5874894857406616, -2.395158290863037, 4.925886631011963, -2.714047431945801, -5.180718421936035, 0.6429426670074463, 3.645129442214966, 6.272300720214844, 1.3675833940505981, -1.171046495437622, 1.635389804840088, -5.823229789733887, 4.5450286865234375, -3.5293056964874268, 6.831313133239746, -2.3571135997772217, -8.253331184387207, -0.1213107705116272, 3.300084352493286, 1.1224223375320435, 2.6456284523010254, 0.1999819576740265, 3.7275290489196777, -6.399465084075928, -1.396233320236206, 1.6134573221206665, 3.1885573863983154, 1.6001921892166138, 1.2219899892807007, -2.9454822540283203, -1.7413264513015747, 3.269350051879883, 0.26148250699043274, -3.6150307655334473, -3.9871795177459717, 2.911428451538086, 0.519986629486084, 6.536296844482422, -3.317582130432129, -0.1485133171081543, 1.6918483972549438, 3.4681055545806885, -2.821732997894287, 2.5660321712493896, -4.103484153747559, 3.153115749359131, -3.862853527069092, 7.610727787017822, 4.567501544952393, -3.9178802967071533, -3.933584213256836, 3.5203206539154053, -3.2598586082458496, -0.8423030376434326, 4.307554721832275, 0.8196269273757935, 3.330575942993164, 4.2087578773498535, -5.482694625854492, 5.235620975494385, 3.1458139419555664, 4.488174915313721, -4.994650363922119, -2.737232208251953, 1.2706018686294556, -1.7675187587738037, -1.0294469594955444, -0.39145147800445557, 1.0850622653961182, -3.4332027435302734, -6.053149700164795, 0.9454621076583862, 0.5103709101676941, -2.3031513690948486, -3.0437216758728027, 3.8848319053649902, 3.4778268337249756, 0.014039576053619385, 2.9255080223083496, 1.2865009307861328, -1.0404233932495117, 0.9823251962661743, -4.129110813140869, -5.714869499206543, 2.305767774581909, -2.686579465866089, 2.8696670532226562, 2.1927571296691895, -3.574742555618286, 2.5015196800231934, -3.959995985031128, 3.2093310356140137, -3.3282663822174072, -1.4765113592147827, 2.696223735809326, 1.3987950086593628, 5.405923366546631, 0.35099977254867554, 3.123997449874878, -1.1089189052581787, 3.0059306621551514, 2.5042388439178467, -6.412613868713379, -1.2140048742294312, 2.6888504028320312, 2.42909574508667, 1.093825340270996, -2.0887441635131836, 0.1915682554244995, 4.59468412399292, 0.010003358125686646, -0.5604335069656372, -0.6867806911468506, -2.005378007888794, 2.6476666927337646, 1.1784496307373047, -0.3672187328338623, 0.5660842657089233, 0.6216424703598022, -3.3227453231811523, 2.0185370445251465, 0.16447706520557404, 1.594364047050476, -1.6970359086990356, 4.782931804656982, 0.9463737607002258, 4.440028190612793, 0.5488875508308411, 3.783755302429199, -2.1125121116638184, -3.1130294799804688, 2.9750070571899414, -0.027646899223327637, 5.7009196281433105, -0.20245327055454254, -3.5990095138549805, 6.227701663970947, 3.8787553310394287, -0.8849505186080933, -0.11664912104606628, -4.371816158294678, 1.6270211935043335, -4.633387565612793, -2.5768020153045654, 6.118922233581543, 0.18796952068805695, 4.503613471984863, -5.3701934814453125, -7.41285514831543, 6.21295690536499, 1.6404438018798828, 0.061784528195858, 0.7250936031341553, -3.6658809185028076, 4.69058895111084, -1.396385669708252]",0,34.0
35,9606.ENSP00000449089,"[6.953990459442139, -0.8774755001068115, 1.7902429103851318, 1.4296610355377197, 1.8100770711898804, 1.147054672241211, -1.8219342231750488, 4.074049949645996, -4.371084213256836, -1.1357084512710571, 5.881274223327637, -6.098717212677002, -1.318265676498413, 0.17476296424865723, -3.1734161376953125, -4.501502990722656, 1.6971091032028198, 4.179687976837158, 2.3055243492126465, -0.46304139494895935, -2.798196315765381, -8.91486930847168, -0.36571604013442993, 3.8367857933044434, 0.7391975522041321, -0.733296275138855, 2.026798725128174, 2.806929349899292, 6.182549953460693, -4.957119941711426, -2.791454792022705, -4.152839660644531, 1.4361166954040527, -0.7898098230361938, 4.88694429397583, 4.523777008056641, -1.4582085609436035, -3.1324539184570312, -4.335244655609131, -2.857781410217285, -2.7312164306640625, -0.404107928276062, -1.7876501083374023, 1.6806156635284424, 1.6387417316436768, -5.751382350921631, 3.148550510406494, -0.46700507402420044, -5.816166877746582, -3.529095411300659, 5.342639923095703, 4.566932201385498, 9.332975387573242, -3.081472635269165, 1.6430697441101074, -2.804044485092163, 4.610875606536865, -3.597679615020752, 4.70617151260376, -1.3476207256317139, -6.743904113769531, 4.790802478790283, 5.961312294006348, 0.5648020505905151, 0.7444772720336914, 2.2956809997558594, 1.3166601657867432, -7.409739017486572, 1.9571703672409058, 3.637505054473877, 3.430729866027832, 1.8469305038452148, 6.396215915679932, -2.7393202781677246, -4.8713202476501465, 7.7482476234436035, 4.214113235473633, -3.2911219596862793, -2.7826805114746094, 2.956252336502075, 0.2657178044319153, 7.788311004638672, -5.234963893890381, -2.483950614929199, 3.7698185443878174, 0.5277565717697144, -3.4829704761505127, -0.3935706317424774, -3.181983470916748, 3.0761351585388184, -3.1399660110473633, 5.50856876373291, 6.461761951446533, -0.7157703638076782, -6.936209678649902, 3.8731653690338135, -2.9200799465179443, -0.4983616769313812, 3.870173692703247, 2.459925413131714, 2.450995922088623, 5.993829727172852, -1.9964501857757568, 5.32824182510376, 4.351067543029785, 3.4242749214172363, -3.3057799339294434, -2.483893871307373, 0.5784260034561157, -2.17592453956604, -1.885298490524292, 3.850316286087036, -5.249235153198242, 0.5229514837265015, -3.054363489151001, 1.942101001739502, 0.3917205333709717, -2.810000419616699, -1.3906179666519165, 2.978902578353882, 3.557635545730591, 1.8909434080123901, 1.267875075340271, 1.6003401279449463, 4.006690979003906, 0.8145425319671631, -3.128859758377075, -5.5686211585998535, 3.5984954833984375, -1.4190940856933594, 5.103631496429443, 3.053354501724243, 3.0301482677459717, 0.6484289169311523, -6.330826759338379, 7.342391014099121, -1.3927513360977173, -0.2932811975479126, 4.061140537261963, 2.0200326442718506, 3.4606542587280273, 1.2821158170700073, 1.9362435340881348, -3.7285358905792236, 5.617166519165039, 3.9409778118133545, -8.632862091064453, 3.2384119033813477, 1.91304349899292, -3.947112798690796, 3.152440071105957, -1.60483980178833, 0.8246427774429321, 4.551787853240967, -2.7929890155792236, -0.5597431659698486, -0.42113226652145386, 1.1666780710220337, -1.6289482116699219, 0.9049608707427979, 0.9411575198173523, -0.38053274154663086, -3.0332443714141846, -3.1064443588256836, 2.7111074924468994, 0.6735258102416992, 0.2351856529712677, -0.6458936929702759, -0.09299826622009277, 0.24666449427604675, 5.600360870361328, -3.574432134628296, 2.3806633949279785, -2.9021811485290527, 0.8079460263252258, 4.458826541900635, 2.5346150398254395, 4.876120090484619, 3.1441383361816406, -5.335046291351318, 7.3542399406433105, 2.1711771488189697, -5.393961429595947, -3.8867194652557373, -1.1291786432266235, -0.8434370160102844, -2.0707967281341553, -6.277866363525391, 5.586587429046631, -0.4986457824707031, 2.701366901397705, -0.44156521558761597, -3.259974241256714, 1.6056956052780151, 0.685238242149353, -1.5788180828094482, 3.061645746231079, -6.4303693771362305, 6.267658710479736, -3.318213701248169]",0,1.0
36,9606.ENSP00000253719,"[2.9566338062286377, -0.4972323179244995, 0.5620387196540833, -0.14635832607746124, -0.9272916316986084, -1.6126230955123901, 0.4768105149269104, 0.4105316996574402, -0.34664982557296753, 1.1862101554870605, 1.2789297103881836, -1.002880573272705, -0.5325993895530701, 0.9327455759048462, -2.387106418609619, -0.46372267603874207, 1.3618369102478027, -0.21344861388206482, 0.815106987953186, 0.13858745992183685, -0.9320293664932251, 0.29745423793792725, 0.34170591831207275, 0.5132986903190613, -0.6073912382125854, -0.28509166836738586, -2.1989552974700928, -1.1604799032211304, 2.7131896018981934, -2.6217827796936035, -1.5910124778747559, -0.8824079632759094, -0.6436638832092285, 1.3224927186965942, 0.7105388045310974, -1.2388633489608765, 1.5229412317276, -1.361345887184143, -1.8498988151550293, -1.340337872505188, -1.0985487699508667, 0.6627442836761475, -3.1430063247680664, 0.013982400298118591, 0.36227503418922424, -0.24683421850204468, 3.889132022857666, -1.7407987117767334, -0.16301921010017395, -0.0016386806964874268, 1.6590478420257568, 2.23101806640625, 1.4686723947525024, 1.5109477043151855, 1.1912651062011719, 1.6739782094955444, 0.46123772859573364, -1.4810447692871094, 1.2518197298049927, -1.0841467380523682, -1.2117769718170166, 1.3182865381240845, 1.7163861989974976, 0.4298943281173706, -0.449901282787323, -0.2369004189968109, 1.0565741062164307, -1.4611552953720093, -0.46059826016426086, 0.08328285813331604, 1.2552893161773682, 2.3487656116485596, 2.204087734222412, -1.5304853916168213, -0.5636574029922485, 0.2281903326511383, 1.298313856124878, -0.4085615873336792, -2.758863925933838, 1.00315523147583, 1.366679072380066, 2.1329634189605713, -0.9128276109695435, -0.7129199504852295, -1.216374397277832, 0.5235742926597595, -0.08930531144142151, 0.36165332794189453, 0.6235211491584778, 1.47037935256958, 0.2522614598274231, 1.6545498371124268, -0.24449270963668823, -2.104734182357788, 0.009451150894165039, -0.3285577595233917, -1.3238396644592285, 0.02360418438911438, 1.2025525569915771, 0.03969031572341919, 1.7083461284637451, 0.587013840675354, -0.3731359839439392, 2.164306640625, 2.7797927856445312, -0.9993435144424438, -1.0907061100006104, -1.4912161827087402, 1.3509349822998047, -1.522308111190796, 0.23399992287158966, -1.6304177045822144, -0.8088359832763672, 1.6571640968322754, -0.9486126899719238, 1.1186403036117554, 1.5476634502410889, 0.5808133482933044, -1.6207629442214966, -1.407709002494812, 2.69560170173645, -1.438299298286438, 1.4608200788497925, -0.9050897359848022, -2.748544216156006, 1.1157867908477783, -1.824681043624878, -1.045939326286316, 0.7581794261932373, 0.28111526370048523, 1.05765962600708, 0.42516499757766724, -2.4694528579711914, 0.8608438968658447, -0.855574369430542, 0.4453897476196289, -0.8267097473144531, 0.6671884655952454, -1.6523765325546265, 0.7456915974617004, -1.0707257986068726, -0.6356784105300903, 1.4402623176574707, -1.97856867313385, 0.34625351428985596, 1.6882739067077637, -0.18918626010417938, 0.07312940061092377, 1.371577501296997, 1.1066029071807861, -0.23966848850250244, -0.8237671256065369, 0.09122493863105774, 0.16896992921829224, -1.1752903461456299, 0.5427149534225464, -1.0382188558578491, 0.5141648054122925, 1.6326568126678467, -1.8415374755859375, -1.3605490922927856, -0.5256991386413574, 1.7315170764923096, -1.0157629251480103, 0.2974643111228943, 0.9896194934844971, -1.419299840927124, 0.17763665318489075, 1.9962185621261597, 1.1853480339050293, 2.477071762084961, -0.36083951592445374, 3.017871618270874, -0.8636499643325806, -1.9860752820968628, 1.0783355236053467, 1.2011775970458984, 1.4478166103363037, -0.6775257587432861, 1.05380380153656, 1.8871103525161743, 2.339016914367676, -0.20807799696922302, -0.8915246725082397, 0.14859376847743988, -1.3513509035110474, -1.2016491889953613, -1.0938260555267334, 2.5637898445129395, -1.5443017482757568, 0.21538448333740234, -2.446058511734009, 0.6354035139083862, 0.5337213277816772, 0.5444108247756958, -0.8754633665084839, -1.2065374851226807, 0.08743515610694885, 1.4211705923080444, -1.0731651782989502]",0,143.0
37,9606.ENSP00000236671,"[7.019463539123535, 0.005098521709442139, 4.060682773590088, 0.17852666974067688, -2.0796875953674316, -0.5359532833099365, 0.5269287824630737, 1.4845359325408936, 0.5629580020904541, 3.020383358001709, 2.7712857723236084, -4.64771032333374, 0.2335371971130371, -0.15691497921943665, -3.32291841506958, -3.3783061504364014, 0.8191940784454346, 1.6835719347000122, 0.740431547164917, 0.6997616291046143, -3.599100112915039, -1.2258217334747314, 1.1065407991409302, 1.9654022455215454, -2.49847674369812, -2.9758002758026123, -3.8432018756866455, -0.992748498916626, 5.805330276489258, -5.200292110443115, -2.559969663619995, -3.011104106903076, 0.9662773609161377, 2.911496639251709, 1.4679269790649414, -0.6201122999191284, 1.3445947170257568, -3.470085382461548, -4.183647155761719, -2.8080739974975586, -4.316631317138672, -0.19029657542705536, -5.83847188949585, 0.5635297894477844, 0.8694040179252625, 2.8218698501586914, 5.309532165527344, -2.093398094177246, -4.239616870880127, -2.239375591278076, 4.633981704711914, 5.537814140319824, 4.866179943084717, 3.3299951553344727, 3.8482747077941895, -0.9219303727149963, 4.799098968505859, -2.9134087562561035, 4.736386299133301, -0.9922571778297424, -4.6819353103637695, 3.4243242740631104, 6.2664103507995605, -0.49069109559059143, -1.3071537017822266, -2.2676069736480713, 3.2267589569091797, -5.177197456359863, -0.9186950325965881, 1.7265346050262451, 2.43461275100708, 4.904627323150635, 2.32576322555542, -1.9826592206954956, -2.123666286468506, 2.469158172607422, 3.8531641960144043, -2.292600631713867, -4.006565570831299, 2.5733344554901123, -0.2882377803325653, 5.2028584480285645, -2.0658373832702637, 0.7000253200531006, -2.088311195373535, 1.8325910568237305, -1.4582469463348389, 0.43752825260162354, -1.6964352130889893, -0.05790222808718681, -2.414891481399536, 5.219918251037598, 3.1600117683410645, -1.0538411140441895, -1.1146446466445923, 1.091536521911621, -1.9950268268585205, 0.7995263934135437, 5.608369827270508, -0.4422844350337982, 3.884960174560547, 0.8968092799186707, -4.7538018226623535, 3.6303658485412598, 4.034511566162109, 1.6170438528060913, -2.2875735759735107, -1.7441039085388184, 3.8721511363983154, -3.9100654125213623, 2.218832015991211, 0.12046819925308228, -3.238100528717041, -1.094839334487915, -0.9288538694381714, 2.2604894638061523, -0.7772088050842285, 0.8069322109222412, -2.517271041870117, 1.016304612159729, 4.6802978515625, -2.617769479751587, 3.0693116188049316, -0.14028190076351166, -5.34848690032959, 3.774324417114258, -4.153419017791748, -3.1757099628448486, 2.7214486598968506, -2.1230571269989014, 2.8261306285858154, 2.169114828109741, -3.01916766166687, 3.8898074626922607, -1.133852481842041, 1.4277561902999878, -3.2334072589874268, -3.20475172996521, -2.773332357406616, 2.3699052333831787, 1.9938743114471436, -0.6574540138244629, 4.314560890197754, -6.387145519256592, 2.7941598892211914, 2.44384503364563, -0.11229753494262695, -0.9366495609283447, 4.475122451782227, -0.07052898406982422, 2.6165614128112793, -3.4218943119049072, -0.2269253432750702, 2.329378366470337, -0.8720821738243103, -0.10075941681861877, -1.2165740728378296, -0.3024826645851135, 3.261364698410034, -3.323389768600464, 0.1830981969833374, -0.9867738485336304, 0.7900791168212891, -3.8541250228881836, -0.18969199061393738, 1.7682737112045288, -1.471145749092102, 1.0248619318008423, -0.7194329500198364, -0.7303416728973389, 6.8731160163879395, -1.8920648097991943, 6.5655012130737305, 0.8450368642807007, -1.0978962182998657, 2.3442184925079346, 1.50675368309021, 4.524379730224609, -0.07568725943565369, 0.09659138321876526, 2.5701050758361816, 4.23779296875, 0.22925053536891937, 0.575650155544281, -1.9773707389831543, 1.8164253234863281, -4.1687517166137695, -1.2961798906326294, 2.7600345611572266, -0.8615832328796387, -2.3959269523620605, -3.0973281860351562, -1.3838777542114258, 1.2753242254257202, -2.1733450889587402, -1.7197436094284058, -1.1692836284637451, -0.8497240543365479, 5.808622360229492, -4.391570091247559]",0,61.0
38,9606.ENSP00000363596,"[3.338963031768799, -2.1181352138519287, 2.2176170349121094, 2.275775671005249, -1.4171271324157715, 1.9737823009490967, -1.014977216720581, 2.4689056873321533, -1.048799753189087, -1.7957940101623535, 5.280787467956543, -0.22634541988372803, -0.6122126579284668, -2.4594240188598633, -0.9000068306922913, 0.5256333351135254, -4.152398586273193, -0.3358699381351471, 0.9551208019256592, 3.0375454425811768, 1.3951587677001953, -0.2897024154663086, 0.21286654472351074, -3.161665201187134, 2.429637908935547, -4.32455587387085, 1.046589970588684, 3.4588782787323, 1.4988117218017578, -2.3003246784210205, -0.4403631091117859, -3.314852714538574, -1.0454809665679932, 1.9812462329864502, 4.52450704574585, -1.072953701019287, -3.55216121673584, -0.3318440020084381, -1.929345965385437, -1.484048843383789, -2.411064863204956, -1.6901421546936035, -0.6129457354545593, 0.6294757127761841, -1.2064398527145386, -3.1511123180389404, 3.6060080528259277, 0.0335235595703125, -4.022805213928223, 1.8454922437667847, 1.562624216079712, 3.111590623855591, 1.7288143634796143, 0.16743479669094086, -0.5590478181838989, -2.737156867980957, 2.841489315032959, 0.6609736680984497, 1.262580156326294, -2.8641433715820312, -3.368823289871216, 1.9000627994537354, 0.9831447601318359, -0.1538185328245163, 0.3693685531616211, -0.9439336061477661, 1.9301297664642334, -2.8412113189697266, -0.7106374502182007, 0.4686964750289917, 1.4412354230880737, 3.2680187225341797, 0.5778973698616028, -2.421226978302002, -0.21470002830028534, 6.818579196929932, 1.5315133333206177, 2.0535147190093994, -1.2131601572036743, -0.6957576870918274, 2.1791770458221436, 1.1410462856292725, -2.2607526779174805, -1.6585338115692139, 0.6968899369239807, 0.5423369407653809, -0.1664687693119049, -2.0566928386688232, -1.5036966800689697, 1.9686843156814575, -2.7823171615600586, 2.68211030960083, 3.400317907333374, -0.4318232238292694, -3.2651619911193848, 1.7343518733978271, -2.6653597354888916, -1.5972965955734253, 1.5938924551010132, 1.8219003677368164, 2.641299247741699, 3.1985676288604736, -2.4842936992645264, 4.7585062980651855, 0.8770284652709961, -2.151522636413574, -3.5360095500946045, 0.3892209529876709, 0.48467832803726196, 0.054267168045043945, -1.3929526805877686, -0.151789128780365, 1.5204845666885376, -3.179077386856079, -2.886035203933716, 0.16557618975639343, 0.11026787757873535, -0.5772712230682373, -2.9517393112182617, 6.36217737197876, 3.999960422515869, -0.8332577347755432, 1.5302807092666626, -0.3606410026550293, 1.1413196325302124, 0.6170291900634766, -4.925008296966553, -2.393951654434204, 1.2167022228240967, -0.9095665216445923, 2.4980180263519287, -0.008485034108161926, 0.4517909288406372, -0.212088942527771, -3.247992515563965, 1.4473623037338257, -2.6033599376678467, -1.7157453298568726, -1.602945327758789, 1.8675187826156616, 5.916012287139893, -1.0889798402786255, -2.5469110012054443, -3.4267561435699463, 1.91544771194458, -0.13628408312797546, -2.0318210124969482, -1.258664608001709, 1.8066933155059814, -0.35533177852630615, 1.416633129119873, -1.4063855409622192, -0.41663649678230286, 2.244797468185425, -0.48786231875419617, -1.1068235635757446, 0.35672253370285034, -1.2468888759613037, 3.3548178672790527, 0.025875896215438843, -1.5943386554718018, -2.246727705001831, -0.017878830432891846, -1.8769766092300415, 3.992342472076416, 1.9900805950164795, 3.1376423835754395, -1.6874767541885376, 0.0953240692615509, 1.391308069229126, 5.139786243438721, -2.61629056930542, -0.2997564971446991, 1.1276559829711914, -1.008744716644287, 0.4062782824039459, 0.6230307817459106, 2.6091485023498535, 0.07142256200313568, -1.228695034980774, 2.8585312366485596, 4.266158580780029, -1.140520453453064, -2.1616244316101074, 0.20444047451019287, 0.5950260162353516, 1.3912800550460815, -1.644085168838501, 5.962155342102051, -0.09017279744148254, 2.53914213180542, 0.6926717758178711, -1.2572075128555298, 3.9885919094085693, 2.0509488582611084, -0.5594056844711304, 0.6889652013778687, -4.835581302642822, 2.3724591732025146, -0.806790292263031]",0,31.0
39,9606.ENSP00000358513,"[4.47086763381958, 2.4292616844177246, 0.10005024075508118, -0.28496623039245605, 0.8745534420013428, 0.613254189491272, -7.3880157470703125, 1.314492106437683, 2.035517930984497, -7.132689952850342, 6.357450008392334, -0.6662002205848694, -0.8752645254135132, -4.741631984710693, 1.7135220766067505, -1.1203372478485107, -5.579356670379639, -3.0189573764801025, 1.1860899925231934, 5.03042459487915, 8.187885284423828, -0.42314738035202026, -0.5166141390800476, -0.8851162195205688, 3.5749526023864746, -9.934165000915527, 0.8888020515441895, 3.3297479152679443, 2.3079400062561035, -4.529731273651123, 0.1627385914325714, -7.288974761962891, -4.42498254776001, 5.785943031311035, 7.707592010498047, 0.2884296476840973, -6.326100826263428, 7.607898712158203, -8.697454452514648, -2.5630781650543213, -7.079030990600586, -2.2907567024230957, 3.1629929542541504, 2.945472002029419, -0.17734196782112122, -4.410164833068848, 8.325115203857422, -5.3167901039123535, -10.34517765045166, 1.5533477067947388, -3.365964889526367, 8.83486270904541, 4.361973285675049, 2.3629353046417236, -2.4276509284973145, -6.6383137702941895, 6.399681568145752, 1.2081732749938965, -5.078351020812988, -4.052828311920166, -6.820921421051025, -1.113168716430664, -2.2685554027557373, 1.7371296882629395, -2.9134316444396973, -5.7529401779174805, 2.478073835372925, -9.982677459716797, -4.2566986083984375, -2.1249711513519287, -2.0465199947357178, 3.6666603088378906, 1.6097475290298462, -2.687209129333496, 1.5755163431167603, 12.590015411376953, -1.3920129537582397, 3.445876359939575, -4.068802833557129, -3.7130038738250732, 4.048812389373779, 4.280239582061768, -5.435099124908447, -4.119997024536133, 4.443211555480957, 1.4264512062072754, -1.1643967628479004, -1.9530842304229736, 0.951702356338501, 1.5047433376312256, -6.769021987915039, 5.426063537597656, 5.670917510986328, 1.3375080823898315, -2.6099793910980225, 5.058674335479736, -2.530060291290283, -4.916661262512207, 6.29471492767334, 2.9392309188842773, 5.790187358856201, 4.486047267913818, -1.9443994760513306, 8.703559875488281, -0.06939983367919922, -3.0628583431243896, 0.6843706369400024, 0.6982686519622803, 4.214139938354492, 1.104201316833496, 0.48759448528289795, -5.503236293792725, 1.7396159172058105, -5.9134521484375, 0.018397122621536255, -4.143030643463135, 0.8046737313270569, -2.3444297313690186, -5.069628715515137, 6.3958563804626465, 7.167107105255127, 2.672175645828247, 1.9295287132263184, -0.7031063437461853, 5.079269886016846, 0.7091814279556274, -6.249401092529297, -0.7397353649139404, 3.2477118968963623, 1.4003000259399414, 4.834199905395508, -1.801633596420288, -0.38290098309516907, -0.31544578075408936, -4.75169038772583, -1.3464596271514893, 1.6547132730484009, -1.5689102411270142, -1.301161766052246, 2.6133008003234863, 10.967375755310059, -2.618913412094116, -6.443647384643555, -6.17939567565918, 4.471760272979736, -2.193005323410034, -1.5509591102600098, -6.013633728027344, 2.961927890777588, -0.06375004351139069, -1.3747700452804565, 1.9239238500595093, -2.8045289516448975, 0.6658167839050293, 0.8821532726287842, 3.145132303237915, 2.749917507171631, 2.288828134536743, 2.135312795639038, 1.6863611936569214, -2.7409045696258545, -2.7899084091186523, 1.0365321636199951, -1.191109538078308, 8.693612098693848, -1.569772481918335, 8.387534141540527, -2.576151132583618, 1.3249198198318481, 3.8876802921295166, 8.817339897155762, -8.491713523864746, -7.073922157287598, 1.3372021913528442, -3.6763410568237305, -0.13479480147361755, -3.4352633953094482, 4.977864742279053, -1.1609580516815186, -2.223727226257324, 6.872537612915039, 5.4993414878845215, -3.7608747482299805, -2.014169216156006, 3.212240695953369, -4.338098526000977, 3.3442883491516113, -4.47898006439209, 9.954736709594727, 0.5372627377510071, 4.013845920562744, 1.9994174242019653, -2.5448436737060547, 6.058244228363037, 5.86414909362793, -6.350347518920898, -2.736666440963745, -9.358593940734863, 4.744559288024902, 3.039294481277466]",0,16.0
40,9606.ENSP00000387262,"[2.2972941398620605, 0.29189738631248474, 1.417527198791504, 3.0304386615753174, 1.872684121131897, -0.29736021161079407, -1.9449232816696167, 1.5643723011016846, -3.835662841796875, 2.5378432273864746, 2.5349042415618896, -3.31552791595459, -0.28969380259513855, -0.8742893934249878, -0.31050193309783936, -2.377321720123291, 1.1405116319656372, 2.6097493171691895, 2.0528881549835205, -1.4774155616760254, -2.5833215713500977, -1.0577588081359863, 0.8040744066238403, 2.6679489612579346, -3.7835731506347656, -1.559390902519226, 1.3966689109802246, 0.22532130777835846, 3.2530019283294678, -1.238539457321167, -2.48334002494812, 0.23837275803089142, -1.0342395305633545, -2.388537883758545, 3.9691200256347656, -3.002624273300171, 1.4617103338241577, -2.4213948249816895, -3.0494463443756104, -3.5651280879974365, -2.57230281829834, 0.7435932159423828, -3.185875415802002, -1.2572064399719238, 1.801371693611145, -0.3217019736766815, 1.6622591018676758, 0.9847098588943481, -2.628877639770508, -1.2731654644012451, 2.936549425125122, 2.961883068084717, 0.3547884225845337, -0.1004641205072403, 1.8385034799575806, 0.20847591757774353, 1.5677025318145752, -0.24082857370376587, 2.968663215637207, -3.589902639389038, -3.703990936279297, 3.116673231124878, 2.7309248447418213, 0.6102150678634644, -0.5725736021995544, 3.9372363090515137, 1.7121129035949707, -3.3868186473846436, 1.2792166471481323, 1.5669593811035156, 2.2509102821350098, 1.0649811029434204, 0.3696681261062622, 1.1092638969421387, -3.2799830436706543, 2.6414942741394043, 2.1206347942352295, -4.507310390472412, -1.4637870788574219, -0.10279789566993713, -0.3729434907436371, 4.635000705718994, -2.5009939670562744, -0.38466858863830566, 3.346024751663208, -0.46855872869491577, -1.6299856901168823, 1.4478933811187744, -3.43083119392395, -0.4367513358592987, -3.1424450874328613, 3.9799628257751465, 1.6090190410614014, -0.47529733180999756, -2.860914945602417, 4.259384632110596, -1.9506148099899292, 1.1014258861541748, 2.768808364868164, -1.6184263229370117, 0.8890233039855957, 3.655329942703247, -3.14756178855896, 2.403193473815918, 3.155416488647461, 0.541130006313324, -0.030086681246757507, -1.2416709661483765, 0.4558868706226349, -2.4498066902160645, 1.3994224071502686, 2.3377857208251953, -2.761786460876465, -2.210148572921753, -4.082370758056641, 2.059760332107544, 2.929520606994629, -1.9646847248077393, -1.2801485061645508, 1.0767464637756348, 1.8846886157989502, 2.378324508666992, 2.7522101402282715, -0.005223706364631653, 1.538796067237854, 0.7180585861206055, -0.7828373908996582, -2.869873046875, 3.9100918769836426, -3.094846248626709, 0.8774323463439941, 1.994549036026001, -1.3663021326065063, -1.563995361328125, -2.8316144943237305, 1.4214123487472534, -1.83107328414917, -2.4366378784179688, -1.724027156829834, 2.298516273498535, 2.871943473815918, 1.1571897268295288, 0.549920380115509, -2.9234824180603027, 1.8576722145080566, 3.5218429565429688, -4.122489929199219, -3.121349811553955, 0.45739996433258057, -1.1734540462493896, 0.6023690700531006, -2.2419538497924805, 2.0757265090942383, 3.1234374046325684, -2.403491497039795, 0.21500971913337708, 2.912590980529785, -2.393021821975708, -2.492699146270752, -1.3102535009384155, 0.2999230921268463, -1.73343825340271, -0.3918352723121643, -2.41432523727417, -0.08704710006713867, 1.220687985420227, 0.20596542954444885, 0.9798187613487244, 0.07843543589115143, -0.8258647918701172, 3.8800339698791504, 1.5410422086715698, 2.804187059402466, -1.8569414615631104, 0.6663941144943237, 0.6989812254905701, 2.3479065895080566, 3.028857469558716, 0.7873491048812866, -3.3059840202331543, 1.1978895664215088, 2.7237391471862793, 0.7419289350509644, 1.7912919521331787, 0.012182295322418213, -1.630401611328125, -3.989436149597168, -2.157569169998169, 1.9063509702682495, -1.0546324253082275, 1.4523922204971313, 2.034027099609375, -3.1316699981689453, 3.128450632095337, -2.066222906112671, 1.50965416431427, 1.365481972694397, -3.7041757106781006, 1.0900678634643555, -4.254020690917969]",0,76.0
41,9606.ENSP00000454229,"[17.157421112060547, 0.7562004327774048, 3.6920270919799805, -0.46363309025764465, -2.779137372970581, 5.280029773712158, 2.039517879486084, 10.663609504699707, -0.4175633192062378, -3.2784922122955322, 13.366098403930664, -6.143923759460449, 0.8805394768714905, 1.0341248512268066, 1.0760695934295654, -12.2119722366333, -4.1892008781433105, 2.896172523498535, -0.726678192615509, 5.539649963378906, 1.949449062347412, -10.854610443115234, -0.8250471949577332, 0.8122592568397522, -2.417529582977295, -2.4099740982055664, -2.1050431728363037, 8.460139274597168, 2.9720451831817627, -4.946290969848633, -1.1846195459365845, -5.035377502441406, -4.25436544418335, -1.3268169164657593, 7.591821193695068, 1.7733556032180786, -3.626375675201416, -2.5836384296417236, -9.932159423828125, -3.9140396118164062, -9.023184776306152, -0.33093881607055664, 1.8366774320602417, -2.1539604663848877, 1.9933445453643799, -2.412236213684082, 15.162954330444336, -6.245876312255859, -14.985238075256348, -2.6390621662139893, 3.3753559589385986, 11.232434272766113, 12.460929870605469, 3.300515651702881, 1.5500164031982422, -7.514019966125488, 14.248438835144043, -1.6936511993408203, 3.084713935852051, -6.971194744110107, -17.568490982055664, 2.593231439590454, 1.4828674793243408, 3.1167306900024414, -0.019005119800567627, -2.6734421253204346, -1.2472105026245117, -10.627288818359375, -0.6992505788803101, -2.8096084594726562, 2.114455223083496, 7.029311656951904, 3.101438522338867, -6.5443243980407715, -2.3881192207336426, 14.00672721862793, 6.679213523864746, -7.570428848266602, -15.58642864227295, 2.3356709480285645, 3.542106866836548, 19.893604278564453, -10.773619651794434, 0.5247064232826233, 12.285017013549805, 9.493375778198242, 0.12819413840770721, -3.074352979660034, 1.386254906654358, -0.040462493896484375, -8.03612232208252, 13.595584869384766, 17.346677780151367, 4.1276140213012695, -4.6707305908203125, 11.787230491638184, -1.9079926013946533, 3.5998990535736084, 14.147378921508789, 0.8988758325576782, 4.619444370269775, 9.368450164794922, -7.613892555236816, 8.30966854095459, 6.273135662078857, 2.3977527618408203, -7.89534854888916, 1.1294875144958496, 10.732012748718262, -7.044792175292969, -8.395459175109863, 4.043834686279297, -7.018074989318848, -7.84214448928833, -3.1423113346099854, -0.5263274312019348, 8.653752326965332, -5.231087684631348, -6.874105453491211, 8.280065536499023, 12.475922584533691, 1.7849078178405762, 9.549633979797363, -4.087466716766357, 0.49438756704330444, -0.6823067665100098, -15.685482025146484, -4.739134311676025, 7.093447208404541, -1.123241662979126, 8.210603713989258, 2.0288710594177246, 1.4436806440353394, 1.277511477470398, -8.630094528198242, 3.8666582107543945, 1.7724705934524536, 0.7354608178138733, 4.449108123779297, -1.2686063051223755, 9.706135749816895, -5.3024115562438965, -2.675086736679077, -14.440054893493652, 13.601082801818848, 1.7399226427078247, -8.204021453857422, -5.604377746582031, 8.977434158325195, -2.773777484893799, 3.2145979404449463, -1.9995607137680054, 2.101078510284424, 0.6804704666137695, 1.9641246795654297, -0.5535331964492798, 5.902381896972656, -1.5839433670043945, -6.615665435791016, 0.6837791204452515, -1.4435945749282837, 0.31346237659454346, -2.070822238922119, -10.15074634552002, 8.168031692504883, 0.9882279634475708, 4.289297103881836, 3.5099196434020996, 1.8315691947937012, 3.125962018966675, 16.636573791503906, -7.7440972328186035, 0.8004754185676575, 0.22321340441703796, -3.595111608505249, 3.461993455886841, 1.054066777229309, 11.94036865234375, -0.46509498357772827, -3.633878707885742, 20.00044059753418, 12.855978012084961, -3.1542840003967285, -1.7126985788345337, 2.003981828689575, 0.01029697060585022, -5.348945617675781, -11.70588493347168, 12.060090065002441, 4.12393045425415, 5.871636390686035, 6.326681613922119, -11.829710006713867, 6.473749160766602, 1.5675386190414429, -7.807651519775391, -6.423054218292236, -15.118480682373047, 12.000414848327637, 4.030893802642822]",0,152.0
42,9606.ENSP00000318486,"[4.941700458526611, -5.168591499328613, 4.7081074714660645, 2.045250177383423, -5.123042106628418, 6.302855968475342, -6.967548847198486, 4.5530524253845215, -0.13775086402893066, 3.3881468772888184, 11.365080833435059, -3.329181671142578, 2.3684115409851074, 3.8822638988494873, -4.373290061950684, -1.4459233283996582, -5.2904157638549805, -0.8489994406700134, 5.23018741607666, 7.487213611602783, -3.746019124984741, -6.529444694519043, -1.7282721996307373, 2.216820001602173, -2.7352633476257324, -3.428973436355591, 1.623661756515503, 2.4106035232543945, 2.040297508239746, -5.545124530792236, -1.3132928609848022, -9.743313789367676, -0.9738813042640686, -1.468400001525879, 12.229783058166504, 0.42864924669265747, -6.6086201667785645, 1.4107391834259033, -9.564302444458008, -2.379737138748169, -5.1370697021484375, -0.2392427623271942, -2.242820978164673, 3.50940203666687, 0.11471885442733765, -6.841948509216309, -0.40181732177734375, -8.90654182434082, -0.7863906621932983, -3.0216140747070312, 3.062082529067993, 6.626295566558838, 2.4185192584991455, -0.2827029824256897, 1.389909029006958, -8.310593605041504, 10.354472160339355, -1.7128210067749023, -0.9062105417251587, -7.657036304473877, -8.238672256469727, 3.2113304138183594, 2.3585360050201416, 2.2835352420806885, -0.705715537071228, 3.4258902072906494, 3.2057855129241943, -3.902230739593506, -2.513658046722412, 4.752640724182129, 0.7292318344116211, -0.28463074564933777, 4.925415992736816, -6.318063735961914, -2.8278541564941406, 8.573464393615723, -3.1021523475646973, 0.09652505815029144, -8.457046508789062, -1.358306884765625, -0.7251782417297363, 9.85364055633545, -6.593473434448242, -3.0231597423553467, -1.7318305969238281, 4.233740329742432, -3.8209848403930664, -3.6270298957824707, -5.1437907218933105, 0.3248966634273529, -8.828277587890625, 4.989963531494141, 9.116151809692383, -2.428403377532959, -1.1851341724395752, 5.045202255249023, -3.719022274017334, -6.720775127410889, 8.386528968811035, 0.4660811424255371, 7.98607873916626, 4.138585090637207, -8.571512222290039, 5.303921222686768, 4.191725254058838, 0.5604149103164673, -5.723062992095947, 1.3971807956695557, -0.9729528427124023, 1.7355061769485474, -3.8172495365142822, 3.0777230262756348, -2.752322196960449, -7.9896159172058105, -3.773211717605591, -3.9060721397399902, 1.4148459434509277, -7.885598182678223, -5.176095962524414, 9.885082244873047, 8.959508895874023, 2.7095882892608643, 5.0078816413879395, -1.2949260473251343, 7.993945121765137, 1.1628332138061523, -5.118794918060303, -3.7109813690185547, 3.1850738525390625, -3.156613826751709, 10.022059440612793, 1.0535346269607544, 1.1353566646575928, 2.3930351734161377, -8.785639762878418, 4.728490352630615, -1.5827693939208984, 1.515685796737671, -1.4250602722167969, 3.53252911567688, 3.3910441398620605, -0.14387086033821106, 2.807875633239746, -7.165130615234375, 8.23222541809082, 2.7604806423187256, -11.239646911621094, -5.0092034339904785, 6.554982662200928, -1.652100682258606, 4.021801471710205, -3.956698417663574, -4.874029636383057, 2.8367180824279785, -2.1153552532196045, 0.3212783932685852, 1.7968292236328125, -0.9953233003616333, -2.8038089275360107, 4.288345813751221, -2.6955316066741943, 0.30108606815338135, -2.2935731410980225, -7.029860019683838, 0.7807029485702515, 3.0713253021240234, 6.5731520652771, -0.9313195943832397, 2.8774068355560303, 4.559693813323975, -0.014352560043334961, -0.48452258110046387, 0.48706215620040894, 1.1476596593856812, -3.1896815299987793, 3.645829677581787, 0.72950279712677, 8.516550064086914, 3.4490387439727783, -0.5166836977005005, 7.124795436859131, 9.47184944152832, -2.307058572769165, -5.213553428649902, -4.1521453857421875, 1.1609420776367188, -3.193676710128784, -5.248678684234619, 9.646859169006348, -2.119887113571167, 8.49301528930664, -3.8813893795013428, -10.121098518371582, 2.9172940254211426, 4.747227668762207, -4.7159528732299805, 1.371739387512207, -5.551690101623535, 11.333117485046387, -8.181389808654785]",0,170.0
43,9606.ENSP00000411397,"[3.9859349727630615, -1.2112925052642822, -0.12195378541946411, -0.006478011608123779, -3.188483476638794, 2.2577602863311768, 0.2628251612186432, 2.1712915897369385, -1.262799620628357, 2.574549913406372, 3.022418975830078, -3.364248752593994, -3.1670916080474854, 2.0115580558776855, 0.404817134141922, 1.875465750694275, 1.0278128385543823, -1.1826646327972412, 1.2704511880874634, 1.5584908723831177, 0.7702853083610535, -0.3270663619041443, -3.283194065093994, 0.1737804114818573, -1.2331664562225342, 0.3931112587451935, -0.7193393707275391, -0.3104037940502167, 1.644679307937622, 0.7225769758224487, -0.40672940015792847, -1.1002323627471924, -1.5560437440872192, 3.3042123317718506, 3.0424675941467285, -2.407921552658081, -1.8817294836044312, -2.2133774757385254, -1.9144389629364014, -1.6054444313049316, -0.5318080186843872, -0.2974854111671448, -3.0448379516601562, 2.5217885971069336, 0.787651538848877, -1.6553990840911865, -1.1364046335220337, -0.5285928845405579, -1.3942564725875854, 1.072715163230896, 2.358259677886963, 0.6909147500991821, 3.741111993789673, 2.8555328845977783, -0.14446359872817993, -2.523956775665283, 3.2115252017974854, -2.390289783477783, 3.2826695442199707, -1.6976184844970703, -0.9807955622673035, 0.3973578214645386, 1.1967321634292603, 1.0954158306121826, -1.1470718383789062, 0.7795392274856567, 0.5242226719856262, -0.5292313098907471, -3.040769577026367, 1.745011568069458, 0.43285703659057617, 0.2899013161659241, 3.0663652420043945, -2.263667106628418, -0.5332390666007996, 1.4487152099609375, -0.9037091732025146, 0.9637646079063416, -4.490356922149658, -0.3823908567428589, 2.7666263580322266, 1.8677564859390259, -1.3425337076187134, -1.249631404876709, -1.5364582538604736, 0.49118977785110474, -2.546312093734741, 0.12937146425247192, -1.7006438970565796, 2.056077241897583, -0.9687775373458862, 4.541379451751709, 0.7203914523124695, -0.6975405216217041, -0.7070439457893372, 0.8100717067718506, 0.12307444214820862, -1.5410094261169434, -0.10197634994983673, -1.2158828973770142, -0.18761000037193298, 1.2950366735458374, -1.2481234073638916, 1.318520188331604, 1.4913424253463745, 0.5782137513160706, -1.812687873840332, 0.04853984713554382, -1.7245110273361206, -2.757502555847168, -1.6042301654815674, 0.10923105478286743, 0.27484744787216187, -0.3486775755882263, -3.7474398612976074, 0.27978336811065674, -0.3798738718032837, -1.8007577657699585, 2.0870110988616943, 0.5540488958358765, 2.671025037765503, 0.06720182299613953, -0.1949472278356552, -1.8386424779891968, 1.1325944662094116, -0.2975105047225952, -3.119929552078247, -2.0454885959625244, -0.26530006527900696, 0.5066723227500916, 0.2026398479938507, 0.8446552753448486, 0.7781270146369934, 1.1706626415252686, -3.4295477867126465, 1.725624442100525, -0.48692673444747925, 0.14805760979652405, -0.33608680963516235, -1.3947826623916626, -1.1231470108032227, -1.40175461769104, 3.6543397903442383, -1.0312819480895996, 1.6705808639526367, 1.6685762405395508, -1.7192308902740479, -0.428111732006073, 3.0442752838134766, 1.6576642990112305, 0.8714265823364258, -1.2301366329193115, -0.14612093567848206, 2.5301806926727295, -1.9584733247756958, -0.2859957814216614, 0.7333453893661499, 0.21652354300022125, -0.2871813476085663, 1.6384702920913696, -2.57015323638916, -0.21144887804985046, 3.141352653503418, 0.5065174102783203, 1.8618918657302856, 1.763042688369751, -1.0736098289489746, -0.5565489530563354, 1.2681493759155273, 1.9482792615890503, 2.485177516937256, -3.9281535148620605, -0.17134006321430206, -0.30025508999824524, -1.4438273906707764, -0.7353870272636414, 0.8522462844848633, 2.2655677795410156, 1.6816155910491943, 0.45067641139030457, 0.25514185428619385, 0.8080063462257385, -0.9883817434310913, -4.175400257110596, -2.375654935836792, -2.336545467376709, 0.3911362290382385, 1.3560317754745483, 1.7369248867034912, -0.6578667163848877, 2.1383535861968994, 2.3176538944244385, -1.7936201095581055, -2.393035411834717, 4.412873268127441, -0.9465140700340271, -2.818542242050171, -2.0580923557281494, 2.9367516040802, -0.763394296169281]",0,154.0
44,9606.ENSP00000321656,"[0.9951436519622803, 1.7040327787399292, 1.50376296043396, -0.8538962602615356, -2.3082072734832764, 0.6035524606704712, -1.0667005777359009, 0.5728336572647095, -1.2277945280075073, 1.5180046558380127, 5.3837890625, 0.02549600973725319, -0.732164740562439, 0.2960134744644165, 1.5624123811721802, -0.7626144886016846, 0.5844496488571167, -0.9500833749771118, 0.1454772651195526, 0.49120640754699707, 1.1566808223724365, -1.1383442878723145, 0.2211533486843109, 1.976969599723816, -0.6960299015045166, 0.0657632052898407, -0.2319757640361786, 2.6271679401397705, 0.27168145775794983, -0.4961824417114258, -0.15677380561828613, -3.70811128616333, -2.6290283203125, 0.0964321494102478, 0.948116660118103, -1.826103925704956, 0.11544498801231384, -0.9359675645828247, -3.741748809814453, 1.6849794387817383, -2.647329807281494, -0.6347842216491699, -1.9597485065460205, 2.3875231742858887, 0.7750817537307739, -0.48713183403015137, -0.38024386763572693, 0.6125323176383972, -2.238980770111084, -0.37112948298454285, 0.7430137991905212, 1.773970365524292, 1.019446611404419, -0.049846306443214417, 0.16465015709400177, -0.9983904361724854, 2.7537436485290527, -0.606780469417572, 2.439779758453369, -2.4094789028167725, -2.243481159210205, 0.2243579626083374, 2.1526505947113037, 2.500490188598633, -1.154863715171814, 0.24854569137096405, -1.4921962022781372, -3.0621142387390137, -0.6667126417160034, 1.2889342308044434, 0.8058973550796509, 0.8384096026420593, 2.001206636428833, -1.125195026397705, -1.716505527496338, 4.228300094604492, -0.6129066944122314, 0.7455605268478394, -2.725656509399414, -0.2617608904838562, -0.7738116979598999, 3.512871026992798, -3.6618897914886475, -3.661519765853882, -1.6006230115890503, 1.254366159439087, -0.7398607134819031, -1.9323525428771973, -0.9970335960388184, 1.5161244869232178, -3.289679527282715, 1.968998908996582, 2.0876150131225586, -0.5132750868797302, -0.15265589952468872, 3.382908344268799, -0.2460111528635025, -2.3022854328155518, 2.663775682449341, 0.2840856611728668, -0.7061594724655151, 2.5474674701690674, -4.68293571472168, 2.404566526412964, 1.1996198892593384, 0.9473202228546143, -0.927436113357544, 1.716029405593872, 2.0658674240112305, -3.3602137565612793, -0.8100298643112183, -0.10711397975683212, 0.272722452878952, -4.009429454803467, -2.9260001182556152, -0.9136879444122314, 1.3931543827056885, -0.9989704489707947, 2.14699649810791, 0.07680058479309082, 0.2710822820663452, -0.17174097895622253, 2.4901583194732666, -1.7018589973449707, 1.9791746139526367, -1.356454849243164, -0.20787616074085236, -1.549411654472351, 2.4731619358062744, 1.1574087142944336, 3.029306650161743, -1.190995454788208, -0.7526986002922058, 1.6925987005233765, -0.9031360149383545, 0.12798185646533966, 0.29712915420532227, -1.1604219675064087, 1.4554702043533325, 0.36075782775878906, 1.411087989807129, -0.5937556028366089, 0.7791190147399902, -2.6171669960021973, 1.197972059249878, 0.7631323933601379, -2.4806668758392334, -0.8450767397880554, 1.4254448413848877, 2.3966262340545654, 0.2981438934803009, -1.0424261093139648, -0.2657708525657654, 2.3644859790802, -1.9159233570098877, 1.1610924005508423, -0.91871178150177, -0.7698747515678406, -0.1667594313621521, 0.12294033169746399, -0.37553197145462036, 2.094268798828125, -0.7808594703674316, -2.904597520828247, -1.543393611907959, 1.3285880088806152, 1.0777028799057007, 2.0272634029388428, 1.1153773069381714, 0.352960467338562, 2.774014711380005, 2.24642276763916, 0.2436898946762085, -0.7330620884895325, -0.7468816637992859, 1.155674695968628, -0.192124605178833, -0.7169610261917114, 2.1523208618164062, 0.5439621806144714, 1.1753897666931152, 2.7808899879455566, -2.6507465839385986, -2.406310558319092, 0.7827168703079224, -1.3406744003295898, -0.8790575861930847, 0.1937047839164734, -0.29084134101867676, -0.02175144851207733, 2.6316354274749756, -1.202466607093811, -2.233144760131836, 0.4322977662086487, 2.959536552429199, -2.7759242057800293, 0.5970820784568787, -2.4313127994537354, 3.9325528144836426, -0.826213002204895]",0,87.0
45,9606.ENSP00000245960,"[1.2966078519821167, 0.38601332902908325, 1.0750917196273804, -0.5711532235145569, -2.4233155250549316, 0.3676226735115051, -1.214424729347229, 1.1515140533447266, 0.3256179094314575, 0.40663379430770874, 6.054195404052734, -0.7519471645355225, -1.2703323364257812, 0.9125967025756836, 2.4963290691375732, -2.401918411254883, 0.7949625253677368, -1.3000562191009521, -0.20802411437034607, 1.9826576709747314, 1.9735138416290283, -0.8838813900947571, -0.6743337512016296, 1.3263442516326904, 0.6406765580177307, -0.7931952476501465, 0.11214837431907654, 3.6256051063537598, -0.48189225792884827, -0.8716340065002441, 1.3719723224639893, -3.673281669616699, -3.003444194793701, -1.2898876667022705, -0.15191644430160522, -1.067521333694458, 0.5155347585678101, -1.0779751539230347, -3.7411842346191406, 2.300078868865967, -1.8365726470947266, 0.41949963569641113, -1.43017578125, 3.1406283378601074, 2.2721190452575684, -0.6673181056976318, 0.004604684188961983, 0.05489571392536163, -2.6144485473632812, -0.12537363171577454, -0.3483508825302124, 1.9809837341308594, 2.0292062759399414, 0.42442893981933594, 1.1187714338302612, -3.1590399742126465, 3.515096664428711, -1.0748300552368164, 4.378260135650635, -4.177527904510498, -2.2445569038391113, -0.4772614538669586, 0.27876171469688416, 1.6347992420196533, -0.8347028493881226, 0.6155111193656921, -2.766235828399658, -2.8866398334503174, -1.3555282354354858, 1.7120468616485596, -0.7635278105735779, 1.670261263847351, 1.2674572467803955, -1.0616827011108398, -0.8819593191146851, 4.6171183586120605, -2.110065221786499, -0.48345816135406494, -3.6957006454467773, -0.4559539556503296, -1.3559592962265015, 3.754031181335449, -3.2048180103302, -2.9200572967529297, -2.3682234287261963, 2.4886603355407715, -0.013403624296188354, -2.858421564102173, 0.3605603873729706, 1.366259217262268, -2.4420571327209473, 1.614639401435852, 1.067196249961853, 0.5331358909606934, 0.290743350982666, 4.4371843338012695, -1.4325529336929321, -3.585139751434326, 4.877535343170166, 1.2107434272766113, 1.9719345569610596, 2.926900863647461, -5.549302577972412, 3.790522336959839, 1.2350481748580933, 1.5492782592773438, 1.2169897556304932, 1.7526607513427734, 0.3110615611076355, -2.9248905181884766, -0.10300900042057037, -1.5285166501998901, 3.0591373443603516, -4.14551305770874, -3.402895450592041, -2.4545352458953857, 2.8351879119873047, -1.4424859285354614, 2.5782036781311035, 2.280989646911621, 1.1796714067459106, -0.7334259748458862, 2.119845151901245, -3.9271230697631836, 2.370636463165283, -1.819526195526123, 0.010802671313285828, -0.38182270526885986, 1.605385184288025, 0.3270570635795593, 3.7145392894744873, -1.0072754621505737, 0.039605870842933655, 1.4136180877685547, -0.17022022604942322, -0.7320902347564697, 1.1205980777740479, 1.1374517679214478, 2.781893730163574, 0.3101612329483032, -0.10530789196491241, -2.0390238761901855, 0.09842801094055176, -3.2043261528015137, 3.743096351623535, -0.027019642293453217, -3.5297133922576904, -0.5882615447044373, 3.4172306060791016, 3.176339864730835, -0.4175703823566437, -0.9509961605072021, -0.2727333903312683, 1.3253300189971924, -2.868513822555542, 1.4773716926574707, -1.2201194763183594, -0.2922435998916626, -0.13008496165275574, 1.194110631942749, -0.6614606976509094, 2.066977024078369, -2.3147006034851074, -4.764634609222412, -1.961949110031128, 0.6091263890266418, 1.7236433029174805, -0.13316787779331207, 0.7682987451553345, 0.32478514313697815, 3.0002028942108154, 1.7281662225723267, -1.95169997215271, -1.1895191669464111, -0.5482008457183838, -0.3282853066921234, -1.374565601348877, 0.8565856218338013, 1.5973212718963623, 1.4406808614730835, 1.7529456615447998, 2.4968578815460205, -3.4734256267547607, -2.6893911361694336, 1.392626166343689, -2.449920654296875, -0.3061128556728363, 0.9124387502670288, 0.3077923655509949, -1.201267957687378, 4.506539821624756, -0.25071975588798523, -1.6538336277008057, 2.302936553955078, 2.398084878921509, -2.989586591720581, -1.1325695514678955, -2.537702798843384, 3.4193291664123535, -0.4852432906627655]",0,114.0
46,9606.ENSP00000264335,"[3.077808380126953, 2.111204147338867, 3.5911827087402344, 1.5895004272460938, -3.861570119857788, 2.087613344192505, 0.2093805968761444, 3.1117019653320312, -1.904447078704834, -2.2763009071350098, 3.9316763877868652, -8.064396858215332, -6.274196624755859, -0.7726683616638184, -0.47871363162994385, -1.236461877822876, 2.2183074951171875, 2.3963983058929443, 5.7016520500183105, -2.9159016609191895, -0.8823248744010925, -8.711427688598633, -0.21750792860984802, -0.3018980622291565, 0.4802878499031067, 1.351946234703064, -6.2962164878845215, -0.7934783697128296, 0.6159344911575317, -3.715067148208618, -2.3334269523620605, -6.335419178009033, -0.499370813369751, 2.289351463317871, 0.614443302154541, 3.7304916381835938, -1.5726613998413086, -3.9984428882598877, -3.0841171741485596, -0.8586928248405457, -2.722385883331299, -1.7752480506896973, -1.7289596796035767, 2.223536968231201, 1.2201437950134277, -7.723844528198242, 0.6560055017471313, -7.223114013671875, -1.4906386137008667, -1.9441907405853271, 5.4400634765625, 4.396612167358398, 5.554168701171875, 5.116326808929443, 1.4044108390808105, -4.346889019012451, 0.8341503143310547, -7.430137634277344, -7.093660831451416, -1.7316545248031616, -3.7974913120269775, 6.686112403869629, 3.621265411376953, 3.199937105178833, -3.094360589981079, 2.8910253047943115, 4.501160144805908, -3.7472243309020996, -2.624253988265991, 0.8096743822097778, 3.5952396392822266, -2.309962749481201, 1.2257121801376343, -4.701048851013184, -3.3226327896118164, 6.343791961669922, -1.9770770072937012, 3.948124885559082, -0.10275188088417053, 4.638486385345459, 3.53735089302063, 3.416767120361328, -1.008486270904541, -6.597839832305908, 7.9775543212890625, 1.6422334909439087, -4.978498935699463, -0.20821359753608704, -4.740017890930176, 4.585682392120361, -6.1635613441467285, 3.9112319946289062, 2.96923828125, -0.6107926964759827, -1.3437230587005615, 5.649298191070557, -0.851387619972229, -1.304934024810791, 1.3562092781066895, -0.3418106436729431, 6.161862850189209, 2.3405473232269287, 0.13669922947883606, 3.91318678855896, 0.7060843706130981, 0.07502010464668274, -5.141017436981201, -2.0455429553985596, -0.009496420621871948, 8.422096252441406, 0.9471458792686462, 1.3138189315795898, -1.8209595680236816, -1.4685463905334473, -1.6499063968658447, 3.708828926086426, -1.8792160749435425, -4.377793788909912, 2.252037763595581, 3.290379285812378, 6.868655204772949, -1.3507903814315796, -0.13490843772888184, -3.1068925857543945, 5.926077842712402, 1.9572025537490845, -0.26216021180152893, -4.002536773681641, 8.060561180114746, -0.3653935194015503, 5.7788238525390625, 3.1228671073913574, 5.842508316040039, 4.529757499694824, -5.53073787689209, 4.6628217697143555, -3.0689823627471924, -1.6725754737854004, 3.6141321659088135, 2.04305362701416, 0.44707009196281433, -1.7217010259628296, -0.3756061792373657, -3.7273950576782227, 5.363312721252441, 1.6790611743927002, -6.536670207977295, 4.1559224128723145, 3.536123037338257, -0.054588884115219116, 3.3477742671966553, -0.9120092391967773, -8.964582443237305, 5.603848934173584, -3.9444055557250977, 0.32585421204566956, 1.6261552572250366, -1.6211903095245361, 3.393587589263916, 7.296417713165283, -3.4060027599334717, 1.0619500875473022, 4.684020042419434, -0.8931559920310974, 9.972928047180176, 0.5695062279701233, -0.571603536605835, -3.555274248123169, 3.8410422801971436, 1.96469247341156, 1.2788282632827759, -9.910837173461914, -1.2363829612731934, 4.117969512939453, -4.436439037322998, 0.0836477279663086, 5.22310209274292, 6.884047508239746, 3.242309808731079, -2.200809955596924, 2.711174249649048, 5.883269309997559, -8.5677490234375, -5.968242168426514, -2.723629951477051, -4.0864081382751465, 4.4417877197265625, -1.7062549591064453, 3.7032792568206787, -7.622254848480225, 0.6612796783447266, -3.3674769401550293, -2.7678120136260986, -1.7880115509033203, 6.910627841949463, -3.513322114944458, -4.5281782150268555, -0.46493569016456604, 0.33486708998680115, -4.069921970367432]",0,149.0
47,9606.ENSP00000303706,"[1.3723623752593994, 2.5003018379211426, 0.35266751050949097, -1.5023267269134521, -2.8502233028411865, -0.4718243181705475, -0.423505574464798, 0.9945669174194336, 0.8851264715194702, 0.21316999197006226, 3.816267490386963, -0.2325897216796875, -1.258608341217041, 0.876152753829956, 2.909168004989624, -0.8122771978378296, 1.4645191431045532, -0.4403243064880371, 0.6766576766967773, -0.18104766309261322, 1.7287012338638306, -0.24156087636947632, 0.04256480932235718, -0.1493038833141327, -0.9728871583938599, -1.0233612060546875, -0.10711337625980377, 2.299870491027832, -1.5889513492584229, -0.9012885093688965, 0.1980363130569458, -4.342829704284668, -4.606777667999268, 0.8547601699829102, 0.5704094171524048, -2.4252469539642334, 0.6751691102981567, -0.2986452281475067, -1.9542927742004395, 1.1296157836914062, -3.0256056785583496, -0.9043281674385071, -0.6496175527572632, 2.637476682662964, 0.7746745347976685, -1.602799415588379, 0.21518631279468536, 0.2789517045021057, -3.239037036895752, 1.688552737236023, 0.38956236839294434, 0.8018173575401306, 1.65830659866333, 1.611343264579773, 0.17213399708271027, -0.9321208000183105, 3.3847715854644775, 0.6750004887580872, 3.058246374130249, -2.0403542518615723, -1.2992764711380005, -0.795365571975708, 1.8023509979248047, 2.3758621215820312, -2.521636724472046, 0.7400806546211243, -1.5760256052017212, -2.7535064220428467, -0.16390474140644073, 1.1570329666137695, 0.8253074884414673, 0.5837790966033936, 2.089747667312622, -1.573638916015625, -1.5334815979003906, 3.7975661754608154, -1.4537343978881836, 1.316094994544983, -2.0870752334594727, -0.35680997371673584, 0.23117771744728088, 2.6483571529388428, -3.3639578819274902, -3.122648000717163, -0.19479316473007202, 2.1621851921081543, -0.37362414598464966, -2.9626379013061523, -0.61156165599823, 2.7998130321502686, -2.9004900455474854, 1.2560012340545654, 1.4886399507522583, -0.7108915448188782, 1.614957571029663, 1.8536382913589478, 0.4633070230484009, -3.152966022491455, 1.7848457098007202, 1.5910178422927856, 0.4238867163658142, 2.3898983001708984, -4.469437599182129, 3.2305941581726074, 1.1301771402359009, -0.10510870814323425, 0.6256136894226074, 1.792328119277954, 0.55350261926651, -2.394479990005493, -0.015010714530944824, -1.231516718864441, 2.2680411338806152, -4.826827526092529, -2.8518810272216797, -1.3585755825042725, 1.08321213722229, 0.09219478070735931, 1.2690207958221436, -1.151869297027588, -0.18976999819278717, -1.1687430143356323, 0.4883234202861786, -2.4050183296203613, 3.26947021484375, -1.3185137510299683, 0.2410971075296402, 0.11902916431427002, 1.6521317958831787, 0.6774827837944031, 3.4527432918548584, -1.9393761157989502, -0.7794724106788635, 2.3465232849121094, -0.9179078340530396, -0.5650946497917175, 1.629172921180725, -0.4908994436264038, 1.3805557489395142, 0.056871235370635986, 1.099861979484558, -1.6651793718338013, 0.6155602931976318, -2.4723854064941406, 1.0167078971862793, -0.10369103401899338, -1.3028075695037842, -1.6007740497589111, 0.5980636477470398, 1.5016844272613525, -1.0653516054153442, -0.013065740466117859, 1.0927119255065918, 2.269374132156372, -0.6693733930587769, 2.636401414871216, -0.5639016628265381, -0.1428956389427185, 0.6188291311264038, 2.0030298233032227, 0.143408864736557, 2.939260482788086, -0.32236266136169434, -3.176877975463867, -1.6476268768310547, 0.4997416138648987, 1.1515370607376099, -0.1820874959230423, 0.51093590259552, 0.9639362096786499, 3.2964000701904297, 1.2842673063278198, -1.9956326484680176, 0.6086558699607849, -1.2923405170440674, 0.03811520338058472, -0.4665715992450714, 0.16583438217639923, 1.5627007484436035, 1.2009273767471313, 1.2855995893478394, 3.930546522140503, -3.6228578090667725, -4.384946346282959, 1.4884580373764038, -1.8635096549987793, 0.32201606035232544, 1.2215229272842407, -2.630147933959961, -1.4543119668960571, 3.734210729598999, -0.7282094955444336, -2.737274169921875, -0.7578901052474976, 3.956428289413452, -2.882049083709717, 0.2861401438713074, -1.9871861934661865, 3.95231294631958, -1.142089605331421]",0,93.0
48,9606.ENSP00000295006,"[8.889982223510742, -3.343456268310547, 6.363529682159424, 4.7852349281311035, -3.0592265129089355, 1.2160098552703857, -1.8579202890396118, 5.111672878265381, 1.3052473068237305, 1.8083608150482178, 7.100607395172119, -3.3788187503814697, 1.8117609024047852, -1.69001042842865, -5.065595626831055, -0.5210137367248535, -5.061752796173096, 3.3962604999542236, 2.592876672744751, 5.6440839767456055, -0.9982712268829346, -4.95679235458374, 0.6591812372207642, 0.9468322992324829, -2.561741352081299, -8.062162399291992, 2.394196033477783, 4.168052673339844, 1.283134937286377, -8.927504539489746, -2.906404972076416, -7.967897415161133, 0.3881048262119293, 2.2763962745666504, 6.953980922698975, -1.508756399154663, -3.5375187397003174, -2.105245351791382, -6.215731143951416, -5.278782844543457, -1.2071253061294556, 1.861526370048523, -6.3088507652282715, -3.3580875396728516, 2.564513921737671, -2.461714506149292, 8.435436248779297, -6.510176658630371, -5.770506858825684, -1.4293166399002075, 4.430007457733154, 7.629752159118652, 1.536978840827942, 1.614452600479126, -2.175206422805786, -3.4355201721191406, 5.093728065490723, -2.679795742034912, 3.0865511894226074, -2.4991674423217773, -7.520555019378662, 2.4866442680358887, 4.001589775085449, -2.7471137046813965, -1.5103135108947754, -1.0287210941314697, 3.978332281112671, -6.807766914367676, -0.5472608804702759, 3.5650136470794678, 4.026035785675049, 3.4033730030059814, 0.8756094574928284, -4.521824359893799, -1.1765676736831665, 9.765140533447266, 4.977787017822266, -1.2216302156448364, -7.522359371185303, 3.8665060997009277, 0.13496758043766022, 4.674221515655518, -0.8887107372283936, -0.8616151809692383, -1.6375348567962646, 2.285759925842285, -2.7337005138397217, 1.3747358322143555, -3.8782711029052734, 1.4466698169708252, -3.207852840423584, 5.431416034698486, 6.408123016357422, -4.173683166503906, -0.6770024299621582, 1.8109747171401978, -4.923242092132568, -7.55197811126709, 6.9095988273620605, -0.542519211769104, 3.056244373321533, 6.161752223968506, -4.731071472167969, 7.199469089508057, 5.991360664367676, 0.7793603539466858, -6.089087963104248, 0.6638421416282654, -1.189942717552185, -4.034038543701172, 0.5603545308113098, 2.177952766418457, -2.4636240005493164, -3.711712121963501, -0.2502802014350891, 2.7140069007873535, 5.572682857513428, -1.792874813079834, -4.047863483428955, 5.393260955810547, 8.492827415466309, 5.047801971435547, 5.022665500640869, 2.3759372234344482, -3.6178953647613525, 4.960072994232178, -4.322519302368164, -3.9661223888397217, 1.8497332334518433, -7.29883337020874, 6.912351608276367, 3.236604690551758, -4.518805980682373, 5.270096302032471, -4.837808609008789, 3.8902223110198975, -3.70982027053833, -5.163690567016602, -4.869821548461914, 3.4665751457214355, 4.767264366149902, -2.3084523677825928, 3.9394044876098633, -6.313336372375488, 8.37683391571045, 5.758321285247803, -3.523103952407837, -3.9479198455810547, 5.112565994262695, 0.13699369132518768, 0.7412305474281311, -8.59086799621582, 0.09401196241378784, 5.242415428161621, -5.088625431060791, 1.5124742984771729, -2.259645938873291, -2.289447784423828, 2.630106210708618, 1.2555450201034546, 3.579505681991577, -1.1672272682189941, -1.3636736869812012, -6.9326629638671875, -0.8144986033439636, 0.4208173155784607, 2.4211151599884033, 1.4996732473373413, -0.8647308349609375, 2.3531341552734375, 9.211029052734375, -0.6946336627006531, 4.018707752227783, -4.003719329833984, -0.7695981860160828, 5.52149772644043, -1.124532699584961, 5.320722579956055, 1.5491124391555786, -5.184347152709961, 9.765412330627441, 7.170989513397217, 2.126142978668213, -3.813816547393799, -6.514256477355957, 1.3055057525634766, -4.141024589538574, -3.8068385124206543, 7.080132007598877, 0.8352857828140259, 3.4592440128326416, 0.8681718111038208, -2.345939874649048, 1.7001863718032837, 1.8823148012161255, -3.9596962928771973, -1.0920276641845703, -6.508733749389648, 4.704319000244141, -4.96533727645874]",0,84.0
49,9606.ENSP00000464849,"[3.0955312252044678, -2.1007332801818848, 1.0754284858703613, 1.4776678085327148, 0.47254401445388794, 1.2532706260681152, -0.6945171356201172, 0.7045488357543945, -0.12204799056053162, 1.9693588018417358, 2.0517923831939697, -2.055175304412842, -0.5297453999519348, -0.2439972460269928, -1.4421322345733643, -1.5041229724884033, -0.6509678959846497, 0.05748165398836136, 0.9684369564056396, 1.8771034479141235, -1.772207260131836, -2.4620327949523926, 0.5615392327308655, 0.7391802072525024, -1.747720718383789, -1.451744794845581, 0.8786172866821289, 0.7295264601707458, -0.2321612536907196, -2.7400760650634766, -0.6658390760421753, -0.9651974439620972, -1.2082651853561401, 0.15953660011291504, 1.7330663204193115, -0.41753119230270386, -0.5939964056015015, 0.30622684955596924, -1.624819278717041, -1.7576260566711426, -1.574880838394165, -0.20678794384002686, -1.1583130359649658, 0.7623941898345947, 0.5273987054824829, -0.10503223538398743, 2.2613472938537598, -2.740699529647827, -0.8120096921920776, 0.3128080368041992, 0.6315210461616516, 2.7803561687469482, -0.9781969785690308, 0.5936444401741028, 0.3592754006385803, -1.2259676456451416, 1.9763575792312622, -0.046496301889419556, 2.2506232261657715, -1.5265382528305054, -2.626185417175293, 1.144018292427063, 1.2333976030349731, -0.2079533338546753, 0.13272425532341003, 0.1307193487882614, 1.2647769451141357, -1.163710117340088, -1.0434367656707764, 1.2058143615722656, 1.10514235496521, 0.39160478115081787, 1.099685549736023, -0.6673537492752075, -0.963760256767273, 1.2893671989440918, 0.914381742477417, -0.17139308154582977, -2.30922794342041, 1.2118806838989258, -1.1901404857635498, 2.3843283653259277, 1.792077898979187, 0.0393192321062088, 0.6207536458969116, 1.0271384716033936, -1.7912142276763916, -0.24118798971176147, -0.9334707856178284, 0.21246251463890076, -0.7938053011894226, 1.555812120437622, 0.8933199644088745, -2.0383713245391846, -0.26543229818344116, 1.8679428100585938, -1.3266451358795166, -0.16577959060668945, 1.0324989557266235, 0.09285164624452591, 1.2017990350723267, 1.9825688600540161, -1.3538306951522827, 2.1349878311157227, 1.2115319967269897, 0.47734588384628296, -1.413407325744629, 0.5578903555870056, -1.633439540863037, -1.4068999290466309, -0.4461073875427246, 0.6606571078300476, 0.9139014482498169, -0.33156436681747437, -0.5250705480575562, 0.6273816823959351, 1.1000639200210571, -1.4392460584640503, 0.054273560643196106, 0.43730321526527405, 2.22737193107605, 0.7159282565116882, 1.5375940799713135, 0.39765363931655884, -1.4772841930389404, 1.2516577243804932, -1.3028321266174316, -0.6939359903335571, 0.8095106482505798, -0.8733265399932861, 1.4211511611938477, -0.3379693031311035, -0.2758725881576538, 2.173321485519409, -0.18424059450626373, 0.8040315508842468, -2.1355528831481934, -1.552992343902588, 0.10042373836040497, 1.7655595541000366, 0.6024254560470581, -0.9827901124954224, 0.7006319761276245, -1.4395326375961304, 2.0334599018096924, 2.6336777210235596, -0.4784287214279175, 0.9391363263130188, 2.087186813354492, 1.017987608909607, -0.424724280834198, -2.137221336364746, -0.14358103275299072, 1.3340259790420532, -0.19864621758460999, 0.015768401324748993, 0.044647425413131714, -0.2623765468597412, 1.9169477224349976, 0.44896185398101807, -0.40215179324150085, 0.09593892097473145, -0.5204549431800842, -1.9027209281921387, 0.4967775046825409, 0.11868409812450409, 0.8310626149177551, 0.3281121850013733, -0.299376904964447, 1.7444769144058228, 2.0366899967193604, -1.0498781204223633, 2.279944658279419, 0.22151421010494232, -0.7660180330276489, 1.9576802253723145, -0.4004412889480591, 1.825661540031433, 0.7434925436973572, -0.8855496644973755, 1.8023922443389893, 2.295208215713501, 0.6689252853393555, 0.018368571996688843, -0.8587350845336914, 0.8363298773765564, -2.1532366275787354, -0.43120577931404114, 1.9444613456726074, 0.513987123966217, 1.493430256843567, -0.9709558486938477, -0.8551932573318481, -0.03942279517650604, 0.6094338297843933, 0.566287636756897, -0.22297708690166473, -1.3228949308395386, 0.6396439075469971, -2.0744645595550537]",0,26.0
50,9606.ENSP00000422176,"[3.6332383155822754, -0.7883560657501221, 2.2162513732910156, 1.3379530906677246, -0.6934952735900879, -0.20402410626411438, 1.8983590602874756, 0.6516915559768677, -1.7469819784164429, 2.102189064025879, 1.6674034595489502, -1.5227551460266113, -1.34010648727417, -0.7289515733718872, -0.119800865650177, 0.18757641315460205, 0.451988160610199, -0.044606149196624756, 1.8411351442337036, -0.556326150894165, 0.3777797818183899, -0.36755144596099854, -0.37074166536331177, 0.3913867175579071, 0.10959017276763916, -0.35924962162971497, 0.004286408424377441, -0.5059234499931335, 1.0803959369659424, -1.4533724784851074, -0.39995259046554565, -0.847601056098938, -1.2045462131500244, 1.4149473905563354, 2.0596866607666016, -0.45623505115509033, 0.3221513330936432, -2.592622756958008, 0.7546274662017822, -0.6859999895095825, -0.5528476238250732, 0.6589943170547485, -1.4876717329025269, 1.0242875814437866, 0.1647128164768219, -1.0980308055877686, 0.9147779941558838, -0.36502543091773987, -1.3327932357788086, -0.2272626757621765, 1.6340595483779907, 2.4557406902313232, 2.114589214324951, 0.9417567253112793, 1.7357040643692017, -1.6764851808547974, 1.127436637878418, -0.8450808525085449, 1.6684694290161133, -0.33128783106803894, -1.958559274673462, 0.918394923210144, 1.268370509147644, 1.1798534393310547, -0.33459722995758057, -0.22431492805480957, 2.1160128116607666, -1.1484936475753784, 0.47800952196121216, -0.9112776517868042, 0.8322321176528931, 0.4524671733379364, 1.1996419429779053, -0.9717693328857422, -0.4122809171676636, 0.48643749952316284, 1.160090684890747, 0.8782157897949219, 0.07978518307209015, 1.6122616529464722, 0.5329134464263916, 3.339827299118042, -1.094221830368042, -0.7589083909988403, -1.0852258205413818, 1.4915990829467773, -0.2469070553779602, -1.1195884943008423, -0.8994497060775757, 1.1298599243164062, -0.71384197473526, 1.2044117450714111, 1.1320184469223022, -1.1336041688919067, -1.0038509368896484, 1.575875997543335, -1.8186588287353516, 0.01569804549217224, 0.35187843441963196, -2.3221969604492188, 0.5754403471946716, 1.8286778926849365, -1.2123900651931763, 1.1290156841278076, 1.0812478065490723, 0.5496289730072021, -1.3564141988754272, 0.022254526615142822, -0.12507155537605286, 0.710215151309967, 1.738804817199707, 0.5030945539474487, -0.9700461030006409, 0.5515581369400024, -1.7313642501831055, 2.1731488704681396, -0.052347391843795776, -0.17385798692703247, 0.10600966215133667, -0.3240242898464203, 1.219064474105835, -1.1432640552520752, -0.12972868978977203, -2.5395572185516357, 0.3479005992412567, -0.09753614664077759, -1.1330784559249878, -1.7199251651763916, 1.9833284616470337, -0.10314583778381348, 2.6898393630981445, -0.13490965962409973, 0.3033635914325714, -0.3876502513885498, -1.1522599458694458, 0.2553127408027649, -0.37251824140548706, -2.1670706272125244, 0.5609706044197083, 0.8848401308059692, 1.3908075094223022, 0.1890941858291626, 1.6378800868988037, -1.9264527559280396, 2.2608351707458496, 1.2051568031311035, -1.3101471662521362, 1.058594822883606, -0.7597819566726685, 0.17889967560768127, -0.20238099992275238, -1.869299054145813, 0.03876027464866638, 2.5772788524627686, -0.43198060989379883, 0.04751017689704895, -0.2960285246372223, -1.66908860206604, 1.5281944274902344, 0.284599632024765, 0.9259894490242004, 0.5335097908973694, -0.004514873027801514, -1.4571864604949951, 1.1760843992233276, -0.3690791726112366, 0.8849812746047974, 1.250282645225525, 0.22594745457172394, -0.5443626046180725, 0.417234867811203, -2.108126163482666, 1.5171928405761719, -0.22978943586349487, -0.03928704559803009, 0.8896775245666504, 1.2188587188720703, 0.9558660984039307, -0.8275080919265747, -0.6424841284751892, 0.3424171805381775, 2.7084081172943115, -2.598109245300293, -2.151153087615967, -1.3984571695327759, -0.4302241802215576, 0.10243037343025208, -0.5320737361907959, 2.099018096923828, -1.0926975011825562, 0.0033090636134147644, -0.6335954666137695, -1.3001983165740967, -0.5909202694892883, -0.41123348474502563, -0.1567789763212204, 0.11898612976074219, 0.2886817455291748, 1.5215822458267212, -2.032565116882324]",0,46.0
51,9606.ENSP00000400882,"[1.3325183391571045, -0.8405416011810303, 0.5143565535545349, 1.1180195808410645, 0.1341143250465393, 1.1869549751281738, -0.028104737401008606, 0.36233657598495483, 0.05791923403739929, 1.1788541078567505, 1.0012469291687012, -1.039364218711853, 0.07689549028873444, -0.21054744720458984, -1.0801620483398438, -0.717028021812439, 0.36459803581237793, 0.1260790228843689, 0.8369365930557251, 0.8384648561477661, -0.2901262640953064, -1.4628355503082275, 0.3374115228652954, 0.21562781929969788, -1.03658926486969, -0.036428362131118774, 1.0366647243499756, 0.9027508497238159, -0.16254058480262756, -0.9881367683410645, -0.602037787437439, -1.228925108909607, -0.6378371715545654, 0.4518044590950012, 1.2063865661621094, -0.7176922559738159, -0.3013114631175995, 0.2350180298089981, -0.45231032371520996, -1.6829960346221924, -0.436574250459671, -0.05896659940481186, -1.221210241317749, 0.4341872036457062, 0.2804485857486725, -0.9146220684051514, 1.5287294387817383, -0.7038449048995972, -0.38023120164871216, -0.5320162773132324, 0.8857797980308533, 0.7531070709228516, -0.2384113073348999, -0.09079331159591675, -0.06880791485309601, -0.513597309589386, 1.04421067237854, -0.40902528166770935, 0.7467073202133179, -0.9200252890586853, -0.9671801328659058, 1.4547178745269775, 0.796141505241394, -0.5442684292793274, 0.6552982926368713, 0.4926990270614624, 1.1626542806625366, -1.073417067527771, -0.49261435866355896, 1.0669188499450684, 0.10459518432617188, 0.22283193469047546, 1.056764006614685, -0.45431143045425415, -1.838191270828247, 1.3430073261260986, 1.1819336414337158, -0.2935878038406372, -0.4524342119693756, 1.6954326629638672, -1.1130273342132568, 0.9439189434051514, 1.3718854188919067, -0.17986787855625153, 0.40939706563949585, 0.17758217453956604, -1.4241340160369873, -0.2599886655807495, -1.4386601448059082, -0.1788208782672882, -0.2984418272972107, 1.0939819812774658, 0.2629972994327545, -1.4961912631988525, -0.04826810956001282, 0.9937850832939148, -0.8906483054161072, 0.13623368740081787, 0.6091291904449463, 0.04001527279615402, -0.19675150513648987, 0.9593461751937866, 0.16292080283164978, 0.4238061308860779, 0.9473853707313538, 0.35923826694488525, -1.118455171585083, -0.27652329206466675, -0.9761652946472168, -0.5220959782600403, -0.7235732674598694, 1.3326221704483032, 0.07582318782806396, -0.27284061908721924, 0.7145222425460815, 1.2592400312423706, 0.6837854981422424, -0.6372584104537964, -0.10662989318370819, 0.527131199836731, 0.3477552831172943, 0.6991814970970154, 0.9940798282623291, 0.05747625231742859, -1.2559120655059814, 1.55837881565094, 0.09756821393966675, -0.28654035925865173, -0.15775057673454285, -1.4702800512313843, 0.3787071406841278, -0.17302848398685455, 0.025569140911102295, 1.3262763023376465, -0.2819838523864746, 0.5513672232627869, -0.9541090726852417, -2.050032615661621, 0.29535943269729614, 0.946776270866394, -0.06233641505241394, 0.23495952785015106, 1.762589693069458, -0.7522106766700745, 0.8728975057601929, 1.0532323122024536, 0.43741828203201294, 0.6665927171707153, 0.863471269607544, 0.45531463623046875, 0.3192843794822693, -1.7810899019241333, -0.4467424750328064, 1.4388355016708374, -0.8480052947998047, -0.0608338788151741, -0.18526870012283325, -0.6735206842422485, 1.113813877105713, 0.560972273349762, 0.2350996434688568, -0.6616158485412598, -0.39145517349243164, -0.993492066860199, -0.08412306010723114, 0.7036841511726379, 0.38759031891822815, 1.3917466402053833, -0.38442525267601013, 0.227675199508667, 0.4870966970920563, -0.6388001441955566, 1.8259685039520264, 0.14248205721378326, 0.24821895360946655, 1.6860451698303223, -0.40301740169525146, 0.5473237037658691, 1.0489377975463867, -1.4886685609817505, 1.113727331161499, 1.1538398265838623, 0.4685145616531372, -0.1712763011455536, -0.6065073013305664, 1.2690130472183228, -0.41429489850997925, 0.6295475959777832, 0.4312751889228821, 0.26008740067481995, 0.42091870307922363, -0.3461245596408844, -0.4928451478481293, -0.7036521434783936, 0.2517850399017334, 0.8650426864624023, -0.08022107183933258, -0.5108659267425537, 0.423419326543808, -1.2567781209945679]",0,68.0
52,9606.ENSP00000431984,"[7.1428141593933105, -2.9399874210357666, 4.076754570007324, 2.608997106552124, -0.6009277105331421, 3.316995859146118, -1.222459316253662, 1.3885974884033203, -0.5090571641921997, 3.1184773445129395, 3.186060667037964, -3.5356357097625732, -1.6785484552383423, -0.2883680760860443, -2.564314365386963, -1.8456470966339111, 0.13142088055610657, -0.031901098787784576, 1.9052019119262695, 3.323880910873413, -3.857419490814209, -3.6018130779266357, 1.0236934423446655, 2.4962849617004395, -1.955265998840332, -3.399075984954834, 0.8787447214126587, -0.02031877636909485, 3.5009162425994873, -5.839128017425537, -1.909271240234375, -2.1572628021240234, -0.75777268409729, 0.13056375086307526, 2.0776398181915283, -1.4416921138763428, -0.30425745248794556, 0.3565211594104767, -4.038133144378662, -3.301638126373291, -3.1538808345794678, 1.025425910949707, -3.7158381938934326, 1.8061197996139526, 2.159414052963257, -0.25926876068115234, 5.300097942352295, -3.8288638591766357, -1.7186636924743652, 0.6355547904968262, 2.1692745685577393, 6.283538818359375, 0.6649734377861023, 3.071659803390503, -0.3584078848361969, -3.288799285888672, 3.379326343536377, -1.093632459640503, 3.813539505004883, -2.77536678314209, -5.348361492156982, 2.1747069358825684, 2.581693410873413, -0.17003026604652405, 0.134566068649292, 0.4868960976600647, 3.1039390563964844, -4.358523368835449, -1.273590087890625, 1.376570224761963, 1.3384606838226318, 1.4302512407302856, 2.6657676696777344, -2.8648087978363037, -2.730485200881958, 2.8928017616271973, 3.9080469608306885, -0.6645913124084473, -4.311572074890137, 1.6431527137756348, -0.43866369128227234, 4.84031343460083, 1.71000337600708, 0.7216545343399048, -1.1067506074905396, 2.523303508758545, -1.9566060304641724, 0.8387835025787354, -3.1712679862976074, 0.9350614547729492, -3.3006651401519775, 2.6067748069763184, 2.5097873210906982, -3.775102376937866, -0.5991957187652588, 3.4115254878997803, -1.8483517169952393, -0.8601772785186768, 3.788968324661255, 0.07161692529916763, 3.5071325302124023, 3.1890475749969482, -2.394885778427124, 4.735500335693359, 3.8932621479034424, 0.754158616065979, -2.866185426712036, -0.005533039569854736, -0.9686116576194763, -2.9349827766418457, -0.055636972188949585, 0.8572936058044434, -1.0411773920059204, -2.267017364501953, -0.5357377529144287, 2.4699275493621826, 1.4375038146972656, -3.0412607192993164, -2.253437042236328, 1.7286139726638794, 4.231813907623291, 2.280086040496826, 3.3045167922973633, 0.65665602684021, -2.992241382598877, 3.213991403579712, -4.70103120803833, -3.258854866027832, 2.0546987056732178, -3.0896475315093994, 3.5846753120422363, -0.18493381142616272, -2.791827440261841, 3.420083999633789, 0.24699833989143372, 2.5878031253814697, -3.2154598236083984, -2.9604392051696777, 0.18337105214595795, 3.1551673412323, 2.44903302192688, -2.1361210346221924, 3.14095139503479, -3.7543387413024902, 2.3203675746917725, 4.010258674621582, -3.4380757808685303, 0.1919289231300354, 4.3459272384643555, -0.7268746495246887, 0.0014413893222808838, -4.8261919021606445, -0.1459493190050125, 2.339261770248413, -1.5879446268081665, 0.07157955318689346, 0.6169705390930176, -1.2368475198745728, 2.1872172355651855, -0.10693749785423279, 0.4756506085395813, -0.08859685063362122, 1.2460914850234985, -3.3249664306640625, 1.6473292112350464, 1.630990982055664, 1.619908332824707, 1.5876586437225342, 0.5084356069564819, 1.7577297687530518, 4.938243865966797, -1.9132606983184814, 4.6124677658081055, -1.5953022241592407, -1.7868847846984863, 4.042140483856201, -0.8225425481796265, 4.5960164070129395, 0.7450239658355713, -1.8451101779937744, 5.095048904418945, 4.10046911239624, 0.23448508977890015, -0.20838308334350586, -0.2351103574037552, -0.09935905039310455, -3.9105916023254395, -1.5463669300079346, 5.23844051361084, 1.422291874885559, 2.742812156677246, -1.544304609298706, -3.534128427505493, 1.3462843894958496, -0.2577962279319763, 0.1562332808971405, -1.6401631832122803, -2.863048553466797, 4.061592102050781, -4.557304382324219]",0,178.0
53,9606.ENSP00000219782,"[0.15435688197612762, 1.207751989364624, 0.28877896070480347, -0.6807861924171448, -1.8992246389389038, -1.9325047731399536, 2.1687371730804443, 1.1431996822357178, -1.6899397373199463, 2.1620984077453613, -0.9831108450889587, -0.09586405754089355, -1.2805123329162598, 1.9550200700759888, -0.510493814945221, -1.0275379419326782, -1.4577058553695679, 1.8120861053466797, 0.21026165783405304, 0.3109540045261383, -0.8250033855438232, 0.4888993203639984, -1.689307689666748, -0.8567254543304443, -1.9970453977584839, -2.145052909851074, 0.11899146437644958, 2.579143524169922, -0.771973729133606, -0.8663418292999268, 0.6259114742279053, 0.7885866165161133, -2.736851692199707, 1.9821507930755615, 1.6908674240112305, -1.8250436782836914, 1.9399102926254272, 1.6230885982513428, -2.202615261077881, 1.0289103984832764, -1.4796339273452759, -4.205284595489502, -1.4867172241210938, 1.8878369331359863, 1.6791270971298218, -0.6612160205841064, 3.492159128189087, -2.0073394775390625, 1.3493365049362183, -1.0530436038970947, -0.7382322549819946, 1.1160495281219482, 1.9203522205352783, 0.7169284820556641, -3.3124895095825195, -1.869308590888977, 2.3792762756347656, -0.4328630566596985, 2.5926103591918945, -2.9686756134033203, 0.9257110357284546, -0.26487886905670166, -0.2882534861564636, -0.009083852171897888, -2.124349594116211, 0.8549411296844482, -0.700467586517334, -1.8425962924957275, -2.823823928833008, -1.5699512958526611, -1.5478811264038086, -2.1882617473602295, -0.30324751138687134, -1.4774280786514282, -0.16097018122673035, -0.9909590482711792, -0.782111406326294, -1.6150786876678467, -1.9859241247177124, -2.4150478839874268, 2.1386258602142334, 1.8751589059829712, -0.8304367065429688, -1.753259301185608, 0.6279160976409912, 3.218000650405884, -0.8509799242019653, -0.17618805170059204, 0.9084381461143494, 2.221517324447632, -2.886359930038452, 1.415801763534546, -1.0094799995422363, 1.2943605184555054, 0.6215120553970337, 2.934495449066162, 0.44878870248794556, -1.5435994863510132, -0.6449692845344543, 2.0442981719970703, 2.2349417209625244, 2.1721484661102295, -1.6513805389404297, 2.42083740234375, -2.582172155380249, 0.08751490712165833, 0.2147175669670105, 0.5940294861793518, 1.7311732769012451, 2.247788667678833, 1.0677435398101807, -0.30519843101501465, 1.820794701576233, -1.2800251245498657, -1.107408046722412, -1.5680922269821167, -0.7027509212493896, -1.9551892280578613, 0.4253729581832886, 2.624002695083618, 0.6676470041275024, -2.3430495262145996, -0.6661480665206909, -2.8638124465942383, 2.40785551071167, -0.5935577154159546, 0.5768432021141052, 0.01487128809094429, 2.7530136108398438, 0.7619593143463135, 3.8533105850219727, -0.4304158091545105, -0.8160414099693298, -1.0836544036865234, -0.08691856265068054, -0.991940975189209, -0.7813279032707214, -2.0579934120178223, 0.3834591805934906, -1.6972793340682983, 0.2165973037481308, -1.9325568675994873, -1.2950016260147095, -3.4425346851348877, 2.6789753437042236, -0.7837522029876709, -2.102022647857666, -1.1004235744476318, 1.5440542697906494, 1.9822673797607422, 0.5871267318725586, 2.106952667236328, -1.1806668043136597, -1.4730570316314697, -0.13455002009868622, 1.1717982292175293, -1.2982717752456665, 0.5320740938186646, 1.9388118982315063, 3.5124731063842773, -1.2204384803771973, 2.267244815826416, 1.5528464317321777, -3.0678420066833496, 0.4947139024734497, -1.4472684860229492, 1.000932216644287, 1.1619452238082886, -0.049876511096954346, 2.3939478397369385, 0.6555835008621216, -3.3850135803222656, -0.6021531820297241, 0.4772409498691559, -0.21526382863521576, -2.455528974533081, -0.21862459182739258, 0.8055891990661621, -0.49510014057159424, 1.0193034410476685, -2.5051321983337402, 0.8256398439407349, 0.403350830078125, -0.9597086906433105, -0.49400630593299866, -3.46895170211792, -1.3700088262557983, -3.128648042678833, -1.0937453508377075, -1.4205615520477295, 3.0656447410583496, 1.8773462772369385, -2.680521011352539, -0.9149432182312012, 1.8719792366027832, -1.0130689144134521, 0.5554354190826416, 0.5613157749176025, 0.6890776753425598, -0.3039619028568268]",0,44.0
54,9606.ENSP00000307208,"[1.9837554693222046, -0.2884466052055359, 3.1772241592407227, 2.0966672897338867, -2.3736658096313477, 0.8149521946907043, 0.02361634373664856, 2.4149398803710938, -4.035889625549316, 2.447491407394409, 1.6367511749267578, -3.1166718006134033, -1.630861759185791, 1.0756335258483887, 0.5374510884284973, 0.6920138001441956, 0.40407514572143555, 3.6304931640625, 1.9409167766571045, -0.2197524458169937, -1.4647133350372314, -0.34240806102752686, -0.35184937715530396, 1.3860137462615967, -1.9501662254333496, -3.2092032432556152, 2.733839273452759, 2.0271942615509033, 1.4805182218551636, -2.549785852432251, -3.939507246017456, -3.3327465057373047, -0.2505646347999573, -0.4913023114204407, 3.0148322582244873, -2.2320475578308105, -1.9632771015167236, -1.3536814451217651, -2.320605754852295, -0.9104021787643433, -3.382633686065674, 0.49601274728775024, -3.467397689819336, 1.8650009632110596, -0.43203046917915344, -3.0780210494995117, 2.2631800174713135, -0.5048271417617798, 1.4888379573822021, -0.6686525344848633, 0.8907630443572998, 1.9792680740356445, -1.6615722179412842, -0.9521558880805969, -0.8061812520027161, -4.17556095123291, 0.6204831600189209, -0.9966439008712769, 2.3840155601501465, -3.9141933917999268, -1.3183897733688354, 1.518364667892456, 2.4937644004821777, -1.892608404159546, -0.6699612140655518, 3.3586103916168213, 1.0437426567077637, -4.391262531280518, -0.7844136953353882, 2.4901466369628906, 0.7692844271659851, -0.1775667667388916, 1.3422160148620605, -1.4016664028167725, -2.4588961601257324, 1.4775512218475342, -0.82084721326828, -4.96841287612915, -4.169737815856934, 0.09535813331604004, 0.9943670630455017, 4.2872467041015625, -1.5901663303375244, -0.2358337938785553, -2.1617610454559326, 1.987826943397522, -1.3594818115234375, 2.8180487155914307, -2.387590169906616, 0.7362005114555359, -3.987020492553711, 1.692386269569397, 3.1531341075897217, -0.5019102096557617, -1.507858157157898, 3.8095641136169434, -1.2852541208267212, -3.4765191078186035, 1.0773767232894897, -2.32794451713562, 2.9595797061920166, 2.211888551712036, -3.175701379776001, 2.1414904594421387, 0.7258396148681641, 0.650854766368866, -1.229564905166626, -0.5590019822120667, 0.3433346748352051, -0.15229502320289612, 0.8627688884735107, 1.137819528579712, -2.0433170795440674, -2.6657066345214844, -3.1752984523773193, 0.3057621121406555, -0.7670507431030273, -1.4926742315292358, -2.616572856903076, 3.8335204124450684, 1.437630295753479, 0.10595381259918213, 2.525388479232788, 2.513658046722412, -0.40780770778656006, 0.8382996320724487, -0.27224981784820557, -0.47398748993873596, 3.4204940795898438, 0.6888682246208191, 5.356980323791504, 1.580528974533081, 0.2645290791988373, 2.059673547744751, -0.4109010398387909, 2.3236584663391113, -3.940108060836792, -3.7000691890716553, -1.7020578384399414, 1.332668662071228, 1.6522624492645264, -1.3501991033554077, 1.2073442935943604, -3.9312803745269775, 4.765933036804199, 1.4553416967391968, -1.745746374130249, -1.6350929737091064, 3.5158870220184326, 0.8023817539215088, 0.9391747713088989, -2.2572145462036133, -3.2883660793304443, 0.5200788974761963, -2.9204330444335938, -0.8589959740638733, -5.584866046905518, -0.46440207958221436, 0.0025447607040405273, 2.3368585109710693, 0.20417141914367676, -1.5595842599868774, -1.2908196449279785, -2.200472116470337, -2.400348663330078, 0.8948630094528198, -0.4542759954929352, 1.2495982646942139, -1.3601443767547607, 1.9973422288894653, -0.6377143263816833, -1.1800843477249146, 1.983195185661316, -2.7492029666900635, 1.206114411354065, -1.1855437755584717, 0.6753346920013428, 1.6760731935501099, 2.2408487796783447, -2.0560994148254395, 2.0768914222717285, 2.2926621437072754, 1.718279480934143, -2.0324621200561523, -2.088191270828247, -1.1527059078216553, -3.2392613887786865, -4.605387210845947, -0.5931153893470764, -0.5511574149131775, 3.1833441257476807, -1.967939019203186, -2.447587013244629, -0.188597172498703, 1.0096355676651, 0.40706169605255127, 1.7208560705184937, -1.0371085405349731, 3.867896795272827, -1.2142056226730347]",0,161.0
55,9606.ENSP00000316779,"[5.9762282371521, -2.5365772247314453, 8.292832374572754, 6.4890007972717285, 1.621741533279419, 4.817073822021484, -2.615615129470825, 0.5587056875228882, -3.546431541442871, 0.8584480285644531, 8.359708786010742, -4.381385326385498, 3.371002674102783, -2.7061192989349365, -9.688874244689941, -2.1627042293548584, -0.6691377758979797, 5.25852632522583, 6.272292137145996, 1.774876356124878, -2.9642996788024902, -10.291250228881836, -2.1053786277770996, -0.3212678134441376, -2.511099100112915, 0.37703853845596313, 3.8560590744018555, 3.605830669403076, 5.085360050201416, -6.406559944152832, -1.4762818813323975, -11.215384483337402, -1.8233518600463867, 0.052299678325653076, 5.9256978034973145, -2.262577533721924, -8.242981910705566, -6.237294673919678, -6.678328037261963, -5.45988130569458, -6.7263407707214355, 1.997776985168457, -6.822510242462158, 0.14191123843193054, -6.977972030639648, -5.060769557952881, 7.017026424407959, -2.5931026935577393, -8.440180778503418, -5.835151195526123, 6.032691955566406, 7.416746616363525, 4.710213661193848, 1.5475009679794312, 3.3496007919311523, -7.258127689361572, 5.325097560882568, -3.8176660537719727, -2.1646103858947754, -4.866389751434326, -10.865766525268555, 6.686639308929443, 6.889708518981934, 1.178905963897705, -1.6396820545196533, 3.383816957473755, 4.730704307556152, -3.5838348865509033, 2.053067207336426, 4.123579502105713, 8.303360939025879, 4.782830238342285, -1.908277988433838, -2.8356010913848877, -2.246692180633545, 10.887290954589844, 3.354515552520752, -6.576144218444824, -5.658561706542969, 6.43899393081665, -1.1027528047561646, 7.792910575866699, 0.7057178616523743, -2.628547430038452, 5.773414611816406, -1.6347769498825073, -3.607351064682007, -3.036010503768921, -8.074305534362793, -1.0789158344268799, -5.320935249328613, 6.979449272155762, 9.375102043151855, -7.099142551422119, -5.163809299468994, 6.565693378448486, -3.9467709064483643, -1.8878352642059326, 7.152215957641602, -4.654272556304932, -1.3973298072814941, 2.688527822494507, -5.189933776855469, 7.6455769538879395, 6.465301036834717, 1.473388671875, -7.644576072692871, -1.1079891920089722, -1.624455451965332, -1.2923507690429688, 2.1409616470336914, 6.899627208709717, -9.311432838439941, -2.8816418647766113, 2.36356782913208, 2.6543357372283936, 4.664919853210449, -7.21632719039917, -0.7762078642845154, 5.433614730834961, 6.589626312255859, 4.103581428527832, 7.121746063232422, 2.258049249649048, -1.4392192363739014, 6.1643571853637695, -3.617011785507202, -5.293259143829346, 1.2526423931121826, -1.8325746059417725, 4.683265686035156, 4.63652229309082, 0.5238163471221924, 7.309356689453125, -9.553224563598633, 7.0227227210998535, -0.4217991828918457, -1.100334882736206, -1.3499728441238403, 4.552964687347412, 7.731475353240967, 2.3367879390716553, 0.5377432107925415, -8.375506401062012, 4.938754558563232, 5.561034202575684, -6.292065143585205, -0.3603123128414154, 4.511048316955566, -3.1469976902008057, 2.7644295692443848, -4.734439373016357, -6.504705905914307, 5.460033893585205, -4.237424373626709, -2.5810985565185547, -1.845682144165039, -0.18768653273582458, -4.406303882598877, 1.8984026908874512, 3.335233688354492, 3.2667319774627686, -3.895901918411255, -4.864503860473633, 5.5206098556518555, 3.778701066970825, 0.1932799071073532, 0.7601338624954224, -0.34751540422439575, 1.044859766960144, 3.520050048828125, -4.431575775146484, 4.580342769622803, -2.5537731647491455, -0.4466332197189331, 6.640897274017334, 1.4715712070465088, 6.116690635681152, 2.7573578357696533, -7.029928207397461, 6.339151382446289, 10.326990127563477, -2.291316032409668, -1.3795019388198853, -2.9482979774475098, -2.7093513011932373, 1.1708952188491821, -6.541770935058594, 9.82836627960205, -2.149238109588623, 6.635055065155029, -3.8481690883636475, -5.030420303344727, 0.9087347984313965, 0.6037232875823975, 2.4199981689453125, 3.7701380252838135, -4.081003665924072, 4.890697956085205, -7.760483741760254]",0,88.0
56,9606.ENSP00000356694,"[6.812233924865723, -2.2723708152770996, -1.0649579763412476, 3.117893695831299, 3.3756816387176514, -2.5575437545776367, -4.033856391906738, 1.7131375074386597, 2.1333978176116943, -4.993041515350342, 5.167860507965088, -1.8031073808670044, 0.2442142516374588, -3.2055327892303467, -1.0230731964111328, -3.666863203048706, -2.2222812175750732, 3.9091553688049316, 1.3686155080795288, 4.679896354675293, 2.926537275314331, -0.9083400368690491, -2.8926010131835938, -0.9460864663124084, 2.4881396293640137, -10.089922904968262, -0.3405393660068512, 3.4532198905944824, -1.4795372486114502, -10.03664493560791, -3.594477653503418, -3.1236441135406494, -3.685582160949707, 5.107765197753906, 5.3566412925720215, 1.9451689720153809, -6.038311004638672, -1.9389328956604004, -8.26954174041748, 0.35701388120651245, -2.4092490673065186, -1.7797439098358154, -0.7665919661521912, 3.3631844520568848, 4.295266628265381, -2.3479433059692383, 4.630420207977295, -2.120142936706543, -8.396799087524414, -0.611855685710907, 1.2581963539123535, 6.684237480163574, 1.11208176612854, 3.3872101306915283, 0.5361441373825073, -4.065792083740234, 7.030564308166504, -3.274806499481201, -1.5779424905776978, -5.36546516418457, -6.103243350982666, 1.6488358974456787, -0.499554306268692, 0.9317975044250488, -1.234841227531433, -4.586385250091553, 1.762146234512329, -1.9720120429992676, -2.7228105068206787, -1.022161602973938, 1.0978264808654785, -1.0831034183502197, 3.1719017028808594, -3.095299482345581, 0.8546070456504822, 12.0529146194458, -2.8897063732147217, 1.7952823638916016, -2.9971256256103516, 1.641452670097351, 1.687848687171936, 3.516383409500122, -2.240236759185791, 0.7943578958511353, 5.465366840362549, 1.328368902206421, -0.6308461427688599, -4.444300174713135, -2.490492105484009, -0.6820266842842102, -6.993053913116455, 7.064897537231445, 6.626275062561035, 1.0051854848861694, -6.601058006286621, 3.2678706645965576, 0.3971903920173645, -5.327386856079102, 8.794295310974121, 2.863355875015259, 2.6687018871307373, 4.532825946807861, -5.284753799438477, 5.724709987640381, -0.3634895384311676, 0.2546956539154053, 2.654374599456787, 0.022699818015098572, 1.3424153327941895, -0.04875163733959198, -0.24039578437805176, -1.3039617538452148, 1.8704476356506348, -1.0555391311645508, -3.205700635910034, -2.1917543411254883, 0.2751682996749878, -1.5986523628234863, -0.711200475692749, 2.6895689964294434, 6.668239593505859, -3.231149435043335, -1.1186920404434204, -0.14108243584632874, 0.4778794050216675, -3.5493156909942627, 0.271098792552948, -3.4716179370880127, 2.945986032485962, 0.6901467442512512, 3.5089714527130127, -0.8525060415267944, 2.8726649284362793, -0.8875393271446228, -3.771604537963867, -0.47991448640823364, 0.15152570605278015, -2.641634225845337, 3.5732245445251465, -2.164482831954956, 10.25560188293457, -0.0023703277111053467, 1.317481279373169, -7.567299842834473, 3.9875824451446533, -1.493828296661377, -2.7655844688415527, -3.1134400367736816, 1.8326246738433838, -0.21102814376354218, 0.11428413540124893, -0.7771813273429871, -5.065338611602783, -1.142040491104126, 1.4190356731414795, 3.11112117767334, -0.9542661905288696, 0.15521195530891418, 0.8309101462364197, 2.022796392440796, -0.9802227020263672, 4.712260723114014, 3.459859848022461, -4.362815856933594, 2.06319522857666, -2.363070011138916, 2.8159470558166504, -3.051630973815918, 0.07540325820446014, 2.6089391708374023, -0.32523536682128906, -6.444122791290283, -1.7673269510269165, 2.1801509857177734, -1.6241130828857422, -0.5681332349777222, -1.5321825742721558, 4.748974800109863, 1.1496139764785767, -0.6014436483383179, 6.423027515411377, 4.3155436515808105, -0.373929888010025, -2.328674077987671, -2.511402130126953, -0.5736744999885559, 3.3714241981506348, -0.20797717571258545, 2.985139846801758, -2.4299161434173584, -2.983635663986206, 2.8768208026885986, -6.035063743591309, 4.347200393676758, 5.331902027130127, -3.8934919834136963, -5.430539608001709, -6.827184677124023, 8.175909042358398, -0.5690280199050903]",0,23.0
57,9606.ENSP00000339527,"[1.8732898235321045, 3.4116692543029785, -3.6290760040283203, 1.4398170709609985, -5.772766590118408, -2.671781539916992, 3.2007861137390137, 3.663747549057007, -0.8692619800567627, 0.5938493013381958, 3.173776626586914, -1.406449794769287, -3.6141164302825928, 2.9347426891326904, 3.3513126373291016, -5.915040016174316, 0.2465856820344925, 2.518571376800537, -3.2520956993103027, 3.996127128601074, 2.8231868743896484, 0.38133880496025085, -3.9083824157714844, 2.224719285964966, 3.383028984069824, -11.495843887329102, 4.955530643463135, 6.4689788818359375, -1.9390523433685303, -8.306386947631836, 2.4980149269104004, -6.534157752990723, -6.076246738433838, 9.421941757202148, 11.620352745056152, -2.7554192543029785, -4.390970230102539, 2.753776788711548, -5.2643866539001465, -2.7472002506256104, -4.454082012176514, -6.500511646270752, -3.610520124435425, 4.899409294128418, 6.733698844909668, -6.271035194396973, 7.162792205810547, -3.407320976257324, -2.04207444190979, -0.8942745327949524, -2.189436912536621, 4.603097438812256, 5.100708484649658, -0.05027642846107483, -5.146533966064453, -11.49130630493164, 6.489232540130615, -3.0316760540008545, 4.317786693572998, -8.180721282958984, -2.8263118267059326, 3.186849355697632, -0.5000381469726562, -2.209573984146118, -1.9707294702529907, -0.32413873076438904, 1.066781759262085, -8.225729942321777, -3.9453928470611572, 1.3973881006240845, -3.501973867416382, -6.317005157470703, 6.068486213684082, -3.189847230911255, -3.9585328102111816, 7.107030391693115, -1.9145896434783936, -0.07097403705120087, -6.8098344802856445, -2.7738659381866455, 6.121511459350586, 5.584651470184326, -6.674209117889404, -2.517974376678467, 3.8824338912963867, 4.619077682495117, 2.9776928424835205, -3.4350855350494385, -1.4823689460754395, 7.967076778411865, -7.976656436920166, 7.385730266571045, 2.805717706680298, 3.389310121536255, -2.5503673553466797, 3.990999937057495, 0.36565807461738586, -8.778716087341309, 4.311782360076904, 3.6425535678863525, 4.770905017852783, 9.096796035766602, -9.55539608001709, 5.3274126052856445, -3.478410482406616, -0.028066568076610565, 3.709505558013916, 4.52729606628418, 1.1594841480255127, -2.7043449878692627, -2.8675458431243896, -5.1902079582214355, 3.530423164367676, -6.708826065063477, -6.382617950439453, -5.380978584289551, 1.4892942905426025, -3.828956365585327, -4.4937286376953125, 11.267984390258789, 9.169801712036133, -2.3286657333374023, -1.250287413597107, -0.836135745048523, 10.897047996520996, -2.397831678390503, 2.1865932941436768, 1.1674492359161377, 6.4605865478515625, 4.529915809631348, 6.322775363922119, -0.09928914904594421, 1.0554307699203491, -3.863396167755127, -5.277657985687256, -0.48509693145751953, 2.172119140625, -6.302439212799072, 4.083846092224121, -2.715437412261963, 8.495728492736816, -7.218156337738037, -4.93502140045166, -7.282263278961182, 4.546083450317383, -2.4219202995300293, -6.1754841804504395, -3.2457685470581055, 4.171020030975342, 3.5746631622314453, -1.0965843200683594, -1.1941108703613281, -2.3275880813598633, 0.2643163800239563, -2.9138753414154053, 5.642932891845703, 1.067403793334961, 4.383861541748047, 5.457212448120117, 9.211179733276367, -2.023268222808838, -2.340160369873047, 0.33441752195358276, -9.38141918182373, 1.276239037513733, -2.5001375675201416, 3.0160293579101562, -4.883933067321777, 1.5565541982650757, 5.072510719299316, -0.9366567730903625, -9.405183792114258, -6.0285444259643555, 6.413628101348877, -1.5197598934173584, -5.12131929397583, -0.6036294102668762, 10.027891159057617, -0.7693749666213989, -1.6879841089248657, 0.8548682928085327, 3.379626750946045, -3.5046005249023438, -7.263182640075684, 0.77870774269104, -6.618044376373291, 1.3859615325927734, -8.572771072387695, 6.646609306335449, -4.8368239402771, 6.7259626388549805, 5.50575590133667, -4.571603298187256, 0.876069188117981, 6.8363471031188965, -5.772547245025635, 0.879471480846405, -4.472140789031982, 6.389202117919922, -1.6920950412750244]",0,169.0
58,9606.ENSP00000376943,"[11.673321723937988, 4.168172359466553, -0.43052396178245544, -3.1589953899383545, -0.7662396430969238, -0.5799837708473206, -7.687187194824219, -1.003763198852539, 4.7276177406311035, -9.633363723754883, 7.048950672149658, 0.9600715637207031, -2.171470880508423, -3.410179376602173, 1.6112860441207886, -8.174830436706543, -4.751097679138184, -2.5323233604431152, -2.5002894401550293, 9.724150657653809, 7.54931116104126, 2.931692123413086, 5.390094757080078, 4.118683338165283, 6.960334777832031, -10.966464042663574, 5.410826683044434, 6.213479042053223, -5.753405570983887, -12.665029525756836, 0.03799000382423401, -6.115019798278809, 0.1927955448627472, 2.0138633251190186, 6.878689289093018, 4.955744743347168, 0.4999864399433136, 1.4896868467330933, -8.528989791870117, 0.7857903242111206, -4.426558971405029, -0.11896365880966187, 0.9391508102416992, 1.580917477607727, 7.523979663848877, -5.804446697235107, 3.033642292022705, -3.4719550609588623, -7.858819484710693, 1.0463489294052124, 0.19313707947731018, 5.425767421722412, -0.05196550488471985, 6.001075744628906, -3.3316526412963867, -6.804091453552246, 6.441356658935547, -2.382201910018921, -0.8498847484588623, -4.492013931274414, -9.342317581176758, -1.8262172937393188, 0.15893326699733734, 4.485744953155518, -4.393459320068359, -7.0344462394714355, -3.5364110469818115, -12.040046691894531, -4.4287919998168945, -4.455136775970459, -5.205352783203125, -1.9981635808944702, 4.724361896514893, -7.61572790145874, 3.546490430831909, 14.254792213439941, -2.7079339027404785, -2.4370276927948, -6.901670932769775, -6.1354827880859375, 3.004601240158081, 8.456184387207031, -6.385951042175293, -2.8215348720550537, 5.098605632781982, 6.282534599304199, 0.1776580959558487, -7.522164344787598, 2.179727077484131, 3.077523946762085, -7.621919631958008, 6.1637983322143555, 7.847716331481934, 4.01432991027832, -5.235076904296875, 5.236931800842285, -0.4574461281299591, -6.631615161895752, 7.9690351486206055, 6.710986137390137, 5.2829718589782715, 10.836644172668457, -5.812154293060303, 9.308171272277832, -0.9339738488197327, -1.4843624830245972, 5.135275840759277, 2.936103105545044, 9.194276809692383, -5.348360538482666, -5.481029510498047, -0.8718024492263794, 7.597184658050537, -7.773766040802002, -5.6938395500183105, -5.650381088256836, 5.573005199432373, -4.9174041748046875, -1.243548035621643, 2.6832852363586426, 4.455147743225098, -2.8809380531311035, 1.4845420122146606, 0.5376704931259155, 3.122892379760742, -2.428957939147949, -1.6714577674865723, -1.6749858856201172, 4.635699272155762, 1.2648001909255981, 7.311376094818115, -5.092967987060547, -0.13293196260929108, -6.413634777069092, -2.806995153427124, -7.034308910369873, 8.599754333496094, 2.905050754547119, 5.657139778137207, -3.406721353530884, 2.3791680335998535, -6.719857692718506, -0.5403711795806885, -4.759092330932617, 7.3830366134643555, -2.6296796798706055, -14.066145896911621, -7.732085227966309, 11.315844535827637, 1.5947355031967163, -5.587381362915039, 5.218778610229492, -5.067457675933838, -5.617328643798828, 4.804762363433838, 3.596919298171997, 3.2789268493652344, 1.910922646522522, -2.402733564376831, 0.02507708966732025, -0.9567323923110962, 0.7533192038536072, -4.370197772979736, -7.356966018676758, -2.86348819732666, -5.853722095489502, 10.668660163879395, -7.037450790405273, 2.2852814197540283, 1.0380101203918457, -2.006516456604004, -3.815634250640869, -5.992287635803223, 1.4464553594589233, -1.7835241556167603, -1.7572870254516602, -4.0975213050842285, 6.519490718841553, -7.855292320251465, 5.915661334991455, 7.313927173614502, 5.102530479431152, -0.49661940336227417, -4.174563407897949, 4.798955917358398, -2.173511028289795, 1.2469041347503662, -5.215064525604248, 6.720188140869141, 0.9738196730613708, 2.4695067405700684, 5.599937915802002, -6.527945518493652, 6.477356910705566, 3.9456627368927, -6.969437122344971, -3.71227765083313, -6.834559917449951, 10.257216453552246, 3.5733954906463623]",0,2.0
59,9606.ENSP00000381531,"[6.929614543914795, 2.1315553188323975, 0.9886370897293091, -0.32346832752227783, -4.110192775726318, -0.1805003136396408, 1.7216517925262451, 5.249423027038574, 0.2006622552871704, 0.6386350989341736, 6.83878755569458, 0.24851325154304504, -3.9208717346191406, 3.5727334022521973, 1.8321185111999512, -3.204141616821289, -0.006240397691726685, -0.6343692541122437, -0.10638865828514099, 2.5675392150878906, 2.407522439956665, -1.304241418838501, -3.4823379516601562, 1.6691166162490845, 0.7189635038375854, -1.0535200834274292, -0.6476226449012756, 5.3045268058776855, -0.11031267046928406, -0.7614181637763977, 1.0020956993103027, -5.400774002075195, 0.9526486396789551, 2.667762279510498, 4.3962297439575195, -3.04608416557312, -0.91593998670578, -0.19871926307678223, -2.438304901123047, -1.4260530471801758, -1.9083304405212402, 0.336247056722641, -0.9722117185592651, 2.3530874252319336, 3.165104866027832, -4.00814151763916, 2.09635066986084, -0.4078570306301117, -2.7368664741516113, -0.7396622896194458, 3.3370635509490967, 5.268988609313965, 3.975376844406128, 1.0671577453613281, 0.48916202783584595, -4.301993370056152, 7.423061370849609, -2.8440115451812744, 5.131160736083984, -4.071829319000244, -3.5632243156433105, 1.2241730690002441, 0.37687286734580994, 1.6876825094223022, -1.0004711151123047, 0.21576568484306335, -0.19851520657539368, -3.641568899154663, -2.9332432746887207, 2.4210739135742188, 1.3911329507827759, 0.28424423933029175, 1.869131326675415, -3.889108657836914, -2.106623888015747, 3.3775527477264404, -1.434985637664795, -0.9625890254974365, -6.21079158782959, -1.0472328662872314, 1.0969520807266235, 4.48836088180542, -1.3854013681411743, -0.2016669064760208, -1.8501218557357788, 4.7277631759643555, -3.8632400035858154, -3.4694714546203613, -1.375258445739746, 1.5779192447662354, -3.978545665740967, 9.097051620483398, 3.9174163341522217, 2.7277464866638184, -1.61418879032135, 6.703057289123535, 0.16592158377170563, -1.8448110818862915, 6.390926837921143, 1.4615492820739746, 3.629995822906494, 1.496549129486084, -3.622995376586914, 3.0966289043426514, 2.620755672454834, 1.8338713645935059, -2.663084030151367, 2.4056482315063477, 4.228867053985596, -2.992338180541992, -3.339484930038452, 1.5801172256469727, 2.2603514194488525, -2.6417860984802246, -6.242234706878662, 0.017840862274169922, 2.120310068130493, -4.231278419494629, -0.334581196308136, 5.007946014404297, 4.689035415649414, -1.44230055809021, 0.1643351912498474, -3.3246748447418213, -0.4930398762226105, -0.6342364549636841, -3.2454919815063477, -1.5279736518859863, 4.524903297424316, 0.8729207515716553, 4.697216033935547, 1.2177746295928955, 1.8374319076538086, -1.6805691719055176, -8.155281066894531, 2.9445481300354004, -0.9078601598739624, 0.9258730411529541, 0.7422353029251099, -1.0365816354751587, 0.1464250087738037, 0.5109230279922485, 1.992082953453064, -4.5653510093688965, 5.935279369354248, 2.8763701915740967, -2.7255754470825195, -3.5205061435699463, 0.9800446033477783, 2.8777663707733154, -0.7172936201095581, -0.4780404567718506, 1.6211645603179932, 1.6177235841751099, -1.9912583827972412, 0.4209808111190796, 1.118839144706726, 1.3050074577331543, -2.9476840496063232, 3.93514347076416, -1.1534792184829712, 1.7436745166778564, -1.3357583284378052, 0.5071276426315308, 5.568188667297363, 1.1228810548782349, 1.115767002105713, -3.993406057357788, 1.0488638877868652, 1.9334746599197388, 2.056969165802002, -4.978127479553223, 0.3452041447162628, 0.1751135289669037, 2.205902338027954, -4.293351173400879, 0.12152257561683655, 2.6564924716949463, 2.9445579051971436, 2.207545518875122, 6.053183078765869, 5.741268634796143, 1.0388115644454956, -1.4577471017837524, -3.1537656784057617, -2.5437750816345215, -3.0708327293395996, -2.580591917037964, 1.774780035018921, -1.2797529697418213, 5.972892761230469, 2.3117964267730713, -2.907132625579834, 2.756126642227173, 5.750248908996582, -4.506103038787842, -4.728729248046875, -5.449605941772461, 2.69441819190979, 1.2989978790283203]",0,38.0
60,9606.ENSP00000296861,"[4.805438995361328, 0.5889133214950562, -1.5811249017715454, -1.4243950843811035, -1.684039831161499, -0.10043877363204956, -2.801694869995117, 1.8250138759613037, 4.124042987823486, -3.1219942569732666, 3.613696813583374, 1.3013957738876343, -3.9248433113098145, -1.092681884765625, 1.4558844566345215, -2.2691969871520996, -1.3949168920516968, -2.087090015411377, -1.8041534423828125, 2.460843563079834, 1.6344263553619385, 0.8311406373977661, -1.8352642059326172, 0.6342691779136658, 3.3202199935913086, -4.260342121124268, 3.317047119140625, 1.382023572921753, -4.362664222717285, -4.478024005889893, 3.1074323654174805, -3.250077486038208, -1.165015697479248, 1.4125522375106812, 1.5946521759033203, -0.18915411829948425, 0.23129969835281372, 0.44027891755104065, -1.2193031311035156, 2.857856273651123, -0.04708792269229889, -2.65390682220459, 1.819809913635254, 2.113769769668579, 0.03451451659202576, -2.396488666534424, 0.5625648498535156, -2.701385259628296, -2.5510284900665283, 1.8335654735565186, -3.178048849105835, 0.5996467471122742, 0.24037782847881317, 1.9775854349136353, -0.9741431474685669, -1.5281963348388672, 1.530574083328247, 2.053678035736084, -0.10791823267936707, -2.276829481124878, -4.0676984786987305, -2.6807596683502197, -2.412503719329834, 2.162789821624756, -1.34308660030365, -3.5531418323516846, -2.258481740951538, -1.218166470527649, -0.9671715497970581, -1.74226713180542, -0.749624490737915, -2.319978952407837, 2.7286319732666016, -0.017809510231018066, 4.035678386688232, 3.888115882873535, -1.4012802839279175, 0.48020705580711365, -0.8819713592529297, -1.9169782400131226, 1.5816229581832886, 2.1434671878814697, -3.2091126441955566, 1.2186827659606934, 1.7520978450775146, 0.9958549737930298, 2.3257687091827393, -3.058617115020752, 1.3739333152770996, 2.968214273452759, -1.77664315700531, 3.023225784301758, 3.519170045852661, 1.2788832187652588, 1.1684833765029907, 1.4109394550323486, 0.3949291706085205, -2.585524797439575, 2.577627658843994, 3.4585609436035156, 0.2639198303222656, 1.4409315586090088, 0.6872601509094238, 3.331838846206665, -1.3324006795883179, -1.6568596363067627, 0.8143504858016968, 3.5841867923736572, 1.8390138149261475, 1.7203372716903687, -2.297739267349243, -2.9178736209869385, 4.356511116027832, -1.8898439407348633, -1.4367327690124512, -3.1130638122558594, 0.6832594871520996, -1.9237788915634155, -0.8853459358215332, 1.168440580368042, 1.8747392892837524, -0.11847195774316788, 0.2780642509460449, -2.1367428302764893, 1.8035967350006104, -2.617847204208374, -2.3849518299102783, 1.1444011926651, 1.7317183017730713, 2.9466655254364014, -0.7735607624053955, 0.4234326183795929, 0.3385343849658966, -2.3923404216766357, 0.548740029335022, -3.2455756664276123, 2.2828054428100586, 3.4268765449523926, 0.7078829407691956, -1.6514265537261963, 3.8407363891601562, -0.8823516964912415, 1.0216526985168457, -2.9251461029052734, 1.6318168640136719, -2.1230649948120117, -1.3367966413497925, -3.1471340656280518, 0.9830580949783325, 1.621592402458191, -0.7072538733482361, 2.9428741931915283, 1.7370373010635376, -1.2539160251617432, 4.06703519821167, -0.04024091362953186, 2.6891543865203857, 4.211456298828125, 1.5845420360565186, 0.11794476211071014, -0.7356318831443787, -0.43845152854919434, 1.012848973274231, -3.4522948265075684, 2.438836097717285, -2.0191588401794434, 5.8911967277526855, -2.723520517349243, -1.150840401649475, 0.6199832558631897, 1.0316303968429565, -2.23404860496521, -0.27644920349121094, 0.8748335242271423, -0.7645974159240723, -4.582152843475342, -2.4138402938842773, 2.0028789043426514, -1.9423749446868896, 1.4089709520339966, 2.8662807941436768, 2.198021411895752, -0.50514155626297, -2.811840534210205, 0.3653462827205658, -2.005892753601074, -1.3801332712173462, -1.3404659032821655, 1.2953665256500244, -1.6007801294326782, -1.5186458826065063, 2.5443601608276367, -3.457690477371216, 3.9609012603759766, 1.1787937879562378, -1.6480627059936523, -1.4296586513519287, -2.8763625621795654, 1.4340038299560547, 0.8298265933990479]",0,30.0
61,9606.ENSP00000318585,"[9.877959251403809, 0.9298458099365234, 6.647768020629883, 3.0359888076782227, -1.8668293952941895, 2.309542417526245, -4.430383205413818, 1.929937481880188, 0.017857074737548828, 4.79200553894043, 7.631343841552734, -3.4705188274383545, 0.7139257192611694, -1.0275113582611084, -5.726701259613037, -4.214592933654785, -2.1326794624328613, 0.8384279012680054, 5.596453666687012, 0.3721187710762024, -0.5373321771621704, -4.069311141967773, -0.3679080307483673, -0.6487255096435547, -3.080230236053467, -3.020742654800415, 1.4495718479156494, -0.8514999151229858, 3.6534926891326904, -5.728583335876465, -2.4441232681274414, -4.861988067626953, 1.0738165378570557, 1.4580965042114258, 3.4608821868896484, -3.071610927581787, 1.282665491104126, -5.951904773712158, -5.90780782699585, -6.148698806762695, -2.374500274658203, -0.3262428045272827, -8.655089378356934, -4.281423091888428, -1.166215181350708, -0.715724527835846, 8.342954635620117, -8.017487525939941, -4.677306175231934, 0.10167399048805237, 3.528740644454956, 7.181612968444824, 4.966730117797852, 0.4081183075904846, 2.479940891265869, -5.4186506271362305, 7.668176174163818, -4.506393909454346, 5.189735412597656, -3.8432159423828125, -7.590881824493408, 1.8519604206085205, 3.2661516666412354, 0.8243330121040344, 0.898762047290802, 0.06927907466888428, 4.520675182342529, -4.876817226409912, -1.3722739219665527, 3.5505130290985107, 4.168241024017334, 3.3778738975524902, 1.3320095539093018, -2.442829132080078, -5.111636161804199, 6.67359733581543, 7.068769931793213, -1.5677045583724976, -5.753915786743164, 3.2347404956817627, -0.5999829769134521, 6.4985761642456055, -1.9960510730743408, -0.49456551671028137, -0.6731178164482117, 4.040043830871582, -2.940455436706543, -3.165020227432251, -4.493328094482422, -0.38033971190452576, -3.5509071350097656, 4.879934310913086, 4.134961128234863, -3.5601511001586914, -1.9798003435134888, 2.986114025115967, -4.986888408660889, 0.14388516545295715, 5.295586585998535, -0.14923901855945587, 4.0548882484436035, 4.148080825805664, -4.709351539611816, 4.339633941650391, 7.550726890563965, 0.15391424298286438, -6.163593292236328, -2.500092029571533, 6.664213180541992, -6.973104953765869, 2.073385238647461, 1.7636817693710327, -2.2302141189575195, -1.15294349193573, -0.7030051946640015, -0.2925373315811157, 5.84180212020874, 0.888687789440155, -3.943903684616089, 2.089099168777466, 7.3400092124938965, 1.2343122959136963, 6.616744041442871, 0.8405524492263794, -4.607762813568115, 2.4279558658599854, -5.5511908531188965, -5.088064193725586, 1.215643048286438, -4.770797252655029, 4.910634517669678, 5.5740156173706055, -5.776324272155762, 6.368412017822266, -9.346627235412598, 5.624989986419678, 0.5459853410720825, -2.0869393348693848, -7.367164611816406, 3.8628642559051514, 4.379275798797607, -1.857854962348938, 4.97230339050293, -6.098678112030029, 1.828783631324768, 7.138149261474609, -0.36519184708595276, -2.03791880607605, 4.096626281738281, -1.890426516532898, 3.9166555404663086, -8.295015335083008, 2.2327229976654053, 2.8230433464050293, -5.320822715759277, 0.6668567061424255, -3.013974905014038, -2.8730852603912354, 0.7004567384719849, -4.550631523132324, 0.6046836376190186, -2.587839126586914, -0.5804252624511719, -6.120880126953125, 2.621042013168335, 2.7586071491241455, -4.961237907409668, 2.370842695236206, -2.8634285926818848, -0.3374241590499878, 8.799023628234863, 0.6203798055648804, 7.377191543579102, -0.7108503580093384, -1.480058193206787, 6.156472682952881, 2.806504487991333, 7.214503288269043, 0.8442482948303223, -3.489060640335083, 6.6590962409973145, 8.514813423156738, 4.866168022155762, -2.9687016010284424, -3.475635051727295, -0.7197754979133606, -4.863997459411621, -4.244535446166992, 6.949363708496094, -0.22449234127998352, -0.6944390535354614, -2.5607872009277344, -4.636291027069092, 5.299196720123291, -2.0333492755889893, -4.297703266143799, 0.09019473195075989, -5.233708381652832, 2.959124803543091, -2.8330368995666504]",0,80.0
62,9606.ENSP00000326366,"[26.535593032836914, 4.761416435241699, 6.981906890869141, -1.5356703996658325, -8.297408103942871, -0.347202330827713, -13.166923522949219, 13.834382057189941, 5.5404887199401855, -6.1911211013793945, 17.14029312133789, 1.2429860830307007, -0.5785884261131287, 5.632955074310303, 0.5128250122070312, -13.816869735717773, -9.0634183883667, 2.9464833736419678, 4.287422180175781, 5.183896064758301, -0.5578974485397339, -1.5749633312225342, -7.445735931396484, -0.9298976063728333, 1.8291668891906738, -14.158682823181152, 4.9738922119140625, 7.820765495300293, 2.477302074432373, -20.557832717895508, 7.037699222564697, -15.90440845489502, -3.1607913970947266, 4.303618431091309, 12.431825637817383, 2.1228697299957275, -1.6914006471633911, 2.649176597595215, -15.459102630615234, 1.8988912105560303, -15.163737297058105, 1.1154124736785889, -4.242156505584717, 3.79526948928833, -1.4764806032180786, -11.720036506652832, 16.693017959594727, -22.528167724609375, -9.205018043518066, 3.4296789169311523, -0.8335784077644348, 21.025375366210938, 9.616150856018066, 5.382580280303955, -1.8034658432006836, -17.29921531677246, 19.16347312927246, -3.6941280364990234, -2.6389756202697754, -14.938797950744629, -21.260295867919922, -2.8186917304992676, 1.206046462059021, 6.3938469886779785, -4.595043182373047, -3.391127347946167, 4.119478225708008, -19.004661560058594, -6.487058639526367, 6.098804950714111, -1.8087263107299805, -3.42455792427063, 6.770290374755859, -15.089938163757324, 0.8781989812850952, 20.161550521850586, 0.7751766443252563, -4.227010726928711, -20.927074432373047, -5.200093746185303, 4.834592819213867, 23.243207931518555, -18.086448669433594, -5.887392997741699, 1.8373603820800781, 8.445777893066406, 3.994279146194458, -10.327447891235352, -4.144647598266602, 4.883711338043213, -16.6390438079834, 18.55698013305664, 18.433345794677734, 5.645143985748291, -0.6008192896842957, 14.981602668762207, 1.095560073852539, -11.933266639709473, 21.515047073364258, 3.9064295291900635, 14.503387451171875, 17.63188934326172, -15.879959106445312, 9.568252563476562, -2.4804046154022217, -4.234197616577148, -3.8452835083007812, 5.549272060394287, 16.49655532836914, 2.2683091163635254, -6.543694972991943, -1.1057428121566772, -1.9619756937026978, -11.913381576538086, -7.689298629760742, -2.7134790420532227, 10.16196060180664, -10.60409927368164, -10.698722839355469, 17.879745483398438, 21.76726722717285, 4.037606716156006, 17.546588897705078, -4.565857887268066, 5.473998069763184, 2.767106533050537, -16.924407958984375, -5.454331874847412, 15.863585472106934, -0.27607807517051697, 20.65983772277832, 3.295295238494873, -5.217134952545166, 4.6678571701049805, -13.146288871765137, 2.8140554428100586, 0.37239569425582886, 0.0523359477519989, -2.3876092433929443, 2.2295424938201904, 12.723738670349121, -4.2435150146484375, 6.536877632141113, -23.146085739135742, 16.668405532836914, 2.725238084793091, -15.41815185546875, -20.007535934448242, 17.819984436035156, -3.13683819770813, -2.282426357269287, -3.6709063053131104, -1.8027305603027344, 0.8536676168441772, 0.3900989294052124, -0.34645459055900574, 7.404910564422607, 2.8568501472473145, -5.987985610961914, 7.106949329376221, -3.970639228820801, -4.334202289581299, -5.824172496795654, -18.169809341430664, 7.383052349090576, 0.5210713744163513, 7.1464433670043945, -6.548927307128906, 5.736180782318115, 2.9780490398406982, 11.535543441772461, -4.6290693283081055, 3.7294764518737793, -3.8931498527526855, -10.574536323547363, 4.470066547393799, -1.7601680755615234, 18.525705337524414, -4.174359321594238, -2.6933860778808594, 21.181705474853516, 22.374603271484375, -2.4813883304595947, -11.393678665161133, -0.09211380779743195, -4.39146614074707, -9.810503959655762, -21.520557403564453, 22.033897399902344, -6.117032051086426, 10.342972755432129, 6.323180675506592, -22.124027252197266, 16.14635467529297, 11.583178520202637, -14.801776885986328, -7.586402893066406, -18.50166130065918, 15.448884963989258, -1.342029094696045]",0,159.0
63,9606.ENSP00000399376,"[6.331926345825195, -1.246936321258545, 6.7545671463012695, 8.351089477539062, -6.659884929656982, 6.948468208312988, -2.7772605419158936, 6.102416038513184, -0.9250805377960205, -1.6722723245620728, 5.6197686195373535, -3.5954020023345947, -6.209292888641357, -2.190929412841797, -1.2817250490188599, 3.8621649742126465, -1.9361156225204468, 1.3083852529525757, 2.556042194366455, -0.6244080066680908, 1.4449809789657593, -8.935952186584473, -5.933074474334717, 0.8961992859840393, -2.412674903869629, -8.705514907836914, -2.1927709579467773, 3.1638121604919434, 1.8260512351989746, -4.367466449737549, 1.719059944152832, -4.413043022155762, -8.991691589355469, 8.361913681030273, 2.9229793548583984, -2.1141529083251953, -10.0001220703125, -2.451714277267456, -2.4824130535125732, -5.542712211608887, -3.369049072265625, -5.825536251068115, -7.907490253448486, 3.2952401638031006, 5.11955451965332, -6.2935404777526855, 4.814480304718018, -7.756030082702637, -7.238587379455566, 1.3518449068069458, 1.3098300695419312, 8.081853866577148, 7.212306499481201, 4.255992889404297, 3.0152974128723145, -5.437744140625, 3.471827268600464, -5.939369201660156, -2.38338303565979, -2.0698537826538086, -6.684033393859863, 1.222266435623169, 4.155691623687744, 5.885624408721924, -3.265655040740967, 1.6667454242706299, 7.283478260040283, -6.980637073516846, -7.346503734588623, 2.1094720363616943, 1.9819145202636719, -5.115596771240234, 4.624924182891846, -7.545022010803223, -5.532303333282471, 9.658639907836914, 3.976762056350708, 4.217071533203125, -6.957995891571045, 6.15385103225708, 5.439433574676514, 3.464709758758545, -4.450835704803467, -5.9701948165893555, 5.0613250732421875, -0.26731717586517334, -3.8355867862701416, 1.7177541255950928, -5.10008430480957, 4.12728214263916, -6.027763843536377, 5.979448318481445, 8.270660400390625, -1.721718192100525, -3.235607385635376, 2.2050509452819824, -0.9977583289146423, -2.4582016468048096, 1.3870879411697388, 1.7724305391311646, 6.603358745574951, 4.242212772369385, -6.273897647857666, 5.752387046813965, 5.4514288902282715, -1.2891719341278076, -5.958199977874756, 2.3232479095458984, -0.3780438005924225, 2.547598123550415, 0.1358877420425415, 0.4899061918258667, -3.5288522243499756, 0.9894063472747803, 0.29060599207878113, 3.428016185760498, 0.24276357889175415, -5.851339817047119, 2.245882034301758, 5.546144962310791, 7.152746200561523, -3.767127513885498, -3.373033285140991, -5.395699977874756, 4.383301734924316, 3.3278868198394775, -6.183315277099609, -3.0644426345825195, 4.567770481109619, 1.9106121063232422, 4.102032661437988, 1.1860541105270386, 1.6931538581848145, 5.853033065795898, -6.223066329956055, 3.905463457107544, 2.1181728839874268, -2.7581567764282227, -0.7973859310150146, 3.685473680496216, 6.8582963943481445, 0.07903780043125153, 3.8501338958740234, -6.154648303985596, 5.158462047576904, 5.16092586517334, -3.200946092605591, -7.472819805145264, 9.91611385345459, -3.0432980060577393, 4.174860000610352, -2.2847707271575928, -5.447246551513672, 2.2574052810668945, -3.2077465057373047, -2.992112398147583, -0.24826063215732574, 1.966648817062378, 2.3954265117645264, 6.002012729644775, -0.8333275318145752, 2.884600877761841, 2.42060923576355, -5.185214996337891, 9.87834644317627, 4.784976959228516, 4.881083011627197, -2.1967220306396484, 3.1871602535247803, -0.033882737159729004, 4.108242034912109, -11.37801742553711, 1.4311563968658447, -0.021439969539642334, -7.002238750457764, 2.8635551929473877, 0.22975675761699677, 9.710678100585938, 2.598602294921875, -2.2868611812591553, 8.346517562866211, 2.930255651473999, -2.743130922317505, -8.519641876220703, -5.639584541320801, -3.3169758319854736, 3.94815731048584, -4.36655855178833, 9.004050254821777, -6.969801902770996, -0.09684348106384277, -1.1520222425460815, -2.132765054702759, 0.5694466233253479, 6.374619483947754, 0.2449328601360321, -0.8961794376373291, -2.882903814315796, 7.448430061340332, -5.0899248123168945]",0,73.0
64,9606.ENSP00000365576,"[3.81980299949646, -1.3352360725402832, 1.8920798301696777, 3.3969476222991943, 2.172877550125122, 3.1469740867614746, 2.462066411972046, 1.9178025722503662, 0.6861135959625244, 1.097703218460083, 3.027756690979004, -3.4988038539886475, -0.35218411684036255, -1.6223241090774536, 2.542440176010132, -1.5832823514938354, -2.4281821250915527, -0.6940865516662598, -0.27322137355804443, 1.479635238647461, -0.6011435389518738, -2.229599952697754, 0.19770188629627228, 1.0322191715240479, -1.2568957805633545, -4.821239948272705, -0.31048330664634705, 3.1276931762695312, 0.665172278881073, -3.578535795211792, -0.022198379039764404, -0.8068216443061829, 2.6116456985473633, 0.643459677696228, 3.734257698059082, -3.9769606590270996, 0.2470618486404419, -0.9753042459487915, -3.2815582752227783, -0.0005950033664703369, -2.9324936866760254, -2.2085344791412354, -3.8131210803985596, 1.4032974243164062, 1.4193607568740845, -0.7430891990661621, 4.232310771942139, -2.5975818634033203, -5.367600440979004, -2.691326379776001, 3.3344268798828125, 3.2449121475219727, -1.2797092199325562, -0.9388560056686401, -0.1455283761024475, -3.209101438522339, 3.9234681129455566, -3.2320549488067627, 6.000256061553955, -5.226429462432861, -7.944870471954346, 1.3875261545181274, 4.27899694442749, 2.4312658309936523, 2.643705129623413, 1.3164279460906982, 5.117541313171387, -3.424250602722168, 1.537987232208252, 1.1306157112121582, 2.9636354446411133, 0.8105335235595703, -0.44214674830436707, -1.2518846988677979, 0.0865858942270279, 1.9258421659469604, -0.5865828990936279, 0.6585425138473511, -2.8939602375030518, 1.0593304634094238, 0.6569468379020691, 4.660987854003906, -2.2445240020751953, -0.7954877018928528, 1.6487559080123901, 2.1579086780548096, -2.6493208408355713, -1.5874035358428955, -0.29200610518455505, 0.009382694959640503, -3.009982109069824, 8.12630844116211, 4.641615867614746, -1.6237045526504517, -4.916842460632324, 6.198996543884277, -0.23483186960220337, 0.7916867733001709, 5.4956278800964355, 1.9089854955673218, 1.5855354070663452, 3.512092351913452, -4.732037544250488, 4.8413166999816895, -1.6726620197296143, 3.714073419570923, -3.6832003593444824, 1.4473340511322021, 2.7203168869018555, -6.064833641052246, 0.5199334025382996, -1.5090302228927612, -3.8744218349456787, -2.7438676357269287, -2.271422863006592, 2.2269835472106934, 1.2498090267181396, -4.616827964782715, -0.6159242987632751, 3.429232358932495, 7.345149517059326, -1.8539012670516968, 1.775075912475586, 1.8512498140335083, -1.1455988883972168, 0.8480262160301208, -1.659002423286438, 0.8907516002655029, 2.926452159881592, -0.5825216770172119, 4.1611247062683105, 1.5149481296539307, -3.3871517181396484, 2.231671094894409, -5.09522008895874, 4.383607387542725, -0.8940117359161377, -3.634770631790161, -0.2817479372024536, -0.3629915118217468, 4.133496284484863, 1.0440914630889893, 2.508024215698242, -4.713868618011475, 4.729222297668457, 3.317293882369995, -5.929816722869873, -1.3865842819213867, 3.0885837078094482, -3.9501044750213623, -1.6428580284118652, -3.648609161376953, 0.3199782967567444, 1.5265288352966309, 0.5975590944290161, -4.191500186920166, -1.9562299251556396, -0.1270585060119629, 3.3022658824920654, 3.239199161529541, -0.5053145885467529, 0.026045871898531914, -2.0538136959075928, -4.628046035766602, -0.02106909453868866, 1.194933295249939, 2.1494317054748535, -0.5354407429695129, 0.408120334148407, 1.577602505683899, 5.556589126586914, -2.9867424964904785, 3.170515537261963, 0.4529297947883606, 1.525678038597107, 2.4218602180480957, -1.7071787118911743, 4.371901988983154, 2.774049997329712, -2.2207589149475098, 6.167758464813232, 4.835524082183838, -1.9190526008605957, -1.7385896444320679, 0.5447498559951782, 2.215482711791992, -1.2532881498336792, -2.6153695583343506, 3.613436698913574, 0.9781564474105835, 3.701007843017578, -1.64340078830719, -5.798356056213379, 3.691664457321167, 1.349487066268921, -1.3472198247909546, -0.09533262252807617, -4.31775426864624, 2.016537666320801, -2.1706814765930176]",0,70.0
65,9606.ENSP00000324806,"[8.571442604064941, 4.305474281311035, -1.010672926902771, -1.9619708061218262, -7.134847164154053, 1.4998587369918823, -0.08483090996742249, 12.322562217712402, 6.036937713623047, 1.2450655698776245, 14.958080291748047, 1.701135516166687, -6.976696968078613, 6.7723236083984375, 2.8062639236450195, -3.0622007846832275, -10.210247993469238, -5.1113505363464355, -7.871810436248779, 10.859803199768066, 5.298348426818848, 0.7030515670776367, -8.86023235321045, 2.0446243286132812, 6.216625213623047, -9.84844970703125, -4.606655120849609, 6.962378978729248, -2.5709829330444336, -13.409497261047363, 8.478509902954102, -5.64762544631958, -7.7599005699157715, 9.472931861877441, 13.324482917785645, -1.9119486808776855, -9.74222469329834, 5.642846584320068, -10.717190742492676, 5.761497497558594, -10.04112720489502, -8.881731033325195, 0.5251582264900208, 8.266134262084961, 7.803852558135986, -7.586209774017334, 3.1185357570648193, -12.23282241821289, -4.374570846557617, -0.8033692240715027, -0.125580295920372, 12.387286186218262, 12.837103843688965, 9.983291625976562, -3.5558295249938965, -13.971195220947266, 13.470316886901855, 1.8912428617477417, 0.012218937277793884, -9.152029991149902, -11.037663459777832, -3.3189072608947754, -4.312088966369629, 8.052393913269043, -6.378299713134766, -5.255314350128174, -2.0188708305358887, -7.881643772125244, -8.193946838378906, -2.523242712020874, -2.3505871295928955, -6.242401599884033, 11.92201042175293, -10.304742813110352, 4.625186443328857, 13.869619369506836, -8.1528902053833, 6.012321472167969, -15.264311790466309, -9.863211631774902, 7.824097633361816, 12.678864479064941, -8.36547565460205, -8.196422576904297, 4.093154430389404, 7.218952178955078, 0.7777042388916016, -9.682254791259766, 2.0491342544555664, 11.07623291015625, -14.59550952911377, 14.874998092651367, 11.854394912719727, 6.765544891357422, 0.9091330766677856, 13.205740928649902, 1.3551204204559326, -4.821585178375244, 12.30535888671875, 4.1864399909973145, 10.239334106445312, 10.88341236114502, -10.102783203125, 11.78786563873291, -4.6173200607299805, -7.308769702911377, 2.322105884552002, 10.006897926330566, 4.18516206741333, 1.772271990776062, -9.816361427307129, -7.7090935707092285, 2.580601692199707, -3.146996259689331, -8.678829193115234, -3.3044333457946777, 9.498546600341797, -11.20933723449707, 8.818802833557129, 5.812981128692627, 16.82976722717285, -2.936732530593872, -2.2563679218292236, -11.959189414978027, 10.538074493408203, -1.9080556631088257, -11.015668869018555, 1.5344549417495728, 10.106459617614746, 4.457408428192139, 13.391175270080566, -5.5803446769714355, 2.2971997261047363, -7.495746612548828, -14.576525688171387, 2.006925582885742, 5.091748237609863, 3.2615063190460205, 4.161591053009033, -5.469353675842285, 8.278268814086914, -4.188287734985352, -0.9639531970024109, -11.259432792663574, 11.63991928100586, -3.5611603260040283, -12.170190811157227, -11.50492000579834, 12.577393531799316, 2.7903354167938232, -4.3125739097595215, 1.4915729761123657, -3.130086660385132, -2.2447502613067627, 2.313960313796997, 1.7538964748382568, 6.071587562561035, 8.801026344299316, -1.6511591672897339, 7.189245223999023, -11.242798805236816, 2.7734735012054443, 0.9215821027755737, -1.6971721649169922, 11.897061347961426, -5.475725173950195, 11.165651321411133, -3.307619571685791, 9.243430137634277, 9.174548149108887, 4.74707555770874, -17.923690795898438, -9.059981346130371, 9.412613868713379, -14.634988784790039, -4.479438781738281, -7.790029048919678, 13.58520793914795, -4.752796649932861, 3.5738725662231445, 2.830082416534424, 9.428077697753906, -8.041831016540527, -14.358577728271484, 4.129641532897949, -8.566906929016113, 6.6413798332214355, -6.672285556793213, 7.173392295837402, -8.311664581298828, 12.273242950439453, 5.495760440826416, -10.883023262023926, 4.077128887176514, 14.170506477355957, -11.674874305725098, -5.513180732727051, -9.867765426635742, 11.156454086303711, 3.781662940979004]",0,77.0
66,9606.ENSP00000382083,"[1.3379065990447998, -1.3646748065948486, 2.0585110187530518, 2.8247745037078857, 1.0457019805908203, 1.0572956800460815, -2.8809704780578613, 0.8005579710006714, -2.51774263381958, 0.46263036131858826, 1.248745322227478, -3.7207906246185303, 0.38315775990486145, -2.410104990005493, -1.9619767665863037, 0.14918774366378784, 1.043304681777954, 3.642498731613159, 3.0806398391723633, -0.354737251996994, -2.584726333618164, -3.9906864166259766, 0.9432953596115112, 1.1504161357879639, -3.0126137733459473, -1.6391026973724365, 0.0731954276561737, -0.6614812612533569, 1.9019393920898438, -1.5716547966003418, -2.1142258644104004, -2.546180248260498, 1.1808805465698242, -0.4402990937232971, 0.8439803123474121, -1.4398218393325806, -3.524465799331665, -1.976251482963562, -0.9323655366897583, -1.5820461511611938, -1.7899386882781982, 0.03666570782661438, -3.5540599822998047, -0.7274850010871887, -1.1311134099960327, -0.07693630456924438, 2.1975462436676025, -1.6011123657226562, -1.4344993829727173, -1.1449785232543945, 3.2241787910461426, 1.0062851905822754, -2.3913469314575195, -1.958009958267212, 2.0673375129699707, -0.6265472173690796, 0.9524750709533691, -2.4342293739318848, -0.023883730173110962, -0.3061026930809021, -1.8134009838104248, 3.405893325805664, 2.2336032390594482, 0.35712698101997375, -0.28733909130096436, 2.5220956802368164, 4.19830322265625, -0.5176066160202026, -0.3467576503753662, 1.324539303779602, 2.289612054824829, 1.753591775894165, -1.2371764183044434, 0.8128412961959839, -3.089998245239258, 2.19824481010437, 2.699911117553711, -0.9871015548706055, -0.3262837529182434, 2.05849552154541, -0.8126715421676636, -0.37377306818962097, 2.4296138286590576, 1.0496718883514404, -0.04092967510223389, -1.5430374145507812, -2.36445951461792, 0.5388703346252441, -1.81500244140625, -0.48983725905418396, 0.5515087246894836, 1.1753690242767334, 0.05646854639053345, -2.929638147354126, -1.3733737468719482, 0.8196334838867188, -1.2472119331359863, 1.156511902809143, 1.6120988130569458, -3.563804864883423, -0.3882741332054138, 0.2307235598564148, -1.1821563243865967, 1.7869566679000854, 2.6582770347595215, 0.7830027341842651, -2.9717345237731934, -1.241499662399292, -2.7478556632995605, -0.561002790927887, 1.1015065908432007, 3.2119855880737305, -1.8534784317016602, 0.4691567122936249, 0.3638775646686554, 1.7243372201919556, -1.6168088912963867, -1.1567273139953613, -0.6139855980873108, 0.7690314650535583, 1.762084722518921, 1.11435866355896, 1.667710542678833, 2.7529172897338867, -0.6332951188087463, 1.0086185932159424, -1.6561552286148071, -2.7783830165863037, -0.17552869021892548, -2.27060604095459, -1.1744571924209595, 3.3896138668060303, -0.4755449593067169, 4.019329071044922, -0.9788740277290344, 3.6120498180389404, -2.389075517654419, -3.2857377529144287, -1.4926557540893555, 2.3568758964538574, 0.6490606069564819, 1.854212999343872, 2.188361883163452, -2.601966619491577, -1.6384191513061523, 2.8918991088867188, -1.8319134712219238, 2.182082176208496, -0.7027269601821899, -1.2236385345458984, 1.807795763015747, -2.1644670963287354, -1.7673168182373047, 2.5106728076934814, -2.0815792083740234, -0.38175565004348755, -1.1353564262390137, -1.9276760816574097, -0.2982577085494995, -1.1635538339614868, 1.8699573278427124, -0.28512102365493774, -1.2639999389648438, -1.6875271797180176, 1.195328950881958, 1.6850625276565552, -0.3836200535297394, -0.29735851287841797, -0.9489362239837646, 0.0750378668308258, 0.48148036003112793, 0.08216464519500732, 3.57554292678833, -1.4722479581832886, 1.41184663772583, 2.4153237342834473, 1.865142822265625, 3.010228395462036, 2.409080743789673, -2.90649151802063, 1.3952587842941284, 0.5695896148681641, 0.48539429903030396, 1.222983479499817, -2.0431721210479736, 0.33404526114463806, -0.3081829845905304, -0.6700566411018372, 1.3512212038040161, 0.06058850884437561, -0.46126309037208557, -2.736231565475464, -0.5050035119056702, 0.3380138576030731, 0.8286612033843994, 0.5102723240852356, 0.804410994052887, -0.45876333117485046, 1.4959064722061157, -2.648129463195801]",0,40.0
67,9606.ENSP00000366513,"[3.6937999725341797, -2.0805561542510986, 4.241824626922607, 2.4357101917266846, -1.6617563962936401, 1.022386908531189, -2.5121521949768066, 2.842641592025757, -0.592241644859314, -1.8393305540084839, 1.8740752935409546, -2.0742950439453125, 1.2509278059005737, -1.7474576234817505, -2.799879550933838, 1.1176486015319824, -2.6001486778259277, 4.11032247543335, 0.5691004991531372, 0.7689470648765564, -3.0186238288879395, -5.089803695678711, 2.6895296573638916, 2.2147088050842285, -3.4410343170166016, -3.272855043411255, 0.45864546298980713, 3.6325860023498535, 0.7029573917388916, 0.06590083241462708, -2.4200096130371094, -3.0563669204711914, -1.2460819482803345, -0.6965364813804626, 2.675834894180298, -0.12488944828510284, -2.7682454586029053, -3.3508012294769287, -0.7823421955108643, -0.7829899787902832, 0.6861381530761719, -0.04021604359149933, -0.6991644501686096, -0.797167181968689, -2.1944150924682617, -0.15644776821136475, 2.3634700775146484, -4.121582984924316, -2.8661110401153564, -0.5406870245933533, 3.4532620906829834, 3.9392802715301514, 0.47060683369636536, 2.6423685550689697, 2.610281467437744, -4.712996482849121, 3.79645037651062, -2.9461727142333984, -2.36877179145813, -2.9565589427948, -3.660356044769287, 0.7029246687889099, 2.6562345027923584, 0.1222655177116394, 0.6632224321365356, 2.197343349456787, 1.968382716178894, -3.298597574234009, 0.8516390323638916, 2.9592742919921875, 1.2334054708480835, -0.6636833548545837, -0.6763803958892822, -1.8327749967575073, -3.4677200317382812, 4.688399791717529, 3.391374111175537, 0.006327807903289795, -1.5350852012634277, 4.069947242736816, 0.06271778047084808, 3.3870978355407715, -1.7261829376220703, 1.3630256652832031, 3.7987589836120605, -1.8531842231750488, -3.736346960067749, -0.9884100556373596, -4.023869037628174, -2.294682025909424, -2.7517623901367188, 3.260863780975342, 4.440830230712891, -1.7988570928573608, 1.025373935699463, 1.467408299446106, -2.4809412956237793, -1.92368745803833, 4.046789169311523, -2.779991865158081, 0.7906673550605774, 1.265538215637207, -2.2142534255981445, 2.5863654613494873, 1.6585050821304321, 2.110889196395874, -3.410109043121338, -0.18478505313396454, 1.1341757774353027, 0.646428644657135, -0.08551730215549469, 2.0323033332824707, -3.8434746265411377, -3.1275875568389893, 0.13238567113876343, 0.433749794960022, 1.0592294931411743, -2.1354949474334717, -2.690668821334839, 3.4737281799316406, 3.88643741607666, 2.7180016040802, 3.6684460639953613, 1.4778169393539429, 1.08530592918396, 2.9408090114593506, -2.958873987197876, -3.670660972595215, 1.959921956062317, -0.596519947052002, 2.0439133644104004, 2.12502121925354, 0.6793527603149414, 3.549882411956787, -3.5994508266448975, 1.7227017879486084, -2.035919427871704, -2.599804162979126, 1.389817476272583, 3.031944990158081, 2.1298210620880127, 1.3003299236297607, 1.4407285451889038, -3.348182439804077, 3.2413723468780518, 2.600022792816162, -4.348875045776367, -0.4599643349647522, 1.1504580974578857, 1.786571979522705, 1.6983393430709839, -1.9716031551361084, -3.866154670715332, 3.580139636993408, -2.4897830486297607, 0.7956935167312622, -0.10529646277427673, -1.8331323862075806, -1.4562032222747803, 1.2645385265350342, 0.21980738639831543, 0.7082586288452148, -1.4668488502502441, -1.5328974723815918, 1.2351707220077515, 1.7171167135238647, 0.5563309192657471, 0.7490361928939819, -0.7594447135925293, -0.32538866996765137, 2.276932954788208, 0.4638906419277191, 2.2964017391204834, -2.113797187805176, 0.9134531021118164, 2.035435914993286, 2.4091386795043945, 2.713623523712158, 1.7081875801086426, -2.9654862880706787, 1.81533944606781, 2.7278356552124023, 0.10468746721744537, -1.3252896070480347, -1.9968632459640503, -2.3520216941833496, 0.0819794088602066, -4.67933464050293, 4.509500026702881, 1.5937050580978394, 1.9713892936706543, -3.221410036087036, -1.709153175354004, 3.72477126121521, 2.445098638534546, -0.3012784421443939, 1.026686191558838, -3.795692205429077, 3.564541816711426, -3.4653618335723877]",0,79.0
68,9606.ENSP00000257626,"[0.49755966663360596, -0.6445807218551636, 0.770215630531311, 0.686536967754364, -0.1468580961227417, -0.7885783910751343, 0.22040989995002747, 0.6328026056289673, 0.8262098431587219, 1.0780353546142578, 0.8662476539611816, -0.43610987067222595, -0.24258530139923096, -0.661406397819519, 0.10776366293430328, -1.118575096130371, 0.3040899932384491, -0.8793076872825623, -0.08226385712623596, -0.05775672197341919, 0.6364641189575195, -0.38685885071754456, -0.18162661790847778, 0.2935716509819031, -0.3632144331932068, 0.601620078086853, -0.5849321484565735, 0.7761634588241577, 0.09495964646339417, -0.4731902480125427, 0.15156763792037964, -0.08365540206432343, -0.7102756500244141, 0.07544872164726257, 0.44234874844551086, -0.34387585520744324, 0.4565734267234802, -0.7536149024963379, -0.2730156183242798, -0.7952948212623596, -0.7580287456512451, -0.4691951870918274, -0.8525357842445374, -0.13016054034233093, 0.48257920145988464, 0.6203035116195679, 0.9656177759170532, -1.125441312789917, 0.43826115131378174, 0.7497645616531372, 0.42422133684158325, 0.17263451218605042, 0.5871438384056091, 0.029805004596710205, 0.15396785736083984, -1.2560369968414307, 1.030395746231079, -0.9853194355964661, 0.6053939461708069, -0.11086484789848328, 0.03277195990085602, 0.1612880527973175, 0.12910105288028717, 0.9910637140274048, 0.37463539838790894, 1.4033111333847046, 0.6613577604293823, -0.8291298151016235, 0.0752740204334259, -0.5645349025726318, -0.2013244926929474, -0.687208354473114, -0.4181816279888153, 0.5127474665641785, -0.4227854907512665, 0.3909839391708374, 0.19540932774543762, 0.7531912326812744, 0.26174771785736084, 0.05451543629169464, -0.37517550587654114, 0.16136044263839722, -0.24637073278427124, 0.23139706254005432, -0.7913721799850464, 0.8119476437568665, -0.4412110149860382, 0.3262222409248352, 0.2943219542503357, 0.8135111331939697, 0.8655350208282471, -0.012295126914978027, -0.23191960155963898, 0.44844257831573486, -0.29566654562950134, 0.7601075768470764, -0.12954670190811157, 0.14669126272201538, -0.4718037247657776, -0.2669386565685272, -0.4031134247779846, 1.064862847328186, -0.5072844624519348, -0.2200564444065094, -0.30281588435173035, -1.171413540840149, -0.039138972759246826, 0.24491438269615173, 0.36610522866249084, -0.39092889428138733, 0.3511454164981842, 0.06116858124732971, -0.7327393293380737, 0.626213550567627, -0.16124066710472107, 0.5701488256454468, 0.2532268762588501, 0.5706706047058105, 0.0679013654589653, 0.10267841815948486, -0.3255494236946106, -0.6674668192863464, 0.08736130595207214, -1.0123522281646729, 0.338079571723938, 0.13991627097129822, -0.7260198593139648, 0.023389488458633423, 0.6288119554519653, -0.03536079823970795, -0.39140498638153076, -0.04572206735610962, -0.08945515751838684, 0.5369231700897217, -0.005476027727127075, -0.34358125925064087, 1.3887429237365723, -0.046645790338516235, -0.2058373987674713, -0.6200352907180786, 0.5688937902450562, -0.01669245958328247, 1.3532215356826782, 0.5811752080917358, 0.6471771001815796, 0.6674362421035767, -1.2887756824493408, 0.263927698135376, 0.5164451599121094, -0.19716674089431763, -0.5001641511917114, -0.1807706356048584, -0.03623258322477341, 0.23454299569129944, -0.12899446487426758, 0.29543250799179077, -0.029337048530578613, 0.1662258505821228, 0.7608301043510437, 0.3399137854576111, 0.2641391456127167, -0.09375929832458496, -1.1623077392578125, -1.715582251548767, -0.2564888596534729, -0.867010772228241, -0.9994591474533081, 0.050563909113407135, 0.24058657884597778, -0.2964843213558197, -0.22917799651622772, 0.1269885003566742, 1.5346757173538208, 0.17890647053718567, -0.40558141469955444, 0.8598514795303345, 0.04925212264060974, 0.23456992208957672, 0.42000454664230347, -0.3207929730415344, -0.6717551946640015, -0.5680539608001709, -0.07187992334365845, -0.5422500371932983, 0.012807965278625488, -0.41712692379951477, -0.1810915470123291, 0.6097478270530701, -0.5349358320236206, -0.6425905227661133, -0.4085029363632202, -0.47549962997436523, -0.43940800428390503, -0.4165817201137543, 0.5968129634857178, -0.11264915019273758, 0.19491542875766754, 0.4803277254104614, 0.4252863824367523, -0.08787500858306885]",0,50.0
69,9606.ENSP00000241014,"[3.5823540687561035, -1.7770848274230957, 4.572475433349609, 4.40510368347168, -0.6306276321411133, 2.8605685234069824, -1.2658512592315674, 4.888626575469971, -2.6624293327331543, 2.7736289501190186, 5.34701681137085, -4.625558376312256, 0.16611002385616302, -2.1601052284240723, -0.6850854158401489, 1.2036027908325195, -3.036885976791382, 1.5470049381256104, 4.658390998840332, 2.1160850524902344, -1.3205890655517578, -2.9458658695220947, -1.9616260528564453, 0.3887932002544403, -4.017000675201416, -3.3676869869232178, 1.0011186599731445, 1.5300147533416748, 1.8603121042251587, -3.8853960037231445, -1.188463807106018, -2.445012092590332, 0.5620956420898438, -0.2905377745628357, 5.771562099456787, -1.345640778541565, -2.7625105381011963, -1.6701381206512451, -5.121944904327393, -2.54824161529541, -2.6907503604888916, -0.35216954350471497, -5.237837314605713, -1.8719725608825684, -0.3984526991844177, 0.565652072429657, 3.8893163204193115, 1.119734764099121, -3.685034990310669, -2.0871453285217285, 2.2511022090911865, 3.256532907485962, 2.09200119972229, 0.9782386422157288, 0.13021673262119293, -3.9875094890594482, 4.171965599060059, -2.966803789138794, 3.1788926124572754, -4.983761787414551, -4.216986179351807, 2.6259963512420654, 3.9896323680877686, -0.39683568477630615, 1.1223269701004028, 1.0251497030258179, 2.3561830520629883, -2.6841602325439453, -1.3859825134277344, 4.649997234344482, 2.093942642211914, 0.1431790590286255, -0.1504172682762146, -5.094950199127197, -3.3370063304901123, 4.900160789489746, 1.2944564819335938, 0.6166965365409851, -6.1626458168029785, 1.6477258205413818, 1.852433204650879, 1.0741852521896362, -2.2601892948150635, -2.5834288597106934, 0.4961059093475342, -0.05122038722038269, -3.7004330158233643, -2.015676259994507, -3.384077310562134, 0.4585890769958496, -4.128010272979736, 3.059647560119629, 5.431696891784668, -1.1467338800430298, -4.7315802574157715, 4.251767635345459, -4.170714378356934, -0.21548204123973846, 1.2408539056777954, 0.10244858264923096, 1.537180781364441, 4.390941619873047, -4.726632118225098, 3.720430374145508, 3.6957244873046875, 1.7606536149978638, -4.621294021606445, -0.40375468134880066, 0.24936607480049133, -3.0707359313964844, 0.41360968351364136, 3.030856132507324, -3.074326276779175, -4.534096717834473, -4.509806156158447, 1.843282699584961, 0.7923206686973572, -4.8696818351745605, -2.279390335083008, 6.75046968460083, 4.088205814361572, 0.16730737686157227, 2.4995498657226562, 0.031135685741901398, 2.6847493648529053, 0.9282829761505127, -4.2119975090026855, -4.700231552124023, 3.3583853244781494, -1.6059091091156006, 4.850697994232178, 0.241797536611557, -4.132511615753174, 3.1120479106903076, -4.144819259643555, 4.116208553314209, -3.271040678024292, -4.873897552490234, -1.7141810655593872, 2.56486439704895, 3.374704122543335, 1.02499520778656, 2.1828274726867676, -5.2273664474487305, 5.7457475662231445, 2.3598992824554443, -4.16071891784668, -0.5487087965011597, 2.1646974086761475, -0.5704470872879028, 0.7751393914222717, -2.726844549179077, -2.651193618774414, 5.95946741104126, -1.49174964427948, -2.1838672161102295, -1.5084552764892578, -3.5038156509399414, 0.04809993505477905, 1.652553915977478, 0.9452852010726929, 0.04034647345542908, -0.16905677318572998, -2.4128000736236572, 0.15489184856414795, 3.6815149784088135, 0.24374476075172424, 3.7729995250701904, -2.3483474254608154, -0.9090386629104614, 6.071275234222412, -3.935051679611206, 4.577120304107666, 0.5583546757698059, 0.5477354526519775, 2.944394588470459, 3.3214519023895264, 2.666118860244751, 2.5691776275634766, -1.255807876586914, 1.0087730884552002, 5.319318771362305, 2.0541253089904785, -1.393128514289856, -1.1421778202056885, -0.017430096864700317, -1.1244233846664429, -1.2734878063201904, 1.524039626121521, 0.8495378494262695, 1.817625641822815, -1.5701801776885986, -5.390780925750732, 2.2439467906951904, 3.890547275543213, 1.1108583211898804, -1.2538145780563354, -4.353158473968506, 5.94284200668335, -3.151332378387451]",0,58.0
70,9606.ENSP00000222330,"[7.25632381439209, -1.0622336864471436, -0.33085155487060547, -1.3525127172470093, -6.970078945159912, 2.5396034717559814, 3.3077731132507324, 4.473787307739258, 5.432143688201904, 0.05179128050804138, 8.724641799926758, -0.13163767755031586, -8.497279167175293, 4.402299404144287, 3.2579214572906494, -1.3590192794799805, -2.9261250495910645, -5.345149517059326, -5.812340259552002, 8.89969253540039, 4.049500942230225, 0.6863773465156555, -5.194513320922852, -0.5063165426254272, 1.6160293817520142, -7.383813381195068, -4.8981499671936035, 4.356241703033447, -1.4252910614013672, -8.474794387817383, 2.382824182510376, -1.3866552114486694, -3.105837821960449, 6.321588516235352, 9.130062103271484, -4.4417266845703125, -5.497005462646484, 3.119645833969116, -8.538846969604492, 5.576197624206543, -5.178165435791016, -4.785938262939453, -2.382833242416382, 5.60341739654541, 4.038120746612549, -5.003803730010986, 4.549711227416992, -4.207623481750488, -4.2773661613464355, 1.1936166286468506, -0.9364510774612427, 8.55748462677002, 7.444242000579834, 9.718504905700684, -3.6140928268432617, -9.085498809814453, 11.959159851074219, 2.495213508605957, 5.248157501220703, -7.519981384277344, -6.200685977935791, -4.0676679611206055, -0.9194124341011047, 5.371084213256836, -5.044233322143555, -4.0631842613220215, -2.350982427597046, -4.397792339324951, -4.464406967163086, 0.9891440868377686, -1.2963963747024536, -1.5351775884628296, 8.326984405517578, -6.66821813583374, -0.9733036756515503, 7.830132007598877, -1.7491713762283325, 4.815722465515137, -6.917362213134766, -4.732677459716797, 4.821805953979492, 6.509540557861328, -3.7747364044189453, -7.088715553283691, 1.7725913524627686, 3.1408119201660156, -0.9779375195503235, -5.519450664520264, -1.3261213302612305, 9.29283618927002, -11.347843170166016, 9.116911888122559, 5.865044593811035, 5.7059807777404785, -5.417688369750977, 7.66979455947876, 0.9462093114852905, -4.791799545288086, 5.6151556968688965, 9.277448654174805, 5.70088005065918, 6.892558574676514, -7.221897602081299, 5.347145080566406, -3.1817877292633057, -5.288860321044922, 0.16266945004463196, 4.042232036590576, 4.288184642791748, -3.1951639652252197, -2.783005952835083, -1.670564889907837, -0.7490718364715576, -3.264761209487915, -5.533787727355957, -2.616377115249634, 5.5556321144104, -4.673772811889648, 1.2023390531539917, 3.8764429092407227, 10.98011302947998, -4.461133003234863, -1.0105195045471191, -4.245623588562012, 3.970162868499756, -0.3151959478855133, -4.735837459564209, -0.7118257880210876, 5.9618048667907715, 2.958534002304077, 7.82424783706665, -3.8912854194641113, 1.2850561141967773, -5.056924343109131, -8.489789009094238, -1.3114925622940063, 3.0389609336853027, -0.03561624884605408, -1.0462191104888916, -4.269854545593262, 3.610287666320801, -4.866127967834473, -0.054564133286476135, -6.104572772979736, 9.005358695983887, 0.9233994483947754, -7.632761001586914, -6.639242649078369, 7.170023441314697, 1.798291563987732, -2.625056743621826, 2.441171407699585, 0.5049835443496704, -1.517297625541687, 0.08325646817684174, 1.4407919645309448, 3.689544677734375, 2.2803287506103516, 2.3786427974700928, 3.707106113433838, -6.525978088378906, 0.4613281488418579, 3.2636570930480957, -2.581777334213257, 5.723249435424805, -3.2202234268188477, 6.045613765716553, -4.5711259841918945, 3.108213424682617, 3.1948161125183105, 5.394891738891602, -8.928974151611328, -5.161962985992432, 2.8520872592926025, -6.345589637756348, -2.1682167053222656, -3.561274528503418, 7.285163879394531, -1.3950474262237549, 3.4732725620269775, 3.4308972358703613, 5.14326810836792, -4.615917205810547, -8.924397468566895, 2.7903528213500977, -8.71048641204834, 2.530747890472412, -4.193474769592285, 5.808558940887451, -7.147360801696777, 8.552887916564941, 2.860811233520508, -4.549033164978027, 0.8221654295921326, 7.7321014404296875, -6.726298809051514, -5.347219467163086, -10.531259536743164, 9.700584411621094, 1.2468504905700684]",0,111.0
71,9606.ENSP00000168216,"[2.9671337604522705, -2.155226469039917, 0.5407525300979614, 4.539700508117676, -4.011396884918213, 3.303053140640259, 6.0463337898254395, 1.960191011428833, -4.694179534912109, 0.3308728337287903, 1.9686017036437988, -1.7927205562591553, -4.730666160583496, 4.231005668640137, -0.9916909337043762, -0.7405827641487122, 4.579226970672607, 2.4663383960723877, 0.9171711206436157, 5.569362640380859, -4.312868118286133, 4.088151931762695, -2.627880096435547, -1.465474247932434, -7.084358215332031, -2.154144287109375, 2.8893091678619385, 4.11492395401001, 2.3559377193450928, -0.36793360114097595, -2.1066460609436035, -1.1479767560958862, -3.8737974166870117, 3.822056293487549, 5.610546588897705, -7.120921611785889, 6.3530120849609375, -3.235908269882202, -0.41845637559890747, -2.29654860496521, -0.4188030958175659, -3.711712598800659, -3.896571159362793, 0.912581205368042, 5.526000022888184, -5.036582946777344, 4.693647861480713, -4.043244361877441, -1.9190597534179688, -1.4836417436599731, 0.3420950174331665, -0.3714604079723358, 5.7329020500183105, 3.7172343730926514, -0.3570249080657959, 3.382558822631836, 4.362154960632324, -1.930527687072754, 7.186750411987305, 1.1620204448699951, -1.3951023817062378, 3.8144218921661377, 4.756619453430176, 2.5262486934661865, -2.0929462909698486, 0.5320082902908325, 1.4410178661346436, -5.5644941329956055, -3.048279047012329, 2.780090093612671, 2.2029027938842773, 2.556523561477661, 7.032203197479248, -0.801089346408844, -1.1060208082199097, 0.13499946892261505, -4.068452835083008, -4.306084156036377, -1.5523065328598022, -4.561862468719482, 4.317898273468018, 1.0425810813903809, -5.167627811431885, -2.7446937561035156, 4.712722301483154, 1.4934544563293457, -1.9415034055709839, 3.590545654296875, -1.8708189725875854, 3.744875907897949, 1.8304455280303955, 0.33562636375427246, 0.8963221311569214, -1.6221833229064941, 6.606891632080078, 1.7908252477645874, -4.261290550231934, 0.7099140882492065, 6.260346412658691, 4.162963390350342, 1.4996963739395142, 1.9549351930618286, -2.2137460708618164, 1.6474510431289673, 2.505092144012451, -0.47931787371635437, -0.9635887145996094, -3.724092721939087, 1.8389019966125488, -2.577195644378662, -5.760456085205078, 2.130502939224243, -2.4676008224487305, 0.4801710247993469, -1.9770163297653198, -3.2238805294036865, 2.892491102218628, -3.3037681579589844, -4.540283203125, -1.1252198219299316, -1.544325590133667, 3.0996453762054443, 1.374372959136963, -2.5124502182006836, 3.4886350631713867, 3.334317445755005, -1.5626025199890137, -5.761205196380615, -0.4605284333229065, -3.048710823059082, 6.0068206787109375, -3.1300034523010254, -4.102546691894531, 0.900299608707428, 0.2613191306591034, -3.008327007293701, -1.4496127367019653, -5.567324161529541, 1.83475661277771, 5.417222023010254, -0.9445232152938843, -3.676905870437622, -1.744189739227295, -3.3132879734039307, 1.0647389888763428, 1.014489769935608, 1.4067327976226807, -1.3400590419769287, 3.9188392162323, 1.5070029497146606, -1.549622893333435, -2.2005536556243896, 6.720192909240723, 5.328045845031738, -2.208167791366577, 3.9053821563720703, -2.7802209854125977, -2.9005093574523926, 3.21366548538208, 2.664327621459961, -3.016477108001709, 5.101063251495361, -0.6799426674842834, -5.094086170196533, 1.598682165145874, -1.0767462253570557, -4.665192604064941, -0.46769624948501587, 4.928946495056152, -0.4285762310028076, 4.594155311584473, -4.421860694885254, 5.3873515129089355, -0.9835839867591858, -2.8897593021392822, -4.168306350708008, 0.7218314409255981, 1.8494679927825928, 1.7983516454696655, -6.064543724060059, 5.905947208404541, 1.3761188983917236, -4.6778178215026855, -4.3989129066467285, 1.0569255352020264, -3.863640069961548, -6.147819995880127, -1.5142420530319214, 0.6734036207199097, -5.764081001281738, 1.145106315612793, -2.020717144012451, -4.550075054168701, 1.1562068462371826, 1.6004630327224731, -2.2166025638580322, -5.308716773986816, -1.8660731315612793, -0.6664547920227051, -0.6947054862976074]",0,39.0
72,9606.ENSP00000260197,"[11.753817558288574, -0.21236509084701538, 6.9593071937561035, 3.5142743587493896, -1.0683648586273193, 5.989377021789551, 0.7958888411521912, 7.2976975440979, -1.9690237045288086, -0.04614025354385376, 7.762450218200684, -4.600975036621094, -0.11930409073829651, -1.9266976118087769, -5.916443824768066, -7.727571964263916, -2.827118396759033, 4.333218097686768, 5.565517425537109, 3.523836851119995, -3.995957612991333, -6.533825874328613, 2.022892713546753, 1.3604238033294678, -4.411727428436279, -4.85571813583374, -1.7828476428985596, 3.360363483428955, 3.408334970474243, -5.069948673248291, -0.7787851095199585, -6.254641056060791, 0.2389848232269287, -0.2547474503517151, 4.915283679962158, 1.7351239919662476, -4.9564313888549805, -5.702316761016846, -7.521027088165283, -7.307767391204834, -10.551254272460938, -3.7883107662200928, -7.421368598937988, -3.4947550296783447, -4.4192328453063965, 2.4428882598876953, 11.124279022216797, -5.0270609855651855, -7.154721260070801, -0.5520881414413452, 3.3416836261749268, 8.27916145324707, 10.091711044311523, 0.753098726272583, 1.2944002151489258, -5.651467323303223, 9.595488548278809, -7.724319934844971, 4.129761695861816, -10.535501480102539, -7.339712142944336, 2.71230149269104, 2.135737895965576, 2.4341490268707275, -3.3844199180603027, -2.449309825897217, 3.8651506900787354, -3.5492615699768066, -0.2861331105232239, 0.6063563823699951, 8.080768585205078, 4.042818069458008, 0.031993329524993896, -6.196933269500732, -3.610198497772217, 10.167670249938965, 7.168158531188965, -4.865582466125488, -7.780418395996094, 5.191956520080566, -1.0392003059387207, 9.017210006713867, -6.897449970245361, -1.051830530166626, 7.7103590965271, 7.113731861114502, -5.822216987609863, -1.0353507995605469, -2.2648496627807617, 0.33142006397247314, -2.0795187950134277, 10.376259803771973, 6.677016258239746, -3.964486598968506, -7.653221130371094, 12.346264839172363, -3.0240485668182373, 4.384278774261475, 7.395094394683838, -1.5893019437789917, 10.172480583190918, 9.672428131103516, -10.805492401123047, 7.614536762237549, 1.397900938987732, 1.5860835313796997, -6.680634021759033, -4.820647239685059, 7.63921594619751, 1.4842756986618042, -0.9501396417617798, 1.1950404644012451, -0.8620210289955139, -2.0794074535369873, -7.892134666442871, 4.217342853546143, 2.2455453872680664, -4.289311408996582, -0.7072775363922119, 6.934610843658447, 12.781990051269531, 2.882927894592285, 4.7540483474731445, -0.7552227973937988, 0.0750323086977005, 3.220238208770752, -10.233778953552246, -3.7026867866516113, 12.27316951751709, -2.607266902923584, 6.663471221923828, 4.001979827880859, 2.25044846534729, 5.006673812866211, -5.106592178344727, 4.27187967300415, -0.36162763833999634, -1.8372209072113037, 0.5577938556671143, 1.7802071571350098, 6.9156718254089355, -1.5896435976028442, 6.404155731201172, -4.848612308502197, 8.764898300170898, 5.035498142242432, -6.571998119354248, -0.9438787698745728, 8.04171371459961, -1.47330641746521, 1.759697437286377, -5.149266719818115, -1.3609845638275146, 2.951723337173462, -4.074283123016357, -4.238331317901611, 0.46084290742874146, -3.060314893722534, -4.765665531158447, -1.1016490459442139, -2.254350185394287, -3.0983784198760986, -6.899803161621094, -3.910602569580078, 4.4028706550598145, 5.4905266761779785, -0.7468165755271912, -1.0940276384353638, -4.161961555480957, -1.4506042003631592, 8.923385620117188, -4.397918224334717, 7.3161163330078125, 0.3801822066307068, -1.1131688356399536, 2.710628032684326, 5.282468318939209, 10.632205963134766, 2.7783362865448, -2.4447848796844482, 7.3219380378723145, 10.38258171081543, -0.828127384185791, -3.245603084564209, -4.11531925201416, 0.3612954914569855, -5.349423885345459, -11.40102481842041, 11.213725090026855, -3.5871198177337646, 1.4636144638061523, 0.1885075569152832, -8.312886238098145, 5.626415729522705, 0.4456982910633087, 0.36842432618141174, 0.3919588029384613, -7.991907119750977, 5.715668201446533, -1.7910863161087036]",0,135.0
73,9606.ENSP00000303634,"[1.1644152402877808, -4.625566482543945, 2.2515249252319336, 5.87218713760376, 0.7696507573127747, 0.40147483348846436, -4.296200275421143, 0.9068148136138916, -0.4929916262626648, -4.2058024406433105, 5.472459316253662, -2.591432809829712, -1.899269461631775, 1.4950200319290161, -3.5838992595672607, 0.6060255765914917, -5.832073211669922, 5.38980770111084, 3.559434413909912, 5.052325248718262, -2.473132848739624, -4.707780361175537, -3.474762439727783, -0.6335387229919434, -0.4715140759944916, -3.1999740600585938, 1.0870888233184814, 2.0914900302886963, 1.6653406620025635, -3.09233021736145, -1.6666882038116455, -5.6512556076049805, -1.9477760791778564, -1.1487352848052979, 8.755786895751953, -1.2062020301818848, -7.978278160095215, 0.09450587630271912, -4.294981956481934, -2.3705055713653564, -3.3877041339874268, -2.5696609020233154, -3.607022762298584, 1.2886592149734497, 4.150195121765137, -6.200000762939453, 6.8070597648620605, -5.046279430389404, -4.026829719543457, -1.0938564538955688, 4.320548057556152, 4.3474955558776855, 1.8577358722686768, 3.328007936477661, 3.237945556640625, -3.434051275253296, 3.6928601264953613, -0.881646990776062, -3.194143295288086, -0.5661868453025818, -4.9817962646484375, 0.9104781150817871, 1.7069334983825684, 3.4480559825897217, -1.6244674921035767, -1.278720498085022, 4.802402019500732, -0.6534686088562012, -4.151313781738281, 1.2856552600860596, 3.3746843338012695, -0.736595630645752, 5.216669082641602, -4.801224708557129, -0.49116402864456177, 6.47942590713501, 1.6785250902175903, 2.4977152347564697, -2.340554714202881, 2.1492888927459717, 3.0419888496398926, 3.9077887535095215, -1.3002827167510986, -3.398592948913574, 5.440779685974121, -2.414774179458618, -4.022947788238525, -0.19295907020568848, -2.902737617492676, 2.3546814918518066, -3.0917017459869385, 2.438283920288086, 6.400395393371582, -4.489748954772949, 1.3342965841293335, 3.796873092651367, -2.2686140537261963, 0.5307902097702026, 4.559995651245117, 0.29642295837402344, 2.742408037185669, 3.9311366081237793, -0.4410548210144043, 3.958927631378174, 3.8001060485839844, -0.10501053929328918, -3.718675374984741, -1.6048418283462524, -0.7480347156524658, 3.6687259674072266, -3.944892644882202, -0.42502859234809875, -0.9959312081336975, -3.506838321685791, 0.1950494945049286, -0.5876182317733765, 5.66958475112915, -5.77392053604126, -6.827686309814453, 1.1425727605819702, 7.47166633605957, 0.1705089956521988, 3.7522671222686768, 2.639308214187622, 3.602306365966797, 2.930103302001953, -0.19986315071582794, -4.777359962463379, -2.0131096839904785, -1.9279879331588745, 3.3200743198394775, 1.1592142581939697, 1.7084935903549194, 5.654238224029541, -4.329540729522705, 2.602595806121826, -3.7766809463500977, -0.6302489638328552, -1.5839799642562866, 1.0884605646133423, 3.9464590549468994, -1.2280473709106445, -0.9656648635864258, -6.953673362731934, 1.7638089656829834, 3.025902509689331, -3.0028300285339355, -0.23565998673439026, 2.3847405910491943, 1.5597968101501465, -0.03641907870769501, -1.5727007389068604, -5.493068218231201, 3.302936553955078, -5.554844379425049, 7.942010879516602, 0.11765660345554352, -1.9619377851486206, -0.935721755027771, 1.4582879543304443, 1.1430516242980957, 0.5882507562637329, -1.9262280464172363, -5.062024116516113, 4.808624267578125, 1.4937810897827148, 2.094987630844116, -1.7619514465332031, 0.9835646748542786, 2.404634475708008, 1.7904438972473145, -2.001307725906372, 2.122988224029541, -1.020040512084961, -2.8089563846588135, -0.5418581962585449, 1.162448525428772, 3.7919352054595947, 2.5177907943725586, -2.186856508255005, 5.689216613769531, 4.506667137145996, -4.585989952087402, -4.8808417320251465, -2.7794792652130127, -2.1177940368652344, -0.9771246314048767, -3.815418004989624, 5.983957767486572, -1.2547247409820557, 3.282602071762085, 0.8861130475997925, -0.12107981741428375, 1.653247356414795, 5.313350200653076, -2.4561965465545654, -0.15388043224811554, -5.9333672523498535, 4.86720609664917, -4.073495864868164]",0,81.0
74,9606.ENSP00000362205,"[7.388575553894043, 7.252701759338379, -3.5924272537231445, -0.14534920454025269, -8.794449806213379, -1.7027004957199097, -1.5068573951721191, 11.48719596862793, 13.092803955078125, -17.24614143371582, 8.028139114379883, 4.833898067474365, -6.42793607711792, 2.0552639961242676, 4.659220218658447, -5.19761848449707, -7.585423946380615, -4.110415935516357, -6.03572940826416, 6.73138427734375, 10.24691390991211, 3.7603402137756348, -4.556330680847168, -1.5452098846435547, 20.982521057128906, -19.19738006591797, -16.388246536254883, 4.045655250549316, -11.03173542022705, -10.019554138183594, 11.386268615722656, -7.133124828338623, -7.61615514755249, 7.467988014221191, 6.277047634124756, 5.044424533843994, -11.145071029663086, 10.41763973236084, -6.36169958114624, 0.21593932807445526, -3.251652717590332, -21.154760360717773, -4.93755578994751, 9.762602806091309, 12.346670150756836, -6.918995380401611, 14.811652183532715, -16.770896911621094, -13.574981689453125, 12.61131477355957, -9.57023811340332, 4.255565166473389, 16.607540130615234, 9.867121696472168, -8.996858596801758, -5.525598049163818, 4.175278663635254, 0.15014779567718506, -4.142671585083008, -2.9865200519561768, -5.467654228210449, -5.211258888244629, -5.645514011383057, 10.434999465942383, -7.130839824676514, -13.98624324798584, 3.889643430709839, -9.82022762298584, -8.021087646484375, -6.495842933654785, -4.303361892700195, -10.787175178527832, 14.217968940734863, -5.983800411224365, 5.487809181213379, 19.58704376220703, -2.9295856952667236, 8.257647514343262, -5.684808731079102, -2.312577724456787, 14.205367088317871, -0.04441884160041809, -14.027442932128906, -8.721050262451172, 11.463421821594238, 7.337669849395752, 1.1711702346801758, -4.5908660888671875, 5.8692474365234375, 8.325116157531738, -6.093806266784668, 13.763981819152832, 7.183776378631592, 11.19062614440918, -8.216568946838379, 5.756251811981201, 10.837477684020996, -9.184261322021484, 10.412960052490234, 19.399036407470703, 16.312110900878906, 6.781617164611816, -12.223198890686035, 8.044628143310547, -4.178913116455078, -11.626118659973145, 7.442963123321533, 6.768459796905518, 8.379528999328613, 13.463537216186523, -11.326916694641113, -10.853116035461426, 14.501867294311523, -4.694189071655273, -4.4079437255859375, -3.885488986968994, 0.8253389000892639, -11.62142276763916, -0.3738316297531128, 12.48353099822998, 13.74627685546875, -8.491451263427734, -5.561095714569092, -11.15786361694336, 19.764795303344727, -2.11812686920166, -4.438737869262695, 12.70471477508545, 2.254953384399414, 13.993492126464844, 11.26090145111084, -4.410015106201172, 7.962747097015381, -6.280652046203613, -10.94510269165039, -5.0428595542907715, 4.994845867156982, 2.8670554161071777, 1.0211185216903687, -8.385026931762695, 16.379531860351562, -11.987070083618164, -0.8141209483146667, -9.043774604797363, 5.025134563446045, 3.326221227645874, -13.008459091186523, -5.868086338043213, 8.507377624511719, 3.4902825355529785, -11.501252174377441, 7.491682529449463, -11.601802825927734, -9.888891220092773, 2.047490358352661, 8.08896255493164, 10.404182434082031, 13.425090789794922, 14.143696784973145, 9.387043952941895, -3.2038557529449463, 5.212118148803711, 5.058993816375732, -6.772006511688232, 23.591533660888672, -7.070574760437012, 19.13319969177246, -12.544246673583984, 8.907608985900879, 13.064729690551758, 15.390351295471191, -16.904808044433594, -8.067835807800293, 12.400985717773438, -10.843238830566406, -2.1901333332061768, -11.052817344665527, 8.026278495788574, -6.598047256469727, 10.71447467803955, 5.9659624099731445, 4.388683319091797, -13.002752304077148, -17.180692672729492, -0.8757325410842896, -13.092489242553711, 14.011631965637207, -3.8476815223693848, 9.392745971679688, -14.83163070678711, 7.483797073364258, 9.039724349975586, -8.219698905944824, 2.1466896533966064, 17.889528274536133, -17.123502731323242, -0.6149274110794067, -11.105986595153809, 5.134581565856934, 8.68126106262207]",0,156.0
75,9606.ENSP00000252486,"[22.23055076599121, -1.960808277130127, 4.157597064971924, -5.445581436157227, -9.391396522521973, -0.8508484959602356, -6.242086887359619, 14.418356895446777, 8.32483196258545, -7.168683052062988, 13.864713668823242, -3.999722480773926, -0.06606663763523102, 1.8404275178909302, -0.3602433502674103, -2.4723167419433594, 0.42848342657089233, 2.118917226791382, 3.3872337341308594, 10.105195045471191, 0.683751106262207, -12.370338439941406, -2.222554922103882, 6.018487453460693, 3.378474473953247, -19.95793914794922, -12.254243850708008, 4.3334832191467285, -0.23167650401592255, -15.501199722290039, 5.45780611038208, -18.332822799682617, -18.436500549316406, 6.048161506652832, 3.8782591819763184, 8.53249740600586, -10.608565330505371, 3.052736520767212, -14.64711856842041, -3.237494468688965, -9.233908653259277, -14.655715942382812, -9.55899715423584, 5.36652135848999, 0.23526281118392944, -3.2517340183258057, 25.47402000427246, -16.660871505737305, -15.582598686218262, 4.9281792640686035, -2.570749521255493, 19.177261352539062, 16.678485870361328, 14.403450965881348, -1.4853050708770752, -17.44133949279785, 18.06488609313965, -4.655867099761963, -3.8773646354675293, -9.036051750183105, -18.24043083190918, -1.3266175985336304, 1.9825520515441895, 7.726747035980225, -7.371428489685059, -9.427382469177246, 2.0224335193634033, -19.181795120239258, -10.706042289733887, -4.2123026847839355, 3.6475205421447754, -0.4484042823314667, 10.827298164367676, -8.138739585876465, 3.8096024990081787, 25.527070999145508, -6.0574517250061035, -1.0007507801055908, -15.704041481018066, -0.5213296413421631, 4.155399799346924, 13.668347358703613, -14.139760971069336, -9.149907112121582, 8.470866203308105, 0.9592461585998535, 6.174108028411865, -5.861601829528809, 5.677396297454834, 1.1667739152908325, -2.988257884979248, 13.797026634216309, 18.245288848876953, -0.339472234249115, -2.068504571914673, 10.994260787963867, -1.4364644289016724, -15.414628982543945, 12.008411407470703, 6.672087669372559, 11.932284355163574, 15.532760620117188, -18.596385955810547, 12.398494720458984, 1.090243935585022, -5.635809898376465, -7.4798502922058105, 2.5371973514556885, 6.811796188354492, 6.219470500946045, -4.247138500213623, -7.490171432495117, -2.80330753326416, -6.640902519226074, 2.9906842708587646, 1.4072599411010742, 4.6501851081848145, -21.29638671875, -6.347043037414551, 18.149627685546875, 13.486428260803223, 3.168029546737671, 0.141312375664711, -5.165800094604492, 7.829599380493164, -1.3442392349243164, -22.14669418334961, -0.16339415311813354, 1.8311082124710083, 6.6080780029296875, 11.256021499633789, -2.1833553314208984, -2.1956593990325928, 4.267045974731445, -0.03852930665016174, -0.6429661512374878, 4.094385147094727, 0.17982950806617737, 1.8579421043395996, 7.056298732757568, 20.86620330810547, -3.0389695167541504, -7.116830348968506, -18.420175552368164, 11.626779556274414, 1.2480168342590332, -11.76736831665039, -4.603835105895996, 11.51663589477539, 8.052565574645996, -4.914351463317871, 7.061328887939453, -14.10499095916748, -3.4066977500915527, -1.2940188646316528, 2.518536329269409, 4.482633113861084, 3.0116889476776123, -4.779172897338867, 1.3767609596252441, -11.040946006774902, 3.3042232990264893, 0.5540907382965088, -13.280000686645508, 16.32335662841797, -2.69563889503479, 9.344772338867188, -5.448372840881348, 7.659254550933838, 5.230030536651611, 20.331966400146484, -13.398073196411133, 3.6877288818359375, 1.115753173828125, -10.748605728149414, 0.3835253417491913, 0.2086789309978485, 11.630548477172852, -3.9551572799682617, -2.53981351852417, 12.21777057647705, 18.975828170776367, -5.751939296722412, -11.138467788696289, -2.8523154258728027, -9.661237716674805, -1.8317456245422363, -15.25105094909668, 11.811479568481445, -12.73390007019043, 14.209456443786621, 2.8087806701660156, -3.854214668273926, 4.211418628692627, 16.849933624267578, -13.138489723205566, -4.653905391693115, -12.132116317749023, 10.343680381774902, -1.9789798259735107]",0,157.0
76,9606.ENSP00000497691,"[1.699918508529663, 0.17179426550865173, 2.442574977874756, 1.8266346454620361, -1.0998433828353882, 0.5177804827690125, -0.633152425289154, 0.8571768999099731, -2.0493154525756836, 1.1181479692459106, 2.1935904026031494, -2.4165666103363037, -0.15933260321617126, -0.059426963329315186, -2.235867738723755, -1.0842475891113281, 1.2152687311172485, 2.9993643760681152, 2.1785964965820312, -0.2860834300518036, -3.1088171005249023, -2.4001224040985107, 0.4430861473083496, 0.08208653330802917, -1.0995844602584839, -0.7967891693115234, -0.3206500709056854, 0.08174017071723938, 2.5285794734954834, -0.9219129085540771, -3.0727040767669678, -2.3781192302703857, -0.021392017602920532, 1.4786992073059082, 2.032219886779785, -0.5990900993347168, -1.5581001043319702, -0.2545853853225708, -1.847145438194275, -1.358422875404358, -2.43896746635437, -0.2022574245929718, -1.5485565662384033, 0.7555476427078247, -0.42404621839523315, -3.467111587524414, 1.1076772212982178, -2.9363386631011963, -0.4545692205429077, -1.0211727619171143, 2.1581497192382812, 1.272682547569275, -0.5243207216262817, -0.07000291347503662, 1.3030531406402588, -0.4923804700374603, 0.8482266664505005, -2.654752492904663, 0.2118944227695465, -0.04479856789112091, -2.1869924068450928, 2.6895415782928467, 1.4801089763641357, 2.1818854808807373, -0.8729051947593689, 1.8271052837371826, 2.9207446575164795, 0.4046013653278351, -1.4992156028747559, 1.2238247394561768, 0.04690501093864441, -0.9733115434646606, 0.04588755965232849, -0.18274903297424316, -1.3187884092330933, -0.5204402208328247, 1.7815577983856201, -1.1708821058273315, -0.21905651688575745, 2.1441848278045654, 1.035395622253418, 2.8150694370269775, 0.11454561352729797, -0.4729776978492737, 0.8644281625747681, 1.1290944814682007, -2.5538272857666016, -0.2742796838283539, -1.2069904804229736, 0.8710805177688599, -0.9501287937164307, 4.009769439697266, 1.622605562210083, -0.8129091262817383, -0.7481513023376465, 2.0978331565856934, -0.9931277632713318, 1.0727694034576416, 1.2188947200775146, -2.8319497108459473, 0.9645211696624756, 1.27410089969635, -1.694401502609253, 1.6437628269195557, 0.879846453666687, 0.44667378067970276, -2.441432476043701, 0.05680391192436218, -0.6208404302597046, 1.5152385234832764, -0.33236902952194214, 1.078989028930664, -1.5295190811157227, 0.60346519947052, -1.1039066314697266, 1.4165270328521729, -0.5183981657028198, -0.1776217520236969, -1.1278705596923828, 1.3193217515945435, 1.8195703029632568, 0.39953482151031494, -0.5705347657203674, 1.5688953399658203, -0.5194422006607056, -0.04128754138946533, -1.0115693807601929, -2.3623228073120117, 0.22745028138160706, -1.0887540578842163, 0.811180830001831, 2.961670398712158, 1.0362699031829834, 1.6435136795043945, -1.7998416423797607, 2.9409730434417725, -2.2697112560272217, -2.0639710426330566, -0.7912428975105286, 1.8934239149093628, 0.5284741520881653, 0.3824273347854614, 1.852451205253601, -2.9047505855560303, 1.8442341089248657, 1.2800408601760864, -0.9282296895980835, 2.885916233062744, 0.1132282018661499, 1.8500678539276123, 2.5702431201934814, -1.3520209789276123, 1.0105479955673218, 1.3942753076553345, -0.9609036445617676, -0.6928007006645203, -1.6363425254821777, -0.5956787467002869, 0.38587328791618347, 1.4564439058303833, -0.9817702770233154, 0.4663023352622986, -0.5595804452896118, -0.6436786651611328, 2.043323040008545, 0.8347364068031311, 0.3666919469833374, -0.4093303382396698, 1.172734022140503, 3.0737645626068115, -0.8615999221801758, -0.9368423223495483, 2.268139123916626, 0.9049720764160156, -1.9342529773712158, 0.169874906539917, 0.7398699522018433, 1.889359951019287, 1.4955941438674927, -2.1370949745178223, 2.269683837890625, 1.3830862045288086, -0.475766122341156, -0.6631621718406677, -1.9812175035476685, -0.1452750265598297, -0.15860778093338013, -1.2502110004425049, 2.724698781967163, -1.0910569429397583, 0.6557184457778931, -1.2624294757843018, -1.475023627281189, -0.035402387380599976, 2.9014787673950195, 0.09373807907104492, -1.049830675125122, 0.33502715826034546, 0.877139687538147, -2.011981725692749]",0,106.0
77,9606.ENSP00000263233,"[4.206411838531494, -0.5619217157363892, 2.8333187103271484, 1.5716304779052734, -0.2849883437156677, 2.0148510932922363, -3.213430643081665, 3.476940631866455, -1.4793555736541748, 1.5484788417816162, 3.1928646564483643, -1.925593376159668, 0.7857365608215332, -3.644436836242676, -3.8423447608947754, -0.01626581698656082, -3.374082088470459, 4.052186489105225, 3.361764907836914, 1.9264053106307983, 2.461228847503662, -5.775607585906982, 1.8572964668273926, -3.0156350135803223, -4.2125067710876465, 1.1790151596069336, 1.6919487714767456, 0.9376315474510193, 2.319147825241089, -1.4947831630706787, -2.055217742919922, -2.127809762954712, 0.18093615770339966, -2.0928919315338135, 1.126419186592102, 0.9020322561264038, -2.573439598083496, -0.9158364534378052, -5.074753761291504, -0.7596726417541504, -3.1164350509643555, 0.8076612949371338, -1.5611859560012817, 1.8265904188156128, -2.2262327671051025, 0.37695324420928955, 4.245842456817627, -1.453777551651001, -3.087127208709717, -3.7985410690307617, 3.879754066467285, 4.41919469833374, -0.302742600440979, 1.379287600517273, 2.408961057662964, -1.6971572637557983, 3.5460054874420166, -2.9278154373168945, -5.92088508605957, -3.91597056388855, -4.708136081695557, 2.302483081817627, 2.3383147716522217, -0.9623730182647705, -1.5636811256408691, 1.0645121335983276, 2.764559507369995, -6.582263469696045, 0.05726504325866699, 2.052976608276367, 2.9710583686828613, 2.958517074584961, -0.8955051898956299, -3.7119007110595703, -2.0862367153167725, 6.079902648925781, 0.7608850002288818, 1.390641450881958, -3.854708194732666, 2.220998525619507, 1.4432826042175293, 4.705610752105713, -2.1869664192199707, -0.8456581830978394, 2.9245543479919434, -0.7863889932632446, -2.803403854370117, -2.703540802001953, -3.626387119293213, -1.1157375574111938, -4.100639820098877, 1.6402126550674438, 4.573208808898926, -3.1718087196350098, 0.9702361822128296, 1.1246272325515747, -1.1047145128250122, 0.276118665933609, 2.677312135696411, -2.180363178253174, -2.054018974304199, 1.9655110836029053, -3.199215888977051, 4.666902542114258, 5.112546920776367, 3.2980892658233643, -3.853039503097534, -1.7418510913848877, 3.158308982849121, -0.07222834974527359, 1.7054239511489868, 1.4806166887283325, -3.222946882247925, -1.942482352256775, 3.618710994720459, 1.9184843301773071, -0.14990240335464478, -0.7200393676757812, -0.8739096522331238, 2.8764889240264893, 2.5336661338806152, 2.5635294914245605, 3.5244979858398438, 2.3414993286132812, 3.2569844722747803, 1.559180736541748, -5.011082649230957, -4.464080333709717, 1.603637456893921, -0.9833254814147949, 4.276154041290283, 2.5769412517547607, -1.4459151029586792, 3.7330470085144043, -5.874304294586182, 3.186840772628784, -1.8665745258331299, -1.1677402257919312, -1.8541208505630493, 0.1819002479314804, 2.590578556060791, 2.595519781112671, -4.95800256729126, -2.0131523609161377, 3.953183174133301, 4.465912818908691, 1.0398409366607666, -3.515225410461426, 3.389909267425537, -3.3090670108795166, 4.221658706665039, -1.9525206089019775, -5.473293304443359, 1.1714662313461304, -1.8366777896881104, 2.477752447128296, 0.5426509380340576, -1.9847017526626587, -4.0869927406311035, 2.134563446044922, 0.7277591228485107, 0.8064712285995483, -4.022815227508545, 2.6539294719696045, 1.9028029441833496, 1.5409002304077148, 0.08175309002399445, 1.030517816543579, -1.9978711605072021, -2.0643725395202637, 3.731748104095459, -2.4640414714813232, -1.2119693756103516, 0.1469535082578659, 1.0529409646987915, 3.2954466342926025, 1.7264466285705566, 2.5100042819976807, 1.865496039390564, -3.5409748554229736, 3.7255821228027344, 3.238520622253418, 0.37018561363220215, 0.5169699788093567, -1.928930401802063, -0.8910214900970459, 1.9487030506134033, -4.992997646331787, 4.6944684982299805, 0.4778446555137634, 2.3041343688964844, -2.3712124824523926, -2.308042287826538, 1.8558045625686646, 0.9704395532608032, -0.5846930742263794, -0.2111252248287201, -2.6136856079101562, 2.8908514976501465, -4.092278480529785]",0,108.0
78,9606.ENSP00000221891,"[2.036426305770874, -1.0300214290618896, 0.7382118105888367, 1.0063939094543457, -1.2101445198059082, -0.6769911050796509, 0.8597348928451538, 0.9781332015991211, 0.4217577278614044, -0.765667736530304, 3.532501697540283, -1.8878613710403442, -0.4839373230934143, 1.504570484161377, 0.3783983588218689, 0.8298802971839905, 2.4310381412506104, 1.6601749658584595, 1.050462007522583, 0.6187945008277893, -1.4702049493789673, -0.9617778658866882, -0.58077472448349, 0.3244195878505707, -0.8773989081382751, -2.7283003330230713, 1.5024207830429077, 3.6771745681762695, 1.7028323411941528, -1.6000401973724365, -1.551600694656372, -5.36144495010376, 3.0126421451568604, 0.4657019376754761, 2.98923659324646, 1.0384935140609741, -4.135369777679443, -0.0314144492149353, -1.6481337547302246, -0.7593715786933899, -1.1584545373916626, -1.8115960359573364, 0.5848081707954407, 2.1415605545043945, -0.0443112850189209, -3.3843812942504883, -0.327534019947052, -2.679466962814331, 0.4960707426071167, 0.4250316023826599, 2.0612776279449463, 0.646859884262085, -0.9204673767089844, 1.4584884643554688, -0.41326040029525757, -0.4564170837402344, 1.8904588222503662, 0.49595731496810913, -2.9111928939819336, -1.3873939514160156, -2.7758259773254395, 1.5106902122497559, -0.7700119614601135, 1.0904706716537476, -1.4805251359939575, 0.9134743213653564, 2.1283106803894043, -1.5181090831756592, -1.2208622694015503, 0.6157469749450684, 0.047723814845085144, -2.0612616539001465, 0.6636391282081604, 2.704099655151367, -0.4660027325153351, 2.2272167205810547, -0.5699188709259033, -0.6775494813919067, -2.5518856048583984, 1.4390443563461304, 0.5588204860687256, 2.7026302814483643, -2.219275951385498, -0.8033594489097595, 0.6847426891326904, 1.2509121894836426, -1.1455844640731812, 1.7285012006759644, 0.24720057845115662, 0.32228952646255493, -2.0626373291015625, 6.055261611938477, 4.3527350425720215, -0.7848514318466187, 0.7234864830970764, 2.5542690753936768, -1.1286365985870361, -0.7407189011573792, 3.052994728088379, -2.7232367992401123, 1.1053118705749512, 1.38518226146698, -1.020369052886963, 2.393935203552246, 2.294170618057251, 0.6443144083023071, -1.4284011125564575, -0.46727925539016724, 0.20313914120197296, 1.5851843357086182, -1.9201925992965698, 2.242443084716797, -2.0266127586364746, -2.121415615081787, -1.0211533308029175, 1.661058783531189, 0.21595169603824615, -2.1741015911102295, -2.0939903259277344, 0.6391510367393494, 2.871392250061035, 1.0906163454055786, 1.8717964887619019, 1.8644057512283325, 1.1025266647338867, -1.037674069404602, 0.8200258612632751, -2.676391124725342, 0.9471549987792969, 0.47848638892173767, 1.0932726860046387, 0.1771259754896164, 1.4212926626205444, 1.4315898418426514, -3.0438177585601807, 2.0362603664398193, -1.7215553522109985, -0.029880568385124207, -0.047386571764945984, 0.14891338348388672, 0.3830852508544922, -1.9111928939819336, 4.485385417938232, -2.129300355911255, 3.1276159286499023, 0.4361037313938141, 0.4260420799255371, -0.5380867719650269, 0.36321112513542175, 0.378587543964386, 1.3493413925170898, -0.00498121976852417, -1.748602032661438, 0.8877909779548645, 0.8328965902328491, 1.7489186525344849, 0.015143603086471558, 0.16927841305732727, 0.38118481636047363, 2.978558301925659, -2.143507719039917, -1.0629606246948242, -1.8382227420806885, -0.942825436592102, 2.3849499225616455, -0.46729275584220886, 2.2286691665649414, 0.08211632072925568, -0.6352486610412598, 2.7285234928131104, -0.5083296298980713, -1.4627342224121094, -1.6696268320083618, 3.178973436355591, -1.0421810150146484, 0.8417118787765503, 0.3446369171142578, 0.763142466545105, 0.6669151782989502, -2.0503952503204346, 4.843679428100586, 2.975473642349243, -2.262033224105835, -0.5447280406951904, -0.5981302857398987, 1.2176170349121094, -0.09211818873882294, -2.7194008827209473, 1.7417582273483276, 0.10184112191200256, 0.7915916442871094, 1.0191082954406738, -2.582672595977783, 0.24312053620815277, 3.8304622173309326, 0.25544798374176025, -2.782597064971924, -2.4769136905670166, 1.8317164182662964, -1.2559770345687866]",0,51.0
79,9606.ENSP00000477213,"[1.4508181810379028, -1.0007990598678589, 1.361467957496643, 0.7220672369003296, -1.9270126819610596, 0.7237513661384583, 0.3406946063041687, 2.7534313201904297, -1.4394358396530151, 0.18792763352394104, 2.418639659881592, -1.0874303579330444, -0.6622488498687744, -0.7588193416595459, -0.017850110307335854, -2.5127172470092773, -1.4454927444458008, 3.3683905601501465, 0.7408164739608765, 0.14485612511634827, -0.9987728595733643, -3.4651925563812256, -3.651991128921509, 0.5886701345443726, -1.736668586730957, -2.73406720161438, 0.7259268760681152, 3.8771088123321533, 0.1624695360660553, -1.5638271570205688, -1.7942193746566772, -1.2965128421783447, -2.496002674102783, 0.024043451994657516, 3.2646257877349854, -2.869424819946289, -3.8642897605895996, 0.5294363498687744, -3.463148593902588, 0.16300980746746063, -2.1325411796569824, -1.184904932975769, -1.9264898300170898, 1.0195670127868652, 0.32636719942092896, -3.335890054702759, 0.6911667585372925, -1.1983387470245361, -1.4351245164871216, -1.6481162309646606, 3.226510524749756, 2.4730870723724365, 1.8702352046966553, 0.691245436668396, 2.3190226554870605, -3.904653549194336, 3.356457471847534, -0.5889585018157959, 0.23754318058490753, -3.79309344291687, -2.7799439430236816, 1.0663427114486694, 3.0754637718200684, 0.9379806518554688, -2.6155412197113037, 1.7435451745986938, 2.1451945304870605, -4.906085968017578, -2.665867328643799, 0.6305909752845764, 1.6517295837402344, -3.6567344665527344, 0.4326258897781372, -1.6273069381713867, -1.3521842956542969, 2.5186362266540527, 0.7054094076156616, 1.0602668523788452, -1.8712289333343506, 1.1833946704864502, 0.3007032573223114, 4.02975606918335, -1.0387104749679565, 0.14211329817771912, -0.1328386813402176, 0.2937069535255432, -2.925626039505005, -0.02270878106355667, -1.8662164211273193, 1.1077295541763306, -3.104428291320801, 4.143846035003662, 1.8563973903656006, -0.8604393005371094, 1.2359058856964111, 2.122471809387207, -0.29477769136428833, -1.4310173988342285, 2.310305118560791, -0.5988495945930481, 2.974015951156616, 3.816138744354248, -3.462850570678711, 3.4704842567443848, 0.8439016938209534, 2.322612762451172, -0.46771568059921265, 2.1422460079193115, 0.7220399379730225, 1.3360326290130615, -0.07292120158672333, 0.28152137994766235, -2.7221131324768066, -4.2295637130737305, -3.0354976654052734, 0.4733116328716278, -3.2030017375946045, -0.5603772401809692, 2.0613515377044678, 4.485969543457031, 0.47142767906188965, 0.8252561092376709, -0.385300874710083, -1.2542484998703003, 2.8617606163024902, -1.2284276485443115, 0.7280097603797913, -0.8141371607780457, 3.2216641902923584, -0.1679176241159439, 5.5174641609191895, 1.4537853002548218, -0.6548324227333069, 1.5857840776443481, -1.3478381633758545, 2.63430118560791, -0.4867214262485504, -3.184760332107544, 0.7185996770858765, 0.2705576717853546, 4.964105129241943, -0.5840785503387451, 1.900524616241455, -5.213964462280273, 4.799144268035889, 0.5592893362045288, -3.4184110164642334, -2.3169431686401367, 2.274240016937256, 1.7260677814483643, 1.7585315704345703, -1.0132064819335938, -3.142843723297119, 1.3248597383499146, -0.8369607329368591, 1.6882681846618652, -3.524097442626953, -2.227823257446289, 0.6795551776885986, 3.02809476852417, -1.9708764553070068, 2.6226489543914795, 1.1692496538162231, -5.5144805908203125, 1.3184690475463867, -0.008284986019134521, -1.1452817916870117, 0.2947253882884979, -1.4615070819854736, 1.7030754089355469, 1.1475681066513062, -2.4036123752593994, 0.1986466348171234, 1.1177903413772583, -0.9924776554107666, -0.7041409015655518, 1.5277706384658813, 4.416856288909912, -0.2911951541900635, -1.1860631704330444, 2.399378538131714, 3.5145859718322754, -0.2863205373287201, -1.2814202308654785, -1.4662419557571411, -1.3219367265701294, -1.4242398738861084, -4.095889091491699, 0.022220205515623093, -2.8214712142944336, 3.9771385192871094, -0.639786958694458, -4.375207424163818, -0.1695144772529602, 3.6908984184265137, -3.6541104316711426, 0.43778911232948303, -2.3476879596710205, 7.176899433135986, -0.9290734529495239]",0,4.0
80,9606.ENSP00000327694,"[4.013339042663574, -0.13902676105499268, 4.611667156219482, 4.847978591918945, -1.167345643043518, 3.016515016555786, -1.146540880203247, 0.5032554268836975, -2.664041042327881, 2.3185741901397705, 3.339768171310425, -3.6849582195281982, 1.8699979782104492, -0.46831637620925903, -6.35590934753418, -0.5302660465240479, 1.143567681312561, 3.6786675453186035, 4.176973342895508, 1.1813271045684814, -5.191617488861084, -4.745372772216797, -1.7741148471832275, 1.3542571067810059, 0.439637154340744, 0.7843480706214905, 0.29452037811279297, 0.4719657599925995, 2.9687893390655518, -1.6250888109207153, -3.2992446422576904, -4.556054592132568, 0.3672606945037842, 0.19245848059654236, -0.061251506209373474, 3.0434231758117676, -0.7289295792579651, -1.7277717590332031, -3.008617401123047, -4.2160844802856445, -0.6369814872741699, 0.31803277134895325, -3.985091209411621, 0.750027596950531, -2.1805307865142822, 0.5546342730522156, 3.5694968700408936, -0.17521223425865173, -4.7566351890563965, -4.711368083953857, 4.1996917724609375, 3.0318174362182617, 1.203910231590271, -2.0690226554870605, -1.3861438035964966, -3.682511806488037, 3.719136953353882, -4.879491806030273, 0.288932740688324, -0.6837255954742432, -4.94575834274292, 5.908828258514404, 6.10888147354126, -0.5229365229606628, 0.18578821420669556, 2.8050239086151123, 3.499715566635132, -3.0926566123962402, -1.75493323802948, 5.409456729888916, 4.446722984313965, 1.4626290798187256, 1.1105928421020508, -3.4586691856384277, -2.660879611968994, 5.915942192077637, 5.099309921264648, -2.297217845916748, -2.0332019329071045, 4.809590816497803, -0.8585138320922852, 4.7198166847229, -2.4826676845550537, 0.050073206424713135, 4.530860424041748, -0.009886115789413452, -5.972280979156494, 1.029510498046875, -5.710352897644043, 1.072548508644104, -1.1463849544525146, 2.1561269760131836, 3.942634105682373, -4.47041654586792, -1.4718694686889648, -0.562555193901062, -6.009774208068848, 3.920274257659912, 3.889559507369995, -2.4541516304016113, 2.690810203552246, 5.195742607116699, -2.7914702892303467, 3.2456562519073486, 6.08887243270874, 5.979025840759277, -2.9265897274017334, -1.7426093816757202, -0.5581097602844238, 1.0236610174179077, 0.9908450841903687, 4.470926284790039, -4.197084426879883, 1.629629135131836, -1.6094732284545898, 1.5498404502868652, -1.365805745124817, -0.9772223234176636, -0.8329359292984009, 2.3113231658935547, 3.4332008361816406, 2.5619707107543945, 3.977193832397461, 3.2174301147460938, -0.1665891855955124, 5.419065952301025, -6.05586051940918, -5.732478618621826, 4.500534534454346, -4.021181583404541, 2.935332775115967, 3.939566135406494, -0.852581262588501, 2.6806132793426514, -3.067838668823242, 2.9070892333984375, -3.943925142288208, -4.53912353515625, 0.08379867672920227, 4.398041248321533, 4.668544292449951, 1.4656050205230713, 2.7688915729522705, -5.006176471710205, 3.441879987716675, 4.900488376617432, -3.1613333225250244, 2.501574993133545, 4.811751365661621, -1.2980443239212036, 2.229663848876953, -6.184512615203857, -1.763261318206787, 6.425967216491699, -3.8350276947021484, -0.8426828384399414, -1.0727156400680542, -3.054318428039551, -4.557422637939453, -0.17248205840587616, 0.7837754487991333, 0.2289033979177475, -0.8939778208732605, -1.3768008947372437, 1.854083776473999, 3.4199061393737793, -4.43913459777832, 1.238863229751587, 0.20186877250671387, -2.9043631553649902, 5.38470458984375, -1.9251197576522827, 3.3767213821411133, -0.8606058359146118, 1.266141414642334, 6.061417579650879, 3.6334011554718018, 4.000316619873047, 5.099725723266602, -5.530998229980469, 7.081177711486816, 3.696096420288086, -0.3453134298324585, 0.29707205295562744, -6.341136455535889, 0.637198269367218, 0.1478622853755951, -1.4509726762771606, 3.6898765563964844, -1.3590985536575317, -0.822571873664856, 1.2751314640045166, -3.757072925567627, 2.7258100509643555, 1.1398714780807495, 0.7261239290237427, 1.035475254058838, -4.296173095703125, 3.4169936180114746, -4.524580478668213]",0,33.0
81,9606.ENSP00000403362,"[6.191392421722412, -1.392783761024475, 3.6636688709259033, 5.862049579620361, -2.6468000411987305, 3.7888731956481934, -0.14755459129810333, 0.6662115454673767, -3.598820447921753, 1.360496163368225, 4.268915176391602, -6.529333591461182, 1.2133142948150635, 0.018562793731689453, -7.92293643951416, -1.353090763092041, -0.579780101776123, 5.028725624084473, 3.271799087524414, 2.8090310096740723, -5.171789646148682, -7.718866348266602, -0.1221945732831955, 1.0837503671646118, -2.6263136863708496, -0.6850017309188843, -0.8036303520202637, 2.0049142837524414, 4.4019083976745605, -0.4782002866268158, -3.603093385696411, -6.323520660400391, -0.1568751037120819, -0.3642730116844177, -1.2611838579177856, 2.929555654525757, -1.8426642417907715, -1.3174386024475098, -3.208875894546509, -4.83420467376709, -0.8854914903640747, 0.10175071656703949, -5.0865559577941895, 2.6683149337768555, -1.867883563041687, 1.007468819618225, 5.86837911605835, -2.48557186126709, -7.041559219360352, -3.9220259189605713, 6.373504638671875, 1.7018147706985474, 1.021730899810791, 2.2509102821350098, -0.9662430882453918, -3.857215166091919, 4.870266437530518, -6.110518932342529, -0.23845365643501282, 0.3890916705131531, -7.518521785736084, 5.47960090637207, 5.8831634521484375, 1.2824527025222778, -2.4075169563293457, 3.7384815216064453, 1.4233431816101074, -4.409444808959961, -2.2284560203552246, 4.144989967346191, 4.728219509124756, 2.8301913738250732, 2.5654444694519043, -5.0475358963012695, -3.287437677383423, 4.898374557495117, 5.852090835571289, -3.012427568435669, -3.5487523078918457, 5.046439170837402, -3.120006561279297, 7.47540807723999, -6.0063557624816895, 0.698096752166748, 8.547248840332031, -0.16424110531806946, -6.407017707824707, -0.5554081201553345, -5.053040981292725, -0.37470245361328125, -1.376399278640747, 3.7206130027770996, 6.271665573120117, -5.231051445007324, -0.6354944705963135, 1.734673023223877, -6.308196544647217, 4.025918006896973, 5.448183059692383, -3.4936957359313965, 1.9435858726501465, 5.06977653503418, -3.4191243648529053, 2.4749667644500732, 6.658710479736328, 5.320784568786621, -4.308849334716797, -1.9701308012008667, 1.304648518562317, 2.0171406269073486, 0.2313598245382309, 5.1998291015625, -6.313874244689941, -0.6913899779319763, -1.6174968481063843, 2.675546646118164, -0.9959361553192139, -2.8605287075042725, 1.7391306161880493, 2.417562961578369, 5.684799671173096, 3.3325278759002686, 5.646923065185547, 1.7182190418243408, 0.9223929047584534, 5.141969203948975, -6.345381259918213, -6.464080333709717, 5.272974491119385, -3.0556516647338867, 2.9422342777252197, 6.025154113769531, 0.7083547115325928, 4.381387710571289, -3.85060715675354, 1.6148014068603516, -4.4579362869262695, -4.607949256896973, 1.276914358139038, 5.529512405395508, 7.156253814697266, 0.6891991496086121, 2.7703990936279297, -6.5691728591918945, 4.900397300720215, 5.316453456878662, -4.308211803436279, 1.9277576208114624, 4.605373382568359, -2.653700351715088, 3.0278265476226807, -5.6813836097717285, -4.045046806335449, 6.543035507202148, -3.126298189163208, 0.4291553199291229, 1.7091697454452515, -3.5657646656036377, -6.7331037521362305, 0.22454196214675903, -0.539753258228302, 2.458759069442749, -1.1814539432525635, -0.5343023538589478, 3.7999320030212402, 3.208296537399292, -4.854397296905518, -0.2688046097755432, -0.4467165768146515, -2.177985191345215, 7.917582988739014, -4.166614532470703, 3.544323682785034, -2.209552049636841, -0.1370699107646942, 6.566208839416504, 4.169161796569824, 4.668938636779785, 7.003238677978516, -4.401225566864014, 7.879177093505859, 3.766235589981079, -1.1979223489761353, 1.1468937397003174, -6.41571044921875, 1.011305570602417, -1.775434970855713, -5.115218639373779, 4.007818222045898, -2.3455755710601807, 0.5440577864646912, 0.5669498443603516, -5.079291343688965, 1.2120486497879028, 2.15090012550354, -1.3510992527008057, 1.6939367055892944, -5.300946235656738, 5.531369209289551, -5.080069065093994]",0,115.0
82,9606.ENSP00000483185,"[6.148111820220947, -0.21417826414108276, 4.261223316192627, 3.4898853302001953, -0.938788115978241, 1.9272656440734863, -1.7401893138885498, 2.546407699584961, -2.9187874794006348, -0.36540406942367554, 6.241321086883545, -4.091946601867676, 1.4894864559173584, -1.0485132932662964, -4.7978034019470215, -0.6974945068359375, -1.573951244354248, 3.066394567489624, 2.250427722930908, 2.110305070877075, -2.2558319568634033, -3.149662494659424, -0.5073632001876831, 0.7187806367874146, -0.8411312103271484, -2.213440418243408, 0.8983615040779114, 1.7760452032089233, 3.3778700828552246, -3.0528860092163086, -2.2278168201446533, -5.278875827789307, 0.3494110107421875, -1.832471251487732, 2.277676820755005, 2.2739624977111816, -3.96287202835083, -0.11892290413379669, -4.261619567871094, -3.220717191696167, -3.4209694862365723, 2.7810864448547363, -3.1021811962127686, 0.4283589720726013, -2.8447093963623047, -0.29266130924224854, 3.3600478172302246, -2.2155981063842773, -4.102997303009033, -3.37389874458313, 1.5171087980270386, 1.526894211769104, 1.817237138748169, 0.36646363139152527, -0.3656435012817383, -6.3339643478393555, 6.3550825119018555, -3.3678269386291504, -0.3076222240924835, -2.3806018829345703, -6.765253067016602, 4.755125045776367, 4.400460243225098, -0.0825398713350296, -1.296924352645874, 1.923474907875061, 2.0414161682128906, -4.269591331481934, -1.3022657632827759, 4.720487117767334, 2.992302894592285, 1.5389151573181152, 0.44568657875061035, -2.980874538421631, -1.5391935110092163, 5.877425193786621, 3.4047067165374756, -2.7283425331115723, -3.8985095024108887, 3.1756057739257812, -0.9460020065307617, 5.775334358215332, -3.0645642280578613, 1.7283395528793335, 2.5305566787719727, -0.8136340379714966, -4.682929515838623, 0.2004820704460144, -5.528774261474609, -0.7794296145439148, -1.9699864387512207, 3.3258867263793945, 5.633872985839844, -3.046860694885254, -0.05692914128303528, 0.25075507164001465, -4.571508884429932, 2.2586746215820312, 2.8360049724578857, -2.568235397338867, 4.130909442901611, 4.795933723449707, -2.4099881649017334, 3.6311185359954834, 4.477181911468506, 3.4717206954956055, -3.8006582260131836, -0.6341522932052612, -0.5132203102111816, 1.643740177154541, 1.4632970094680786, 3.2532596588134766, -2.138514280319214, 0.5912457704544067, -2.7091867923736572, 1.1909167766571045, -0.9021110534667969, -4.499128818511963, -1.0940117835998535, 1.1126556396484375, 4.861252784729004, 2.159578323364258, 6.312024116516113, 3.280200719833374, -1.5488948822021484, 3.654038906097412, -4.086127758026123, -3.052100419998169, 4.907999515533447, -2.9240522384643555, 3.6594579219818115, 3.254735231399536, -0.05295044183731079, 3.2804577350616455, -3.5297622680664062, 3.245380163192749, -3.695964813232422, -3.4815683364868164, -1.0867114067077637, 2.7033135890960693, 2.8482930660247803, 0.3786815404891968, 0.6960349082946777, -6.358407974243164, 3.072523355484009, 3.4984865188598633, -2.6682024002075195, 2.054506540298462, 3.8779518604278564, -0.8681795597076416, 1.6953043937683105, -3.607728958129883, -0.2761216163635254, 5.270123481750488, -2.959188461303711, -1.69296133518219, 0.9699316620826721, -2.255439281463623, -4.715510845184326, 0.06895405054092407, 1.5391557216644287, -1.0513110160827637, -2.687330961227417, -2.6983091831207275, 0.5258647203445435, 0.8125772476196289, -3.1828911304473877, 0.544972836971283, 0.06108883023262024, -2.8023335933685303, 3.3325650691986084, -0.39739012718200684, 3.6135616302490234, -0.7655239701271057, 1.884887933731079, 5.455580711364746, 2.5646095275878906, 4.456551551818848, 3.9225776195526123, -4.541524410247803, 7.7884345054626465, 6.105099201202393, -1.4444398880004883, 0.9498481154441833, -3.428215980529785, -0.5219494700431824, 0.05494898557662964, -4.2853593826293945, 5.486629009246826, -0.4710808992385864, 1.1161657571792603, 0.7440545558929443, -4.875610828399658, 4.405778408050537, 0.8435553908348083, 0.28456389904022217, 2.2866578102111816, -4.767247200012207, 2.7941577434539795, -3.7853734493255615]",0,28.0
83,9606.ENSP00000377015,"[14.720195770263672, 1.7891947031021118, 5.36568546295166, 2.1283798217773438, -6.141044616699219, 2.2842633724212646, -0.7851347923278809, 2.8113749027252197, -1.8868882656097412, -3.3129360675811768, 7.569540023803711, -5.383681774139404, 4.49754524230957, 1.083185076713562, -4.633580684661865, -7.278539657592773, -2.8476011753082275, 2.0033364295959473, 2.4102187156677246, 3.1079623699188232, -1.8769186735153198, -11.266697883605957, -0.8509323596954346, -0.24741315841674805, -4.349438190460205, -1.0497081279754639, -0.7886788845062256, 3.8795676231384277, 5.579949855804443, -4.580996513366699, 0.48373812437057495, -12.79801082611084, -1.8569602966308594, -1.867453694343567, 0.8355421423912048, 3.597918748855591, -5.899764537811279, -4.082582473754883, -7.652948379516602, -3.4447073936462402, -0.45775145292282104, 1.4274468421936035, -4.282161712646484, 2.9017879962921143, -1.3363401889801025, -3.4490935802459717, 7.283758640289307, -4.441797256469727, -7.200602054595947, -3.649686813354492, 5.958415508270264, 5.103883743286133, 5.031275749206543, 4.627558708190918, 1.0060038566589355, -8.773331642150879, 6.584920883178711, -4.943151473999023, -1.85860276222229, -2.227875232696533, -11.532808303833008, 5.171461582183838, 4.211337566375732, 2.7978477478027344, -0.9275459051132202, 1.4160860776901245, 3.9174327850341797, -4.016463279724121, -4.380745887756348, 2.1924006938934326, 3.0484042167663574, 3.5007002353668213, -0.07846291363239288, -2.872997760772705, -2.898923635482788, 11.599315643310547, 1.9745898246765137, -6.435252666473389, -8.199400901794434, 4.372800350189209, 0.1704249233007431, 11.56336498260498, -5.38776159286499, -4.233918190002441, 7.056912422180176, 1.8708688020706177, 0.48206159472465515, -6.692256927490234, -4.412172317504883, -0.15997080504894257, -4.6245646476745605, 7.570858955383301, 12.362356185913086, -2.2362475395202637, -3.418189764022827, 7.264919757843018, -7.108646869659424, 0.6545053124427795, 9.159072875976562, -1.732043743133545, 5.58585262298584, 9.162276268005371, -4.424975395202637, 3.461211681365967, 6.264447212219238, 4.384881019592285, -6.607991695404053, -2.077770233154297, 4.845458030700684, 2.5758252143859863, 0.8255189657211304, 5.404333591461182, -7.712277412414551, -4.749053955078125, -1.718519926071167, 5.526082992553711, 1.884866714477539, -5.480029106140137, -1.1299928426742554, 4.26592493057251, 6.041428565979004, 0.7325171232223511, 7.829731464385986, -1.9528172016143799, 4.30015230178833, 5.53278923034668, -11.12506103515625, -6.1812238693237305, 7.056691646575928, -1.885627269744873, 5.244441032409668, 4.710133075714111, 4.7109174728393555, 6.419045448303223, -4.817806243896484, 2.8917880058288574, -2.842083692550659, 0.24888837337493896, 0.14111372828483582, 4.598483562469482, 9.066953659057617, -3.3201260566711426, 1.363983154296875, -5.854273796081543, 7.88278865814209, 3.758763074874878, -3.27020001411438, -0.014768794178962708, 4.360932350158691, -4.757497787475586, 2.2884085178375244, -1.5708369016647339, -7.196637153625488, 5.515588283538818, -4.635351657867432, 2.8627543449401855, 4.049743175506592, -0.7608320713043213, -4.724532604217529, 2.449836254119873, -2.2592711448669434, 1.057850956916809, -6.509372234344482, -2.4037094116210938, 5.795004367828369, 1.2889342308044434, -1.9553418159484863, -0.9645890593528748, 0.2434895634651184, -4.258798599243164, 10.968903541564941, -3.0721137523651123, 1.6241711378097534, -3.6961874961853027, -2.743723154067993, 5.315412521362305, 2.7906792163848877, 8.517867088317871, 4.901823043823242, -5.836217880249023, 11.949238777160645, 8.43489933013916, -5.169226169586182, -0.5063132047653198, -1.9922378063201904, -0.664087176322937, -5.865981578826904, -9.614866256713867, 8.158520698547363, -3.6143579483032227, 3.2514631748199463, -0.6574607491493225, -8.936982154846191, 1.628849983215332, 1.668574571609497, -2.199692487716675, -1.3044542074203491, -5.5314226150512695, 2.8830065727233887, -3.124251365661621]",0,155.0
84,9606.ENSP00000451300,"[3.2904632091522217, -0.9333665370941162, 1.4658093452453613, 3.4324018955230713, 2.082120418548584, 3.9779391288757324, -0.9677047729492188, -0.22431665658950806, -1.5772138833999634, 1.0886831283569336, 2.1913321018218994, -3.430025339126587, 1.6323328018188477, -1.3585647344589233, -2.909416913986206, -2.0548110008239746, -1.2558163404464722, -0.2377423346042633, 3.1067757606506348, 1.6737521886825562, -4.678526401519775, -3.4420905113220215, -0.9261255860328674, 1.0739200115203857, -0.8009653687477112, -3.754837989807129, 1.6381239891052246, 2.2448959350585938, 3.4059977531433105, -2.4304487705230713, -2.470926284790039, -4.332221031188965, 1.0730865001678467, 0.4456098675727844, 1.3398357629776, 3.3958284854888916, -3.299553155899048, -0.32510843873023987, -4.245943069458008, -1.024955153465271, -3.2373299598693848, 2.651982069015503, -1.616682529449463, 0.41107043623924255, -2.3212838172912598, 0.9917211532592773, 1.8712542057037354, 0.23673555254936218, -2.24739408493042, -0.6574581861495972, 3.225341796875, 3.119150161743164, 0.4925331473350525, 1.3012174367904663, 1.2306740283966064, -5.654050827026367, 3.706009864807129, -2.3930864334106445, 0.2700583338737488, -4.063755989074707, -5.530982494354248, 2.935270071029663, 0.879970133304596, -1.08050537109375, -0.4517452120780945, 1.4340183734893799, 3.0479958057403564, -1.0859711170196533, 0.8651815056800842, 3.282484531402588, 2.2993743419647217, 1.4519093036651611, 1.2911665439605713, -2.368025302886963, -4.320789337158203, 3.1980061531066895, 1.5316369533538818, -1.857506275177002, -2.8060717582702637, 0.08783024549484253, 0.22489051520824432, 4.728942394256592, -3.589085102081299, -0.07996952533721924, 3.313978910446167, 1.3267383575439453, -2.2404065132141113, -0.9918830394744873, -2.076630115509033, -0.09932313859462738, -4.727523326873779, 4.914233207702637, 4.034321308135986, -3.3046724796295166, 1.2154773473739624, 3.715287208557129, -1.4121747016906738, -2.058687448501587, 4.670915126800537, -2.2788338661193848, 4.733639240264893, 2.811838150024414, -1.6482083797454834, 0.6770374178886414, 3.892242193222046, 2.0017850399017334, -2.837888240814209, 0.03955354541540146, 1.4603538513183594, 0.9917917251586914, 1.9585516452789307, 1.3894561529159546, -2.5939643383026123, -1.0549037456512451, 0.4507001042366028, 0.1376190185546875, 0.5016778111457825, -0.8639987707138062, -2.0930333137512207, 1.165734887123108, 6.8285136222839355, 0.38595134019851685, 3.817065477371216, 1.4246745109558105, -0.010373018682003021, 2.4855945110321045, -1.945067048072815, -2.504746913909912, 1.7748371362686157, -1.6125319004058838, 1.8145416975021362, 2.4081919193267822, -0.09000437706708908, 2.4976186752319336, -1.1737524271011353, 2.3652403354644775, -4.845978736877441, -1.7898577451705933, -0.8050997257232666, 0.6950830221176147, 4.276477813720703, 2.100202798843384, 3.6279730796813965, -3.8317229747772217, 3.4845051765441895, 1.508141279220581, -1.6914236545562744, -0.05113416910171509, 2.35444712638855, -3.892637014389038, 1.865933895111084, -0.972760796546936, -1.4636712074279785, 4.094186782836914, -3.084298849105835, -2.1712217330932617, -2.1133508682250977, -1.1553210020065308, -1.3342056274414062, -2.9870147705078125, 1.750825047492981, -2.75276517868042, -4.001991271972656, -3.0814805030822754, 3.026503801345825, 1.6093405485153198, 2.4425432682037354, 0.6154608130455017, 0.22844716906547546, -2.0386390686035156, 3.3884825706481934, -1.8829256296157837, 2.725358247756958, -0.8627429008483887, -0.2730911374092102, 1.9165701866149902, 0.7502566576004028, 3.786041021347046, 2.0271291732788086, -2.6291961669921875, 3.951077938079834, 3.009751558303833, -1.83185875415802, 0.01718488335609436, -1.9812617301940918, 0.7076929211616516, -1.1910911798477173, -2.1953930854797363, 3.5615642070770264, 1.6561264991760254, 1.6380555629730225, -1.6217479705810547, -2.6764492988586426, 1.6381946802139282, 0.1417769342660904, -0.6663259267807007, -0.4742458164691925, -2.848973035812378, 2.1727676391601562, -2.328345775604248]",0,122.0
85,9606.ENSP00000351926,"[5.802931308746338, -1.7466750144958496, 6.049337863922119, 5.156997203826904, -0.3506973385810852, 2.4796855449676514, -1.6169202327728271, 1.3391845226287842, -1.848380446434021, 0.8974010944366455, 4.584560871124268, -4.187678813934326, 1.2200381755828857, 0.10180950164794922, -6.108135223388672, -1.962816834449768, -1.1691713333129883, 5.639610290527344, 3.440122127532959, 3.060965061187744, -4.866218090057373, -6.657669544219971, 0.42445850372314453, 0.0644853264093399, -3.3831934928894043, -1.7022347450256348, 0.7252964973449707, 2.775893211364746, 4.844659805297852, -1.4846506118774414, -1.6769145727157593, -7.557950019836426, 1.4013622999191284, 1.56279718875885, 2.526374578475952, 1.1596567630767822, -3.4057486057281494, -0.45937979221343994, -4.790884017944336, -4.915711402893066, -1.6289221048355103, 1.1212559938430786, -4.19395637512207, 0.24396508932113647, -0.81865394115448, -0.34883052110671997, 6.2399678230285645, -1.0694928169250488, -7.1616644859313965, -4.607224464416504, 3.281060218811035, 2.59116268157959, 2.4279892444610596, -1.7151732444763184, 0.26552581787109375, -2.965402841567993, 4.846400260925293, -4.557108402252197, -0.5782999992370605, -1.0718861818313599, -7.0233235359191895, 4.473980903625488, 5.1253790855407715, -0.5986683368682861, -0.1916690170764923, 3.138611078262329, 2.7155470848083496, -2.245924234390259, -0.8603134155273438, 5.233984470367432, 3.7450814247131348, 2.5633811950683594, 0.7239053249359131, -4.1129279136657715, -3.3361053466796875, 7.155801296234131, 4.869761943817139, -1.9999028444290161, -4.042007923126221, 3.446650505065918, -1.883605718612671, 5.909000396728516, -2.151853084564209, 1.7654386758804321, 5.818452835083008, -0.4246354401111603, -5.85331392288208, -0.9580714702606201, -5.476238250732422, -0.37089577317237854, -3.7337148189544678, 3.7595937252044678, 6.64250373840332, -4.685685157775879, -1.308172583580017, 0.10961569845676422, -4.533051490783691, 4.276960849761963, 5.4331440925598145, -3.441424608230591, 3.104708671569824, 5.492156028747559, -3.6423959732055664, 4.5022430419921875, 6.539624214172363, 5.360415935516357, -5.31569766998291, -0.3857601583003998, 1.4635263681411743, 2.9732067584991455, 2.3216733932495117, 5.52484130859375, -4.712156295776367, -0.9397698640823364, -1.6553797721862793, 1.300079107284546, 0.8206007480621338, -3.8964576721191406, 0.1411917507648468, 1.6355171203613281, 6.008748531341553, 3.9153435230255127, 6.390735149383545, 3.06857967376709, -0.5664178729057312, 5.878726005554199, -5.213404178619385, -5.008193016052246, 2.9122400283813477, -3.657116413116455, 4.605853080749512, 3.7958898544311523, 1.713038682937622, 4.103829860687256, -3.231283187866211, 3.49831485748291, -3.835178852081299, -5.357337951660156, -0.9662984013557434, 3.672177791595459, 4.238264560699463, -0.7424002885818481, 0.9032642841339111, -4.598649978637695, 4.531094551086426, 5.482047080993652, -2.5126163959503174, 2.2997214794158936, 4.433450222015381, -1.5283994674682617, 2.273313045501709, -5.263411045074463, -3.4240620136260986, 6.404638767242432, -2.744205951690674, -0.4569823443889618, 3.0082051753997803, -3.8340630531311035, -5.199606895446777, -1.1057236194610596, -0.5589932203292847, 2.3091506958007812, -2.42177152633667, -3.4826385974884033, 2.160973072052002, 2.6201634407043457, -3.120431661605835, 3.730252742767334, -2.8421764373779297, -2.32629656791687, 5.679891109466553, -2.2139906883239746, 3.371271848678589, -1.5814111232757568, 1.9749975204467773, 6.228827953338623, 4.764039039611816, 4.931704044342041, 5.434886932373047, -4.347746849060059, 9.522254943847656, 4.222442150115967, -2.0237574577331543, 0.399431049823761, -5.67006254196167, -0.26283523440361023, -2.663654088973999, -4.714145183563232, 4.93259859085083, -0.9336957335472107, 2.344071626663208, -0.10998114943504333, -5.897521018981934, 3.038968801498413, 0.9613324403762817, -0.9130593538284302, 1.0396257638931274, -5.814374923706055, 3.5088372230529785, -2.5242843627929688]",0,5.0
86,9606.ENSP00000345347,"[6.244015693664551, 5.541290760040283, 1.5572752952575684, 2.742398262023926, -6.847293376922607, -5.966341972351074, 1.7517331838607788, 5.5974507331848145, -2.464982748031616, 3.6135458946228027, 1.2050790786743164, 1.5614978075027466, -1.2870063781738281, 1.4475922584533691, 0.7978577613830566, -4.489702224731445, -2.4131946563720703, 0.8246445655822754, 0.19298410415649414, 2.617948532104492, 0.02011975646018982, -3.5614051818847656, -9.18768310546875, 6.585556507110596, -0.0017531514167785645, -7.588993549346924, -5.183430194854736, 2.6474926471710205, -2.622908592224121, -9.030815124511719, 0.949225664138794, -3.2514021396636963, -6.678412437438965, 5.572813034057617, 4.61143684387207, 3.9318249225616455, -1.9258437156677246, 3.8328652381896973, -9.277865409851074, -1.627655267715454, 0.018837079405784607, -12.479110717773438, -7.62553071975708, 7.461522579193115, 6.444979190826416, -1.957816481590271, 6.174131870269775, -14.431564331054688, -0.20093898475170135, -0.5711270570755005, -0.19649840891361237, 2.9625027179718018, 8.8878173828125, 6.462090015411377, -5.9657673835754395, -5.014477252960205, 9.8629150390625, -1.3280049562454224, 2.902902603149414, -4.10648250579834, -1.8886488676071167, 2.4655399322509766, -2.455653667449951, 0.1425214409828186, -11.886615753173828, 3.947995185852051, 3.7141213417053223, -12.192818641662598, -8.190714836120605, 2.8306891918182373, -0.9487078189849854, -12.224393844604492, 5.5493268966674805, -4.894591808319092, -1.2324062585830688, 0.20948511362075806, -3.633709192276001, -6.669206619262695, -4.528110980987549, 0.7002835273742676, 6.9055399894714355, 7.585533618927002, -7.095677375793457, -4.59343147277832, -0.5300376415252686, 8.110968589782715, 0.27681803703308105, -4.604592323303223, -3.783048391342163, 8.879197120666504, -2.9154531955718994, 7.798480987548828, -3.4978091716766357, 1.3135933876037598, -3.0385329723358154, 5.832481861114502, 1.7280175685882568, -11.23853874206543, 1.776052713394165, 9.231180191040039, 7.6267409324646, 5.8780364990234375, -5.489391803741455, 8.627975463867188, 0.38215017318725586, 2.203073263168335, -2.9651248455047607, 0.5078171491622925, 6.435480117797852, 9.388225555419922, -10.598718643188477, -5.2859110832214355, 2.153848648071289, -9.340951919555664, -2.1092138290405273, 1.7641996145248413, -6.415782451629639, -8.16174030303955, -5.1628737449646, 11.342207908630371, 0.7513059973716736, -18.23749542236328, -3.100569248199463, -13.18752670288086, 9.27589225769043, -0.13653020560741425, 0.5993042588233948, 1.3811006546020508, 6.044671058654785, 0.7833937406539917, 13.188860893249512, -1.118215799331665, -1.0365493297576904, -3.7689735889434814, -2.0591230392456055, -4.082733631134033, -0.9392075538635254, -2.3408312797546387, 2.3550267219543457, 2.8803367614746094, 4.214221954345703, -8.680098533630371, 2.4181742668151855, -8.168091773986816, 5.486535549163818, 0.5315135717391968, -12.692696571350098, -8.376163482666016, 3.060398817062378, 10.742526054382324, -4.0026631355285645, 2.043673276901245, -7.109443664550781, -0.13178375363349915, -3.937297821044922, 7.62506103515625, -4.685608386993408, 2.9620985984802246, 7.884642124176025, 12.11140251159668, -2.0360915660858154, 3.348419189453125, -1.680979609489441, -11.611400604248047, 4.467417240142822, 1.4098100662231445, 4.037527084350586, -6.112993240356445, -1.835902452468872, 5.040765762329102, 3.634284257888794, -3.2612178325653076, -2.0136208534240723, 2.891094446182251, -9.440306663513184, 0.046123430132865906, 2.742863416671753, 8.512648582458496, -4.0349931716918945, -1.1876773834228516, -3.2083706855773926, 4.6876020431518555, -5.942434787750244, -6.686967372894287, 2.5057055950164795, -7.387182712554932, -0.09796261042356491, -6.898705959320068, -2.063666582107544, -9.514735221862793, 2.1612119674682617, -4.3296284675598145, -7.057736396789551, 1.1671372652053833, 8.404736518859863, -0.0006258636713027954, -0.9380229711532593, -4.298435688018799, 12.775489807128906, -0.9412399530410767]",0,82.0
87,9606.ENSP00000364210,"[10.535588264465332, 4.332178592681885, 4.100022792816162, 2.9614148139953613, -2.9221320152282715, -2.137913703918457, -4.974967956542969, 6.007568836212158, 5.838681221008301, -6.284637451171875, 6.098679065704346, 0.519803524017334, -7.335312366485596, 1.458146572113037, 1.3805385828018188, -3.04059100151062, -8.88357925415039, -3.977926015853882, 1.2709071636199951, 7.251316547393799, 4.188340187072754, -1.5794322490692139, -5.53840446472168, -0.32349729537963867, 4.409479141235352, -11.803884506225586, -5.866328239440918, 8.423938751220703, -5.527825355529785, -5.3674116134643555, 5.505632400512695, -3.6403450965881348, -4.170304775238037, 5.1123247146606445, 5.907881736755371, 0.1609593629837036, -6.3195271492004395, 3.7808682918548584, -8.426555633544922, -0.5401363968849182, -3.425766706466675, -8.679201126098633, -4.625026226043701, 1.5621517896652222, 0.5085198283195496, -0.8596997261047363, 6.627502918243408, -7.346721172332764, -1.3536574840545654, 6.571985721588135, -2.432197093963623, 10.136476516723633, 5.358244895935059, 2.3405489921569824, -1.9370931386947632, -6.689509868621826, 7.220101833343506, 0.8995310068130493, 2.7629520893096924, -2.91852068901062, -5.987113952636719, -2.3006670475006104, 0.49457716941833496, 5.833022117614746, -6.3381667137146, -5.954441070556641, 5.547852516174316, -10.964956283569336, -10.472439765930176, 0.35973018407821655, -0.6099404692649841, -6.18166446685791, 1.9237160682678223, -0.7096167802810669, -1.177251935005188, 11.219496726989746, -5.377707481384277, 5.613290786743164, -2.7662951946258545, -0.16656747460365295, 3.3223721981048584, -1.7062523365020752, -8.62983512878418, -4.067107200622559, -0.17373332381248474, 1.3926265239715576, -1.2690129280090332, -9.334270477294922, -1.485858678817749, 6.854519844055176, -5.13922643661499, 6.139727592468262, -0.959363579750061, 2.862996816635132, -4.037093639373779, 5.049790859222412, -1.0274426937103271, -5.882299900054932, 4.0554656982421875, 9.341567993164062, 10.616124153137207, 8.00388240814209, -6.297846794128418, 8.116246223449707, -0.21896524727344513, -3.002018690109253, 1.7301353216171265, -0.36351993680000305, 7.401255130767822, 4.734759330749512, -6.471396446228027, -4.203028678894043, 10.154494285583496, -6.140323638916016, -1.3432539701461792, -3.910236120223999, -1.0482686758041382, -7.4667158126831055, -2.622119665145874, 8.73453140258789, 5.798975944519043, -5.1551127433776855, 0.9533489942550659, -3.938526153564453, 7.04463005065918, -1.0950441360473633, -4.666409015655518, 0.23165670037269592, 3.277106523513794, 0.6721383333206177, 5.772690296173096, 0.7290115356445312, -0.08985826373100281, 5.480819225311279, -5.09822940826416, -2.429370164871216, 2.5700395107269287, 0.2728508710861206, -2.6186914443969727, -2.9604012966156006, 7.7813591957092285, -2.5836594104766846, -2.019355058670044, -7.01794958114624, 5.943874835968018, 2.2632312774658203, -8.804747581481934, -5.599693775177002, 6.4545817375183105, 5.0984344482421875, -0.4339830279350281, 2.069361448287964, -9.71715259552002, 0.5935221910476685, -3.125603199005127, 0.20710048079490662, 1.3858118057250977, 1.9582661390304565, 7.275198936462402, 4.776321887969971, -5.203840732574463, 3.982182502746582, -2.516779899597168, -2.9319043159484863, 8.957535743713379, 1.4619483947753906, 9.069967269897461, -2.9286608695983887, 2.7438981533050537, 6.501827716827393, 7.150657653808594, -6.255166053771973, -2.0039584636688232, 1.34417724609375, -7.035279750823975, -3.3134167194366455, -1.3129324913024902, 4.768470764160156, 0.6236568689346313, 4.9985246658325195, 5.318234920501709, 3.8033528327941895, -1.2523117065429688, -9.639602661132812, -0.8624899983406067, -2.9629762172698975, 2.61320161819458, -2.0849015712738037, 3.641580104827881, -4.739771842956543, 2.014277458190918, 3.4254372119903564, -6.136848449707031, 3.06667160987854, 9.346029281616211, -7.31534481048584, -4.425516605377197, -8.754722595214844, 6.311399459838867, 0.1775575876235962]",0,176.0
88,9606.ENSP00000354251,"[2.684507369995117, -0.8003605008125305, -0.763904333114624, 0.12509088218212128, -1.3692121505737305, 1.1412239074707031, -0.4794694185256958, 2.008937358856201, 0.263339102268219, -1.473938226699829, 3.7835750579833984, -0.5143373012542725, -1.2969470024108887, -0.2415931224822998, -1.4149727821350098, -0.7163549661636353, -0.6276564598083496, -0.10133063793182373, 0.318698525428772, 5.280254364013672, -0.882741391658783, -1.4627635478973389, -0.9839558005332947, 1.5247129201889038, -0.5931884050369263, -3.5524814128875732, 1.420867919921875, 1.692143201828003, 0.2863244414329529, -2.683074951171875, 0.17378491163253784, -2.6930925846099854, 2.5758798122406006, -1.0578473806381226, 2.832331895828247, 1.7478795051574707, -1.3976527452468872, 1.1820400953292847, -1.9302382469177246, -1.1187938451766968, -0.9615782499313354, 2.61956524848938, 2.0849359035491943, 0.42050790786743164, -0.6465927362442017, 1.3782075643539429, 0.9288055896759033, -2.4100780487060547, -2.839829444885254, 0.3300390839576721, 1.2720261812210083, 3.3722763061523438, 1.5000507831573486, -1.4639005661010742, 3.0422987937927246, -1.3179609775543213, 1.7513145208358765, -2.1290013790130615, 2.288069248199463, -1.4163471460342407, -5.320723056793213, 0.9748481512069702, 0.09220084547996521, 0.4960330128669739, -0.448042631149292, -1.4345327615737915, -0.44928041100502014, -3.466071605682373, 0.6775898337364197, -2.15523362159729, 0.2475510537624359, 0.15101386606693268, 0.3515692949295044, -3.7858290672302246, 1.8372639417648315, 2.845022201538086, 0.3329300880432129, -3.994224786758423, -4.180140972137451, 0.5811953544616699, -0.6736714839935303, 4.672918319702148, -3.6597747802734375, 3.147366762161255, 1.4821819067001343, -0.7282745838165283, -1.0215657949447632, -3.1355032920837402, 0.28388792276382446, 0.025068461894989014, -4.2093706130981445, 2.0172343254089355, 4.753425121307373, -2.9097795486450195, 1.216604471206665, 2.5275392532348633, -0.47409242391586304, -6.382612228393555, 5.414158344268799, -1.6837022304534912, 2.9123504161834717, 1.9845327138900757, -1.130149245262146, 2.462679386138916, 0.47816652059555054, -1.172337293624878, -0.6818262338638306, -0.7502814531326294, 0.5452181100845337, -1.7477290630340576, -1.1594113111495972, 0.7267640829086304, -1.739112377166748, -4.7509026527404785, -1.2958064079284668, -0.7054076194763184, 4.126896381378174, -0.24754011631011963, -1.7586755752563477, 2.2763266563415527, 3.5518457889556885, 3.8058078289031982, 1.497058391571045, -0.23297467827796936, -0.80870521068573, 1.4204492568969727, -1.6110560894012451, -0.4206370711326599, 2.4724905490875244, 0.2672859728336334, 2.094536542892456, -0.019263744354248047, 0.8009072542190552, 0.021563082933425903, -3.2674803733825684, 0.439994752407074, 1.2986449003219604, 0.09469430148601532, -1.0055652856826782, -0.6942166090011597, 2.8688602447509766, 0.18637549877166748, -0.5795373916625977, -5.0917487144470215, 3.475581645965576, 2.605607271194458, -4.919628143310547, -1.4108779430389404, 3.52466082572937, -0.9197198152542114, 1.4065425395965576, 0.2258807122707367, -1.134194016456604, 1.3398265838623047, 0.3266221880912781, -0.12801578640937805, 3.4244754314422607, 0.7380865812301636, -4.09602689743042, -0.26574668288230896, -0.6330174207687378, 0.25469744205474854, -3.4607927799224854, -3.2751402854919434, 0.619818389415741, 0.03251253440976143, 5.491201400756836, 0.13584408164024353, 1.4084432125091553, 1.3625038862228394, 1.9268255233764648, -0.27284693717956543, -0.7787915468215942, -0.531775712966919, 1.1778849363327026, -0.9813794493675232, 0.4719911217689514, 3.7739295959472656, 0.2839464247226715, 0.47131115198135376, 5.038054466247559, 2.1285624504089355, -0.05006164312362671, 0.9418209791183472, -0.592903733253479, 2.0984838008880615, -0.06906536221504211, -1.845068335533142, 2.902255058288574, 0.141127809882164, 4.546716690063477, 1.3525694608688354, -3.7327077388763428, 3.7001185417175293, 1.025493860244751, 0.21440818905830383, 0.230738565325737, -5.132781505584717, 2.6589365005493164, 0.5112779140472412]",0,47.0
89,9606.ENSP00000365312,"[0.9422473907470703, -2.696798086166382, 4.334501266479492, 1.9203354120254517, 0.948408842086792, 2.9993462562561035, -1.1542154550552368, 2.759474277496338, -1.3384437561035156, 2.660585403442383, 3.4835822582244873, -2.522214412689209, 2.3800790309906006, -1.3588355779647827, 0.32762300968170166, -0.4446439743041992, -0.5774613618850708, -0.7905056476593018, 1.6201399564743042, 1.427914023399353, -3.4530677795410156, -2.414858818054199, -1.0506423711776733, 0.2677817940711975, -1.0738385915756226, -1.012481689453125, 2.9024038314819336, 0.610796332359314, 0.5205423831939697, -2.2424347400665283, -0.2026093602180481, -4.137823581695557, 2.5383236408233643, -2.034508466720581, 4.444637298583984, 0.1319388747215271, -2.982046365737915, 1.2526068687438965, -0.6176307201385498, -1.1652063131332397, 0.9966096878051758, 1.4220887422561646, -1.4130377769470215, -1.654937505722046, -0.41176727414131165, -1.0624780654907227, -0.282353937625885, -3.2082433700561523, -0.17465049028396606, -1.987512469291687, 2.2895522117614746, 2.465214729309082, -1.3621898889541626, 0.2419542819261551, 3.0374250411987305, -1.6542456150054932, -0.27822738885879517, -2.9781463146209717, 0.48106351494789124, -1.3741217851638794, -3.858700752258301, 1.5557661056518555, 0.9506964087486267, -1.299461841583252, 0.487374484539032, 1.698657512664795, 2.9649498462677, -2.149533987045288, -0.40879276394844055, -0.5843328237533569, 0.7433323264122009, -0.9266489744186401, 0.3485427498817444, -3.12772536277771, -0.330066055059433, 1.995600938796997, -0.8089731335639954, -1.6547409296035767, -3.6048688888549805, 0.26424530148506165, -1.043487787246704, 4.677627086639404, -0.05015188455581665, -0.6873146295547485, 0.7377749085426331, -0.1633002758026123, -3.987273931503296, -1.2146453857421875, -1.1208252906799316, -0.5255093574523926, -3.7686045169830322, 2.232374906539917, 3.8057138919830322, -1.2979079484939575, -0.470340371131897, 3.4551870822906494, -1.2116879224777222, -2.312592029571533, 2.193902015686035, -1.3120920658111572, 1.3036059141159058, 1.4941964149475098, -2.6144938468933105, -0.08530569076538086, 2.6403861045837402, 2.7469868659973145, -4.037648677825928, -0.2111014723777771, 0.3129090666770935, -0.21284224092960358, 0.6257476806640625, 2.780071258544922, -4.872067928314209, -2.2061514854431152, -1.4262847900390625, 1.5061969757080078, 2.1738152503967285, -1.3194211721420288, -0.6076405644416809, 2.0119316577911377, 3.069409132003784, -1.4274067878723145, 2.6793017387390137, -1.872990608215332, 1.7537100315093994, 2.5339884757995605, -1.5839252471923828, -3.5299532413482666, 2.4958996772766113, -1.3532230854034424, 3.8947319984436035, 1.456939697265625, -0.0372033566236496, 2.7657358646392822, -3.257701873779297, 1.0478311777114868, -3.08853816986084, -0.28768473863601685, -0.945201575756073, 1.7286015748977661, 2.1108009815216064, -0.006619811058044434, 0.9834243655204773, -4.669061660766602, 4.144937992095947, 5.298593521118164, -3.1856770515441895, 2.0877010822296143, 1.8355662822723389, 0.4181440770626068, -0.3951895833015442, -3.6969377994537354, -2.566389799118042, 3.8882646560668945, -1.4408496618270874, -1.4065741300582886, -0.42241954803466797, -1.5742919445037842, -2.062284231185913, 0.27232328057289124, -0.18059644103050232, -0.7742305994033813, -2.158900737762451, -2.792478084564209, -0.6185999512672424, 2.220557451248169, 2.453451156616211, 1.7204163074493408, 1.395122766494751, 0.23765763640403748, 0.7606125473976135, 0.2928393483161926, 0.0996200293302536, -3.2048685550689697, -0.26170408725738525, -0.5093442797660828, 2.623920202255249, 1.417285442352295, 2.3091201782226562, -0.22025316953659058, 3.2713541984558105, 2.8012561798095703, -0.010866880416870117, -0.7895045280456543, -2.763540744781494, 0.7014976739883423, -1.5835314989089966, -2.296113967895508, 2.48210072517395, -0.8281542062759399, 3.0159566402435303, -0.8690613508224487, -2.309704303741455, 1.8033323287963867, 2.912954568862915, -0.7830234169960022, -1.3397839069366455, -4.076080322265625, 4.023334503173828, -2.4753057956695557]",0,166.0
90,9606.ENSP00000272317,"[5.554012298583984, -2.324922561645508, 5.946321487426758, 5.844149589538574, -0.11809755861759186, 3.9024105072021484, 0.09622716158628464, 3.5669641494750977, -5.898327350616455, 4.759899139404297, 2.7679429054260254, -7.792908668518066, 0.8947635293006897, 0.597178041934967, -5.6407060623168945, -1.512756586074829, 2.520050525665283, 5.950058460235596, 6.520480155944824, 1.4297114610671997, -3.1129367351531982, -5.827646732330322, 0.7403244972229004, 3.729808807373047, -7.2547078132629395, -1.0187872648239136, 1.6279176473617554, 1.7239137887954712, 5.011636257171631, -5.666510581970215, -3.7355194091796875, -4.8366570472717285, -2.509972095489502, 0.2659534811973572, 3.5105538368225098, -4.878084659576416, 1.7757346630096436, -3.9056801795959473, -3.9184377193450928, -4.963122367858887, -5.399587631225586, 1.9636306762695312, -7.619165420532227, 1.438982605934143, -1.2886631488800049, 0.16370363533496857, 3.4819507598876953, -3.0356147289276123, -4.402600288391113, -5.135036468505859, 5.595643997192383, 5.846879482269287, -0.9100028276443481, 0.43643394112586975, 4.457976341247559, -5.113461494445801, 4.029608726501465, -5.339643478393555, 4.706737041473389, -5.523372650146484, -5.502575874328613, 5.39107608795166, 6.910794258117676, -0.9338790774345398, 0.6093090176582336, 2.986323833465576, 5.569615364074707, -4.1066107749938965, 1.6948939561843872, 1.3265447616577148, 5.133275985717773, 3.555476188659668, -0.6551016569137573, -1.4243495464324951, -5.517644882202148, 3.930354356765747, 4.239992141723633, -5.373312473297119, -3.1285691261291504, 3.2984797954559326, -1.0388741493225098, 5.160526752471924, -3.343852996826172, 2.587383508682251, -0.11026502400636673, 2.731962203979492, -7.821556091308594, 3.0056116580963135, -6.364530563354492, -2.132556438446045, -2.7174105644226074, 6.144155979156494, 2.7006664276123047, -5.661799430847168, -1.5320130586624146, 3.808655023574829, -3.873563051223755, 0.15646493434906006, 2.2488017082214355, -3.9958715438842773, 3.117401361465454, 3.5766103267669678, -4.160308361053467, 4.418465614318848, 5.900301456451416, 5.7040276527404785, -5.829531669616699, -2.5850112438201904, -0.8639643788337708, -3.877540349960327, 3.974165201187134, 3.5861785411834717, -5.209309101104736, -1.5269911289215088, -4.9062089920043945, 2.7939705848693848, -0.9325557947158813, -2.0880324840545654, -3.3706722259521484, 2.5610640048980713, 3.8524444103240967, 3.71457839012146, 3.639972686767578, 2.6826658248901367, -1.7884125709533691, 4.479191303253174, -3.4596965312957764, -6.591190338134766, 3.5318541526794434, -5.311243057250977, 5.849363803863525, 5.180927276611328, -3.649653673171997, 5.2824907302856445, 0.2507800757884979, 8.72623062133789, -4.499205112457275, -7.166324615478516, -1.6785411834716797, 5.363622665405273, 1.8004097938537598, 0.6461402177810669, 3.934384822845459, -4.170341491699219, 3.156803607940674, 6.945309638977051, -4.26239013671875, -1.2246592044830322, 2.4314873218536377, -0.7538246512413025, 4.231838226318359, -5.483973979949951, -2.042943000793457, 6.574182510375977, -3.7180984020233154, -0.9408369064331055, -3.8744797706604004, -5.615645885467529, -2.2327523231506348, -0.877658486366272, 1.1623892784118652, -1.0330864191055298, -2.2532732486724854, -5.706117153167725, -2.629793167114258, 3.5173916816711426, -0.2735990285873413, 2.3964152336120605, -2.6201999187469482, -1.745113730430603, 5.998773574829102, 0.28939059376716614, 5.0266947746276855, -2.2498435974121094, 2.652470827102661, 1.7752048969268799, 5.202743053436279, 5.1547088623046875, 3.8872745037078857, -6.4070892333984375, 4.583168029785156, 6.137235641479492, -0.19508439302444458, -1.1660189628601074, -6.463473320007324, 0.2059926986694336, -6.1152167320251465, -2.145848512649536, 4.34773588180542, -0.4313330054283142, 2.656609296798706, -3.001051902770996, -3.226419448852539, 1.7286947965621948, 1.647596836090088, 1.421515703201294, 0.6014379262924194, -2.2243103981018066, 5.799505233764648, -5.931953430175781]",0,95.0
91,9606.ENSP00000477848,"[1.8252454996109009, 1.2499005794525146, 2.329057455062866, 0.8188565969467163, -2.2583696842193604, 0.8318781852722168, 0.3560730218887329, -0.07998278737068176, -1.9706743955612183, 1.722460150718689, 0.9994629621505737, -1.2850497961044312, 0.891334593296051, 1.3050888776779175, -0.7988346815109253, 0.09124061465263367, 2.470344066619873, 1.3223602771759033, 2.251323699951172, -0.35725322365760803, -1.404021143913269, -0.3048194646835327, -1.001006841659546, 2.6888489723205566, -1.4080238342285156, -0.6289655566215515, 0.6269822120666504, 2.165457010269165, 2.059507369995117, -3.4812793731689453, -0.9746673107147217, -3.0353758335113525, -2.13521409034729, -0.3299574553966522, 0.7289713621139526, -2.2339093685150146, -0.09935978055000305, -1.4580562114715576, -2.073474407196045, -0.8227591514587402, -1.2940946817398071, -2.0339198112487793, -1.3409206867218018, 0.4168849587440491, 0.9452602863311768, -2.3488821983337402, 1.4941414594650269, -1.4524118900299072, -1.1994075775146484, -0.6257920265197754, -0.244680255651474, 1.862464427947998, 1.1923682689666748, -0.22654762864112854, 0.4696577787399292, -1.5794093608856201, 1.508361577987671, -1.3914216756820679, 1.3578376770019531, -3.889508008956909, -2.589935302734375, 0.9792919754981995, 2.5550572872161865, -1.2439528703689575, -1.0814111232757568, 1.6373491287231445, 1.0047802925109863, -2.534210205078125, 1.2658605575561523, -0.11267250776290894, -0.7374340295791626, -0.3643435537815094, -0.467759907245636, 0.39459073543548584, -1.2734254598617554, 2.3782029151916504, 2.690768241882324, -1.5450291633605957, -1.8432179689407349, 1.1057490110397339, 0.336685448884964, 4.134426593780518, -1.452793002128601, -1.6199592351913452, -0.4104614853858948, -0.07694819569587708, -0.050017982721328735, 0.9796158671379089, -2.6805777549743652, -0.7099107503890991, -2.4104130268096924, 2.4946646690368652, 1.6456313133239746, 0.1846521943807602, -0.07860590517520905, 1.7586004734039307, -0.05432966351509094, -2.188307285308838, 1.2131421566009521, -2.007718324661255, 0.6682798266410828, 2.775346040725708, -0.342831015586853, 1.9526079893112183, -0.9355529546737671, 1.1777844429016113, -1.5693504810333252, -0.6710271239280701, -0.9672937393188477, -0.7237181663513184, -0.4382370114326477, -0.5271984338760376, -1.724554419517517, -1.7647274732589722, -2.2850639820098877, 0.2972855269908905, -2.1772537231445312, -1.9310760498046875, -0.1709604263305664, 2.1831493377685547, 1.1726558208465576, -0.07446599006652832, 1.2086125612258911, 0.26459306478500366, 0.5054007768630981, 0.06389939039945602, -1.1768871545791626, -2.6560604572296143, 2.250607967376709, -2.6842055320739746, 4.190042018890381, 0.6263218522071838, 0.06693516671657562, 0.6673202514648438, -1.4668787717819214, -0.02726045250892639, -0.4332749545574188, -1.6594866514205933, 0.9583441019058228, 1.3297388553619385, 0.9585341215133667, 1.71547532081604, -0.7169435024261475, -0.4074060618877411, 3.501666307449341, 1.4140115976333618, -4.077531337738037, -1.492775797843933, 2.2365050315856934, -0.49042344093322754, 0.038244038820266724, -0.6151944994926453, -2.566197395324707, 0.6403225660324097, -0.14677603542804718, 1.4049339294433594, -1.8335604667663574, -0.8651057481765747, 0.6534565687179565, 2.7472472190856934, 0.2573973536491394, 2.321737766265869, 0.326499342918396, -1.7523295879364014, 0.6475961208343506, -0.36187830567359924, 2.0837063789367676, 0.3953801989555359, -0.3954222798347473, 0.3077508211135864, -0.11159735918045044, -0.18356284499168396, -0.47418442368507385, 1.1054846048355103, 2.148725986480713, -1.542659044265747, 0.05932687222957611, -0.8248934745788574, 0.37347960472106934, 0.08814193308353424, -0.11001227796077728, 2.1743991374969482, -0.7986255884170532, -1.9986380338668823, -1.9278922080993652, -0.07304200530052185, -1.5721443891525269, -3.893716812133789, 2.034376621246338, 0.18510106205940247, 1.4844584465026855, -0.9962019324302673, -2.65804386138916, 0.6015613675117493, 1.6437629461288452, -1.4320485591888428, -0.014167964458465576, 0.028673261404037476, 2.4224612712860107, -1.7348101139068604]",0,43.0
92,9606.ENSP00000485513,"[1.9812138080596924, -2.872610092163086, 3.715733289718628, 3.8265581130981445, 0.1674315184354782, 5.697667121887207, -0.3739231824874878, 0.6705747842788696, -1.5504955053329468, 1.2154045104980469, 4.41682243347168, -3.921401023864746, 3.636902093887329, 3.335906505584717, -4.069210529327393, -2.750074863433838, 2.1302452087402344, 2.696904182434082, 5.912361145019531, -0.7713024020195007, -4.529904365539551, -6.485965728759766, -2.3159596920013428, -1.674401044845581, -0.28896304965019226, 2.279052495956421, -0.5424230098724365, -0.18743392825126648, 2.9356460571289062, 1.2290315628051758, 0.9097968339920044, -3.263655185699463, -1.007214903831482, 0.05169565975666046, -0.33122873306274414, 3.4207940101623535, -0.22083784639835358, -1.9111908674240112, -0.3878266513347626, -4.897012233734131, 0.15588822960853577, -1.3266055583953857, -1.3226511478424072, 1.3854212760925293, -1.3706481456756592, 1.7450485229492188, 0.7336401343345642, -0.062428466975688934, -0.6967340707778931, -3.2568037509918213, 1.6251170635223389, 2.068296432495117, 4.449819564819336, 1.0926272869110107, 1.1840267181396484, -2.894463539123535, 1.1990032196044922, -4.737690448760986, -2.489354372024536, -0.9751233458518982, -5.401688575744629, 3.8127059936523438, 7.0183820724487305, 0.8379247188568115, 0.23482826352119446, 5.007580757141113, 3.56404972076416, -0.7218713760375977, -0.32914623618125916, 1.1836711168289185, 0.9991366863250732, -0.6262693405151367, -3.4614336490631104, -2.9068925380706787, -2.247596263885498, 5.855986595153809, 3.679060935974121, -6.362349033355713, -3.105771780014038, 4.2958292961120605, -4.0403523445129395, 1.59761643409729, -1.7462363243103027, 0.35005974769592285, -0.20659568905830383, -0.872212290763855, -1.5032743215560913, 0.5305315256118774, -4.506618976593018, -0.6585226058959961, -1.661019206047058, 1.647547721862793, -0.0255357027053833, -0.5895705819129944, -2.7182698249816895, 2.9437339305877686, -3.31148362159729, 3.667278289794922, 0.8224232792854309, -1.235908031463623, 0.23008327186107635, 2.0790393352508545, -1.2439907789230347, 1.0124773979187012, 4.109930992126465, 2.3430888652801514, -3.160059928894043, -1.2899996042251587, 2.3622822761535645, 0.4320066273212433, -4.843536853790283, 4.863712787628174, -1.2734936475753784, -1.1214606761932373, -0.9842944145202637, 5.141013145446777, 0.48617735505104065, 0.11509379744529724, 2.0080225467681885, -0.8254083395004272, 0.5920555591583252, 2.9415957927703857, 1.0592249631881714, -0.1938711404800415, 1.188979148864746, 6.27225399017334, -3.0619630813598633, -2.541123151779175, 1.2127416133880615, -3.6968863010406494, 1.4074095487594604, 2.483389377593994, 2.7245185375213623, 2.0385851860046387, -1.8771858215332031, 5.561965465545654, -1.1005573272705078, -3.8790390491485596, -0.1044062077999115, 0.09685013443231583, -0.08110526204109192, -2.50253963470459, 3.349487066268921, -3.190633535385132, -0.028720244765281677, 0.4776163697242737, -4.01776123046875, 0.2307269275188446, 1.0457932949066162, 0.8014745712280273, 3.5022947788238525, -5.275650501251221, -4.713767051696777, 3.5440077781677246, -5.1659016609191895, -3.333041191101074, -2.0523743629455566, -0.36178362369537354, -1.6418328285217285, 1.750437617301941, -0.4639918804168701, 0.8473342657089233, 0.01631743647158146, -3.153881311416626, 2.9588072299957275, -0.5534960031509399, -2.799750328063965, -3.167471408843994, 1.3850762844085693, -2.3567018508911133, 0.2462550699710846, 1.7717528343200684, 5.5334792137146, -2.151560068130493, -2.8075850009918213, 4.330954551696777, 2.089078903198242, 2.917628288269043, 5.617100715637207, -3.3273849487304688, 2.510619640350342, 2.507485866546631, -0.7966390252113342, -0.10737893730401993, -1.4875155687332153, -0.9576922655105591, -0.012374043464660645, -2.2464239597320557, 1.6772795915603638, -1.5105129480361938, 0.9922173619270325, -0.1498660147190094, -0.23799879848957062, 0.2995148301124573, 1.4042941331863403, 2.4169809818267822, 3.3908755779266357, -1.9758602380752563, 3.581402540206909, -1.8388254642486572]",1,177.0
93,9606.ENSP00000299138,"[13.452410697937012, 2.3707659244537354, 1.9770749807357788, 0.5613178014755249, -0.07973090559244156, 4.072511672973633, -1.750714898109436, 8.528456687927246, -0.7237125635147095, 0.2915937304496765, 9.5537691116333, -1.045335054397583, 1.6071465015411377, 1.8351092338562012, -1.4662293195724487, -6.019386291503906, -8.202991485595703, -0.6239025592803955, 0.8339918255805969, 9.299736022949219, -1.8467726707458496, -9.207063674926758, 2.8172731399536133, 3.7756752967834473, -2.0196003913879395, -5.2096028327941895, -3.4153223037719727, 8.040523529052734, 3.8100290298461914, -6.236245155334473, 1.745198130607605, -6.3924994468688965, -1.7036715745925903, -2.646415948867798, 5.872977256774902, 6.465526103973389, -2.4632413387298584, -2.823615550994873, -11.165018081665039, -3.7314014434814453, -5.767575263977051, -2.028338670730591, -0.9081797003746033, -0.7958089709281921, -1.7671377658843994, 4.34548282623291, 8.382344245910645, -3.427420139312744, -10.595078468322754, 1.8030264377593994, 2.6877779960632324, 10.556502342224121, 8.52873420715332, 2.863752841949463, -0.7027478218078613, -8.738112449645996, 11.634523391723633, -3.1005518436431885, -0.5698415040969849, -9.062286376953125, -12.446836471557617, 0.03927922248840332, 2.2956998348236084, 0.34187132120132446, -3.1105685234069824, -3.4175264835357666, 0.06083422899246216, -11.4259614944458, -0.15743370354175568, 0.5936724543571472, 0.47255486249923706, 4.678524971008301, 2.914691686630249, -12.399152755737305, 1.498833417892456, 13.518406867980957, 1.4556443691253662, -0.8237517476081848, -12.72867488861084, -3.091357469558716, 3.537748336791992, 10.946345329284668, -11.061612129211426, 0.1432551145553589, 6.713494777679443, 4.68368673324585, -1.7522196769714355, -2.98283052444458, 1.8473310470581055, -1.1075515747070312, -9.9388427734375, 10.658974647521973, 12.01447868347168, 1.9951050281524658, -4.21206521987915, 7.983962059020996, -1.4738330841064453, -1.715262532234192, 12.70724105834961, -1.053291916847229, 14.922769546508789, 9.205608367919922, -6.0214762687683105, 9.773114204406738, -2.206197500228882, 0.24148976802825928, -1.5030735731124878, 2.3738460540771484, 8.100147247314453, -2.9467196464538574, -1.3252344131469727, -0.009723871946334839, -4.739354133605957, -5.184127330780029, -5.249349117279053, 0.8186910152435303, 6.273431777954102, -9.54743480682373, -3.0843770503997803, 7.923121452331543, 8.586088180541992, 4.7057318687438965, 5.088624954223633, 0.3302435278892517, 2.650519371032715, 0.9130725860595703, -11.54444694519043, 1.1757426261901855, 8.103303909301758, 3.668274402618408, 13.162466049194336, 0.09518599510192871, 0.7321730256080627, 1.1112515926361084, -4.94500732421875, -0.17924004793167114, 1.974961519241333, -0.9460006952285767, 0.2864222824573517, 1.506015658378601, 9.327486991882324, -3.1445469856262207, 1.8448989391326904, -11.427007675170898, 10.708651542663574, 1.453874945640564, -8.493943214416504, -4.8773040771484375, 10.586015701293945, -1.2940549850463867, 0.10601961612701416, -2.2341113090515137, -4.397644996643066, -0.5349780321121216, -2.6536991596221924, -4.517346382141113, 3.812929630279541, -2.7826895713806152, -9.2852783203125, -0.8749070167541504, -0.8567713499069214, 1.8187366724014282, -2.837047576904297, -3.136977195739746, 5.323055267333984, 2.7547481060028076, 2.7961599826812744, 1.1897761821746826, -0.627476155757904, 0.5585534572601318, 10.278084754943848, -4.398662090301514, 2.133122444152832, -3.5543017387390137, -4.877207279205322, 0.5860534906387329, 0.23948615789413452, 10.437591552734375, 1.564437985420227, -1.9482975006103516, 8.903573989868164, 11.012171745300293, 1.7025866508483887, -3.9599392414093018, -1.3941595554351807, -0.009529754519462585, -6.871880531311035, -11.692378044128418, 13.805614471435547, -0.6051791906356812, 8.091832160949707, -0.5768548846244812, -9.842318534851074, 6.388051509857178, 1.8235760927200317, -3.7704343795776367, 0.4344428479671478, -8.683849334716797, 12.347588539123535, -0.29910022020339966]",1,165.0
94,9606.ENSP00000428968,"[3.436296224594116, -2.5976507663726807, 3.5460832118988037, 2.770444393157959, -0.06133890151977539, 2.093895673751831, 0.33008918166160583, 3.911602020263672, -0.2799157202243805, 0.9692931771278381, 3.436279535293579, -3.961484432220459, -0.32381120324134827, 0.1722716987133026, -2.0084705352783203, 1.9598350524902344, -0.4717205762863159, 1.9569683074951172, 2.266094923019409, 1.7453618049621582, -0.8447715640068054, -2.4953815937042236, 0.41346246004104614, 0.0012652575969696045, -1.2785314321517944, -1.0456289052963257, -0.3146421015262604, 2.5431761741638184, 2.1575374603271484, -1.3070650100708008, -0.06871098279953003, -1.4351330995559692, 0.019939318299293518, -1.2937471866607666, 2.0011048316955566, -3.832258939743042, -0.58646160364151, -0.5168741941452026, -0.33228564262390137, -1.9949212074279785, -2.0015299320220947, 0.4513885974884033, -3.375103235244751, -1.1672078371047974, -0.5754767656326294, 0.6060811281204224, 3.754800319671631, -2.2042782306671143, -2.3207545280456543, -2.0373103618621826, 2.47393536567688, 2.357489585876465, 1.1647039651870728, 1.6469039916992188, 2.860509157180786, -1.8391238451004028, 3.3652117252349854, -1.5503909587860107, 1.8237981796264648, -2.4192159175872803, -2.9993534088134766, 1.436486005783081, 3.1459720134735107, -0.06035605072975159, -0.18098579347133636, 1.3891654014587402, 2.532641887664795, -0.7434930801391602, -0.5458024740219116, 1.0709642171859741, 0.674943208694458, 1.2072362899780273, -0.20190006494522095, -1.7678627967834473, -2.838486909866333, 2.8504412174224854, 1.6385778188705444, 0.6915875673294067, -1.457397699356079, 0.7214100360870361, 0.41216835379600525, 1.466647744178772, -1.4319454431533813, -1.3784728050231934, -1.7444267272949219, -0.09503400325775146, -1.9170695543289185, -0.9729711413383484, -2.6715924739837646, 0.23833686113357544, -3.1485795974731445, 3.840907335281372, 2.8829009532928467, -2.1868669986724854, -0.8386233448982239, 2.8295600414276123, -2.34431529045105, -0.18430310487747192, 2.741579532623291, -0.4553860127925873, 1.8974155187606812, 1.4737255573272705, 0.19353443384170532, 1.3163409233093262, 3.925467014312744, 2.585460901260376, -2.498753547668457, -0.08753009140491486, 2.8324499130249023, -1.4727193117141724, -0.5729387998580933, 0.23775902390480042, -0.5722975730895996, -1.011945128440857, 0.3597492277622223, 0.9402056932449341, 0.178175687789917, -2.43552303314209, 0.17097656428813934, 1.374563455581665, 1.7646567821502686, 1.4311516284942627, 2.4152162075042725, 0.4387727379798889, -0.21239309012889862, 3.3569064140319824, -2.1019673347473145, -0.9927904009819031, 3.0400424003601074, -1.3259695768356323, 1.3862695693969727, 1.7852230072021484, -0.99500572681427, 1.7139233350753784, -3.538262128829956, 3.2907347679138184, -2.4376516342163086, -1.908510684967041, -2.056035280227661, 1.9427886009216309, 1.5736815929412842, 0.008981265127658844, -0.3703330159187317, -2.2388858795166016, 1.6707578897476196, 2.6390111446380615, -0.9636184573173523, -1.7858166694641113, 1.627110242843628, -0.8424587845802307, 0.6986033916473389, -3.122504711151123, -1.0977683067321777, 4.403812885284424, -1.9081628322601318, -0.08151888847351074, 0.15064620971679688, -1.8854535818099976, -1.214684247970581, 0.3296690583229065, -0.04654821753501892, 1.260044813156128, -2.2893996238708496, -1.4915201663970947, 0.12980373203754425, 1.9429912567138672, 0.7709459066390991, 0.035866960883140564, -1.1008363962173462, -0.4708329439163208, 3.0275216102600098, -1.0718715190887451, 1.4321538209915161, -1.7804762125015259, 0.5544594526290894, 3.7144386768341064, 1.8118696212768555, 0.7992883324623108, 2.182628631591797, -2.9438071250915527, 2.628910779953003, 1.4733185768127441, -1.6666308641433716, -0.6341187357902527, -1.5463597774505615, -0.25113967061042786, 0.3513827323913574, -1.080314040184021, 2.107630729675293, 0.3603072762489319, 1.7721514701843262, -2.266103982925415, -2.3330044746398926, 1.1232197284698486, 1.459454894065857, 1.1386661529541016, 1.193293809890747, -0.5885658860206604, 2.6261610984802246, -2.4279537200927734]",1,116.0
95,9606.ENSP00000317473,"[2.429211139678955, -1.8510637283325195, 0.24160932004451752, 0.9772396087646484, -1.666646122932434, 1.4594675302505493, -0.5345503091812134, 1.6542460918426514, -0.26993414759635925, 1.705562710762024, 0.9270708560943604, -2.204070568084717, 0.10947555303573608, 0.16624563932418823, -0.8505327701568604, 0.34423136711120605, 1.2559394836425781, 1.4907485246658325, 1.1355918645858765, 1.9853456020355225, -0.3891235589981079, -1.7656831741333008, 1.2568622827529907, 0.8690701723098755, -1.3003644943237305, 0.8444820642471313, 0.40002891421318054, 0.14687944948673248, 0.5338044166564941, -1.2534995079040527, -0.819582998752594, -0.6814559102058411, -1.1150760650634766, 0.7912712693214417, 1.292412519454956, -0.8194749355316162, 0.408494234085083, -0.4622299075126648, -1.2382280826568604, -1.3793416023254395, -0.8106967806816101, 0.09630346298217773, -2.249798059463501, 0.5354685187339783, -0.08959634602069855, -1.0490422248840332, 1.6474089622497559, -0.35865718126296997, 0.07679411768913269, -0.9544352889060974, 0.9987229108810425, 0.32142114639282227, 0.23706266283988953, -0.043375611305236816, -0.27849090099334717, -0.3413475751876831, 0.29597043991088867, -2.055190086364746, 1.1580277681350708, -1.2472730875015259, -1.6974250078201294, 1.9611775875091553, 2.1858582496643066, 0.7743357419967651, 0.2684673070907593, 0.7368036508560181, 0.8050364851951599, 0.8255675435066223, -1.5428457260131836, 1.0190610885620117, -0.10206776857376099, -0.49525463581085205, 1.1270356178283691, 1.315127968788147, -1.29072904586792, 1.6906824111938477, 1.6212013959884644, 1.2000691890716553, -0.34353792667388916, 1.211616039276123, -0.02649126946926117, 0.1944068968296051, 1.2238633632659912, -0.9241490364074707, -0.8414702415466309, -0.4986625015735626, -0.9226965308189392, -0.05227026343345642, -1.2935230731964111, 1.0163682699203491, 0.37498098611831665, 1.1250874996185303, 0.656251072883606, -2.2571678161621094, -0.8338739275932312, 0.32030606269836426, -0.712142825126648, -0.07259628176689148, 0.5700920820236206, 0.31894993782043457, -0.6447980403900146, 0.9175825119018555, -0.46807152032852173, -0.015079215168952942, 1.2463877201080322, 0.41092389822006226, -1.0793280601501465, -0.09702809154987335, -1.060854434967041, -1.524084448814392, -1.3458421230316162, 0.8007410764694214, -0.3591132164001465, -0.019816935062408447, 1.2256841659545898, 0.7381700873374939, 0.6465946435928345, -0.8770232796669006, 0.7484289407730103, 0.21800461411476135, -0.5546342134475708, 0.2510493993759155, -0.2727436423301697, 0.23279213905334473, 0.970789909362793, 1.207796573638916, -1.0822654962539673, -1.1118366718292236, -0.35514697432518005, -1.6926335096359253, 0.3783310651779175, 0.32605063915252686, 0.12861254811286926, 1.7956324815750122, -0.43222612142562866, 1.1366177797317505, -1.8487088680267334, -0.5906021595001221, -0.8457717895507812, 1.0641902685165405, -1.0177947282791138, -0.2619912624359131, 1.70598304271698, -0.6916621327400208, 0.0999528169631958, 0.2887735068798065, 1.2963974475860596, 0.13512825965881348, 1.5254918336868286, 0.7480431795120239, 0.7749595642089844, -0.20108339190483093, -0.37896794080734253, 2.2535769939422607, -2.021831512451172, -0.23757827281951904, 1.5305523872375488, -0.7122652530670166, -0.11570578813552856, 1.5834864377975464, -0.20283786952495575, -0.16514788568019867, -0.10779321193695068, -0.7893275022506714, -1.1739420890808105, 1.6443324089050293, 0.8015090227127075, 0.3249005079269409, 0.47955816984176636, -0.21574679017066956, 1.4595873355865479, -0.29088979959487915, 0.862159013748169, -0.10398483276367188, 0.18430018424987793, 1.5956426858901978, 0.5912870168685913, 0.30636078119277954, 0.9717844128608704, -1.730070948600769, 1.57804274559021, 1.1129271984100342, -0.15300120413303375, -2.795135021209717, -0.7129106521606445, 1.2512753009796143, -1.0205439329147339, 1.4361313581466675, 0.4737012982368469, 0.05377912521362305, 0.12846145033836365, -0.40929269790649414, -1.817042350769043, -1.0264276266098022, 1.7291078567504883, -0.5979125499725342, -0.11063440889120102, -0.0667383223772049, -0.11131256818771362, -2.1818084716796875]",1,22.0
96,9606.ENSP00000447300,"[2.358807325363159, -3.2978999614715576, 0.00473397970199585, 1.1158510446548462, 0.6214571595191956, 2.5231082439422607, 1.8032211065292358, 3.3815293312072754, -1.6136196851730347, 0.2651892602443695, 1.6416172981262207, -0.03825956583023071, -0.09676218032836914, -0.7006679177284241, -0.9607901573181152, -1.2992537021636963, -0.18910934031009674, 2.948683500289917, 1.9027246236801147, 2.626861810684204, -3.01814866065979, -4.222640514373779, -1.0241676568984985, -0.6496255397796631, 0.7167482972145081, 0.8306163549423218, 0.5805017948150635, 2.352954626083374, 0.11944873631000519, 0.9906450510025024, 1.0018019676208496, -5.232548713684082, 3.1676526069641113, -0.3174903094768524, 2.5779666900634766, 3.0355324745178223, -1.3355664014816284, 0.3863295316696167, 0.04344950616359711, 0.4549058973789215, -2.6164450645446777, 0.6272169947624207, -0.7655988931655884, -0.13194435834884644, -0.7029106616973877, -2.6611716747283936, 1.9543647766113281, 0.44367706775665283, -2.6266326904296875, -1.5583921670913696, 0.6024300456047058, 5.753760814666748, 1.5159687995910645, -0.5454431772232056, 0.8032926917076111, 0.9209691882133484, 2.1280722618103027, -2.3548946380615234, 0.4482405185699463, -2.7161660194396973, -6.171706676483154, 3.0568273067474365, 1.5597914457321167, 0.18775738775730133, -0.12885001301765442, 1.7205709218978882, 0.31581440567970276, -3.0284199714660645, 0.8752435445785522, 0.39320752024650574, 1.5027071237564087, 0.8675649166107178, -3.2733161449432373, -3.9487125873565674, -2.479707956314087, 4.24815034866333, 0.6672995090484619, -3.3039188385009766, -1.4125012159347534, 0.6350308656692505, -0.11414507031440735, 5.049225807189941, -0.41956353187561035, 0.275216281414032, 3.214874744415283, 0.08059212565422058, -4.485861301422119, -0.3457786440849304, 0.025051027536392212, 0.19289791584014893, -0.9130905866622925, 4.205115795135498, 3.1087377071380615, -2.9613795280456543, -0.35543209314346313, 2.8672900199890137, -1.8870513439178467, 0.1442812979221344, 3.984079122543335, -1.4493393898010254, 2.6519992351531982, 2.240895986557007, -2.338907241821289, 1.0396010875701904, 4.192969799041748, 0.7987266778945923, 0.27045929431915283, -0.17686820030212402, 3.1936447620391846, -0.08252137899398804, -1.8748793601989746, 2.211996078491211, -0.65194171667099, -0.9453473091125488, -1.482835292816162, -0.706434965133667, 1.568347454071045, -2.779888868331909, -1.707653284072876, 4.31964111328125, 2.9501357078552246, 2.712460517883301, 3.581583261489868, -3.8994195461273193, -0.19942961633205414, 1.8155272006988525, -3.1398019790649414, -0.6215095520019531, 2.236025810241699, 0.7488843202590942, 3.852404832839966, 1.9140625, 2.0222222805023193, 2.81658935546875, -5.073862552642822, 4.748826503753662, 0.7321444749832153, -0.4546045660972595, 1.9871363639831543, 0.2676313519477844, 3.245347023010254, -0.5177692770957947, -0.23846212029457092, -2.8014490604400635, 5.5649495124816895, 0.9690029621124268, -4.17025899887085, -2.2519302368164062, 0.7737125158309937, -4.10903263092041, 0.3375243842601776, -1.6616706848144531, -0.1160510778427124, 2.7997307777404785, -2.4014086723327637, -1.3656891584396362, 0.5343518257141113, 1.7687759399414062, -3.5179920196533203, 1.3893975019454956, 1.233704924583435, 0.2830602526664734, -1.5916943550109863, -1.538541555404663, 2.132434368133545, 2.2834765911102295, 1.6324985027313232, -0.6143526434898376, -2.8147122859954834, 1.7206811904907227, 4.145414352416992, 0.3211264908313751, 0.5502572059631348, -0.4565632939338684, 2.0164356231689453, -0.1631949543952942, -1.0541913509368896, 2.5321505069732666, 0.6268178224563599, -0.2752715051174164, 3.885326862335205, 0.9709709286689758, -0.7965524792671204, -0.043072253465652466, -0.8859658241271973, 0.46707338094711304, -2.5087311267852783, -4.109748840332031, 1.5382709503173828, 0.4139443635940552, 3.5681779384613037, -3.9042019844055176, -2.963296413421631, 2.4089772701263428, 0.715084433555603, -0.4805368483066559, 0.6877288818359375, -5.161965370178223, 3.821779727935791, -1.3744754791259766]",1,171.0
97,9606.ENSP00000366070,"[0.7722439765930176, -2.393425464630127, 1.3535348176956177, 4.297757148742676, 0.8357202410697937, 2.209064483642578, 0.08010634779930115, 2.8639678955078125, -1.2139281034469604, -0.3569488227367401, 3.207409620285034, -3.202136993408203, 0.8728040456771851, -1.2980751991271973, -2.132413387298584, 0.5549031496047974, 0.9450660943984985, 1.372746229171753, 1.8516597747802734, 3.1667985916137695, -2.459106206893921, -3.4040119647979736, -0.13133040070533752, 0.048591792583465576, -1.5813324451446533, -1.5903756618499756, 1.0326247215270996, 0.49740153551101685, 1.1173465251922607, -2.7798380851745605, -0.3511899709701538, -4.0859198570251465, 1.2170462608337402, -1.8672118186950684, 1.2288302183151245, 0.9029546976089478, -1.800072193145752, -1.022243857383728, -3.1651952266693115, -1.788699746131897, -2.239772319793701, 1.446695327758789, -2.0677382946014404, 1.8047188520431519, -0.5679411292076111, -3.1372523307800293, 0.7598632574081421, 1.5226876735687256, -2.0509066581726074, -1.2406290769577026, 2.7656333446502686, 2.048948287963867, 0.18108966946601868, -1.4050556421279907, 0.33392027020454407, -2.869447708129883, 2.9609854221343994, -2.5269298553466797, 1.5438793897628784, -1.8619285821914673, -2.505464792251587, 1.2172659635543823, 3.6282660961151123, -0.8149988651275635, -0.08082535862922668, 2.5601699352264404, 3.0976152420043945, -2.89570951461792, 1.7247213125228882, 3.2460105419158936, 2.082573413848877, 0.966463029384613, -0.4825863242149353, -2.257352113723755, -2.278806686401367, 3.2832915782928467, 0.934590756893158, -1.5942533016204834, -1.763814091682434, 1.4739059209823608, -1.41109299659729, 2.9423956871032715, -0.974479079246521, 0.7519794702529907, 0.4354487955570221, 1.1893548965454102, -2.887660503387451, 0.4603288471698761, -2.8463661670684814, -1.3328795433044434, -1.8840376138687134, 3.8693838119506836, 2.782796621322632, -2.4752514362335205, -0.8302772641181946, 1.84911048412323, -2.1240224838256836, 0.25548237562179565, 2.1266212463378906, -2.4098565578460693, 1.3769336938858032, 1.188999891281128, -1.0709519386291504, 1.8374991416931152, 4.486403942108154, 2.2477052211761475, -2.7832908630371094, -0.6437677145004272, -1.3871521949768066, -1.33187997341156, -0.7346601486206055, 1.2386468648910522, -0.6074784994125366, -0.40075308084487915, -0.16376709938049316, 0.13546861708164215, 1.3752107620239258, -2.336418628692627, 0.19299638271331787, 2.2118659019470215, 3.5604214668273926, 1.299974799156189, 2.31654953956604, -2.5309550762176514, -0.2909570634365082, 1.2244770526885986, -0.9883434772491455, -2.6188488006591797, 0.9478259086608887, -1.8094468116760254, 0.7340242862701416, 1.6508533954620361, 0.6420697569847107, 1.9262902736663818, -2.8015859127044678, 3.8547003269195557, -1.679261326789856, -1.4057562351226807, 1.6236321926116943, 2.5803775787353516, 1.6056164503097534, 0.2421364188194275, 1.358871579170227, -1.0952701568603516, 3.4346728324890137, 2.6882565021514893, -1.20866060256958, -0.6548839807510376, 2.0237441062927246, -2.017961025238037, 1.4223315715789795, -2.5350699424743652, -1.405848503112793, 3.1183223724365234, -1.2538669109344482, -1.364827275276184, -0.5285818576812744, -1.9837920665740967, -0.6160787343978882, 0.2636142373085022, 2.463214159011841, -1.9655697345733643, -1.5521215200424194, -2.4684605598449707, -0.6351760625839233, 2.8462295532226562, 0.6501491069793701, 1.29369056224823, -2.0199389457702637, 0.37855303287506104, 1.5518789291381836, -0.34802013635635376, 0.07731808722019196, -0.322634220123291, 2.629722833633423, 1.3486709594726562, 1.809430480003357, 1.8799134492874146, 2.1495628356933594, -1.9312281608581543, 2.6741695404052734, 1.718379020690918, -0.36910194158554077, -1.1592142581939697, -1.897508144378662, 2.3501927852630615, -1.0800014734268188, -2.1212351322174072, 1.5795907974243164, 1.356736660003662, 2.8787240982055664, -1.75238037109375, -3.2080078125, 1.132783055305481, 0.7753154039382935, 0.08004304766654968, -0.5878473520278931, -1.5348931550979614, 2.6635818481445312, -2.931833028793335]",1,9.0
98,9606.ENSP00000391311,"[4.798750400543213, -1.7113020420074463, 2.4282450675964355, 0.7489606142044067, 1.2255208492279053, 1.7907582521438599, -2.2516427040100098, 0.7672410011291504, -1.350721001625061, -1.6525425910949707, 4.07563591003418, -2.609959840774536, 0.3285891115665436, -0.011456847190856934, -2.340662717819214, -1.3085325956344604, 3.2154901027679443, 3.5057389736175537, 2.4315948486328125, -0.30514466762542725, -2.060007333755493, -4.137260437011719, -0.1315254271030426, -1.3357809782028198, -1.3723214864730835, -0.09306707978248596, 0.23886044323444366, 2.168292760848999, 0.41638290882110596, 0.6222264766693115, 0.06596389412879944, -2.3869881629943848, 1.076756477355957, 1.1227891445159912, 1.0429248809814453, 1.6995548009872437, -0.5276932120323181, -0.8233809471130371, -2.9772744178771973, -2.7004847526550293, -2.4100592136383057, -0.5716373920440674, -0.9379057884216309, 0.39536476135253906, 0.878066897392273, -1.4780511856079102, 1.8133621215820312, -0.7129874229431152, -2.2140817642211914, -1.7922022342681885, 3.328036069869995, 1.9987530708312988, 2.2175440788269043, 0.7566933631896973, 1.576695442199707, -0.5143145322799683, 2.989856243133545, -1.9315840005874634, -1.9086707830429077, 1.9472858905792236, -2.3236961364746094, 2.713608741760254, 3.2443137168884277, 1.6558442115783691, -1.149304747581482, 0.3941277265548706, 1.71243155002594, -2.867797374725342, -1.8628567457199097, 2.020416498184204, 0.30682140588760376, 1.2420974969863892, -0.47918105125427246, -1.9139422178268433, -2.623230457305908, 3.38983154296875, 2.7850770950317383, -1.3724589347839355, -0.7263951897621155, 2.148135185241699, 0.44215160608291626, 4.400996685028076, 0.8824784755706787, -0.8472119569778442, 2.4323813915252686, -1.2269634008407593, -0.8721507787704468, -0.16849786043167114, -1.6152291297912598, 0.7349452376365662, -1.892959713935852, 0.21210190653800964, 1.2820541858673096, -3.1164302825927734, 0.5688932538032532, 2.5708847045898438, -2.0447473526000977, 1.0407332181930542, 0.8283239006996155, 0.394630491733551, -0.7794208526611328, 0.22789913415908813, -0.4921262562274933, 2.087900161743164, 4.473696231842041, 1.0936466455459595, -1.171797275543213, -0.6413925886154175, -1.4071691036224365, 0.8830567598342896, -0.1829150766134262, 2.325995922088623, -0.09522449970245361, -0.32686686515808105, 0.6725283861160278, 0.5839933156967163, -0.18870940804481506, 0.6748037934303284, -2.1978912353515625, 1.2450594902038574, 2.3838040828704834, 0.7519621849060059, 2.350706100463867, 0.855343222618103, -0.7207170724868774, -0.3921744227409363, -0.4986385405063629, -2.4656503200531006, 1.5744588375091553, -2.23753023147583, 1.2453413009643555, 1.5610573291778564, 1.0499523878097534, 1.5387517213821411, -0.05989229679107666, 1.276292085647583, -2.655167818069458, -1.7291619777679443, 0.6339775323867798, 0.7533109188079834, 1.7363126277923584, 0.4529363214969635, 1.284595251083374, -2.265589475631714, 1.9260112047195435, 0.6845108270645142, -1.0006890296936035, -0.5572246313095093, 2.547538995742798, -1.7164477109909058, 2.0782971382141113, 0.11150138080120087, -2.1270575523376465, 1.7214958667755127, -2.5762596130371094, 1.1786494255065918, 0.7192354798316956, -1.4049214124679565, -0.7796367406845093, -0.0293857604265213, 0.9394881129264832, -0.154770165681839, -0.6628332734107971, -0.32064059376716614, 4.034959316253662, 2.837850570678711, 0.35307776927948, -2.3808212280273438, 0.7896496653556824, 2.0752625465393066, 2.1742935180664062, -2.0113885402679443, 0.5343914031982422, -0.9553436040878296, 0.429046630859375, 3.1817986965179443, 0.4609449505805969, 1.7949113845825195, 1.5987240076065063, -2.2522730827331543, 2.854201078414917, 1.3221076726913452, -1.6561496257781982, -1.159449815750122, -3.491473436355591, -0.00591123104095459, -0.769176185131073, -2.7485873699188232, 4.327991008758545, -0.5459883809089661, 3.040400505065918, 0.013343080878257751, -2.0815985202789307, -0.41898012161254883, 1.706327199935913, -0.12275829911231995, -0.8433682918548584, -1.5168184041976929, 1.5467990636825562, -2.772026777267456]",1,137.0
99,9606.ENSP00000448182,"[1.4280171394348145, -0.5429704189300537, 1.3513561487197876, 1.2375973463058472, -0.44810211658477783, 0.18617573380470276, -0.5560513138771057, 0.16893205046653748, -1.217780590057373, -0.566733717918396, 0.5714871883392334, -0.40517354011535645, -0.5702773928642273, -0.31482645869255066, -0.014382600784301758, 0.7777544260025024, 0.45339927077293396, 0.6128484606742859, 0.26381656527519226, 0.18992632627487183, 0.6069538593292236, -0.38513970375061035, 1.0846209526062012, -0.09018662571907043, 0.32518553733825684, -0.9247015714645386, -0.5654987692832947, -0.04453560709953308, 0.8200457096099854, -0.3911001980304718, 0.6707338690757751, -0.24601471424102783, -0.015680521726608276, 0.6346803903579712, 0.7003498077392578, 1.0112333297729492, -0.1870526373386383, -0.6935828924179077, -0.5474860668182373, -0.21372731029987335, 0.14980953931808472, 0.6233139038085938, -0.537463903427124, 1.162682056427002, 0.5473470091819763, -0.3035828471183777, 1.3749825954437256, 0.8050636649131775, -0.16888344287872314, 0.2859703004360199, 0.7728910446166992, 1.910110354423523, 1.1039777994155884, 0.6596946120262146, 0.9674797654151917, -0.5075677037239075, 0.19274383783340454, -1.0989034175872803, 1.3164738416671753, 0.47065937519073486, -0.11775378882884979, 0.2314504086971283, 1.3517332077026367, -1.0567841529846191, -0.7554075717926025, -0.2537592947483063, 1.2428330183029175, -0.9403091073036194, 0.17572739720344543, -0.10468301177024841, 0.6866199970245361, 0.29536885023117065, 1.1040672063827515, -0.8171111941337585, -0.3534354567527771, 0.7419853210449219, 1.1783685684204102, -0.025574088096618652, -1.2973500490188599, 0.16705606877803802, -0.5860714316368103, 0.5931525826454163, 0.3355863392353058, -0.5030742287635803, -0.10387721657752991, 0.0634366124868393, -0.2342766523361206, -0.14197814464569092, 0.035638511180877686, -0.535139799118042, 0.3654114007949829, 0.008128359913825989, 0.19922477006912231, -0.7483934760093689, -0.5268579125404358, 0.4488822817802429, -1.1981958150863647, -1.6092928647994995, 0.07194900512695312, 0.022908031940460205, 0.8170478343963623, -0.02100740373134613, -0.3052220940589905, 0.5996390581130981, 0.8709893226623535, -0.5516733527183533, -0.5710934400558472, 0.6851481795310974, -1.32503080368042, -0.05052679777145386, -0.37818849086761475, -0.3190901577472687, -0.958990216255188, -0.7517551183700562, 0.08859524130821228, 0.37024715542793274, -0.19973912835121155, -0.9297784566879272, -0.8940859436988831, 0.7149420380592346, 1.3177708387374878, 0.33587026596069336, 0.5492762327194214, -0.5126751661300659, 0.2805246114730835, 0.523783266544342, -0.26428231596946716, -0.6194614768028259, -0.28364408016204834, 0.6025794744491577, 0.6279364228248596, 0.38329583406448364, 0.03457316756248474, 0.0814163088798523, 0.2673467993736267, 0.9764063954353333, -1.1300511360168457, -0.7189279794692993, 0.4794582724571228, 0.18474066257476807, 0.9024904370307922, -0.24951790273189545, 1.2480050325393677, -1.5179616212844849, 0.07956710457801819, 0.8800808191299438, -1.0210778713226318, 0.42811119556427, 0.7451868057250977, -0.7141618728637695, 0.48741787672042847, -0.6600907444953918, -0.6263723373413086, 0.30223000049591064, -0.13397306203842163, 0.044919565320014954, -0.4102644920349121, -1.0870333909988403, 0.9261692762374878, -0.3464916944503784, 1.005803108215332, -0.6850144863128662, 0.18542741239070892, -0.35769301652908325, -0.10008648037910461, 1.1362130641937256, -0.4630255699157715, -0.285907506942749, 0.9335810542106628, 0.17983469367027283, 1.1293178796768188, -0.9785940051078796, 0.1000683605670929, -0.6673752069473267, -0.09153610467910767, 1.1036195755004883, 0.7185206413269043, 1.111101746559143, 0.20558226108551025, -0.5878940224647522, -0.33503857254981995, 1.1357463598251343, -0.9796149134635925, -0.18606892228126526, -0.0741150975227356, -0.8391327857971191, -0.2310110628604889, -0.16133762896060944, 0.14689648151397705, 0.6175647974014282, 0.04114079475402832, -0.7345241904258728, 0.10544779896736145, -0.4430469870567322, -0.19468125700950623, 0.35651376843452454, -0.790135383605957, -0.4739980101585388, 1.3839548826217651, -1.0466110706329346]",1,49.0
100,9606.ENSP00000321971,"[1.9363195896148682, -0.2075091302394867, 1.147148847579956, 0.5968884825706482, 0.8195309042930603, -1.3904798030853271, -1.8960447311401367, 1.05094575881958, -2.341728448867798, -0.9881500005722046, 1.7683560848236084, -2.430135726928711, -1.8315142393112183, 0.006581488065421581, -1.4332257509231567, -2.3882668018341064, 2.1719119548797607, 0.7617731094360352, 1.3250157833099365, -0.7432036399841309, -0.8858094215393066, -1.90458083152771, -0.6430985927581787, -0.20389629900455475, -0.861262321472168, -0.1852487325668335, 1.1870660781860352, 0.5653327107429504, 2.1514036655426025, -1.0351706743240356, -0.446508526802063, -0.90306156873703, -0.36660146713256836, 0.2470938116312027, 1.5735472440719604, 0.6894181370735168, -1.2930387258529663, -0.8055610656738281, -0.9629542827606201, -1.7763293981552124, -0.27787795662879944, -0.25847721099853516, 0.01748034358024597, -0.22795075178146362, 1.3384023904800415, -2.7354369163513184, 2.2385900020599365, -1.767935037612915, -1.7999556064605713, -1.5816277265548706, 1.656160593032837, 2.788090944290161, 1.1711230278015137, 0.5454297065734863, 0.5581246614456177, -2.3757545948028564, 1.9709794521331787, -1.136770248413086, 0.22586098313331604, -1.8758875131607056, -1.5506348609924316, 2.316636800765991, 1.96812105178833, 1.0305485725402832, -1.647849440574646, 0.598243772983551, -0.02073998749256134, -0.3010702133178711, 0.3275073766708374, 0.1655024290084839, 0.7252079248428345, 1.3965257406234741, 3.14023756980896, -0.758843183517456, -0.2193513810634613, 2.155592918395996, 0.8694751262664795, -1.084498405456543, -1.5869935750961304, -0.07405534386634827, 0.0835600271821022, 3.1001760959625244, -0.13067521154880524, -1.5478794574737549, 3.0708231925964355, 0.052301615476608276, -1.285348653793335, -0.06816297769546509, -1.5906355381011963, 1.3896187543869019, -1.2791861295700073, 2.5009515285491943, 2.475576877593994, 0.521430492401123, -1.110490083694458, 1.7700812816619873, -2.5269577503204346, 0.8085441589355469, 1.7835406064987183, 0.13883477449417114, 1.0409009456634521, 2.448751211166382, -2.050037145614624, 2.556185007095337, 2.7355847358703613, 0.5438365936279297, 0.45023393630981445, -1.4912786483764648, -0.021270811557769775, -0.9206857681274414, -1.0166674852371216, 1.7511978149414062, -0.16390174627304077, 0.8177229166030884, -2.545029401779175, 1.6247339248657227, 2.44215726852417, -1.0803313255310059, -2.294142007827759, -0.7365463972091675, 1.4759801626205444, 1.645377516746521, -0.3727772533893585, -0.3610520362854004, 1.4360430240631104, 0.5512235760688782, -0.6317141652107239, -1.3093090057373047, 2.4712376594543457, -1.1207268238067627, 1.3373560905456543, 1.5240558385849, 2.0188663005828857, -0.3784005343914032, -2.271998405456543, 1.5785340070724487, -0.4952396750450134, -1.208292007446289, 0.28146666288375854, 1.0514529943466187, 1.8060818910598755, -0.8726029992103577, -0.19202539324760437, -1.4620050191879272, 1.8881299495697021, 1.2903680801391602, -3.634042739868164, -0.13030855357646942, -0.20689094066619873, -0.03203988075256348, 0.31996411085128784, -1.375626564025879, 0.5118474364280701, 1.5397781133651733, -0.372496098279953, 1.8748054504394531, 0.6667780876159668, -1.2979423999786377, 0.4964263439178467, -0.02499150112271309, 0.5309510231018066, 0.38833510875701904, -0.4583488404750824, -1.7460548877716064, 1.0960921049118042, 0.08536176383495331, 0.05858007073402405, -0.5830495953559875, -0.43291178345680237, 1.1298366785049438, 0.8889190554618835, -2.106318235397339, 0.9382472038269043, 1.2591015100479126, 0.27888479828834534, 0.5944597125053406, 1.0449833869934082, 2.7160301208496094, -0.23821187019348145, -1.2086960077285767, 1.8938169479370117, 1.8629090785980225, -2.6116104125976562, -1.1889511346817017, -0.7022571563720703, -0.7348073720932007, 0.19231738150119781, -0.47558945417404175, 2.0156445503234863, -0.361303448677063, 2.2026984691619873, 0.362000972032547, -2.0995399951934814, 1.1990375518798828, 0.15625740587711334, -0.675229012966156, 1.249251127243042, -2.5508337020874023, 1.822123408317566, -1.5525444746017456]",1,105.0
101,9606.ENSP00000261367,"[2.6145005226135254, 1.0377776622772217, 1.1956819295883179, 1.625909686088562, -0.1844015121459961, 1.9225764274597168, -0.09611940383911133, 1.2370572090148926, 0.4788248538970947, 0.38908910751342773, 1.7726435661315918, -1.887815237045288, 1.03328537940979, -1.2139172554016113, -2.3791627883911133, 1.4105324745178223, -0.7164454460144043, 1.4013978242874146, 1.8887040615081787, 1.270464539527893, 1.1514999866485596, -2.6464896202087402, 1.4958003759384155, 0.22208267450332642, -1.8957319259643555, -0.9020593166351318, 1.8646290302276611, 1.6872435808181763, 1.8009343147277832, -1.9680821895599365, -1.2342019081115723, -2.7562942504882812, 0.3809507489204407, -0.8033075332641602, 0.6721246242523193, -0.25385475158691406, -0.038821667432785034, -1.3519136905670166, -3.080693244934082, -0.7695788145065308, -0.8744308352470398, 0.4955081045627594, -1.7917990684509277, -0.06992300599813461, -0.10638076066970825, -2.0914151668548584, 1.5794956684112549, -0.9474167227745056, -3.079071044921875, -1.9070236682891846, 1.867064118385315, 2.4415454864501953, 0.6203193664550781, -0.3971831202507019, 1.2072505950927734, -1.165533423423767, 1.755732536315918, -1.8683146238327026, 0.7740193605422974, -2.3441758155822754, -2.988630533218384, 1.7484850883483887, 3.550464153289795, -0.1776462197303772, -0.9580006003379822, -0.13793514668941498, 1.9534995555877686, -2.351243257522583, 0.7199841141700745, 0.5368010401725769, 0.6859590411186218, 0.8528650999069214, 0.08654555678367615, -0.9746507406234741, -1.9635682106018066, 2.9150657653808594, 1.8102037906646729, -2.742591381072998, -1.4739243984222412, 2.0850908756256104, 0.11427551507949829, 2.108755588531494, -0.11501085758209229, -1.4152278900146484, 1.7567293643951416, 1.1821256875991821, -0.5688427686691284, -2.26603627204895, -1.4342155456542969, -0.12592530250549316, -1.6258280277252197, 2.6275970935821533, 2.2318265438079834, -1.862333059310913, -1.2522010803222656, 2.500760078430176, -0.7871510982513428, 0.7085899114608765, 1.5462744235992432, 0.5830804109573364, 0.5534157752990723, 2.580829381942749, -1.912430763244629, 1.4044592380523682, 2.221731424331665, 1.1853601932525635, -2.057330369949341, -1.1916556358337402, 0.8829653263092041, -0.28350675106048584, 0.23905372619628906, 0.38938742876052856, -2.2982428073883057, -2.587141752243042, 0.6697872877120972, 0.764457106590271, 1.0992910861968994, -0.5681569576263428, 0.3129528760910034, 1.7965240478515625, 2.593578338623047, 1.9513154029846191, 1.4763672351837158, 0.03831052780151367, -0.5619855523109436, 0.9537155628204346, -1.3897066116333008, -2.6537368297576904, 1.2068984508514404, -2.409435272216797, 2.1429429054260254, 1.1339761018753052, -1.193353295326233, 0.5208974480628967, -1.5016138553619385, 1.8301129341125488, -1.0201737880706787, -1.9858603477478027, -0.6607579588890076, 1.5151370763778687, 1.9655917882919312, 1.451127529144287, 0.34750333428382874, -3.1314783096313477, 3.998084306716919, 1.013688087463379, -2.3112173080444336, -1.4220097064971924, 2.0451793670654297, -1.0637259483337402, 1.5182580947875977, -1.9260320663452148, -3.022420644760132, 3.08732008934021, -0.2803276777267456, -0.1362481415271759, -0.5193586945533752, -0.6378167867660522, -0.5288147926330566, -0.787900447845459, 0.3339383006095886, -0.10266926884651184, -0.5417661666870117, -1.0049546957015991, -0.7405923008918762, 1.367722511291504, -0.561436653137207, 0.8268880844116211, -0.3851137161254883, -1.1515861749649048, 1.8878546953201294, -1.7778278589248657, 1.329302191734314, -0.28307971358299255, 1.2250525951385498, 2.0248422622680664, 1.7718082666397095, 2.906942844390869, 1.2272834777832031, -1.7950721979141235, 2.4279282093048096, 1.8463199138641357, 1.1752123832702637, -0.5872153639793396, -1.4054279327392578, -0.23875541985034943, -1.0140689611434937, -2.506492853164673, 2.4150099754333496, -0.3173210620880127, 0.31310349702835083, -2.274260997772217, -2.8378777503967285, -0.24760091304779053, -0.3172582685947418, 0.2235880196094513, 1.6448746919631958, -2.1661410331726074, 2.14532208442688, -2.055266857147217]",1,175.0
102,9606.ENSP00000351132,"[2.404914617538452, -0.2384701669216156, 1.167647123336792, 0.38626688718795776, 0.5797424912452698, -1.0942189693450928, -1.4771069288253784, 1.4256807565689087, -2.4442224502563477, -1.2736414670944214, 2.188622236251831, -2.296116590499878, -1.6702455282211304, 0.13152609765529633, -1.2049866914749146, -2.7328827381134033, 1.8367626667022705, 0.9369761943817139, 1.2615729570388794, -0.31958168745040894, -0.656915545463562, -2.123931407928467, -0.29998987913131714, 0.031187668442726135, -0.35981619358062744, -0.10561054944992065, 1.0623369216918945, 0.8690144419670105, 1.8399255275726318, -1.3902915716171265, -0.26413655281066895, -0.630026638507843, -0.12455375492572784, 0.00010094046592712402, 1.9120975732803345, 1.073089599609375, -1.218644618988037, -0.28724515438079834, -1.290149211883545, -1.5910335779190063, -0.5189200639724731, -0.10790382325649261, 0.23000670969486237, -0.530907154083252, 1.7456252574920654, -2.548758029937744, 1.9868229627609253, -1.6185579299926758, -2.1490626335144043, -1.2405503988265991, 1.9620529413223267, 3.2442660331726074, 1.2287020683288574, 0.28086647391319275, 0.16003890335559845, -2.6745214462280273, 2.3288161754608154, -0.8585485816001892, 0.4693608582019806, -2.023338794708252, -1.8540983200073242, 1.8849523067474365, 1.7143220901489258, 1.4379377365112305, -1.4968937635421753, 0.8072178959846497, -0.20087862014770508, -0.6978092789649963, 0.3258911371231079, -0.01777586340904236, 0.42217472195625305, 0.9267835021018982, 3.5759949684143066, -1.0284937620162964, 0.2168591320514679, 2.46370005607605, 1.1721062660217285, -0.7311381101608276, -1.964504599571228, -0.5075931549072266, 0.18711382150650024, 3.381899118423462, -0.5138728618621826, -1.857250452041626, 2.744330644607544, 0.2807610034942627, -0.9707449674606323, -0.2970375418663025, -1.3828322887420654, 1.6481447219848633, -1.7060619592666626, 2.7781481742858887, 2.6988956928253174, 0.8990482091903687, -1.2602381706237793, 1.9536868333816528, -2.2513394355773926, 0.9323563575744629, 2.0539538860321045, -0.04124772548675537, 1.5043808221817017, 2.8218185901641846, -2.373414993286133, 2.8067898750305176, 2.4653637409210205, 0.20773130655288696, 0.3027074933052063, -1.1661627292633057, 0.06659084558486938, -1.0024737119674683, -1.4037688970565796, 1.544569730758667, -0.3454814553260803, 0.3980306088924408, -2.842743158340454, 1.6540719270706177, 2.788675308227539, -1.5596941709518433, -2.158299446105957, -0.49199405312538147, 1.3290597200393677, 1.883536458015442, -0.5848703384399414, -0.4452691078186035, 1.798034429550171, 0.2569965124130249, -1.003317952156067, -1.643973469734192, 2.8477041721343994, -0.8972331881523132, 1.8153090476989746, 1.1998910903930664, 2.233898639678955, -0.6749560236930847, -2.132124423980713, 1.644709825515747, -0.314047634601593, -0.9547677636146545, 0.5105744004249573, 0.723158597946167, 2.1719777584075928, -1.0696767568588257, -0.046754464507102966, -1.6462353467941284, 2.3544435501098633, 0.9360194206237793, -3.4704625606536865, -0.4893665909767151, 0.12274511903524399, 0.19709305465221405, 0.07114727795124054, -1.4719487428665161, 0.7582945227622986, 1.262492299079895, 0.014857091009616852, 2.161527156829834, 0.806026816368103, -1.0554863214492798, 0.3571562170982361, 0.3846338987350464, 0.09909342229366302, 0.683493971824646, -0.6843793392181396, -1.4285519123077393, 1.3828091621398926, -0.35739877820014954, 0.3907076120376587, -0.7854569554328918, -0.10163692384958267, 1.358763337135315, 1.2915064096450806, -2.369159698486328, 1.1612964868545532, 0.9011924266815186, 0.4388270676136017, 0.28661632537841797, 0.6288663148880005, 3.1444284915924072, -0.5689524412155151, -0.9124289155006409, 1.625917673110962, 2.1780033111572266, -2.4207820892333984, -0.952242374420166, -0.9031367897987366, -0.6657681465148926, 0.45107176899909973, -0.7773539423942566, 1.978675365447998, -0.5650054216384888, 2.678351640701294, 0.5062867403030396, -2.4243881702423096, 1.3094213008880615, -0.04736420512199402, -0.5072417855262756, 0.8998678922653198, -2.9788990020751953, 1.6014513969421387, -1.7656306028366089]",1,53.0
103,9606.ENSP00000400184,"[1.1097534894943237, -0.982934832572937, 0.2542625665664673, 0.26790371537208557, 0.3367404639720917, -0.08150434494018555, 0.4669864773750305, -0.05803675949573517, -0.9051717519760132, 0.39146989583969116, 0.783090353012085, -0.224789559841156, -0.25644350051879883, 0.4493356943130493, -0.3540489375591278, -1.1030064821243286, 0.5309571027755737, 0.4016299843788147, -0.18785229325294495, 0.5837708711624146, -0.5211721658706665, -0.18539080023765564, 0.8265349864959717, 0.5401110649108887, -0.33805274963378906, -0.546477735042572, 0.8502793908119202, 0.43420279026031494, 1.1529556512832642, -0.2171885371208191, 0.4590396583080292, -0.7858778238296509, 0.2612949013710022, 0.2178812325000763, 0.5711699724197388, -1.0403432846069336, 0.3221781253814697, -0.2777736485004425, 0.3097606897354126, -0.7194446921348572, -0.8614270687103271, -0.05488574504852295, -0.4766276180744171, -0.8681356310844421, 0.4983866214752197, -0.93510502576828, 0.4181993901729584, -0.13587039709091187, -0.5761827230453491, -0.8166260123252869, 0.9753886461257935, 0.6317778825759888, 0.426798939704895, 0.692460834980011, -0.2732875645160675, -1.215860366821289, 0.6756329536437988, -0.3755779266357422, 1.2677003145217896, -0.48838096857070923, -0.8465951681137085, 0.0555984228849411, -0.07930260896682739, -0.8454762101173401, 0.18001285195350647, 0.695663571357727, 0.1715070903301239, -1.0132579803466797, -0.1500081717967987, 0.6229705214500427, 0.24154411256313324, 0.7479146718978882, 0.25378602743148804, 0.693832516670227, -0.5003384351730347, 0.9282060861587524, 0.5326588153839111, -1.1093522310256958, -0.6031215786933899, -0.9621461033821106, 0.45818835496902466, 0.6241161823272705, -0.502544641494751, 0.5445656776428223, 0.90909743309021, 0.8205417394638062, -0.30515429377555847, -0.22073759138584137, -0.6831225156784058, -0.733792781829834, -0.7867187857627869, 0.7438976764678955, 0.9926555156707764, 1.0664737224578857, -0.11803531646728516, 1.1636236906051636, -0.4079202115535736, -0.28950679302215576, 1.0821897983551025, -0.296384334564209, -0.4034633934497833, 0.3632816672325134, 0.10469473898410797, 0.5588371157646179, 0.8806949853897095, 0.8100140690803528, 0.2609719932079315, -0.07275912165641785, 1.0013419389724731, -1.1163392066955566, -0.08242189884185791, 0.47049301862716675, -0.8493624925613403, -0.5397944450378418, -0.5394108295440674, 0.8012014031410217, 0.7876554727554321, 0.005781397223472595, -0.1908785104751587, 0.9994924068450928, 0.01505550742149353, 0.558653712272644, 0.5430893898010254, -0.34008052945137024, -0.14282843470573425, 0.4714617431163788, -0.3694766163825989, -0.884402871131897, 0.5921972990036011, -0.7263010740280151, -0.08087411522865295, -0.24142546951770782, 0.24202045798301697, 0.5286929607391357, -1.248154640197754, 0.324869841337204, 0.4460529386997223, -0.6568918824195862, -0.46056249737739563, 0.8160244226455688, 0.3691514730453491, 0.9919208884239197, 0.5872227549552917, -0.9939113259315491, 0.6796120405197144, 0.9852926731109619, -0.35104578733444214, -0.577165961265564, -0.11464287340641022, -0.9227484464645386, 0.2595975995063782, -1.2449816465377808, 1.058868408203125, 1.2391148805618286, -0.05317814648151398, -0.005063757300376892, -0.2911217212677002, -0.26646190881729126, -0.5373716354370117, -0.28603968024253845, 0.6437589526176453, -0.6751599311828613, -0.3722631633281708, 0.6899303197860718, -0.25919875502586365, 0.27081626653671265, -0.4724022150039673, 0.5356541872024536, -0.12330834567546844, -0.6902527809143066, 0.9315735101699829, 0.6267778277397156, 0.6965593099594116, -0.040810614824295044, 0.985108494758606, -0.2912995219230652, 0.37054190039634705, 1.2707455158233643, -0.928565263748169, -0.5193036794662476, 1.0221720933914185, 0.8154626488685608, 0.04820103943347931, 0.27858850359916687, -0.32462140917778015, -0.24236007034778595, -0.9395360946655273, 0.0007330775260925293, -0.19091850519180298, -0.2445555478334427, 0.4032999873161316, 0.9178411960601807, -0.8372070789337158, 0.9455369710922241, -0.5597944855690002, 0.4301767349243164, 0.19124597311019897, -1.3911776542663574, 0.8109827041625977, -0.9068828821182251]",1,92.0
104,9606.ENSP00000367346,"[1.2703721523284912, -0.9606925845146179, 0.7227656841278076, 0.3727690279483795, 0.6916244029998779, -0.2163667231798172, 0.5834836959838867, -0.11883530020713806, -1.884922981262207, 0.4126415252685547, 0.8084050416946411, -1.5993703603744507, -0.17043441534042358, 1.6618732213974, -0.5116350054740906, -2.025883674621582, 1.3060402870178223, 0.11504819989204407, -0.1880069524049759, 0.018328756093978882, -1.6064811944961548, 0.6573773622512817, -0.4757080078125, 0.498457670211792, -1.5516492128372192, -0.816657543182373, 0.23003701865673065, 0.10521213710308075, 2.742743730545044, 1.2626501321792603, -0.8538935780525208, -0.20678777992725372, -0.12776654958724976, -0.5625399351119995, 0.48125311732292175, -1.339089035987854, 1.5778465270996094, -0.8516156673431396, -0.730442225933075, -1.9072558879852295, -1.8011856079101562, -0.39889761805534363, -1.5608595609664917, 0.7259923219680786, 1.566557765007019, -0.25633060932159424, -0.07444600760936737, -0.3121984004974365, -0.7084295749664307, 0.05699421465396881, 0.541141152381897, 0.9646648168563843, 1.362865686416626, 2.0571846961975098, -0.8898001313209534, -0.16573965549468994, -0.12013545632362366, 0.5401655435562134, 1.4167685508728027, -0.15613096952438354, -1.1244138479232788, -0.39637672901153564, 1.5527617931365967, 0.4517485499382019, -0.6964356899261475, 0.3860510587692261, -0.20172518491744995, -1.873659372329712, -0.8670057058334351, 2.015894889831543, 0.6815511584281921, 1.1713271141052246, 0.6268788576126099, 1.2772905826568604, -1.0867122411727905, -0.4301939308643341, 0.5631803274154663, -1.9834908246994019, -0.2961629033088684, -1.0014300346374512, 1.60425865650177, 0.7856212854385376, -0.48499828577041626, -0.8901042938232422, 0.8843562602996826, -0.9148064255714417, -0.35154539346694946, 0.38204723596572876, -1.2360618114471436, 0.5451484322547913, -0.5758141279220581, 0.8174415826797485, 1.5510401725769043, 0.4548916816711426, 0.6701212525367737, 1.9184695482254028, -0.7446711659431458, -0.821394681930542, 0.9935659766197205, 0.3536078631877899, -1.1064873933792114, 0.43696385622024536, -1.6612756252288818, -0.24480628967285156, 0.4757141172885895, 0.4721335172653198, -0.6079521179199219, -1.2031748294830322, -0.3327714800834656, -1.5588964223861694, -1.7581607103347778, 0.19300341606140137, -1.6836860179901123, -1.0603106021881104, -0.9039233922958374, 1.1580810546875, 1.7760910987854004, 0.14604513347148895, 0.15322577953338623, 0.31002411246299744, -0.7397544980049133, -0.9646111726760864, 0.16855454444885254, -1.715499758720398, 0.2017856389284134, 1.1258058547973633, 0.0715252161026001, -1.9175068140029907, 0.6028333306312561, -1.3583574295043945, 0.12652572989463806, 0.2289293259382248, -0.971789538860321, -0.4079364836215973, -1.663295030593872, 0.1716400682926178, 0.1638045459985733, -1.4416056871414185, -0.773181676864624, 0.580093502998352, -1.1436119079589844, 0.11645153164863586, 0.8899499177932739, -0.4177475571632385, -0.1714252233505249, 1.8678231239318848, -2.1542110443115234, -2.63716721534729, 0.6636605858802795, -0.062138378620147705, 0.6730978488922119, -1.845036506652832, 2.825840950012207, 2.0730338096618652, -1.493798851966858, 1.3430306911468506, -0.8927695751190186, -0.876955509185791, -0.35143721103668213, -0.5541011095046997, -0.8164734840393066, -0.09801006317138672, 0.5896502137184143, -0.23793551325798035, -0.6302297115325928, 0.08718998730182648, -0.6757103204727173, -1.2665722370147705, 0.10878083109855652, 0.8259005546569824, 0.5781804323196411, -0.44749683141708374, 2.416085720062256, 1.5833895206451416, 0.8016983866691589, 0.5678276419639587, 1.8153753280639648, 0.5892878770828247, -0.7233780026435852, -2.0159270763397217, 1.0439972877502441, -0.20544448494911194, -0.40091344714164734, -1.103505253791809, -0.8415191769599915, -1.4529078006744385, -0.2462087869644165, -0.9456033110618591, 0.6882680654525757, -0.8187547922134399, -0.21015985310077667, 0.40830695629119873, -0.7018200755119324, 0.7676354646682739, -0.026502639055252075, 0.08247684687376022, -1.1492700576782227, -2.426215171813965, 1.1420862674713135, -1.1631832122802734]",1,48.0
105,9606.ENSP00000296597,"[0.9030630588531494, -0.25613492727279663, -0.11315961182117462, 0.5053362250328064, -0.17709803581237793, -0.5509653091430664, 0.17507970333099365, -0.3596058487892151, -1.6880213022232056, -0.08420038968324661, 0.5301939249038696, 0.03780972957611084, -0.7660502195358276, -0.11929354071617126, -0.48403897881507874, -0.6576188206672668, 0.5468922853469849, 0.5998217463493347, 0.915280818939209, -0.3545231521129608, -0.6321556568145752, -1.464860439300537, -0.25172552466392517, 0.8513971567153931, -0.11567604541778564, -0.2473909854888916, 0.6382896900177002, -0.6844133734703064, 0.6816850900650024, 0.7042168378829956, -0.2833940088748932, -0.3517914116382599, 0.3174341320991516, 0.20008468627929688, 0.5386708974838257, -0.7779831290245056, 0.2165098488330841, -0.28622740507125854, -0.617802083492279, -1.5171502828598022, -0.3106454908847809, -0.7275809049606323, -1.0806586742401123, -0.8397847414016724, 0.617336094379425, -0.7847402095794678, 0.39451417326927185, -0.3637562394142151, -0.8063079714775085, -0.1943981796503067, 0.2355453073978424, 0.805293083190918, 1.318418025970459, 0.734867513179779, -0.9465711116790771, -0.1147642582654953, 0.20826265215873718, -0.1600184291601181, 0.8659590482711792, -0.5766882300376892, -1.30306077003479, 0.6425594687461853, 0.1713746041059494, -0.7185214161872864, 0.15074241161346436, 1.4709510803222656, 0.7894647717475891, -1.337347149848938, -0.0683671310544014, 0.33735501766204834, -0.47211647033691406, 0.4011186957359314, 0.2281230092048645, 1.2914543151855469, -0.7840068340301514, 1.4404270648956299, 0.4917415380477905, -1.5624240636825562, 0.23207679390907288, -0.6349842548370361, 0.7230755090713501, 0.7153521776199341, -0.005538761615753174, -0.768757164478302, 0.9257768392562866, -0.3211650848388672, 0.21290802955627441, 0.19417613744735718, -0.6280262470245361, -0.6004624962806702, -0.07049718499183655, 0.7765928506851196, 1.5137989521026611, 0.2815961241722107, -0.31191545724868774, 1.125525712966919, -1.0780898332595825, -0.18497729301452637, 0.8445466756820679, 0.46381524205207825, -0.2800176441669464, 0.48992523550987244, -1.1767749786376953, -0.4724588096141815, 0.8332278728485107, 0.3520801365375519, 1.4612921476364136, -0.2394208312034607, 0.04943063110113144, -0.5819360017776489, -0.40312954783439636, 1.2299315929412842, -0.9383968710899353, -0.203229621052742, -0.09743082523345947, 1.1081194877624512, 0.6000543832778931, -0.5650879740715027, 1.002366065979004, 0.016250282526016235, 0.7039445638656616, 0.5904501676559448, 0.2703625559806824, -0.7566162943840027, 0.44983717799186707, 1.0371118783950806, -0.25886207818984985, -0.7439196109771729, 0.002049267292022705, -1.058114767074585, -0.07309356331825256, -0.0371694415807724, 0.3731743395328522, 0.07304185628890991, -1.8919718265533447, 0.8453130125999451, 1.0361876487731934, -1.113680362701416, -0.9557236433029175, 0.7118372917175293, 0.08131322264671326, 0.7488601207733154, 0.1749466210603714, -1.4148411750793457, 0.7425811290740967, 1.029508113861084, -0.6099973320960999, -1.8487855195999146, -0.700620174407959, -1.051253318786621, 0.3523203134536743, -1.1476104259490967, 0.23083725571632385, 1.5973398685455322, -0.9633013606071472, -0.2386760115623474, -0.398267924785614, -0.581244945526123, -0.120588019490242, -0.9882972240447998, -0.031162206083536148, -0.5780773758888245, 0.43530553579330444, 0.6497005224227905, -0.22709721326828003, -0.4625633955001831, 0.07653889060020447, 0.43184804916381836, -1.3165340423583984, 0.1050606295466423, 0.8761762380599976, -0.27530309557914734, 1.050978422164917, 0.9586054682731628, 1.3767272233963013, 0.352419376373291, 0.8821291923522949, 1.5928921699523926, -1.123940110206604, -0.6666394472122192, 1.5185840129852295, 0.8321084976196289, -0.9777027368545532, 0.21824437379837036, -0.07280272245407104, -0.747898519039154, -0.6933620572090149, -0.9768711924552917, -0.15887056291103363, -0.5302408933639526, 0.36838221549987793, 0.13962134718894958, -0.6295392513275146, 1.0859317779541016, 0.12306521832942963, -0.28764596581459045, -0.055193573236465454, -0.8129584789276123, 0.9889189600944519, -1.064769983291626]",1,96.0
106,9606.ENSP00000358272,"[1.2115427255630493, -0.28767675161361694, 0.8420701026916504, 0.9496227502822876, -0.3984938859939575, -0.45931145548820496, -0.7251129150390625, 0.23403210937976837, -1.1303610801696777, 0.7878459692001343, 2.3139493465423584, -0.6425915956497192, 0.9280896186828613, -0.8513244390487671, 0.2238597422838211, -2.0104825496673584, 1.3869926929473877, 0.1351182460784912, -0.02314937114715576, 0.9708186388015747, -0.5880630016326904, -0.47987425327301025, 0.19662705063819885, 1.2477892637252808, 0.6312342882156372, -1.0710614919662476, 1.109433650970459, -0.22440862655639648, 0.5392693877220154, -1.536501407623291, -0.13595250248908997, -0.2601497769355774, -0.2962803244590759, -0.41649606823921204, 2.0103137493133545, 0.2289315015077591, 1.6770542860031128, -1.482459306716919, -0.44722750782966614, -1.2204184532165527, -0.531920313835144, -0.6523005962371826, -1.8978503942489624, -0.45222926139831543, 0.17752939462661743, -1.0123587846755981, 0.210695281624794, -0.20874372124671936, -1.4572824239730835, -0.16681286692619324, 0.648602306842804, 1.9268120527267456, 0.27408093214035034, 1.1855000257492065, 0.559969425201416, -0.8563366532325745, 1.7191352844238281, 0.1572498083114624, 1.889260172843933, -1.6382524967193604, -1.819791316986084, 0.17034395039081573, -0.020916081964969635, -0.842736005783081, 1.741355299949646, 0.27048951387405396, 0.03536909818649292, -1.8673492670059204, -0.11552715301513672, 0.6259334683418274, -0.01338621973991394, -0.13105759024620056, -0.7973343133926392, 0.5515755414962769, -1.7719687223434448, 3.3186705112457275, 0.49270763993263245, -1.1550767421722412, -1.9871357679367065, -1.3935292959213257, 0.6156762838363647, 2.7932322025299072, -1.3633275032043457, 0.1793684959411621, 2.523740530014038, 0.5096752643585205, -0.02539771795272827, -2.10638689994812, -1.1119811534881592, 0.8705265522003174, -1.9665358066558838, 1.6094862222671509, 1.6209805011749268, 0.3256570100784302, -1.4838625192642212, 2.250347375869751, -0.793400764465332, -0.2378985583782196, 1.752267599105835, 0.6405751705169678, -0.08270707726478577, 1.2928311824798584, -1.8120472431182861, 0.8571141958236694, 0.8739972114562988, 0.6316268444061279, 1.0223021507263184, 0.5974088311195374, 1.2765066623687744, -1.5638930797576904, -0.738334059715271, 1.1659433841705322, -0.9352015256881714, -1.72147798538208, -2.134064197540283, 1.2217010259628296, 1.989058494567871, -0.6892486810684204, 0.5252262353897095, 2.014385461807251, 0.8353275060653687, 1.4037902355194092, 1.440685749053955, -2.108160972595215, 0.540913462638855, 0.49422210454940796, -1.1985470056533813, -1.468971848487854, 1.3731439113616943, -1.3002289533615112, 1.1621383428573608, -0.43507710099220276, -1.811265468597412, 0.4944978952407837, -2.271413803100586, -0.1991012990474701, -0.014316797256469727, -0.9798040986061096, -0.050690338015556335, -0.42681342363357544, 1.1222162246704102, -0.05866941809654236, 0.9719052314758301, -1.5957045555114746, 1.673038363456726, 1.0523163080215454, -1.8456885814666748, -2.4810547828674316, 0.68678879737854, -1.2495570182800293, 0.29779189825057983, -0.9004254937171936, -0.008328955620527267, 1.1813783645629883, 0.6462805271148682, -0.0074917045421898365, 0.41681745648384094, -1.2482558488845825, -0.9108550548553467, 0.5735801458358765, 1.386365532875061, -0.8563520312309265, -0.25130829215049744, -1.2000657320022583, 0.1071358174085617, 1.3091989755630493, 0.7485617399215698, -0.11006484925746918, 0.8244369626045227, -1.4338970184326172, 1.8571386337280273, -0.06860761344432831, 0.5237731337547302, 0.806633710861206, 0.6493445634841919, 1.814805507659912, 0.7177911400794983, 0.9003692865371704, -0.5151664018630981, -0.4443525969982147, 0.9456437826156616, 1.6525319814682007, 0.1020747572183609, -0.7205460071563721, 0.3473518490791321, -0.1314050853252411, -1.5157887935638428, -0.3860863447189331, 0.612345814704895, 0.22035393118858337, 1.1882634162902832, 1.4248384237289429, -2.54020094871521, 1.8577332496643066, -0.20432323217391968, 0.7125934362411499, 0.6555643081665039, -2.927248001098633, 1.5200766324996948, -1.341971755027771]",1,164.0
107,9606.ENSP00000351737,"[1.1342211961746216, -0.4294043779373169, 0.12171751260757446, -0.2753981947898865, -0.23127785325050354, -0.6594627499580383, -0.13863307237625122, -0.8995047211647034, -0.877859354019165, -0.1816001534461975, 0.6950469613075256, 0.00429043173789978, -0.3986040949821472, 0.8774659633636475, -0.12081634998321533, -1.1652464866638184, 0.5172446370124817, 0.6172547936439514, -0.18985477089881897, 0.9199584722518921, -0.7229782342910767, -0.8583943247795105, 0.6398110389709473, 1.1312521696090698, 0.03236052393913269, -0.6428878307342529, 1.304521083831787, -0.0030508339405059814, 1.0303453207015991, -0.2217625379562378, 0.0789693295955658, -0.8140425682067871, -0.6565942764282227, -0.1195141077041626, 0.866126537322998, -1.1705341339111328, 0.7010915279388428, 0.13513892889022827, -0.03432630002498627, -0.8644986152648926, -0.3814064562320709, -0.3045032322406769, -0.3283846080303192, -0.4516044855117798, 0.25802236795425415, -0.819604754447937, 0.5263553857803345, 0.1253884732723236, -0.9307243824005127, 0.2145025134086609, 0.16665637493133545, 1.8671702146530151, 0.8517943620681763, 0.8225873112678528, -0.7819408178329468, -0.21068990230560303, 0.3833305537700653, 0.1765001118183136, 1.6688849925994873, -0.390430748462677, -0.7729291915893555, -0.050206199288368225, -0.10790218412876129, -0.03863529860973358, 0.5739816427230835, 0.26407700777053833, 0.3692498207092285, -1.375555157661438, 0.4775667190551758, 0.3519391417503357, 0.059723109006881714, 0.21703475713729858, 0.03433556854724884, 0.9884582757949829, -0.5832573771476746, 1.2592723369598389, 0.09667333960533142, -1.209255337715149, 0.035027630627155304, -1.1044082641601562, 0.8897905349731445, 0.8418583869934082, -0.897476077079773, 0.4014059901237488, 1.2642173767089844, 0.509838342666626, 0.3828907012939453, -0.2630426585674286, -0.24748679995536804, -0.6823611855506897, -0.18343006074428558, 0.7518312335014343, 1.27813720703125, 0.7225541472434998, -0.5738792419433594, 0.7047667503356934, -0.35908570885658264, -0.542795717716217, 1.3075854778289795, 0.1620669960975647, -0.5278130769729614, 0.20694608986377716, -0.2881125211715698, -0.13888275623321533, 1.2348214387893677, 0.5372239351272583, 1.052878499031067, 0.30363792181015015, 0.735256016254425, -0.9451161026954651, -0.13569551706314087, 0.18503707647323608, -0.9213115572929382, -0.6916980743408203, -0.626252293586731, 0.1805816888809204, 0.634536862373352, -0.929892897605896, -0.1904790699481964, 0.5684539079666138, -0.2925531566143036, 0.533379077911377, 0.030158013105392456, -0.2633030414581299, 0.19234836101531982, 0.3577236831188202, -1.0732247829437256, -0.9930710792541504, 0.4617597162723541, -0.7928032875061035, -0.4545323848724365, -0.5349920392036438, -0.7888625860214233, -0.4644823372364044, -1.6445095539093018, 0.10761931538581848, 0.20264048874378204, -0.15216445922851562, -0.7322683930397034, 0.027252569794654846, 0.6299282312393188, 0.5456307530403137, 0.8835875391960144, -0.5657584071159363, 0.20824873447418213, 1.1208287477493286, -1.3142831325531006, -1.6171303987503052, 0.20413364470005035, -0.30581092834472656, -0.09854304790496826, -0.587287962436676, 1.1055524349212646, 0.9662476181983948, -0.1179543286561966, 0.7477891445159912, -0.3914746046066284, -0.6211811900138855, -0.314752995967865, -0.43505921959877014, -0.002214178442955017, -0.9682068824768066, 0.341879665851593, -0.23456349968910217, 0.16104605793952942, 0.5392094850540161, 0.5467528104782104, 0.004734590649604797, -0.4513195753097534, -0.4357201159000397, 1.276357650756836, 0.41793110966682434, 0.4168381989002228, 0.806786060333252, 1.1165783405303955, -0.081149622797966, 1.2361395359039307, 1.4047951698303223, -0.46612316370010376, -0.7335400581359863, 1.306113839149475, 0.9973199367523193, -0.017076000571250916, 0.5444570779800415, 0.3733779788017273, -0.4046570658683777, -0.7382500171661377, -0.28596028685569763, 0.7824275493621826, -0.4865661859512329, 0.6794039607048035, 1.1157900094985962, -1.2067793607711792, 1.3101508617401123, -0.24979376792907715, 0.44756633043289185, 0.7787296772003174, -1.618158221244812, 0.7068209648132324, -1.1424223184585571]",1,29.0
108,9606.ENSP00000323076,"[1.1929715871810913, 0.40545034408569336, 0.1630595326423645, -0.0941224992275238, -0.0924186110496521, -0.3167414963245392, 0.3719208836555481, -0.42255914211273193, -1.4415720701217651, 0.633378803730011, 1.3835843801498413, -0.41400426626205444, 0.29832082986831665, 0.3307191729545593, 0.42809388041496277, -1.5441360473632812, 0.3447928726673126, 0.6955277323722839, 0.32260894775390625, 0.7496562600135803, -0.8525590896606445, -0.9506890177726746, 0.6969913244247437, 1.3425824642181396, -0.6219775676727295, -0.6184801459312439, 1.3147220611572266, 0.11237327754497528, 1.0647499561309814, -0.3663961887359619, -0.5877087116241455, -0.7170243263244629, -0.44633719325065613, -0.7171571254730225, 0.901748776435852, -1.4369310140609741, 1.2345795631408691, -0.7458490133285522, -0.488827109336853, -0.6812491416931152, -0.54574054479599, 0.2956545054912567, -0.3578670918941498, -0.9840700626373291, 0.47418898344039917, -0.8580049276351929, 0.5263421535491943, -0.2247219681739807, -0.8568651676177979, -0.44679537415504456, 0.8223812580108643, 1.6940507888793945, 0.09646797180175781, 0.7206835746765137, -0.5467710494995117, -0.850659966468811, 1.0355608463287354, -0.13059119880199432, 1.7932814359664917, -0.7753686904907227, -1.3113362789154053, 0.5347245931625366, 0.4640023410320282, -0.782344400882721, 0.7109881639480591, 1.0452035665512085, 0.4424377679824829, -1.390580654144287, 0.5942749977111816, 1.1249974966049194, -0.03055746853351593, 0.9371517300605774, -0.8745020627975464, 1.0772640705108643, -1.2841453552246094, 1.1050872802734375, 0.9155555367469788, -1.4246515035629272, -0.40296146273612976, -0.8944976925849915, 0.11440283060073853, 1.1856597661972046, -0.4588378667831421, 0.5233218669891357, 1.1667721271514893, 0.6108440160751343, -0.38387128710746765, 0.326335608959198, -0.9588823318481445, -0.8215001821517944, -0.9180154204368591, 1.076904296875, 1.3839575052261353, 0.885528028011322, -0.7109186053276062, 1.3282456398010254, -0.8331828117370605, -0.4920505881309509, 1.3944575786590576, -0.06576760113239288, -0.020779751241207123, 0.938353955745697, -1.0299742221832275, 0.388360857963562, 0.6798567175865173, 1.3036930561065674, 0.44890403747558594, -0.08687514066696167, 0.7111168503761292, -1.4142735004425049, -0.15322458744049072, 0.9924867153167725, -1.3671460151672363, -0.8957870602607727, -0.9452817440032959, 0.4077344834804535, 1.3847202062606812, -0.8657723665237427, -0.07905718684196472, 0.7250239849090576, -0.18826428055763245, 0.25332170724868774, 0.6919878721237183, -0.28650790452957153, -0.5718364715576172, 0.9338744878768921, -1.2648333311080933, -1.232947826385498, 0.9517110586166382, -1.0441391468048096, 0.2304312139749527, 0.02565935254096985, -0.7804807424545288, 0.2676728367805481, -1.8035330772399902, 0.6775994896888733, 0.11661377549171448, -0.7908458113670349, -0.3220042288303375, 0.4777285158634186, 0.4955194592475891, 0.7175545692443848, 0.9162032008171082, -1.0338706970214844, 0.8533200025558472, 1.3308879137039185, -1.4702894687652588, -1.0549777746200562, -0.44515460729599, -0.30489382147789, 0.5878857970237732, -0.7280213832855225, 1.2504760026931763, 1.6559253931045532, -0.8066580891609192, -0.01538965106010437, -0.5450331568717957, -0.8629124760627747, -0.9052408933639526, -0.5417425632476807, 0.22486864030361176, -0.46918785572052, -0.28689324855804443, -0.2647083103656769, -0.47717925906181335, 0.04074554145336151, 0.44068312644958496, 0.656927227973938, -1.0035731792449951, 0.03794212266802788, 1.1591649055480957, 0.8768177032470703, 1.038591742515564, 0.017457634210586548, 1.1046087741851807, -0.05389723181724548, 1.3838684558868408, 0.937717080116272, -0.5307630300521851, -0.697213888168335, 1.3953335285186768, 1.102278232574463, -0.23199938237667084, 0.11922025680541992, -0.49129796028137207, -0.4007050395011902, -1.2006956338882446, -0.934545636177063, 0.17785069346427917, 0.18445424735546112, 0.7483236193656921, 0.5040907263755798, -1.1711561679840088, 1.3446375131607056, -0.30266839265823364, 0.14488643407821655, 0.41815507411956787, -1.6946622133255005, 1.3219701051712036, -1.2176239490509033]",1,86.0
109,9606.ENSP00000497587,"[1.4016873836517334, 1.5944873094558716, 1.973463535308838, 1.9045947790145874, -0.8982152938842773, 1.4552421569824219, 1.18147873878479, -1.0370421409606934, -2.3267929553985596, 1.3071677684783936, 2.164016008377075, -3.484057903289795, -1.0397578477859497, 1.6342170238494873, -1.6073247194290161, 0.13604143261909485, 2.6136462688446045, 2.9607291221618652, 2.1150760650634766, 0.043797820806503296, -3.4695913791656494, -1.5557540655136108, -0.461619108915329, -0.10276034474372864, -2.01267147064209, 1.2398256063461304, 0.3384849429130554, 0.9395164251327515, 2.9171371459960938, -0.9459351897239685, -1.4074031114578247, -1.641178846359253, -1.566893219947815, 0.9503430128097534, 2.8024518489837646, -2.0349085330963135, 1.4089024066925049, -3.3223421573638916, 0.6797246932983398, -1.7859011888504028, 0.30798542499542236, -0.35250258445739746, -0.8904750943183899, 1.2751353979110718, 0.5234427452087402, -0.555792510509491, 0.6934121251106262, -1.5180271863937378, -0.46319329738616943, -0.21453814208507538, 3.0714125633239746, 1.2976810932159424, 1.5980392694473267, 1.1128379106521606, -1.6569687128067017, -0.18959712982177734, 1.5947192907333374, -2.094822645187378, 1.5858298540115356, -1.3974287509918213, -0.877832293510437, 0.8230634927749634, 3.1129825115203857, 1.909261703491211, -0.28022491931915283, 3.1555023193359375, 0.7870217561721802, -0.8252149820327759, 1.192031979560852, 2.542222738265991, 1.7410300970077515, -1.7179229259490967, 1.6251204013824463, -0.20319584012031555, -1.7950021028518677, 0.2602943778038025, 1.5717320442199707, -1.1488094329833984, -1.976779818534851, 0.8335926532745361, 1.4367501735687256, 0.7070945501327515, -0.5088403820991516, -1.4516087770462036, 2.4439594745635986, -1.739780306816101, -2.6131696701049805, 1.8376444578170776, -2.634169578552246, 1.678495168685913, -3.1484227180480957, 1.7903649806976318, 0.9725906848907471, -1.2495768070220947, -0.6742531061172485, 1.098228096961975, -0.7563904523849487, 0.4594327211380005, -1.6927769184112549, -0.5022324919700623, -0.17383340001106262, 1.5149621963500977, -0.34485793113708496, -0.4212301969528198, 0.8210150003433228, 3.4232425689697266, -2.065866470336914, -1.645774245262146, -1.320707082748413, -0.9869946241378784, -2.586785078048706, 2.4951651096343994, -2.1622018814086914, -1.3203026056289673, -1.3580681085586548, 0.9082715511322021, 0.7614878416061401, 0.38059133291244507, 1.4526152610778809, 0.7628500461578369, 0.519234836101532, 2.0439703464508057, 1.9094512462615967, -1.2080787420272827, 1.2120449542999268, 0.06731253862380981, -0.30454400181770325, -1.798179268836975, 0.43584007024765015, -2.4261202812194824, -0.5925658345222473, 0.8265050053596497, -0.7511738538742065, 1.237831473350525, -2.260462999343872, 1.3026857376098633, -1.9604272842407227, -2.300788164138794, -0.6890962719917297, 1.2933417558670044, -1.135848045349121, -0.7801175713539124, 1.4042797088623047, 0.2783609926700592, 1.708892583847046, 2.3876190185546875, -1.3593518733978271, -1.015906572341919, -0.06240116059780121, 0.0797329843044281, 2.783944845199585, -3.4049088954925537, 1.3448097705841064, 3.684441328048706, -1.4829933643341064, 0.022538751363754272, 0.9499422311782837, -2.4349849224090576, 0.5140285491943359, -0.4017949402332306, 1.8414855003356934, -0.4221728444099426, 2.584296941757202, -1.3427385091781616, -0.9971135854721069, 2.7798547744750977, -1.4280800819396973, -0.39624446630477905, 0.34824395179748535, 0.25975701212882996, 1.709693193435669, -0.7163347005844116, 1.0448778867721558, -1.2861571311950684, -0.07137897610664368, 2.301506757736206, 2.650521993637085, 1.1947658061981201, 2.556501865386963, -3.2803311347961426, -1.5213567018508911, 0.8264756798744202, -1.6800670623779297, -1.583735704421997, -1.8333930969238281, -0.525222659111023, 0.4294676184654236, 1.1089026927947998, 0.4610970914363861, -1.4453682899475098, 0.8609933853149414, -1.1378048658370972, -0.48581695556640625, 0.18358057737350464, 1.5704779624938965, 1.3523533344268799, 1.2078423500061035, -1.964675784111023, 0.599950909614563, -0.47011739015579224]",1,144.0
110,9606.ENSP00000355206,"[1.1142795085906982, 1.116642951965332, -0.17353349924087524, -0.4622689485549927, -0.8450459241867065, 0.17260855436325073, 0.8356904983520508, -0.2240716516971588, -0.9066964983940125, -0.8612006306648254, 1.196098804473877, -0.7657526731491089, -1.561715006828308, 1.3463244438171387, -0.03569649159908295, -1.4807143211364746, 1.0021953582763672, 1.473803162574768, 0.2235213965177536, 1.3575652837753296, -1.6272244453430176, 0.968291163444519, -0.6636765003204346, -0.6238411664962769, -0.5811293125152588, -0.9871921539306641, 1.3066352605819702, 1.2327237129211426, 0.9720181822776794, -1.1567002534866333, -0.20452085137367249, -2.4211316108703613, -0.6292990446090698, 0.250105619430542, 2.007441520690918, -1.5870919227600098, 0.9701302647590637, -1.2722361087799072, 0.2059067189693451, -0.8578638434410095, -0.13009527325630188, 0.04532003402709961, -0.851442813873291, 0.22935305535793304, 0.07573048770427704, -1.5669595003128052, 1.609686017036438, -0.0981464684009552, -1.3826828002929688, 1.6760390996932983, 0.8257262706756592, 0.3277271091938019, 0.31017154455184937, 0.9323649406433105, -1.964399814605713, 0.26796573400497437, 1.0021878480911255, -0.004348814487457275, 3.0573642253875732, -2.785715103149414, -1.0628210306167603, -0.3822968602180481, 0.9108105897903442, 0.534132182598114, -1.2867282629013062, 0.5856424570083618, -0.09590354561805725, -1.0172725915908813, 0.642699122428894, 1.58656907081604, 1.2649321556091309, -0.6824073195457458, 0.6707980632781982, -0.40111881494522095, 0.12063206732273102, 1.81786048412323, 0.6213122010231018, -0.3582991361618042, -2.4383068084716797, -0.7586512565612793, 0.1945801079273224, -0.0630435049533844, -2.1149134635925293, -1.8403443098068237, 3.576521396636963, -0.7061094045639038, -0.20486342906951904, -0.08275193721055984, -0.1245313435792923, 1.8465431928634644, -2.4418883323669434, 1.1413397789001465, 0.4720974862575531, 0.35314932465553284, -1.449103832244873, 0.6472066640853882, -0.4282335042953491, -1.5602664947509766, -0.2691919505596161, 0.08848661184310913, 1.272584080696106, 1.2697768211364746, -1.1208113431930542, 0.8628738522529602, -0.19364753365516663, 1.7406941652297974, -0.5038082003593445, -0.0018804669380187988, -0.3759261965751648, -2.6441738605499268, -0.7748441696166992, 1.839089274406433, -0.49338507652282715, -1.1345988512039185, -2.5666615962982178, -1.0284130573272705, 1.8719803094863892, 0.5112165212631226, -0.9735240936279297, 0.9973357319831848, 0.2053273320198059, 1.533458948135376, 1.9154868125915527, -0.04603801667690277, 0.009719699621200562, -0.5089906454086304, -0.36805593967437744, -0.44018882513046265, 1.4448477029800415, -0.7632718682289124, -0.13801789283752441, 0.724907636642456, -1.965395212173462, -0.4121439754962921, -2.479332685470581, 0.5232627987861633, -1.2157199382781982, -0.775450587272644, -1.3383331298828125, 0.9282799959182739, 0.37784257531166077, -0.022613316774368286, -0.6543732285499573, -0.7266006469726562, 1.615912914276123, 0.8904486894607544, -1.304853081703186, -1.2963846921920776, -0.511237382888794, -0.003061622381210327, 0.9266760349273682, -1.3826711177825928, 2.063568115234375, 1.22609281539917, -0.49516063928604126, 1.8077830076217651, 1.22337007522583, -0.762499988079071, 0.5946320295333862, 0.1288377344608307, 0.4530981481075287, -0.9707732796669006, 2.119136333465576, -2.0074892044067383, 0.11007821559906006, 2.3202943801879883, 0.013143286108970642, -0.8516573309898376, 0.1660436987876892, 1.3790264129638672, 3.109785556793213, -0.8489344120025635, 0.3731701970100403, -0.697414755821228, 0.38828861713409424, 1.2110204696655273, 1.5974218845367432, 1.4540541172027588, 0.878282904624939, -0.6339362859725952, 0.8302870988845825, 1.6447854042053223, -1.442604660987854, -1.0749733448028564, -0.374790757894516, -1.0036332607269287, 0.023598283529281616, -0.9756497144699097, 2.164801597595215, -0.7049537301063538, 0.6090633869171143, 1.3620918989181519, -1.2999475002288818, 1.6060229539871216, 0.44924330711364746, -0.4133755564689636, -0.28715944290161133, -2.239069938659668, 0.5047997236251831, -0.16659113764762878]",1,121.0
111,9606.ENSP00000392709,"[0.07419529557228088, 2.1683294773101807, 1.0738451480865479, 1.7058393955230713, -0.7049626708030701, 2.079329013824463, 2.5168728828430176, -1.1966549158096313, -2.942131996154785, 0.17600257694721222, 1.9938504695892334, -2.4814577102661133, -2.2957398891448975, 2.5414047241210938, -2.503340244293213, -1.9189532995224, 3.094874620437622, 2.12334942817688, 2.070788860321045, -0.9481353759765625, -3.7359423637390137, -0.8342082500457764, -0.21568316221237183, -0.6604374647140503, -1.7187227010726929, 0.2442038506269455, 0.9232887625694275, 1.134982943534851, 2.9144179821014404, -0.44773441553115845, -0.46094101667404175, -1.221451997756958, -1.3829513788223267, 1.1705124378204346, 2.154151439666748, -2.9852402210235596, 2.19049334526062, -1.9380189180374146, 0.9698650240898132, -2.8268914222717285, -1.3595383167266846, -1.6192965507507324, -0.8660885095596313, 0.07570309937000275, 1.6468696594238281, -1.5873098373413086, 0.22625523805618286, -1.6232266426086426, -1.6181056499481201, -0.750432550907135, 2.4737610816955566, 1.2556719779968262, 1.1801519393920898, 1.6108866930007935, -1.6586432456970215, -1.0725096464157104, 0.9353433847427368, -2.6332802772521973, 2.601928472518921, -1.8663642406463623, -1.79800283908844, 0.3543128967285156, 2.512115240097046, 0.850976824760437, -2.0220656394958496, 3.056324005126953, 1.0713902711868286, -1.5994071960449219, 0.13249287009239197, 2.739640235900879, 2.431011438369751, -1.2208452224731445, 0.7595557570457458, 0.9133306741714478, -2.1801657676696777, 0.9579057693481445, 1.4295374155044556, -1.3195044994354248, -2.7671945095062256, -1.5249634981155396, 0.8136696815490723, 1.2245514392852783, -0.909052312374115, -1.3347928524017334, 4.0249433517456055, -0.7742917537689209, -1.6633387804031372, 1.3623331785202026, -2.025547981262207, 1.1200416088104248, -3.929572582244873, 1.4697351455688477, -0.07395416498184204, -0.13427194952964783, 0.03413879871368408, 2.7728822231292725, -0.2100142538547516, 0.4615071415901184, -0.0010293424129486084, -0.04127447307109833, -0.9546588659286499, 0.7865686416625977, -0.07491558790206909, 0.10628323256969452, 1.0717082023620605, 3.309607982635498, -1.2650682926177979, -1.41376531124115, -0.28233474493026733, -2.247215747833252, -2.217092990875244, 2.2708590030670166, -3.07973575592041, -2.6699395179748535, -1.457243800163269, 1.0200278759002686, 0.9027203321456909, 0.5166199803352356, 0.9103564023971558, 0.306202232837677, 0.5465099811553955, 1.2823214530944824, 1.6423141956329346, 0.48842859268188477, 1.5337443351745605, 0.6861199140548706, 0.5545296669006348, -1.4732998609542847, 0.8081232905387878, -2.3154196739196777, -1.5785691738128662, 1.1763179302215576, -0.4095756709575653, 0.8968952894210815, -2.970569610595703, 1.9238898754119873, -1.2184088230133057, -1.4001374244689941, -2.4185409545898438, 2.5776562690734863, -0.636583685874939, 0.6666070222854614, -0.10169830918312073, -0.075076162815094, 2.033555269241333, 2.5781660079956055, -1.9618442058563232, -0.6688069701194763, -1.1295331716537476, -1.3701612949371338, 2.376208782196045, -4.851842403411865, 2.3854477405548096, 4.06187105178833, -2.2385170459747314, 1.173277497291565, 0.8553282022476196, -1.5553622245788574, -0.6303296685218811, -0.2640588879585266, 1.7019543647766113, -0.7083286046981812, 2.310168504714966, -1.4215868711471558, -0.5407059192657471, 2.8460299968719482, -1.7024548053741455, -0.19166940450668335, 1.196448802947998, 1.022660255432129, 2.7886393070220947, -0.803642213344574, 1.9002317190170288, 0.6536985635757446, 0.9325706362724304, 2.097005844116211, 2.683983087539673, 1.6187862157821655, 0.4282153844833374, -2.7173712253570557, 0.0457514226436615, 1.179079294204712, -0.9222415685653687, -1.5619444847106934, -1.0944608449935913, 0.4858172535896301, -0.5750324726104736, 0.7379072904586792, 0.010778814554214478, -1.05327308177948, -0.20576587319374084, 0.3731113076210022, -0.7805781364440918, 0.4766318202018738, -0.557379961013794, 1.7476811408996582, 0.4253484308719635, -2.971921920776367, 1.3169646263122559, -1.920366644859314]",1,83.0
112,9606.ENSP00000356972,"[1.6818103790283203, 0.9178699254989624, 0.13212522864341736, 1.5636323690414429, -1.3668211698532104, 1.4676038026809692, 1.493406057357788, 0.402168333530426, -1.1868503093719482, -0.48181861639022827, 3.4449005126953125, -2.9220807552337646, -1.4334055185317993, 5.430902004241943, -2.452676296234131, -1.5303795337677002, 3.2598118782043457, 4.8543596267700195, 3.363499164581299, -0.6406946182250977, -4.102092742919922, -1.9113438129425049, -0.4333474636077881, -0.08996763825416565, -2.1049132347106934, 0.7617473602294922, 0.6334316730499268, 2.7713544368743896, 1.9991157054901123, -1.1799304485321045, -0.12021434307098389, -4.994558811187744, -1.4443657398223877, -0.3984128534793854, 2.279061794281006, -2.261298894882202, 1.0275763273239136, -3.2615296840667725, 0.8732446432113647, -2.0450823307037354, 0.5604417324066162, -0.9664425253868103, -0.9087880849838257, 1.1830451488494873, 2.517012596130371, -3.9695205688476562, -0.4959014058113098, -2.833341598510742, -1.0936667919158936, -0.06584131717681885, 1.7842506170272827, 0.3918747007846832, 2.07065486907959, 2.0695953369140625, -0.42674416303634644, 0.07762128114700317, 3.279581069946289, -2.3468594551086426, 1.781215786933899, -1.3366434574127197, -1.9728513956069946, 0.9989966154098511, 2.727468490600586, 2.3864006996154785, -1.4866423606872559, 3.0436434745788574, 1.4741322994232178, -1.3350428342819214, 0.1818026602268219, 3.043276786804199, 1.936442494392395, -3.639274835586548, 2.8631365299224854, 0.6481161713600159, -0.7237672805786133, 2.3740575313568115, 0.5248907804489136, -1.680174469947815, -2.103651523590088, -0.4757043123245239, 2.8178462982177734, 1.779812216758728, -2.643392562866211, -3.290616512298584, 3.8377633094787598, -0.319966584444046, -2.12770938873291, 1.2176793813705444, -2.648413896560669, 2.6811108589172363, -1.849045991897583, 2.3221874237060547, 1.4135136604309082, -0.4778890311717987, 1.825313687324524, 2.0588762760162354, -0.11228784918785095, -0.2461211085319519, -0.5734376907348633, 0.7747379541397095, -0.46986037492752075, 1.1513781547546387, 0.05394178628921509, -0.6832711696624756, 1.4842761754989624, 2.231396198272705, -1.5895843505859375, -1.8685563802719116, -0.7827871441841125, -0.9374088048934937, -3.8805992603302, 2.3481786251068115, -2.029529333114624, -3.014265537261963, -3.2790005207061768, 0.599345326423645, 1.4281237125396729, 0.5656095743179321, 0.2883431017398834, 0.5652546286582947, 1.7537944316864014, 2.1135177612304688, 2.199516773223877, -0.4705333411693573, 2.337165117263794, -1.0732625722885132, 0.7525876760482788, -1.8353357315063477, 2.2968969345092773, -2.423760175704956, -0.14739437401294708, 2.2533187866210938, -1.2217472791671753, 1.2259762287139893, -2.91274356842041, 2.72419810295105, -0.2875097095966339, -1.0352230072021484, -0.3337346911430359, 2.5066959857940674, -0.7126994132995605, -0.1317017674446106, 1.9528006315231323, -0.7865716218948364, 2.456170082092285, 3.451845169067383, -2.7430167198181152, -1.3589922189712524, -1.3852574825286865, 0.813349187374115, 2.9468295574188232, -4.899258136749268, 2.571329116821289, 4.687566757202148, -1.7017587423324585, 2.056840181350708, 0.5142791271209717, -1.9353798627853394, 0.7655512094497681, 0.3970879018306732, 1.5865964889526367, -1.4928290843963623, 1.8974212408065796, -0.8875908851623535, -0.19197165966033936, 2.668888568878174, -3.1570138931274414, -1.4549463987350464, 2.4788804054260254, 1.4349207878112793, 1.1380386352539062, -1.2348601818084717, 1.8326506614685059, 1.1684389114379883, -0.7710362076759338, 1.3131184577941895, 3.0748119354248047, 3.182485342025757, 1.9254623651504517, -2.122526168823242, 0.4101855754852295, 3.129756450653076, -3.4876468181610107, -3.65327525138855, -2.321148157119751, -2.0822536945343018, -0.8864600658416748, 0.4477539360523224, -0.8629474639892578, -1.6760035753250122, 0.7645629048347473, 0.4092261791229248, -1.4514896869659424, 1.6177912950515747, -0.4440821707248688, 2.3180150985717773, 0.31848475337028503, -2.4087488651275635, 1.3444933891296387, -1.9090521335601807]",1,153.0
113,9606.ENSP00000360492,"[1.092476725578308, 0.8221067190170288, 0.18041491508483887, 1.0138404369354248, 0.040958285331726074, 0.7503424882888794, 0.684334397315979, -0.40003877878189087, -1.9287182092666626, 0.04249843955039978, 1.9396898746490479, -1.5638209581375122, -1.3472718000411987, 1.5835877656936646, -0.7701553106307983, -1.2478820085525513, 1.3632242679595947, 1.7112127542495728, 1.2744226455688477, 0.77229243516922, -2.3215150833129883, 0.3142252564430237, -0.23359131813049316, 0.5289909839630127, -0.7628196477890015, -0.4894084334373474, 1.3317103385925293, 0.9247735738754272, 1.931217074394226, -0.9889728426933289, -0.6116912961006165, -1.3147855997085571, -0.29916924238204956, -0.7474973797798157, 2.310563087463379, -1.8914200067520142, 2.118764877319336, -2.0566458702087402, -0.06557205319404602, -1.701029658317566, -1.251863718032837, 0.16938497126102448, -0.43952909111976624, -0.11437739431858063, -0.0922611802816391, -0.7832376956939697, 1.201451301574707, -0.28940725326538086, -1.1718719005584717, 0.6357885599136353, 1.5135746002197266, 1.640872836112976, 0.7956037521362305, 0.7340387105941772, -1.6133594512939453, -0.2534174621105194, 1.795827031135559, -1.1767628192901611, 2.8714911937713623, -2.0427417755126953, -1.558223843574524, -0.09236052632331848, 0.7822527289390564, -0.04126743972301483, -1.3037114143371582, 1.611734390258789, -0.20277617871761322, -1.9470726251602173, 0.5597790479660034, 2.2121660709381104, 1.324460744857788, -0.05150359869003296, -0.15987646579742432, 0.13139548897743225, -1.303767204284668, 1.19491446018219, 0.8779832124710083, -1.1136544942855835, -1.7621653079986572, -0.8632467985153198, 1.1270782947540283, 0.4861792325973511, -1.8268320560455322, -0.7987884283065796, 3.193528652191162, -0.8147773146629333, -1.5330700874328613, -0.21701231598854065, -0.7822850942611694, 1.2059763669967651, -2.2424912452697754, 1.5676743984222412, 1.3360213041305542, -0.6678551435470581, -0.7648031711578369, 2.235215663909912, -0.421724796295166, -0.3253258466720581, 0.45304074883461, -0.5744136571884155, 0.42965614795684814, 1.4900503158569336, -0.9617458581924438, 0.21159358322620392, 0.5219706296920776, 2.283790111541748, -0.553399920463562, -0.42911237478256226, -0.1486225426197052, -2.307990312576294, -1.8150986433029175, 2.028769016265869, -1.4458200931549072, -2.0587592124938965, -1.7105841636657715, -0.20955124497413635, 0.9985487461090088, -0.2894480228424072, -0.29377439618110657, 1.4161988496780396, 0.5297728180885315, 1.4583189487457275, 2.2431037425994873, -0.5205848217010498, 0.7706987857818604, -0.0159866064786911, -1.6031454801559448, -1.4778075218200684, 1.2086882591247559, -1.6907035112380981, -1.0234394073486328, 0.3720407783985138, -1.8354686498641968, 0.0313437283039093, -2.507143497467041, 0.9510486125946045, -0.570128321647644, -1.379597783088684, -1.5470870733261108, 1.0146245956420898, 0.12762603163719177, 0.8893185257911682, 0.2435895800590515, -0.6724753379821777, 1.3571021556854248, 2.067619800567627, -1.624424695968628, -2.1124086380004883, -0.714962363243103, -1.0095728635787964, 1.0728000402450562, -2.6380133628845215, 2.2704436779022217, 2.6036431789398193, -0.17902721464633942, 0.2664012908935547, 1.5211913585662842, -1.133388638496399, -0.6233267784118652, -0.5749486684799194, 0.5303569436073303, -0.3686879873275757, 0.9483983516693115, -1.6145275831222534, -0.5513619184494019, 1.3205777406692505, -0.6587813496589661, 0.3405887484550476, 0.18424801528453827, -0.19404050707817078, 2.193589687347412, -0.7525396347045898, 1.6853954792022705, -0.6399692893028259, 1.2064499855041504, 1.3598670959472656, 2.036973476409912, 2.0049731731414795, 0.4712429940700531, -1.585174798965454, -0.06473152339458466, 1.8943616151809692, -0.357535183429718, -0.6469753384590149, -0.6412826180458069, -0.31799256801605225, -1.2888031005859375, -0.9845548868179321, 0.538922905921936, -0.5363761186599731, 0.5875763893127441, 1.1823961734771729, -1.626713514328003, 1.9484912157058716, -1.1579742431640625, 0.6078048944473267, 0.08709979802370071, -2.9807815551757812, 0.9776337146759033, -0.9929788708686829]",1,0.0
114,9606.ENSP00000482543,"[1.417273998260498, 1.0527536869049072, -0.14905309677124023, 0.6863075494766235, -0.14292526245117188, 0.45157700777053833, 0.4769009053707123, -0.11579099297523499, -1.841316819190979, -0.2233198583126068, 2.085686206817627, -1.496048092842102, -1.1964242458343506, 1.8202261924743652, -0.5223771929740906, -1.6347479820251465, 1.039891004562378, 1.982071042060852, 0.8483914732933044, 1.0947529077529907, -1.8069719076156616, 0.12014923989772797, -0.5691022276878357, 0.023310750722885132, -1.0589362382888794, -0.7406327128410339, 1.675955057144165, 1.236642837524414, 1.824702501296997, -1.1886415481567383, -0.2214750051498413, -1.58056640625, -0.08534485101699829, -0.26555901765823364, 2.6892528533935547, -1.5121248960494995, 1.9683890342712402, -1.7609798908233643, 0.18351402878761292, -1.958483338356018, -0.9225250482559204, 0.35049062967300415, -0.7053323984146118, -0.3171393871307373, -0.34651851654052734, -1.0581016540527344, 1.5318892002105713, -0.6304118037223816, -1.5528727769851685, 0.8901863098144531, 1.3484978675842285, 1.3798235654830933, 0.5554717779159546, 0.6102168560028076, -2.0090596675872803, -0.019342035055160522, 1.6304893493652344, -0.7544313669204712, 3.2616729736328125, -2.4261388778686523, -1.8232077360153198, 0.221466526389122, 0.7244910597801208, -0.22118091583251953, -1.649352788925171, 1.2943971157073975, 0.011585861444473267, -1.807567834854126, 0.3548842668533325, 2.0419633388519287, 1.6795545816421509, -0.4824238717556, 0.0800865963101387, 0.0029784739017486572, -0.9650714993476868, 1.8763551712036133, 1.1876085996627808, -0.8742650747299194, -2.306924819946289, -0.6187177300453186, 0.9085533618927002, 0.1754884570837021, -2.0481691360473633, -1.1026363372802734, 3.520043134689331, -0.9547370672225952, -1.2115226984024048, -0.503381609916687, -0.4846210181713104, 1.417812705039978, -2.573439598083496, 1.8446252346038818, 1.6761878728866577, -0.2824309766292572, -1.019565224647522, 1.902971625328064, -0.002728283405303955, -0.685954213142395, 0.17655807733535767, -0.37617796659469604, 0.8747386336326599, 1.1593111753463745, -1.251785397529602, -0.01509702205657959, 0.1700209677219391, 1.9948599338531494, -0.40393611788749695, -0.1499410718679428, -0.09008589386940002, -2.715355634689331, -1.6762787103652954, 2.1830625534057617, -0.9018822908401489, -1.7844557762145996, -2.095754861831665, -0.5097905397415161, 1.1346324682235718, -0.11352932453155518, -0.6349408626556396, 1.697243571281433, 0.14287956058979034, 1.7550842761993408, 2.5747551918029785, -0.2575782835483551, 1.0162250995635986, -0.33241310715675354, -1.3513236045837402, -1.6283828020095825, 0.9226738810539246, -1.1854881048202515, -0.7784931063652039, 0.6748381853103638, -2.190666675567627, -0.34950315952301025, -2.6113967895507812, 0.6410953998565674, -0.9863355159759521, -1.6445895433425903, -1.370352864265442, 0.9240099191665649, 0.4674831032752991, 0.603583037853241, -0.14188998937606812, -0.9187899827957153, 1.1224079132080078, 1.9841022491455078, -1.434938907623291, -2.4611339569091797, -1.0003011226654053, -0.49848824739456177, 1.011366605758667, -2.250328540802002, 2.623291254043579, 2.2855544090270996, -0.3834308981895447, 0.5685891509056091, 1.3399040699005127, -0.9094445705413818, -0.28000321984291077, -0.12730634212493896, 0.2696825861930847, -0.5947254300117493, 1.1346795558929443, -2.010176658630371, -0.3945367932319641, 1.6154601573944092, -0.41493481397628784, 0.11569611728191376, -0.044653937220573425, 0.19018791615962982, 2.5689542293548584, -0.3840155601501465, 1.4153838157653809, -0.9737995266914368, 0.7986100316047668, 1.689759612083435, 2.2058589458465576, 1.853518009185791, 0.05744445323944092, -1.409557819366455, 0.20998263359069824, 2.201192855834961, -0.6741389632225037, -1.0504541397094727, -0.9970488548278809, -0.5780019760131836, -1.053195834159851, -1.3114728927612305, 0.8370188474655151, -0.2413267344236374, 0.6875379085540771, 1.4232767820358276, -1.9377899169921875, 1.7018393278121948, -0.7586264610290527, 0.18205876648426056, -0.32525235414505005, -3.1468725204467773, 1.0256669521331787, -0.7479114532470703]",1,25.0
115,9606.ENSP00000407336,"[1.123718023300171, 1.0762841701507568, -0.2390873283147812, 0.5974669456481934, -0.3039379417896271, 0.5932763814926147, 0.8114591836929321, -0.9529736638069153, -1.3601760864257812, -0.2509502172470093, 1.5113368034362793, -1.3056344985961914, -1.1413109302520752, 1.7099511623382568, -0.5666279792785645, -0.9524699449539185, 1.0613281726837158, 1.323521614074707, 0.8417253494262695, 0.9327092170715332, -1.8815124034881592, 0.1021866649389267, -0.06703203916549683, 0.47050905227661133, -0.6505661010742188, -0.015972942113876343, 1.11991286277771, 1.0888482332229614, 1.8304890394210815, -0.6881343722343445, -0.3186318278312683, -1.5153762102127075, -0.5953932404518127, -0.4857088327407837, 1.90067720413208, -2.2063965797424316, 1.8268964290618896, -1.8401485681533813, 0.2914184629917145, -1.210498571395874, -0.734976053237915, -0.109415203332901, 0.051471248269081116, 0.1830199956893921, 0.09757018089294434, -0.8030261993408203, 0.9325462579727173, -0.6243789792060852, -0.7863104939460754, 0.9125484228134155, 1.618451476097107, 1.7292283773422241, 1.040350317955017, 0.9585095643997192, -1.715935468673706, -0.5062836408615112, 1.9720505475997925, -0.8527604937553406, 2.642578125, -1.5848603248596191, -1.6303126811981201, -0.2412222921848297, 0.9656740427017212, -0.0007680058479309082, -1.5059430599212646, 1.209236979484558, -0.09790436923503876, -1.504710078239441, 0.48201626539230347, 1.8482147455215454, 0.9403019547462463, -0.3753302991390228, 0.06710720807313919, -0.0816170871257782, -0.9357301592826843, 0.7737084031105042, 0.6017577648162842, -0.7447519898414612, -1.3581018447875977, -0.6947044134140015, 0.6215063333511353, 0.020609155297279358, -1.5064918994903564, -1.0219581127166748, 2.7974400520324707, -0.46177005767822266, -1.0978256464004517, 0.18654774129390717, -0.462267130613327, 1.0057138204574585, -1.7695974111557007, 1.2271456718444824, 0.8630543947219849, -0.22289010882377625, -0.440064936876297, 1.78305184841156, -0.06716941297054291, -0.650235652923584, 0.32807329297065735, -0.43413156270980835, 0.7302005887031555, 1.0044448375701904, -0.5387874841690063, 0.3796238303184509, 0.26231980323791504, 2.4812748432159424, -0.46466386318206787, -0.14755497872829437, -0.6178929805755615, -2.0693767070770264, -1.7979936599731445, 1.4367032051086426, -1.2353532314300537, -1.6990762948989868, -1.2745410203933716, -0.5953470468521118, 1.2207186222076416, 0.10058540105819702, 0.22187241911888123, 1.013124704360962, 0.17664314806461334, 1.115065336227417, 1.7872045040130615, -0.5773105621337891, 0.4079062342643738, -0.43930041790008545, -1.188198447227478, -0.978263258934021, 0.8757364153862, -1.2160319089889526, -0.7203940153121948, 0.0023941844701766968, -1.523386001586914, 0.2838042676448822, -2.0705153942108154, 0.5611382126808167, -0.3655262887477875, -1.0273804664611816, -1.255715012550354, 0.8711336851119995, -0.29407620429992676, 0.5361613035202026, 0.3609372079372406, -0.2607872784137726, 1.5637757778167725, 1.6703262329101562, -1.8306334018707275, -1.4405720233917236, -0.3552720546722412, -0.6136165857315063, 0.7315360903739929, -2.1604154109954834, 1.9913822412490845, 2.197553873062134, -0.37260353565216064, 0.4951847791671753, 1.15626060962677, -0.7879190444946289, -0.5541900992393494, -0.705541729927063, 0.11878316104412079, -0.11330050230026245, 1.1774706840515137, -1.2014213800430298, -0.5590234398841858, 1.2587815523147583, -0.3212766647338867, -0.019618183374404907, 0.03481225669384003, 0.2643470764160156, 2.2854325771331787, -0.3626686930656433, 1.2970342636108398, -0.6598042845726013, 0.6809023022651672, 0.9528127908706665, 1.6231050491333008, 2.124876022338867, 0.12134149670600891, -1.2055468559265137, 0.06159764528274536, 1.435744285583496, -0.7064717411994934, -0.5512023568153381, -0.3040441870689392, -0.4643518626689911, -1.0497685670852661, -1.083754539489746, 0.7991266250610352, -0.8082982301712036, 0.7888234853744507, 0.8627477884292603, -1.2435355186462402, 1.5423775911331177, -0.6565419435501099, 0.35518980026245117, 0.318826287984848, -2.41953444480896, 0.6813161373138428, -0.9094176292419434]",1,78.0
116,9606.ENSP00000389160,"[1.0876681804656982, 0.6483991742134094, -0.34458479285240173, 0.2644098103046417, -0.5101757049560547, -0.2779776453971863, 0.5690205097198486, -0.9817036986351013, -1.1761314868927002, -0.05887141823768616, 1.2529349327087402, -0.8028392791748047, -0.6766698360443115, 1.2482796907424927, -0.529057502746582, -0.8221951723098755, 0.7222801446914673, 1.1038795709609985, 0.9508967995643616, 1.1133216619491577, -1.0716966390609741, -0.41529014706611633, 0.5789888501167297, 1.0398486852645874, -0.5805035829544067, 0.1084669679403305, 1.185140609741211, 0.7025963068008423, 1.3325105905532837, -0.04863080382347107, -0.4717848300933838, -0.8729076981544495, -0.5617318749427795, -0.5776171684265137, 1.45346999168396, -1.9416154623031616, 1.2296041250228882, -1.3706187009811401, -0.07801118493080139, -1.5015748739242554, -1.094162940979004, 0.09081652760505676, -0.1018441766500473, -0.25659090280532837, -0.023204684257507324, -0.5736193656921387, 0.570490837097168, -0.35699892044067383, -0.73599773645401, 0.6152932643890381, 1.2252801656723022, 1.6625431776046753, 1.0454020500183105, 0.48828819394111633, -1.1083720922470093, -0.40242287516593933, 1.8431243896484375, -0.5422673225402832, 1.8039989471435547, -1.1262215375900269, -2.1102230548858643, -0.06088203191757202, 0.6278641223907471, -0.5029920339584351, -0.8172671794891357, 1.3185197114944458, -0.5922497510910034, -1.2234619855880737, 0.14472922682762146, 1.4873186349868774, 0.2516043782234192, -0.0860191285610199, -0.2940905690193176, -0.30605706572532654, -1.0232362747192383, 0.6753010749816895, 0.6899864673614502, -1.085121750831604, -1.2126339673995972, -0.7139887809753418, 0.4192391633987427, 0.27601271867752075, -0.9646564722061157, -0.5412799715995789, 1.8626930713653564, -0.4169745445251465, -0.37540921568870544, 0.2817502021789551, -0.5609912872314453, 0.3592292070388794, -1.3258435726165771, 1.3237183094024658, 1.0798190832138062, 0.16933903098106384, -0.5357996225357056, 1.890544056892395, 0.013975799083709717, -0.6178551316261292, 0.6353195905685425, -0.32306089997291565, 0.6803791522979736, 1.0385932922363281, -0.3556307256221771, 0.4058973789215088, 0.37759149074554443, 1.8419026136398315, 0.14108198881149292, 0.021867722272872925, -0.02070826292037964, -2.1314430236816406, -1.1906479597091675, 0.9083701968193054, -1.2709788084030151, -1.158743977546692, -1.1490908861160278, 0.06591513752937317, 1.5596188306808472, -0.2619307041168213, 0.0775727927684784, 1.0742862224578857, 0.22342200577259064, 0.7937541007995605, 1.754479169845581, -0.42282798886299133, -0.44846320152282715, 0.0510016530752182, -1.0836412906646729, -0.8259050846099854, 0.32110196352005005, -1.1512752771377563, -0.27177879214286804, 0.061691805720329285, -1.145002841949463, 0.1035412847995758, -2.1559393405914307, 0.3267907202243805, -0.10335837304592133, -0.9235258102416992, -1.0261890888214111, 0.331167995929718, -0.03730118274688721, 0.8962680697441101, 0.3601078689098358, -0.42419514060020447, 1.5535364151000977, 1.283437728881836, -1.6467149257659912, -1.5124855041503906, -0.3634184002876282, -0.8562061786651611, 1.0993132591247559, -1.661486029624939, 1.3434418439865112, 1.7957178354263306, -0.7705560922622681, -0.10536527633666992, 0.6902706623077393, -0.9472774267196655, -0.337072491645813, -0.9188120365142822, 0.4728681445121765, -0.4218637943267822, 0.5415610671043396, -1.0585908889770508, -0.6808394193649292, 0.9045369625091553, 0.1471472531557083, 0.32390671968460083, -0.4608098864555359, 0.3508288860321045, 1.7474417686462402, -0.2168504297733307, 1.0692059993743896, -0.1272907257080078, 1.0771093368530273, 0.6126648187637329, 1.2160451412200928, 2.3082780838012695, -0.35067513585090637, -0.8242127299308777, 0.3862975835800171, 1.531061053276062, -0.7726059556007385, 0.014432281255722046, -0.18403825163841248, -0.3695281445980072, -1.1576800346374512, -0.7124093770980835, 0.7363296747207642, -0.4459851384162903, 1.0365509986877441, 1.3618206977844238, -1.4473967552185059, 1.4724141359329224, -1.3745373487472534, 0.6979254484176636, 0.4115481972694397, -1.8039337396621704, 0.7754726409912109, -1.3767199516296387]",1,117.0
117,9606.ENSP00000418803,"[0.8373993039131165, 0.13522112369537354, 0.5498623251914978, 0.2163369208574295, 0.28393054008483887, 0.19584253430366516, -0.3579238951206207, -0.11511075496673584, -1.0412392616271973, 0.8135054111480713, 1.0442702770233154, -0.6558640599250793, 0.5912766456604004, 0.30099523067474365, 0.18529671430587769, -0.4494464099407196, 0.5538440942764282, 0.7449392676353455, 0.45469093322753906, -0.2351681888103485, -1.0777993202209473, -0.2046707570552826, 0.4207058548927307, 0.9022055864334106, -0.7989848256111145, -0.7186980247497559, 0.6457915306091309, -0.11502762138843536, 1.224638819694519, -0.6884651184082031, -0.9078611135482788, -0.5511206388473511, -0.4644489288330078, -1.0699899196624756, 0.5722335577011108, -1.220665454864502, 0.23188519477844238, -0.9907994866371155, -0.7883381843566895, -1.1374155282974243, -1.003124475479126, 0.37707459926605225, -0.5737332105636597, -0.19969427585601807, -0.12849780917167664, -0.534400999546051, 0.3640543222427368, 0.6211088299751282, -0.5303083658218384, -0.33368194103240967, 0.6192383170127869, 0.5459898710250854, 0.027193695306777954, -0.010809555649757385, 0.43010926246643066, 0.052563175559043884, 0.15536631643772125, -0.09662291407585144, 1.2670695781707764, -1.1100263595581055, -1.1248408555984497, 0.6134049296379089, 0.6087707281112671, -0.46155083179473877, 0.5490456819534302, 1.1274348497390747, 0.7383031249046326, -0.914577841758728, 0.8235543966293335, 1.1759307384490967, 0.3867935836315155, 0.4669211506843567, -0.22029262781143188, 0.8080347776412964, -0.9742613434791565, 0.3623127341270447, 0.9013105034828186, -1.257415771484375, -0.7615002989768982, -0.5181214809417725, 0.026630274951457977, 1.1446611881256104, -1.2913098335266113, -0.154607355594635, 0.35587823390960693, 0.3937777280807495, -0.6541866064071655, 0.5929169654846191, -1.265367031097412, -0.6018497943878174, -1.17795991897583, 1.3768508434295654, 1.1545238494873047, 0.49226176738739014, -0.5156136751174927, 1.1319489479064941, -1.0567706823349, 0.30774223804473877, 1.1488152742385864, -0.3755529820919037, 0.20944440364837646, 1.2098126411437988, -1.2217210531234741, 0.5022986531257629, 1.085272192955017, 1.0792558193206787, 0.4338851869106293, -0.2864355742931366, 0.47940972447395325, -1.0864768028259277, 0.11265143752098083, 1.0742359161376953, -1.1018872261047363, -0.6599392890930176, -1.1486232280731201, 0.6046291589736938, 0.4553283751010895, -0.5367658138275146, 0.34026241302490234, -0.07079492509365082, 0.897052526473999, 0.18081745505332947, 1.0353955030441284, 0.06643444299697876, -0.8404222726821899, 0.7310608625411987, -0.38276034593582153, -1.0778883695602417, 1.1606172323226929, -1.0649019479751587, 0.3580748438835144, 0.4334171414375305, -0.89781254529953, -0.3641476631164551, -0.6588255763053894, 0.48891767859458923, -0.2574303150177002, -0.8703770637512207, -0.4813027083873749, 0.36887139081954956, 1.113034725189209, 0.5062742233276367, 0.9509246349334717, -0.8189795613288879, 1.1522825956344604, 1.050492286682129, -1.1100139617919922, -1.422494888305664, 0.33552753925323486, -0.5262130498886108, 0.903064489364624, -0.9567164182662964, 0.2529603838920593, 1.3394829034805298, -0.5559688806533813, 0.6069799065589905, -0.31335219740867615, -1.0941755771636963, -0.7400263547897339, -0.422244668006897, 0.9020241498947144, -0.9348324537277222, 0.12371747195720673, -0.6153320074081421, -0.7166526913642883, 0.47037380933761597, -0.3633156418800354, 0.2867108881473541, -0.7931488156318665, -0.02556973695755005, 0.39772647619247437, 0.6018838882446289, 1.0013453960418701, 0.14534908533096313, 0.9157296419143677, 0.05963309109210968, 1.1846485137939453, 0.4765293300151825, 0.4525746703147888, -1.0610384941101074, 1.159869909286499, 0.8431330919265747, 0.24575427174568176, -0.10679952800273895, -0.13528405129909515, 0.015653036534786224, -0.9361667633056641, -0.3855556547641754, 0.3705126643180847, -0.5391951203346252, 0.618303656578064, 0.2913546562194824, -0.9031158685684204, 1.0550401210784912, -0.5303762555122375, 0.36750328540802, 0.6180949807167053, -1.2881890535354614, 0.9468061923980713, -1.332627296447754]",1,130.0
118,9606.ENSP00000354665,"[0.1718987077474594, 0.5342533588409424, 0.7291989326477051, -0.7460327744483948, 0.518836259841919, -0.2371196150779724, 0.9246988296508789, -0.760826587677002, -0.5119011402130127, -1.1924567222595215, 1.8277461528778076, -0.6162317991256714, -0.7635859847068787, 2.5046191215515137, -0.8796576857566833, -0.88364577293396, 1.4173920154571533, 0.926912784576416, -0.36030054092407227, 0.8584001064300537, -0.476509153842926, -0.13217033445835114, -0.10455986857414246, 0.2944648861885071, 0.739251434803009, -0.8488194346427917, 1.9539376497268677, 1.2928476333618164, 1.8163491487503052, -1.094326376914978, 1.0621501207351685, -2.426154613494873, -1.813594937324524, 0.8521432876586914, 2.2260875701904297, -1.5204423666000366, 1.7075035572052002, -0.28974878787994385, -0.8630542755126953, -0.6656174659729004, -0.3098798990249634, -0.021840333938598633, -0.18450284004211426, 0.39657413959503174, 1.4615570306777954, -1.747539758682251, 0.3964460492134094, -0.577749490737915, -1.0720493793487549, 0.8274869918823242, 0.41062209010124207, 2.084101676940918, 1.8154023885726929, 1.552614688873291, -2.635254383087158, -0.05478048324584961, 2.314934253692627, -0.1322004497051239, 3.2613720893859863, -1.018656611442566, -0.9875727891921997, -0.31254029273986816, 0.32863640785217285, 0.7515972256660461, -0.892351508140564, -0.42466050386428833, 0.35631775856018066, -1.1944606304168701, -0.4215066730976105, 1.7033536434173584, 0.7907391786575317, 0.16957303881645203, 0.39213481545448303, 0.5476455092430115, -0.023716747760772705, 1.5236912965774536, 0.09345826506614685, 0.3296003043651581, -1.448845624923706, -0.7724149227142334, 1.6145027875900269, -0.06348605453968048, -1.4477438926696777, -0.542669415473938, 3.2904818058013916, 0.11444160342216492, 0.15934163331985474, -0.9188095927238464, -0.6433228850364685, 1.4567257165908813, -1.0925571918487549, 1.0846127271652222, 1.495339274406433, 0.7613489627838135, -0.3173070251941681, 1.7341482639312744, -1.0938773155212402, -1.3509479761123657, 0.7637501358985901, 0.9974204301834106, 1.78261399269104, 0.7620970010757446, -0.5892570614814758, 0.35573166608810425, 0.1619638204574585, 1.4078541994094849, 1.1042022705078125, -0.07528747618198395, -0.1471324861049652, -2.3122687339782715, -1.6365290880203247, -0.08908289670944214, -0.4540311396121979, -1.0295164585113525, -0.6721600294113159, -1.1785963773727417, 0.649712324142456, 0.13734713196754456, 0.08795741200447083, 1.1781682968139648, -0.3325052261352539, 1.6212421655654907, 0.547795295715332, 0.0559653639793396, 0.905702531337738, -0.17049646377563477, 0.19385112822055817, -0.8599750399589539, 0.8240259289741516, -0.024395883083343506, -1.5978648662567139, -0.08059215545654297, -1.6676234006881714, 0.20618684589862823, -2.4622251987457275, -0.08625190705060959, 0.442762553691864, -0.8021559119224548, -1.5582828521728516, 0.3952791094779968, 0.8031343221664429, 0.24278220534324646, -1.19123113155365, -1.0127432346343994, 0.44762688875198364, 0.657005786895752, -1.9849509000778198, -2.297278881072998, -0.4885692596435547, -0.5633276700973511, -0.0679122656583786, -1.3915163278579712, 3.3959081172943115, 1.1533164978027344, 0.6894332766532898, 1.4902007579803467, 1.0257437229156494, 0.17815372347831726, 0.6238345503807068, 0.38589492440223694, 0.3997519612312317, -0.9659959077835083, 1.9305095672607422, -1.0262837409973145, -0.46817928552627563, 0.30218765139579773, 0.5329984426498413, 0.0066422224044799805, 0.023552924394607544, 1.3095216751098633, 3.1802070140838623, 0.5623396635055542, 0.04945869743824005, -0.02232302725315094, -0.8376408219337463, 0.5471922755241394, 0.6644549369812012, 1.0350043773651123, -1.2486785650253296, -1.5381078720092773, 1.253122091293335, 0.9495285749435425, -1.3490958213806152, -1.6251533031463623, 0.1776830106973648, -0.43640032410621643, 0.09032440185546875, -0.679358959197998, 1.5274922847747803, -1.0562553405761719, 0.5271053314208984, 1.192036747932434, -0.8377227187156677, 1.6856119632720947, 0.06441652774810791, -1.1120173931121826, 0.05353830009698868, -2.713254928588867, 1.2163951396942139, -0.11472561955451965]",1,90.0
119,9606.ENSP00000340278,"[8.895673751831055, 1.1290329694747925, 8.801740646362305, 4.661477565765381, -7.052160739898682, 1.0073673725128174, 4.623322010040283, 10.246503829956055, -0.7878709435462952, -0.7475317716598511, 10.98013687133789, -2.717519760131836, -8.133392333984375, -3.576871871948242, -4.80025053024292, -2.5400936603546143, -7.7458271980285645, 3.8863115310668945, -0.9434899687767029, 0.030308902263641357, 5.220038414001465, -6.696738243103027, -12.514893531799316, -9.605395317077637, -3.1479408740997314, -14.630427360534668, -5.2082743644714355, 4.336981296539307, -6.51865291595459, -15.402508735656738, 2.814268112182617, -3.9126033782958984, -12.11489486694336, 16.309772491455078, 14.51844596862793, -6.161684513092041, -1.390287160873413, -1.1723666191101074, -10.603169441223145, 1.8304213285446167, -8.625171661376953, -18.852779388427734, -12.949525833129883, 3.4685139656066895, 17.34744644165039, -7.41412878036499, 16.466838836669922, -9.244556427001953, -10.259968757629395, -6.728014945983887, 3.0750820636749268, 12.764142990112305, 16.519817352294922, 14.408184051513672, -7.111473083496094, -6.5738911628723145, 6.579098701477051, -1.9458906650543213, 9.31014347076416, -4.050351619720459, -11.760339736938477, 0.19266188144683838, 3.3557822704315186, 4.633267402648926, -3.6147823333740234, -2.8722314834594727, 7.078808307647705, -15.906481742858887, -8.183423042297363, -2.4787979125976562, 3.843609571456909, -4.854900360107422, 10.008567810058594, -9.237105369567871, 3.4118587970733643, 8.45697021484375, -1.8911579847335815, 4.5580339431762695, -9.749456405639648, -3.5106234550476074, 8.955872535705566, 2.5185608863830566, -12.398356437683105, -16.68196678161621, 18.1254940032959, 10.196114540100098, 8.222006797790527, -5.060132026672363, 0.6393923163414001, 12.625743865966797, -12.297475814819336, 9.26623821258545, 8.803542137145996, 6.205869197845459, -0.15849512815475464, 7.993082523345947, 1.7120842933654785, -5.480240345001221, 11.00733757019043, 6.241316795349121, 9.986398696899414, 7.175342559814453, -9.866290092468262, 13.20302963256836, -0.6584945917129517, 0.4309841990470886, 0.3420943319797516, 3.4259276390075684, 1.7893487215042114, -4.096887111663818, -10.04074478149414, -3.5897791385650635, 3.852810859680176, -4.737678527832031, -3.613212823867798, -1.9376264810562134, 3.7036733627319336, -9.073969841003418, 5.946788787841797, 9.10285758972168, 12.688180923461914, -8.010944366455078, -9.870264053344727, -7.498764991760254, 11.4636869430542, -5.962730407714844, 1.6637040376663208, 3.053987979888916, 7.817927360534668, 4.003828048706055, 18.29412841796875, -1.876260757446289, -1.167465090751648, -7.684595108032227, -18.660152435302734, -0.3410712480545044, 4.941650390625, -18.08465576171875, -1.0490219593048096, 1.4883546829223633, 15.580856323242188, -5.269145488739014, 0.8609443306922913, -14.23776912689209, 13.269956588745117, 3.537513017654419, -9.100629806518555, -5.197481632232666, 13.392748832702637, 4.419824123382568, -10.596029281616211, 4.345990180969238, 0.10594312846660614, -6.8579864501953125, -4.963354587554932, 8.760465621948242, -4.144260883331299, 2.40828800201416, 11.215729713439941, 14.23968505859375, -5.29147481918335, 2.4205644130706787, 7.972234725952148, -8.233323097229004, 18.72319793701172, 1.3323184251785278, 3.382122039794922, -7.612735271453857, 6.650162696838379, 13.788385391235352, 9.3191556930542, -22.20215606689453, -4.845787048339844, 3.4044995307922363, -14.883431434631348, -3.0637264251708984, -0.24018914997577667, 8.466717720031738, 1.7598270177841187, 1.0733792781829834, 5.956752777099609, 11.027449607849121, -11.73829460144043, -21.546649932861328, -5.994100093841553, -12.573941230773926, 10.32498550415039, -4.451315879821777, 4.8431196212768555, -10.959482192993164, 2.8709468841552734, -2.6766018867492676, -18.00727653503418, 9.571026802062988, 14.603163719177246, -8.348734855651855, -14.02879524230957, -4.085400581359863, 5.897050857543945, -4.853555202484131]",1,145.0
120,9606.ENSP00000330737,"[1.8602317571640015, 1.5977318286895752, 0.17851302027702332, 0.3358454406261444, -0.629336416721344, 0.7709798216819763, 1.0568913221359253, -0.36305058002471924, -1.291436791419983, -0.44658443331718445, 2.1297242641448975, -1.5626877546310425, -0.6011936068534851, 1.6946927309036255, -0.975258469581604, -0.9868025779724121, 1.102103352546692, 1.4755966663360596, 0.7631011009216309, 1.7856992483139038, -1.093910574913025, -0.4332282245159149, -0.08926689624786377, 0.3920280635356903, -0.9331094026565552, 0.04294244945049286, 2.1115009784698486, 1.8681856393814087, 1.6970969438552856, -1.248429536819458, 0.009305626153945923, -1.821050763130188, -0.4240596890449524, -0.236235573887825, 2.8457789421081543, -2.106929063796997, 1.9762458801269531, -1.9132922887802124, -0.17655038833618164, -1.6300073862075806, -0.7435234785079956, 0.23827536404132843, -0.7255160808563232, 0.27129387855529785, -0.5438746213912964, -1.2100828886032104, 1.441735029220581, -0.6148141026496887, -1.49568772315979, 0.895882248878479, 1.8115469217300415, 1.9960018396377563, 1.115776538848877, 0.5861072540283203, -1.7178133726119995, -0.6026613712310791, 2.1030635833740234, -0.28853774070739746, 3.2585408687591553, -2.39329195022583, -2.406081199645996, 0.47660747170448303, 1.366871953010559, -0.348565012216568, -1.3427132368087769, 1.1931536197662354, 0.15636906027793884, -1.735108733177185, 0.12684646248817444, 1.716437816619873, 1.1618363857269287, -1.0842819213867188, 0.3126063644886017, -1.106154203414917, -1.082604169845581, 2.1098883152008057, 1.24056875705719, -0.7552999258041382, -2.325129985809326, 0.02302030473947525, 0.09403787553310394, 0.3218502998352051, -1.4112377166748047, -1.1958439350128174, 2.840132236480713, -0.9709756970405579, -1.2324984073638916, -0.31609901785850525, -0.5569636821746826, 1.2818996906280518, -2.3731632232666016, 2.233215570449829, 1.7809408903121948, 0.20203897356987, -1.160548448562622, 1.871356725692749, -0.20276440680027008, -0.9500875473022461, 0.12357330322265625, -0.10148173570632935, 1.2007596492767334, 0.9925975799560547, -1.1214252710342407, 0.1064106673002243, 0.29419440031051636, 2.420959949493408, -0.6340148448944092, 0.03839728236198425, -0.14806661009788513, -2.9473235607147217, -1.8420515060424805, 1.9394619464874268, -1.1213282346725464, -1.8385049104690552, -2.1178107261657715, -0.37921226024627686, 1.69880211353302, -0.3239504098892212, 0.21556279063224792, 1.7486706972122192, -0.36505067348480225, 1.7657519578933716, 2.5696053504943848, -0.5165560245513916, -0.07194431126117706, -0.44971024990081787, -1.3354763984680176, -1.5019692182540894, 1.0569393634796143, -0.6415061950683594, 0.00915159285068512, -0.0019652992486953735, -2.2951903343200684, -0.010424166917800903, -1.7717983722686768, 0.8625131845474243, -0.9377506971359253, -1.7952409982681274, -0.9472888708114624, 0.15480145812034607, 0.20659631490707397, 0.17830082774162292, 0.42989060282707214, -1.0835789442062378, 1.9010398387908936, 1.1707868576049805, -1.997429609298706, -1.6414451599121094, -0.7508984804153442, -0.13408856093883514, 1.4126050472259521, -1.7462602853775024, 1.9879003763198853, 2.568138599395752, -0.8935598134994507, 0.3805121183395386, 1.267729640007019, -1.0697925090789795, -0.400657057762146, -0.059552133083343506, 0.1789000779390335, -0.8670835494995117, 0.6115225553512573, -1.8107746839523315, -0.7326805591583252, 1.8270210027694702, 0.21126826107501984, 0.17101097106933594, -0.0607866495847702, 0.3116135001182556, 2.8687710762023926, -0.13981938362121582, 1.777341365814209, -1.295896291732788, 0.5130358338356018, 1.8373353481292725, 2.020416736602783, 2.577733039855957, 0.17712190747261047, -1.49300217628479, 0.5529961585998535, 2.1050872802734375, -1.2506518363952637, -1.1146628856658936, -1.288448452949524, -0.4078127443790436, -1.1403427124023438, -0.8076589107513428, 1.7433182001113892, -0.7368745803833008, 1.7080200910568237, 1.0595028400421143, -2.1913251876831055, 0.999604344367981, -0.10553035140037537, 0.0005542933940887451, 0.20016208291053772, -3.114940881729126, 1.2826825380325317, -1.0617791414260864]",1,91.0
121,9606.ENSP00000327268,"[0.8557409048080444, 2.557695150375366, 0.302890419960022, 0.4890892505645752, -1.8601174354553223, 1.5505976676940918, 1.2743403911590576, -1.41421377658844, -1.3981196880340576, -0.3605719804763794, 1.366408109664917, -1.6502652168273926, -2.5186829566955566, 1.915753722190857, -0.6984352469444275, -1.562867283821106, 2.102908134460449, 1.0010840892791748, 1.0592024326324463, 0.46497711539268494, -2.3304526805877686, -0.06957539916038513, -0.38475775718688965, -0.7069176435470581, -1.8384555578231812, -0.43283864855766296, 0.930870771408081, 0.8342586755752563, 2.105558156967163, -1.1559104919433594, -1.2338107824325562, -1.1588923931121826, -1.5951573848724365, -0.5094685554504395, 1.99338960647583, -1.9344912767410278, 2.147390365600586, -1.196699619293213, 0.9684863090515137, -1.7939655780792236, -0.5460841655731201, -0.45944687724113464, 0.4324175715446472, 1.2138508558273315, 0.30061405897140503, -2.710031032562256, 0.7487298250198364, -1.7497504949569702, -0.2526508569717407, 0.6429809331893921, 0.8234448432922363, 0.9700376391410828, 0.9023622274398804, 1.0776315927505493, -2.063697576522827, 0.09740597009658813, 0.887251615524292, -1.3256678581237793, 1.2863589525222778, -1.7084076404571533, -1.3862760066986084, -0.18287037312984467, 1.9745683670043945, 0.8441886901855469, -1.875387191772461, 1.208435297012329, 0.44519221782684326, -1.3329695463180542, 0.26831552386283875, 1.9694290161132812, 0.6579052805900574, -2.284815788269043, 1.7466918230056763, -0.2849636971950531, -1.6508122682571411, 1.213605523109436, -0.3559403717517853, -1.0448229312896729, -2.2738211154937744, -0.7250531911849976, 1.2848094701766968, 0.5851089954376221, -1.5901522636413574, -1.5995570421218872, 2.5803675651550293, 0.13479559123516083, -0.8969810009002686, 1.2632181644439697, -1.366605281829834, 1.9494524002075195, -2.8731026649475098, 1.1555256843566895, 0.5649714469909668, -0.8908910751342773, 0.5263190269470215, 2.0577378273010254, -0.13071677088737488, -0.08916932344436646, -0.20886610448360443, 0.6036076545715332, 1.1998909711837769, 0.9763621091842651, -1.2552930116653442, -0.017326608300209045, 0.12033224105834961, 1.825364351272583, -1.5883464813232422, -1.6944531202316284, -0.6849802732467651, -0.8650650382041931, -1.5009820461273193, 2.342747211456299, -2.3387198448181152, -1.6071323156356812, -1.3782886266708374, -1.0830574035644531, 0.5132946968078613, -0.3599502742290497, -0.8055844306945801, 0.4211711287498474, 0.8367089033126831, 0.9002653360366821, 1.7323462963104248, 0.36876392364501953, 0.7894972562789917, -0.13866853713989258, -0.14851325750350952, -0.6954684853553772, 0.2743202745914459, -2.2653679847717285, -0.36173397302627563, 0.5698681473731995, -0.856681227684021, 0.39697492122650146, -1.3657077550888062, 0.5357223749160767, -1.5462815761566162, -0.11948996782302856, -1.0864590406417847, 1.089676856994629, -1.4014842510223389, -0.08944502472877502, -0.21325594186782837, -0.5039013624191284, 2.3112103939056396, 1.465934157371521, -1.009505033493042, -0.550266444683075, -0.5559388995170593, 0.13845819234848022, 1.3187371492385864, -2.750910758972168, 1.9415221214294434, 2.3200438022613525, -0.43346571922302246, 1.4081486463546753, 1.1389658451080322, -0.34235379099845886, -0.8302485346794128, 0.5321887731552124, 0.12929506599903107, -0.8305627703666687, 2.5924901962280273, -1.6388565301895142, -1.3543492555618286, 1.722266435623169, -0.5156686305999756, -0.8048641085624695, 1.532749056816101, 0.45383360981941223, 0.7974300384521484, -0.7093169093132019, 1.4476536512374878, 0.27892324328422546, -0.9718001484870911, 1.8425419330596924, 1.979512333869934, 1.32904851436615, 0.8539559841156006, -1.7383348941802979, 0.1331271082162857, 0.9164700508117676, -1.3300659656524658, -0.971318244934082, 0.3571276068687439, -0.6446495056152344, -1.1210453510284424, 0.35867053270339966, 1.6452947854995728, -0.9511380195617676, 0.5970022678375244, 0.4936522841453552, -1.2679598331451416, 0.5475896000862122, 0.2920253872871399, 0.37566542625427246, -0.43045732378959656, -2.2200398445129395, 0.2516323924064636, -1.0004332065582275]",1,67.0
122,9606.ENSP00000315774,"[1.0928384065628052, 1.0926209688186646, 0.6787567138671875, 1.504178762435913, -0.6514514684677124, 0.9503249526023865, 1.574891448020935, -0.9197759032249451, -2.279712438583374, 0.2311318963766098, 1.7146382331848145, -2.256906747817993, -1.3142377138137817, 2.7861580848693848, -1.6414717435836792, -1.2682037353515625, 2.0706820487976074, 2.3705599308013916, 1.4304898977279663, -0.07836174964904785, -2.634521961212158, -0.5220593810081482, 0.11310833692550659, 0.05491718649864197, -1.1667667627334595, 0.269267201423645, 0.6272469162940979, 1.3520879745483398, 2.74198842048645, -0.24506288766860962, -0.6358261108398438, -1.5886281728744507, -0.639925479888916, 0.7833234071731567, 1.8671520948410034, -2.6163060665130615, 1.625200629234314, -2.003924608230591, 1.1864013671875, -2.335584878921509, -0.5039074420928955, -0.4201306104660034, -0.9291253089904785, 0.23499180376529694, 1.2176367044448853, -1.2611558437347412, 1.2313811779022217, -1.0832667350769043, -0.6745655536651611, -0.06465548276901245, 2.336027145385742, 1.2084373235702515, 0.20789846777915955, 1.2397874593734741, -1.6578375101089478, -0.8201297521591187, 1.9714921712875366, -1.4378769397735596, 2.2500195503234863, -1.2751314640045166, -1.757297158241272, 0.6850906610488892, 1.4879553318023682, 0.5088557004928589, -0.9947875738143921, 2.774505615234375, 1.0088485479354858, -1.5512434244155884, 0.2302842140197754, 2.169140338897705, 1.2994849681854248, -0.1443663239479065, 0.5029057860374451, 0.4750678539276123, -1.2130236625671387, 1.0114039182662964, 0.9309842586517334, -1.056933879852295, -1.6975607872009277, -0.8745447397232056, 1.2156851291656494, 0.3973957300186157, -1.229403018951416, -1.0164819955825806, 3.246680736541748, -0.44337567687034607, -1.3366436958312988, 0.3372807800769806, -1.7344064712524414, 0.7531009912490845, -2.6551291942596436, 1.1635007858276367, 1.048309326171875, -0.11343899369239807, -0.3430038392543793, 1.8726632595062256, -0.44928428530693054, 0.18870900571346283, -0.01840221881866455, -0.7169397473335266, -0.30757802724838257, 0.5956218242645264, 0.18399623036384583, 0.21258212625980377, 1.137480616569519, 2.7546119689941406, -0.8260526657104492, -1.236147403717041, -0.4318343997001648, -1.6501539945602417, -1.557111382484436, 2.154820203781128, -2.0397467613220215, -2.12961483001709, -1.1077886819839478, 0.6574466228485107, 0.9044202566146851, 0.6467791199684143, 0.4696044921875, 0.7523761987686157, 0.41125884652137756, 1.7965781688690186, 1.4179351329803467, 0.18837660551071167, 0.955784797668457, 0.005341812968254089, -0.2888101637363434, -1.5853271484375, 0.6330088973045349, -1.7569935321807861, -1.1315265893936157, 0.27269381284713745, -0.3618418872356415, 1.0215409994125366, -2.523893356323242, 1.502604603767395, -0.6520553231239319, -1.5027074813842773, -1.4477312564849854, 1.752271294593811, -0.5987333655357361, 0.6370497941970825, 0.6641288995742798, -0.3626932203769684, 1.796342134475708, 2.539888381958008, -1.3191463947296143, -0.6376427412033081, -0.6447204947471619, -0.7615378499031067, 1.6546416282653809, -3.5974721908569336, 1.6130428314208984, 2.908903121948242, -1.2558226585388184, 0.4265493154525757, 0.5810633897781372, -0.939281702041626, 0.12112253904342651, -1.0057871341705322, 1.2122459411621094, -0.8267050385475159, 1.6365642547607422, -0.5537195801734924, -1.1418190002441406, 2.122408151626587, -0.8792082071304321, 0.20624083280563354, -0.12377522885799408, 0.7451295852661133, 2.451598882675171, -0.24875278770923615, 1.2187811136245728, -0.636130154132843, 0.9353052973747253, 1.2715343236923218, 2.1466257572174072, 1.9049770832061768, 0.5228544473648071, -2.1275370121002197, -0.477376252412796, 1.3201704025268555, -1.1451630592346191, -1.0001940727233887, -1.282881498336792, 0.15571904182434082, -0.8599184155464172, -0.25283849239349365, -0.24828007817268372, -0.6090923547744751, -0.002951323986053467, 0.5705545544624329, -0.9094811677932739, 1.1329069137573242, -0.2846275568008423, 1.2979754209518433, 0.6801905035972595, -2.192905902862549, 1.0098227262496948, -0.7610348463058472]",1,113.0
123,9606.ENSP00000299166,"[1.4308515787124634, 0.6812020540237427, 0.038118064403533936, 0.9512229561805725, 0.027522116899490356, 0.8720099925994873, 0.7918145656585693, -0.4927731156349182, -1.6453640460968018, 0.12206855416297913, 1.6796386241912842, -1.5891393423080444, -1.0282517671585083, 1.9428218603134155, -0.8641672134399414, -1.3323345184326172, 1.4345955848693848, 1.620813250541687, 0.7109028100967407, 0.7733246088027954, -2.255218744277954, 0.3720247745513916, 0.25366371870040894, 0.28790944814682007, -0.850571870803833, -0.38676750659942627, 1.3605942726135254, 1.4784897565841675, 2.2131638526916504, -0.8902762532234192, 0.11740654706954956, -1.781455159187317, -0.3629261255264282, -0.18390943109989166, 2.31668758392334, -2.5908544063568115, 1.5643846988677979, -2.164949417114258, 0.6205088496208191, -1.3713537454605103, -1.0839735269546509, -0.21147623658180237, -0.35682108998298645, -0.11888743937015533, 0.39508795738220215, -1.0642879009246826, 1.2614110708236694, -0.26428163051605225, -1.1088392734527588, 0.559461236000061, 1.8637244701385498, 1.4689781665802002, 0.7984365224838257, 1.149541974067688, -1.472931981086731, -0.8827944993972778, 2.243973731994629, -1.182246208190918, 2.9464399814605713, -1.9061071872711182, -1.9002526998519897, 0.09370219707489014, 0.7926689386367798, -0.32327333092689514, -1.229204773902893, 1.7166986465454102, 0.2904336154460907, -1.8197861909866333, 0.32985538244247437, 2.1428864002227783, 1.290313482284546, -0.10269388556480408, 0.30889466404914856, 0.1888207495212555, -0.9343515038490295, 1.1824768781661987, 0.9715557098388672, -1.2048829793930054, -1.7275320291519165, -1.0642162561416626, 0.45119166374206543, 0.3756253719329834, -1.789036750793457, -0.8012433052062988, 3.104560136795044, -0.10475054383277893, -1.3452786207199097, -0.2669897973537445, -1.0185718536376953, 0.6694924235343933, -2.301539421081543, 1.6725401878356934, 1.1269052028656006, 0.06295779347419739, -0.4166412055492401, 2.1971497535705566, -0.38001418113708496, -0.3366493880748749, 0.6454726457595825, -0.7094429731369019, 0.35149505734443665, 1.1840083599090576, -0.2536318004131317, 0.6667309403419495, 0.565841794013977, 2.783846616744995, -0.7501899003982544, -0.4632675051689148, -0.27960991859436035, -2.452789545059204, -1.6075737476348877, 1.7469544410705566, -1.4780011177062988, -2.1919918060302734, -1.5452969074249268, -0.14482304453849792, 1.487601637840271, 0.33479803800582886, -0.08764371275901794, 1.3083604574203491, 0.5172353386878967, 1.473656177520752, 2.1457266807556152, -0.30075541138648987, 0.18499614298343658, -0.17995557188987732, -0.9481593370437622, -1.313096046447754, 1.22627592086792, -1.604099988937378, -0.8977534174919128, 0.24222064018249512, -1.1650432348251343, 0.4379858374595642, -2.4954700469970703, 0.8772555589675903, -0.5330081582069397, -1.525483250617981, -1.477160930633545, 1.2163434028625488, 0.13822877407073975, 0.846180260181427, 0.5901002883911133, -0.6033209562301636, 2.110846996307373, 2.0047383308410645, -1.5045969486236572, -1.1639161109924316, -0.6544564962387085, -0.8942632675170898, 0.994688093662262, -2.729628086090088, 2.3969311714172363, 2.657973051071167, -0.3250947892665863, 0.3881272077560425, 1.3567676544189453, -1.0131727457046509, -0.7174632549285889, -0.4734014570713043, 0.5241274833679199, -0.396359384059906, 0.8523397445678711, -0.9293793439865112, -0.8294294476509094, 1.5278419256210327, -0.6430001258850098, 0.38885533809661865, 0.30026954412460327, -0.03468981385231018, 2.699681282043457, -0.10335860401391983, 1.6539838314056396, -0.9324905276298523, 1.0731923580169678, 0.6820117235183716, 1.421463966369629, 2.475311756134033, 0.09133186936378479, -1.6162033081054688, 0.4085988998413086, 1.7509565353393555, -0.3628618121147156, -0.7865697741508484, -0.6131434440612793, -0.4632861316204071, -1.3975112438201904, -0.8652609586715698, 0.528241753578186, -1.057255744934082, 0.5274580717086792, 1.2172231674194336, -1.5103397369384766, 1.7982105016708374, -1.0946505069732666, 0.6684035062789917, 0.17159304022789001, -2.8664135932922363, 0.9477419853210449, -1.3175082206726074]",1,69.0
124,9606.ENSP00000296684,"[1.5210578441619873, 1.6041439771652222, 0.04863651096820831, 0.6601548194885254, -0.8645254969596863, 0.09766024351119995, 1.3600842952728271, -1.2748726606369019, -0.8147766590118408, -1.267230749130249, 2.5310769081115723, -0.5629845857620239, -2.389232635498047, 2.3104231357574463, -0.28757303953170776, -1.774509072303772, 0.8735281229019165, 1.1818044185638428, 0.6880072355270386, 1.6210628747940063, -1.2197412252426147, 0.39127856492996216, 0.22266370058059692, 0.31172311305999756, -0.29491186141967773, -1.417108416557312, 1.4972909688949585, 1.9716874361038208, 0.5862772464752197, -1.4734362363815308, 0.11717060953378677, -1.8958470821380615, -0.8384584188461304, 0.19286076724529266, 2.2014224529266357, -2.584773540496826, 2.143533706665039, -1.1519086360931396, -0.4633902907371521, -0.8182706832885742, -1.3473914861679077, -0.22293700277805328, -0.17870765924453735, 1.6149606704711914, -0.05366151034832001, -1.411531686782837, 0.8359021544456482, -0.9440549612045288, -0.3136385679244995, 1.9081028699874878, 0.9343677759170532, 1.9168705940246582, 1.907903790473938, 1.8479573726654053, -1.7811157703399658, -1.6896212100982666, 2.169257164001465, 0.0490211546421051, 3.3101930618286133, -2.1015994548797607, -2.1959853172302246, -0.05763113498687744, 1.1114033460617065, 1.2962210178375244, -2.1470787525177, 1.0041579008102417, -0.6764196157455444, -2.16373610496521, 0.1321013867855072, 1.6122171878814697, -0.2995699644088745, -0.9183101654052734, 1.2307536602020264, -0.675918459892273, 0.4829452633857727, 0.6648667454719543, 0.19282150268554688, -0.48911547660827637, -1.5664522647857666, -1.450067400932312, 0.9041323661804199, 0.21121814846992493, -2.6909713745117188, -1.7031916379928589, 3.2170536518096924, -0.25173890590667725, -1.1826536655426025, 0.3947485685348511, 0.36499619483947754, 1.3121143579483032, -2.5976507663726807, 0.6851365566253662, 1.0746324062347412, 0.08687514066696167, -0.38174933195114136, 2.4266176223754883, 0.42349308729171753, -1.977014183998108, 0.5782690048217773, 0.42277276515960693, 0.9007606506347656, 0.11965156346559525, -0.6205876469612122, -0.5871851444244385, -0.6850308775901794, 1.2517824172973633, 0.7152996063232422, 0.9502010941505432, -0.5235415101051331, -1.702865719795227, -2.1141772270202637, 1.7094817161560059, -0.6526421904563904, -2.430860996246338, -0.7515271306037903, -1.267637014389038, 1.7008243799209595, 0.3562120199203491, -0.7354366183280945, 1.4128981828689575, 1.4049912691116333, 1.4054900407791138, 1.3165820837020874, -0.8862569332122803, 1.3961189985275269, -0.8751140832901001, -1.3353729248046875, -1.1437246799468994, 1.3141130208969116, 0.17199966311454773, -0.37975266575813293, -0.2628268897533417, -1.3366575241088867, 0.08673316240310669, -2.682053327560425, -0.14109495282173157, -1.0765374898910522, -0.7412350177764893, -1.2525919675827026, 0.8126797676086426, -0.5757664442062378, -0.5070735216140747, 0.2770707905292511, -0.9262077808380127, 2.6924545764923096, 1.4852205514907837, -2.51969838142395, -2.2846977710723877, -0.6335325241088867, -0.44865772128105164, 0.2603897154331207, -1.664099097251892, 2.7987847328186035, 2.4023165702819824, -0.10800939798355103, 1.0853558778762817, 1.4563075304031372, 0.48703598976135254, -0.09785017371177673, -0.10622187703847885, -0.7111014127731323, -0.07908108830451965, 0.9045485258102417, -2.020745038986206, -0.8178110122680664, 1.0833344459533691, -0.14332382380962372, -0.8784571886062622, 0.8021081686019897, 1.211679220199585, 2.603334426879883, -0.6591188907623291, 1.1961731910705566, 0.24171771109104156, -0.7378295063972473, 0.6262511014938354, 0.8801599740982056, 2.7520341873168945, -0.0571875274181366, -0.411476731300354, 0.42966362833976746, 2.0866482257843018, -0.7538630962371826, -1.2998223304748535, 0.2562764883041382, -0.14221420884132385, -1.106704831123352, -1.1592367887496948, 2.0765085220336914, -1.414617657661438, 1.582099199295044, 1.726412057876587, -1.9557695388793945, 2.010819673538208, 0.8460859656333923, -0.19711387157440186, 0.1842585802078247, -3.4126477241516113, 1.0353137254714966, 0.5527820587158203]",1,45.0
125,9606.ENSP00000281031,"[1.9526773691177368, 0.7821495532989502, 0.5206218957901001, 1.2077224254608154, -0.46932876110076904, 1.466806173324585, 0.38150033354759216, -1.1343135833740234, -2.314105749130249, 0.567436695098877, 2.5675337314605713, -1.842704176902771, -1.1508543491363525, 1.0756748914718628, -0.8350472450256348, -1.369775652885437, 1.299953818321228, 1.985722541809082, 2.0682430267333984, 1.458616852760315, -2.211573839187622, -1.5152320861816406, -0.1811034083366394, 0.7755993604660034, -0.49406588077545166, -1.0154061317443848, 2.1879453659057617, 1.6259289979934692, 2.6091275215148926, -1.5947954654693604, -1.3956153392791748, -2.8294661045074463, -0.6781097054481506, -0.43791264295578003, 2.9689443111419678, -2.690133571624756, 1.772505521774292, -2.199061393737793, -0.9314863085746765, -1.9489723443984985, -1.8142328262329102, 0.7412451505661011, -0.9511615037918091, 0.2322016954421997, 0.6709344983100891, -0.8891322612762451, 2.0271639823913574, -0.05744047462940216, -1.808923363685608, 0.4062952697277069, 2.501957416534424, 2.378068447113037, 1.222804069519043, 0.8243356943130493, -1.3947564363479614, -1.0976152420043945, 3.2078635692596436, -1.167126178741455, 3.686251163482666, -2.515890598297119, -2.8020777702331543, 0.2128666341304779, 1.9497944116592407, -0.049880191683769226, -1.38450288772583, 1.181007981300354, 1.0210363864898682, -2.3998048305511475, 0.916811466217041, 2.923341989517212, 1.4382309913635254, 0.34783875942230225, 0.13253247737884521, 0.0409107506275177, -1.644515037536621, 1.4683514833450317, 1.3590060472488403, -0.6844159364700317, -2.372770309448242, -0.1111779436469078, 0.9136900901794434, 1.1165341138839722, -2.038860321044922, -0.5901731252670288, 3.299959897994995, 0.045150578022003174, -1.5444437265396118, 1.1816734075546265, -1.0446860790252686, 1.098098635673523, -2.6812500953674316, 2.553521156311035, 1.3028433322906494, -1.1359046697616577, -0.9402406215667725, 2.330610513687134, -0.6924639344215393, -0.41127365827560425, 1.1392624378204346, -1.3397228717803955, 0.6187188029289246, 2.2572412490844727, -0.9630255699157715, 1.184260606765747, 1.1000235080718994, 3.5232276916503906, -1.4264084100723267, 0.5602489709854126, -1.7706317901611328, -2.928056001663208, -1.7158602476119995, 2.0572497844696045, -1.4248886108398438, -1.6524277925491333, -1.2774226665496826, -0.04992899298667908, 1.5985262393951416, -0.6382887959480286, -0.8235359191894531, 1.868228793144226, 0.8537636399269104, 1.9057459831237793, 2.987650156021118, -0.19839802384376526, 0.07227776944637299, 0.5397483110427856, -2.1472599506378174, -1.9222410917282104, 1.3235249519348145, -1.6299495697021484, -0.2903992831707001, 0.29033052921295166, -1.4379589557647705, 1.0194575786590576, -2.4549789428710938, 1.5109059810638428, -1.415208101272583, -2.1651365756988525, -1.4708083868026733, 1.8132810592651367, 0.9176066517829895, 0.6990753412246704, 1.4082939624786377, -1.4054621458053589, 1.9253242015838623, 2.5471887588500977, -2.1540894508361816, -1.3774855136871338, 0.01962149143218994, -1.120363473892212, 0.7574793696403503, -3.1079154014587402, 2.3166427612304688, 2.975640058517456, 0.14726975560188293, -0.4822748005390167, 0.7688759565353394, -1.9537158012390137, -0.3255937099456787, -1.5143256187438965, 0.5414794087409973, -0.9917643070220947, 0.7274978756904602, -2.3731861114501953, -0.18628458678722382, 2.0523548126220703, 0.0612158328294754, 0.8122276067733765, -0.35895639657974243, 0.040116459131240845, 3.5423383712768555, -0.8037852048873901, 2.686903953552246, -1.5750374794006348, 1.309443473815918, 1.9847279787063599, 1.2377605438232422, 3.2067830562591553, 0.554922342300415, -2.20520281791687, 1.2993687391281128, 2.5186734199523926, -0.49410080909729004, -0.8578323721885681, -0.9186065196990967, 0.13403835892677307, -2.078765869140625, -1.4618898630142212, 1.8452855348587036, -0.22361479699611664, 1.2909363508224487, 1.2317571640014648, -2.265594720840454, 1.668577790260315, -0.7494698762893677, 0.7236831784248352, 0.505684494972229, -3.1252048015594482, 1.0202065706253052, -1.8385887145996094]",1,89.0
126,9606.ENSP00000276689,"[1.5882107019424438, 0.8560639023780823, -0.416415810585022, 0.4287155568599701, -0.7568668723106384, 0.4725562334060669, 0.5879949331283569, -1.2322120666503906, -1.0390437841415405, -0.6317369937896729, 1.3259789943695068, -1.0404998064041138, -1.1590170860290527, 1.9143391847610474, -0.36058831214904785, -0.6909052133560181, 1.327155590057373, 0.976055383682251, 0.5341271758079529, 1.2282562255859375, -1.543401837348938, 0.4865001142024994, -0.4189440608024597, 0.7402719259262085, -0.3530806303024292, -0.3129079341888428, 0.6865943670272827, 0.8755912780761719, 1.5583405494689941, -0.6151412725448608, -0.00335848331451416, -1.8445093631744385, -0.38478708267211914, -0.1857992559671402, 2.1754488945007324, -1.8551030158996582, 2.048969030380249, -1.677979588508606, 0.5093949437141418, -1.3969615697860718, -0.9914829730987549, 0.1352834403514862, 0.3010311722755432, 0.5886775255203247, -0.24870143830776215, -1.170469045639038, 0.6869555115699768, -0.971788763999939, -1.0868358612060547, 0.7211693525314331, 1.3354660272598267, 1.5102155208587646, 1.3632739782333374, 1.0696722269058228, -1.5062623023986816, -0.2844379246234894, 2.4359986782073975, -1.0868415832519531, 2.304042100906372, -1.422237515449524, -2.077409505844116, 0.023094892501831055, 1.1976487636566162, 0.26576071977615356, -1.8200631141662598, 0.8449183702468872, -0.43012142181396484, -1.9096826314926147, 0.7389856576919556, 1.6226038932800293, 0.6876952052116394, -0.04111197590827942, -0.21773594617843628, 0.25208404660224915, -0.7904475927352905, 1.1431785821914673, 0.4318011403083801, -0.7554654479026794, -1.1718037128448486, -0.5084793567657471, 0.9343868494033813, 0.29340922832489014, -1.3638429641723633, -0.8064550161361694, 3.0895252227783203, -0.20040848851203918, -1.332979679107666, 0.4159347116947174, -0.6864422559738159, 0.887353777885437, -1.9612215757369995, 1.5408015251159668, 1.17934250831604, 0.06521627306938171, -0.1502303183078766, 1.5509603023529053, 0.1523321270942688, -0.33621326088905334, 0.6999201774597168, -0.09920594096183777, 0.493579626083374, 0.7970954179763794, -0.7297623157501221, 0.5670396089553833, -0.11936348676681519, 2.7451634407043457, -0.2652493417263031, -0.38745051622390747, -0.8441300392150879, -2.3614766597747803, -2.029381036758423, 1.0798182487487793, -0.8917489051818848, -1.6017612218856812, -0.9964965581893921, -0.8657300472259521, 1.5698339939117432, -0.13931572437286377, -0.16420909762382507, 0.7785180807113647, -0.12045907974243164, 0.8949155807495117, 1.530219316482544, -0.27581697702407837, 0.12975342571735382, -0.6832289695739746, -1.4589217901229858, -0.817121684551239, 0.6186962127685547, -1.0108253955841064, -0.4283405542373657, 0.23901790380477905, -1.3230314254760742, 0.5290835499763489, -1.754374384880066, 0.3588626980781555, -0.26815569400787354, -0.706881046295166, -1.5096814632415771, 1.0835474729537964, -0.03672933578491211, 0.7499500513076782, -0.048653483390808105, -0.03878757357597351, 1.237567663192749, 1.3895325660705566, -2.140608072280884, -1.4003727436065674, -0.1307845115661621, -0.6863697171211243, 0.9382590651512146, -2.2293074131011963, 2.2805986404418945, 2.3400485515594482, -0.5884007811546326, 0.2565983533859253, 0.9541079998016357, -0.9086847305297852, -0.1951192021369934, -0.9173905849456787, 0.28285813331604004, -0.5043434500694275, 0.8432824611663818, -1.0141156911849976, -0.1996595412492752, 1.5213340520858765, 0.09429548680782318, 0.08964185416698456, 0.4485761523246765, 0.6080679893493652, 2.576488971710205, -0.6989607810974121, 1.0095083713531494, -0.26612478494644165, 0.8745181560516357, 1.162920594215393, 1.9088523387908936, 2.5565366744995117, 0.323121041059494, -1.0627624988555908, 0.49672019481658936, 1.2211520671844482, -0.4925467371940613, -0.7873732447624207, -0.36711806058883667, -0.8219873905181885, -1.5541199445724487, -0.8342926502227783, 1.1650354862213135, -0.5922693014144897, 1.094533085823059, 1.135157585144043, -1.7615811824798584, 1.8247255086898804, -0.7773663997650146, -0.01285603642463684, 0.04058144986629486, -2.3441781997680664, 0.42631763219833374, -0.5633738040924072]",1,56.0
127,9606.ENSP00000276062,"[1.0876681804656982, 0.6483991742134094, -0.34458479285240173, 0.2644098103046417, -0.5101757049560547, -0.2779776453971863, 0.5690205097198486, -0.9817036986351013, -1.1761314868927002, -0.05887141823768616, 1.2529349327087402, -0.8028392791748047, -0.6766698360443115, 1.2482796907424927, -0.529057502746582, -0.8221951723098755, 0.7222801446914673, 1.1038795709609985, 0.9508967995643616, 1.1133216619491577, -1.0716966390609741, -0.41529014706611633, 0.5789888501167297, 1.0398486852645874, -0.5805035829544067, 0.1084669679403305, 1.185140609741211, 0.7025963068008423, 1.3325105905532837, -0.04863080382347107, -0.4717848300933838, -0.8729076981544495, -0.5617318749427795, -0.5776171684265137, 1.45346999168396, -1.9416154623031616, 1.2296041250228882, -1.3706187009811401, -0.07801118493080139, -1.5015748739242554, -1.094162940979004, 0.09081652760505676, -0.1018441766500473, -0.25659090280532837, -0.023204684257507324, -0.5736193656921387, 0.570490837097168, -0.35699892044067383, -0.73599773645401, 0.6152932643890381, 1.2252801656723022, 1.6625431776046753, 1.0454020500183105, 0.48828819394111633, -1.1083720922470093, -0.40242287516593933, 1.8431243896484375, -0.5422673225402832, 1.8039989471435547, -1.1262215375900269, -2.1102230548858643, -0.06088203191757202, 0.6278641223907471, -0.5029920339584351, -0.8172671794891357, 1.3185197114944458, -0.5922497510910034, -1.2234619855880737, 0.14472922682762146, 1.4873186349868774, 0.2516043782234192, -0.0860191285610199, -0.2940905690193176, -0.30605706572532654, -1.0232362747192383, 0.6753010749816895, 0.6899864673614502, -1.085121750831604, -1.2126339673995972, -0.7139887809753418, 0.4192391633987427, 0.27601271867752075, -0.9646564722061157, -0.5412799715995789, 1.8626930713653564, -0.4169745445251465, -0.37540921568870544, 0.2817502021789551, -0.5609912872314453, 0.3592292070388794, -1.3258435726165771, 1.3237183094024658, 1.0798190832138062, 0.16933903098106384, -0.5357996225357056, 1.890544056892395, 0.013975799083709717, -0.6178551316261292, 0.6353195905685425, -0.32306089997291565, 0.6803791522979736, 1.0385932922363281, -0.3556307256221771, 0.4058973789215088, 0.37759149074554443, 1.8419026136398315, 0.14108198881149292, 0.021867722272872925, -0.02070826292037964, -2.1314430236816406, -1.1906479597091675, 0.9083701968193054, -1.2709788084030151, -1.158743977546692, -1.1490908861160278, 0.06591513752937317, 1.5596188306808472, -0.2619307041168213, 0.0775727927684784, 1.0742862224578857, 0.22342200577259064, 0.7937541007995605, 1.754479169845581, -0.42282798886299133, -0.44846320152282715, 0.0510016530752182, -1.0836412906646729, -0.8259050846099854, 0.32110196352005005, -1.1512752771377563, -0.27177879214286804, 0.061691805720329285, -1.145002841949463, 0.1035412847995758, -2.1559393405914307, 0.3267907202243805, -0.10335837304592133, -0.9235258102416992, -1.0261890888214111, 0.331167995929718, -0.03730118274688721, 0.8962680697441101, 0.3601078689098358, -0.42419514060020447, 1.5535364151000977, 1.283437728881836, -1.6467149257659912, -1.5124855041503906, -0.3634184002876282, -0.8562061786651611, 1.0993132591247559, -1.661486029624939, 1.3434418439865112, 1.7957178354263306, -0.7705560922622681, -0.10536527633666992, 0.6902706623077393, -0.9472774267196655, -0.337072491645813, -0.9188120365142822, 0.4728681445121765, -0.4218637943267822, 0.5415610671043396, -1.0585908889770508, -0.6808394193649292, 0.9045369625091553, 0.1471472531557083, 0.32390671968460083, -0.4608098864555359, 0.3508288860321045, 1.7474417686462402, -0.2168504297733307, 1.0692059993743896, -0.1272907257080078, 1.0771093368530273, 0.6126648187637329, 1.2160451412200928, 2.3082780838012695, -0.35067513585090637, -0.8242127299308777, 0.3862975835800171, 1.531061053276062, -0.7726059556007385, 0.014432281255722046, -0.18403825163841248, -0.3695281445980072, -1.1576800346374512, -0.7124093770980835, 0.7363296747207642, -0.4459851384162903, 1.0365509986877441, 1.3618206977844238, -1.4473967552185059, 1.4724141359329224, -1.3745373487472534, 0.6979254484176636, 0.4115481972694397, -1.8039337396621704, 0.7754726409912109, -1.3767199516296387]",1,13.0
128,9606.ENSP00000274137,"[0.4371660351753235, 1.612006664276123, -0.22084681689739227, 0.6739025712013245, -0.42803850769996643, 1.3924610614776611, 0.9581791162490845, -0.9002310633659363, -0.7786251306533813, 0.25841471552848816, 1.2634882926940918, -1.4601000547409058, -1.3485232591629028, 1.7029709815979004, -0.5228452682495117, -0.8794769048690796, 1.057608962059021, 1.6011794805526733, 0.8828995227813721, 0.45324987173080444, -2.476419448852539, 0.323743999004364, -0.6390255093574524, -0.37997159361839294, -1.172399878501892, -0.05388303101062775, 1.0469701290130615, 0.7275474667549133, 1.7334482669830322, -1.2073657512664795, -0.862055778503418, -1.1350924968719482, -1.1549150943756104, -0.9411114454269409, 1.91426420211792, -2.424294948577881, 1.9012014865875244, -2.4189493656158447, 0.4902523159980774, -1.2370631694793701, -0.8446460962295532, -0.2206830084323883, 0.15548105537891388, 0.628305196762085, -0.00458139181137085, -0.9182405471801758, 0.7430295348167419, -0.30849170684814453, -0.8159849047660828, 1.122211217880249, 1.4272656440734863, 0.9617420434951782, 1.2040095329284668, 0.9283949136734009, -1.6070109605789185, 0.17829564213752747, 1.2807953357696533, -1.3300426006317139, 2.395689010620117, -1.9603272676467896, -1.1640102863311768, -0.3466642200946808, 1.5160661935806274, 0.5408036708831787, -1.585533618927002, 1.5415849685668945, -0.30440014600753784, -0.8362025022506714, 0.45932134985923767, 2.0448803901672363, 1.1038665771484375, -1.0715084075927734, 0.2037726491689682, -0.09255215525627136, -1.0011730194091797, 0.7237464785575867, 0.566754937171936, -0.10822287201881409, -1.6373605728149414, -0.649872899055481, 0.5413945913314819, 0.43735265731811523, -1.5226941108703613, -1.4191299676895142, 2.92983078956604, -0.27874165773391724, -1.6840310096740723, 0.6976358890533447, -0.7790192365646362, 1.6624499559402466, -2.2021827697753906, 1.1647956371307373, 0.2087157815694809, -1.0284308195114136, -0.3808133602142334, 1.2417572736740112, -0.18114684522151947, -0.5334926247596741, -0.21389184892177582, 0.36536142230033875, 1.064316749572754, 1.473178505897522, -0.5913963317871094, 0.4795709252357483, 0.2583719491958618, 2.4953057765960693, -0.9908062219619751, -0.5221688747406006, -1.063126802444458, -1.8185797929763794, -1.8313158750534058, 1.891157865524292, -1.2116186618804932, -1.113226294517517, -1.7694720029830933, -1.040736198425293, 1.2891286611557007, -0.3538491725921631, -0.09127682447433472, 0.3860991299152374, 0.36046987771987915, 0.8926278352737427, 1.9570322036743164, -0.12320771813392639, 0.4642908573150635, -0.07331690937280655, -0.6853461265563965, -0.4514354169368744, 1.273909091949463, -1.0685737133026123, -0.9490378499031067, 0.33918625116348267, -1.4665204286575317, 0.47519123554229736, -1.378270149230957, 0.02364438772201538, -0.5019556283950806, -0.6737416982650757, -1.328761100769043, 0.9208317995071411, -0.15098577737808228, 0.29990145564079285, 0.02874240279197693, -0.2491922676563263, 1.57183837890625, 1.1093214750289917, -1.7129836082458496, -1.229004144668579, -0.618125855922699, -0.1839986890554428, 1.193211317062378, -2.1515555381774902, 1.94334876537323, 2.248353958129883, -0.2364984005689621, 1.103126049041748, 1.4591386318206787, -1.5476821660995483, -0.6891034841537476, -0.1661241352558136, 0.16245146095752716, 0.2529953718185425, 1.8566780090332031, -1.6983997821807861, -1.0496909618377686, 1.2097102403640747, -0.743313729763031, -0.19029179215431213, 0.6013216376304626, 0.5938212871551514, 1.969508171081543, -1.0535717010498047, 1.6257672309875488, -0.7760334014892578, 0.004999756813049316, 1.2898797988891602, 1.6517324447631836, 1.880457878112793, 0.9665472507476807, -1.1575698852539062, -0.08448801934719086, 1.221995234489441, -0.37964338064193726, -1.2444827556610107, -0.2862875163555145, -0.8333644866943359, -0.9377827644348145, -0.27655228972435, 1.0877825021743774, -1.1390677690505981, 0.5073435306549072, 0.5204193592071533, -1.1593546867370605, 1.1564894914627075, -0.6360559463500977, 0.591994047164917, -0.2708585858345032, -2.246476650238037, 0.11122816801071167, -1.1948418617248535]",1,35.0
129,9606.ENSP00000268668,"[1.123718023300171, 1.0762841701507568, -0.2390873283147812, 0.5974669456481934, -0.3039379417896271, 0.5932763814926147, 0.8114591836929321, -0.9529736638069153, -1.3601760864257812, -0.2509502172470093, 1.5113368034362793, -1.3056344985961914, -1.1413109302520752, 1.7099511623382568, -0.5666279792785645, -0.9524699449539185, 1.0613281726837158, 1.323521614074707, 0.8417253494262695, 0.9327092170715332, -1.8815124034881592, 0.1021866649389267, -0.06703203916549683, 0.47050905227661133, -0.6505661010742188, -0.015972942113876343, 1.11991286277771, 1.0888482332229614, 1.8304890394210815, -0.6881343722343445, -0.3186318278312683, -1.5153762102127075, -0.5953932404518127, -0.4857088327407837, 1.90067720413208, -2.2063965797424316, 1.8268964290618896, -1.8401485681533813, 0.2914184629917145, -1.210498571395874, -0.734976053237915, -0.109415203332901, 0.051471248269081116, 0.1830199956893921, 0.09757018089294434, -0.8030261993408203, 0.9325462579727173, -0.6243789792060852, -0.7863104939460754, 0.9125484228134155, 1.618451476097107, 1.7292283773422241, 1.040350317955017, 0.9585095643997192, -1.715935468673706, -0.5062836408615112, 1.9720505475997925, -0.8527604937553406, 2.642578125, -1.5848603248596191, -1.6303126811981201, -0.2412222921848297, 0.9656740427017212, -0.0007680058479309082, -1.5059430599212646, 1.209236979484558, -0.09790436923503876, -1.504710078239441, 0.48201626539230347, 1.8482147455215454, 0.9403019547462463, -0.3753302991390228, 0.06710720807313919, -0.0816170871257782, -0.9357301592826843, 0.7737084031105042, 0.6017577648162842, -0.7447519898414612, -1.3581018447875977, -0.6947044134140015, 0.6215063333511353, 0.020609155297279358, -1.5064918994903564, -1.0219581127166748, 2.7974400520324707, -0.46177005767822266, -1.0978256464004517, 0.18654774129390717, -0.462267130613327, 1.0057138204574585, -1.7695974111557007, 1.2271456718444824, 0.8630543947219849, -0.22289010882377625, -0.440064936876297, 1.78305184841156, -0.06716941297054291, -0.650235652923584, 0.32807329297065735, -0.43413156270980835, 0.7302005887031555, 1.0044448375701904, -0.5387874841690063, 0.3796238303184509, 0.26231980323791504, 2.4812748432159424, -0.46466386318206787, -0.14755497872829437, -0.6178929805755615, -2.0693767070770264, -1.7979936599731445, 1.4367032051086426, -1.2353532314300537, -1.6990762948989868, -1.2745410203933716, -0.5953470468521118, 1.2207186222076416, 0.10058540105819702, 0.22187241911888123, 1.013124704360962, 0.17664314806461334, 1.115065336227417, 1.7872045040130615, -0.5773105621337891, 0.4079062342643738, -0.43930041790008545, -1.188198447227478, -0.978263258934021, 0.8757364153862, -1.2160319089889526, -0.7203940153121948, 0.0023941844701766968, -1.523386001586914, 0.2838042676448822, -2.0705153942108154, 0.5611382126808167, -0.3655262887477875, -1.0273804664611816, -1.255715012550354, 0.8711336851119995, -0.29407620429992676, 0.5361613035202026, 0.3609372079372406, -0.2607872784137726, 1.5637757778167725, 1.6703262329101562, -1.8306334018707275, -1.4405720233917236, -0.3552720546722412, -0.6136165857315063, 0.7315360903739929, -2.1604154109954834, 1.9913822412490845, 2.197553873062134, -0.37260353565216064, 0.4951847791671753, 1.15626060962677, -0.7879190444946289, -0.5541900992393494, -0.705541729927063, 0.11878316104412079, -0.11330050230026245, 1.1774706840515137, -1.2014213800430298, -0.5590234398841858, 1.2587815523147583, -0.3212766647338867, -0.019618183374404907, 0.03481225669384003, 0.2643470764160156, 2.2854325771331787, -0.3626686930656433, 1.2970342636108398, -0.6598042845726013, 0.6809023022651672, 0.9528127908706665, 1.6231050491333008, 2.124876022338867, 0.12134149670600891, -1.2055468559265137, 0.06159764528274536, 1.435744285583496, -0.7064717411994934, -0.5512023568153381, -0.3040441870689392, -0.4643518626689911, -1.0497685670852661, -1.083754539489746, 0.7991266250610352, -0.8082982301712036, 0.7888234853744507, 0.8627477884292603, -1.2435355186462402, 1.5423775911331177, -0.6565419435501099, 0.35518980026245117, 0.318826287984848, -2.41953444480896, 0.6813161373138428, -0.9094176292419434]",1,54.0
130,9606.ENSP00000266544,"[2.0392255783081055, 0.509424090385437, 0.5202552080154419, 1.2279651165008545, -0.16158537566661835, 2.381340503692627, 1.4480401277542114, 0.8030639886856079, -2.6296653747558594, -0.3643788695335388, 1.556599736213684, -1.492483377456665, -2.5459909439086914, 1.7587674856185913, -0.35362809896469116, -2.3424408435821533, 1.6767644882202148, 2.292140007019043, 2.1102466583251953, 0.7411943674087524, -2.8671751022338867, 0.15544393658638, -0.8785715103149414, 0.44331425428390503, -2.080275774002075, -1.7060182094573975, 1.749312400817871, 1.6685266494750977, 1.2122738361358643, -2.453004837036133, -1.1795926094055176, -3.359971046447754, -0.5897986888885498, 0.9706770181655884, 2.878039598464966, -2.185039520263672, 2.573890209197998, -3.2442712783813477, -0.9554264545440674, -1.3922818899154663, -1.206255555152893, -0.42714354395866394, 0.10066491365432739, -0.6078072190284729, 0.09569527208805084, -2.986065626144409, 0.8468737006187439, -1.8773648738861084, -1.3638654947280884, -0.38665440678596497, 0.6925207376480103, 0.6848306655883789, 0.9342435598373413, 0.9747802019119263, -2.433837413787842, -0.3807680904865265, 1.7979531288146973, -2.5540030002593994, 3.3625802993774414, -2.7707276344299316, -1.9222140312194824, 0.34620317816734314, 2.445829391479492, -0.01419001817703247, -1.0980418920516968, 2.3426733016967773, 0.8619527220726013, -2.6411447525024414, -0.7578635215759277, 2.497194766998291, 1.6674644947052002, 0.9194633960723877, 0.8716456890106201, 0.767154335975647, -2.6361465454101562, 2.144237518310547, 2.175083637237549, -2.008455276489258, -2.0169966220855713, -1.6807724237442017, 1.1381454467773438, 1.1192046403884888, -1.8585174083709717, -0.2289576232433319, 3.4075629711151123, -0.9722203612327576, -2.330700635910034, -0.05762356519699097, -1.7967195510864258, 0.7435547113418579, -2.2579545974731445, 1.5722639560699463, 2.45345401763916, -0.23988009989261627, -1.156992793083191, 2.645564079284668, -2.1611592769622803, -1.3111858367919922, 0.9813059568405151, 1.0955125093460083, 0.053547412157058716, 2.0606486797332764, -1.37019681930542, 0.3814403712749481, 0.6903393268585205, 2.9786744117736816, -1.312807321548462, -1.2454992532730103, 0.6031841039657593, -2.2490737438201904, -2.333500862121582, 3.3844964504241943, -2.791551113128662, -2.856565237045288, -2.053288459777832, -0.10792265087366104, 1.5795722007751465, -0.13364970684051514, -0.9168407917022705, 2.117185354232788, 0.834253191947937, 1.8715567588806152, 2.74017333984375, -0.4905116856098175, 0.47121739387512207, 1.0155459642410278, -1.7737127542495728, -2.112541913986206, 2.369990825653076, -3.3739633560180664, -0.13714063167572021, 0.5016264319419861, -1.3334856033325195, 1.1314138174057007, -3.03600811958313, 0.6636728644371033, -0.5750278234481812, -2.3509163856506348, -1.2413661479949951, 1.8643170595169067, 0.8953269720077515, 0.6213704943656921, -1.3345602750778198, -1.0113482475280762, 3.1303861141204834, 1.903538703918457, -0.827499270439148, -1.2358392477035522, -2.80936861038208, -1.8756937980651855, 1.315075397491455, -3.2184648513793945, 3.6054329872131348, 3.7341010570526123, -0.8259537220001221, 1.4218981266021729, 2.584831476211548, -1.9510174989700317, 0.2801574766635895, 0.5416728258132935, 0.4214697480201721, -0.36969414353370667, -0.4333036243915558, -2.359135627746582, -0.15406250953674316, 0.3795869052410126, -1.636292576789856, 0.39404332637786865, 0.10202112793922424, 0.9461044073104858, 4.117994785308838, -0.49417901039123535, 2.398498058319092, -0.6163628101348877, 1.6140415668487549, 1.216761589050293, 2.6185543537139893, 1.5770013332366943, 0.9860023260116577, -3.3700313568115234, 1.0160914659500122, 1.6802313327789307, -0.4634596109390259, -2.3231420516967773, -1.6059188842773438, -1.0218013525009155, -1.9195122718811035, -1.9934906959533691, 0.1672966182231903, -0.6807190179824829, 1.1796154975891113, 0.7871245741844177, -2.1716177463531494, 1.2081059217453003, 0.39592602849006653, 0.0699961930513382, -1.5604827404022217, -3.3171136379241943, 1.5486493110656738, -1.0827875137329102]",1,133.0
131,9606.ENSP00000263774,"[1.586491584777832, 0.31053265929222107, -0.3535127639770508, 1.3945913314819336, -0.025194838643074036, 2.3733956813812256, 1.6073791980743408, 0.21166284382343292, -2.0498013496398926, -0.27766183018684387, 2.8944079875946045, -1.883859395980835, -3.1336169242858887, 2.5730929374694824, -0.7792860269546509, -2.6756951808929443, 2.0229880809783936, 2.051011323928833, 2.0562875270843506, 0.4638782739639282, -3.6861681938171387, 1.2073806524276733, -0.5608328580856323, -0.6971572041511536, -1.4057823419570923, -1.9287031888961792, 2.213676929473877, 1.9160270690917969, 2.9027934074401855, -2.786482810974121, -1.0013422966003418, -1.4629144668579102, 0.10153129696846008, -0.4436328113079071, 2.2118148803710938, -3.434669017791748, 2.5951645374298096, -2.901092529296875, 0.6688535213470459, -2.2465972900390625, -2.639683246612549, -0.3573589026927948, 0.2810289263725281, 0.03353425860404968, -0.3584994077682495, -1.741860270500183, 1.1675360202789307, -0.5719165802001953, -0.7993643283843994, 0.11221136152744293, 1.2369922399520874, 0.49485325813293457, 0.3046730160713196, 1.8579310178756714, -2.398620367050171, -1.5472184419631958, 1.379451036453247, -1.7235490083694458, 3.3508963584899902, -3.4487013816833496, -3.0476818084716797, 0.04689967632293701, 1.5141907930374146, 0.5804768800735474, -1.671920895576477, 2.7151236534118652, -0.293510377407074, -3.3984599113464355, -0.6603267788887024, 2.051506757736206, 1.9494811296463013, -0.4444161355495453, 0.12294825911521912, 1.2484560012817383, -1.3417905569076538, 1.8253768682479858, 1.9721428155899048, -0.6979371905326843, -2.2433223724365234, -1.2949800491333008, 1.542570948600769, 0.7496410012245178, -2.4426283836364746, -0.958714485168457, 3.5997605323791504, -0.09381219744682312, -3.0549681186676025, 0.5336673259735107, -1.180216670036316, 1.4825700521469116, -3.9711055755615234, 2.689995765686035, 1.7677974700927734, -0.5423665046691895, -0.34517902135849, 3.1936593055725098, -0.9425299167633057, -0.7803717851638794, 0.9775784611701965, -0.3035199046134949, -0.20328515768051147, 2.678001642227173, -0.6278805732727051, -0.656875491142273, 0.42072388529777527, 2.9178340435028076, -1.45779287815094, -1.1437256336212158, 0.023231089115142822, -1.8135358095169067, -2.7207789421081543, 1.7486157417297363, -2.6351356506347656, -3.7884676456451416, -3.037604331970215, -0.6705423593521118, 1.5559797286987305, 0.40172064304351807, -1.0191001892089844, 1.5419726371765137, 0.8579062819480896, 2.327989339828491, 2.4149892330169678, -0.09497493505477905, 1.1204575300216675, 0.8643749952316284, -1.0744249820709229, -1.518784761428833, 3.1356401443481445, -1.484492540359497, -1.9743380546569824, 1.11249840259552, -1.928908348083496, 0.8580368757247925, -2.7874679565429688, 0.44560572504997253, -1.0119881629943848, -2.2110276222229004, -1.3072506189346313, 2.053067684173584, 0.8345241546630859, 1.1261706352233887, 0.5562644600868225, -1.9681366682052612, 2.5330326557159424, 1.3696542978286743, -1.697099208831787, -2.4790163040161133, -2.152942180633545, -1.637441635131836, 2.1928017139434814, -3.642817258834839, 3.7267234325408936, 4.16679048538208, 0.16872946918010712, 1.9342795610427856, 2.333268880844116, -1.6273667812347412, -0.42964011430740356, 0.2060166746377945, 0.6747912168502808, -0.44828087091445923, 1.073204517364502, -1.8861494064331055, -1.6523492336273193, 1.071429967880249, -2.139603614807129, -1.1395697593688965, 1.0061448812484741, 0.8053023815155029, 3.0761637687683105, -0.5994161367416382, 2.7316243648529053, -0.37297648191452026, 0.9370304346084595, 0.9023211002349854, 3.1698126792907715, 3.314101219177246, 1.1685593128204346, -1.8325587511062622, 0.7061592936515808, 2.45426082611084, 0.0267755389213562, -1.45205557346344, -1.4277708530426025, 0.4338628351688385, -2.200613021850586, -1.5588191747665405, 0.21188673377037048, -0.9192476272583008, 1.7103936672210693, 1.1941137313842773, -2.112379312515259, 2.450706720352173, -1.0473891496658325, 0.6131360530853271, -1.2962818145751953, -4.5450286865234375, 1.5779556035995483, -0.6896044015884399]",1,12.0
132,9606.ENSP00000260361,"[1.5530527830123901, 0.4917822480201721, -0.13043272495269775, 0.5429417490959167, 0.6529610753059387, 0.6369591951370239, 0.8738552331924438, -0.403518944978714, -0.5097854137420654, 1.0811312198638916, 1.858064889907837, -0.36613112688064575, 0.9970699548721313, 0.8764359951019287, -0.6561480760574341, -1.2282919883728027, 1.768293857574463, 1.2175627946853638, -0.1467757523059845, 1.001713752746582, -0.9629583358764648, -1.4974089860916138, 0.09987601637840271, 1.4238269329071045, -0.6368042230606079, -1.2069206237792969, 2.287196397781372, 1.177180290222168, 2.029876232147217, -0.2161683440208435, 0.6229321956634521, -2.1177196502685547, 0.4196668565273285, -0.026467353105545044, 1.227292537689209, -2.6302125453948975, 1.426302433013916, -1.8616048097610474, -0.4137338101863861, -1.4649453163146973, -0.8343689441680908, -0.548579752445221, -1.4086697101593018, -0.21591778099536896, 1.9040274620056152, -1.1439820528030396, 1.0631762742996216, -0.6818032264709473, -2.1846859455108643, -0.5053445100784302, 2.2059438228607178, 2.3300163745880127, 0.709720253944397, 0.5533362627029419, -0.6270816326141357, -2.0281484127044678, 2.084813117980957, -0.3814120888710022, 2.8520078659057617, -0.8458278775215149, -1.5769484043121338, 0.7948566675186157, 0.2868673801422119, -0.8588472604751587, 0.12113392353057861, 1.421111822128296, 0.16063851118087769, -2.5448877811431885, -0.3861727714538574, 0.8241183161735535, 0.6124773025512695, 0.349256306886673, 1.18195378780365, 0.3162812292575836, -1.595499873161316, 2.1695847511291504, 0.3457884192466736, -2.2704384326934814, -1.6870007514953613, -0.8876928091049194, -0.09080770611763, 1.7063524723052979, -1.7918931245803833, 0.8600833415985107, 2.03838849067688, 0.1638212651014328, -0.06653636693954468, -0.9928270578384399, -1.5818332433700562, -0.4283127188682556, -1.9594063758850098, 2.1513655185699463, 2.429030418395996, 0.04507322609424591, -0.09005728363990784, 1.950347661972046, -1.051837682723999, -0.044849470257759094, 1.5391240119934082, -0.4698635935783386, 0.7211406230926514, 0.5354474782943726, -0.245452880859375, 0.8899282217025757, 0.6490850448608398, 0.707306444644928, -0.004457250237464905, 0.39197278022766113, 0.8630204796791077, -2.9909472465515137, -1.0230669975280762, 1.2839168310165405, -1.874032735824585, -1.9923148155212402, -0.749631404876709, 1.3358030319213867, 2.4703402519226074, -0.8675026893615723, 0.8267176151275635, 1.093407154083252, 0.8564356565475464, 1.7797744274139404, 1.4349744319915771, -1.897903323173523, -0.3557753562927246, 1.2877060174942017, -1.7241030931472778, -1.2107796669006348, 1.9427340030670166, -1.241992473602295, -0.3650137186050415, 0.18022707104682922, 0.2748408913612366, 0.7022294402122498, -2.239549160003662, 0.3075379729270935, -1.1568394899368286, -0.5963804721832275, -0.372183620929718, 0.23569101095199585, 0.5933014750480652, 0.24655812978744507, -0.019801586866378784, -1.052424669265747, 1.2955870628356934, 1.4251691102981567, -1.6634162664413452, -1.4658228158950806, 0.5827385187149048, -0.8624017238616943, 0.2983894348144531, -2.039217710494995, 1.1639906167984009, 2.625295400619507, -0.747001051902771, -0.17854738235473633, 1.0188590288162231, -1.1933784484863281, -1.3444709777832031, 0.009237930178642273, 0.9573861956596375, -0.41376814246177673, -0.6161684989929199, -0.040104806423187256, -0.07135625183582306, 0.9712064266204834, 0.2278183400630951, 0.7508870363235474, -0.01852165162563324, -0.8380311727523804, 1.9504826068878174, 0.19611820578575134, 0.5533977150917053, 0.044431835412979126, 1.2847009897232056, 0.4940263032913208, 1.0871994495391846, 2.4249541759490967, -0.46504348516464233, -1.2241309881210327, 1.7315220832824707, 2.0955517292022705, -0.41419434547424316, -0.39965832233428955, 0.27202659845352173, -0.07265304028987885, -1.6568955183029175, -0.7459096908569336, 0.9875810146331787, -1.5638072490692139, 0.9370237588882446, 1.7051317691802979, -1.4513429403305054, 1.6241672039031982, 0.16698132455348969, 0.4986639618873596, 0.22142766416072845, -2.9284541606903076, 2.200791835784912, -1.1721105575561523]",1,131.0
133,9606.ENSP00000252711,"[1.7762550115585327, 0.3375069499015808, 0.6919941306114197, 1.3296821117401123, -0.1364845335483551, 1.3440682888031006, 0.875732421875, -0.8320525288581848, -1.9818296432495117, 0.4975551664829254, 2.1808815002441406, -1.825844645500183, -1.1640657186508179, 1.6186840534210205, -0.5226550698280334, -0.9601379632949829, 1.7928029298782349, 1.3765956163406372, 1.0875849723815918, 1.242976427078247, -1.8118221759796143, -0.06782747805118561, 0.6022241115570068, 0.6730549335479736, -0.6050760746002197, -0.7672514319419861, 1.7741353511810303, 1.9007459878921509, 2.6560580730438232, -1.2829289436340332, -0.2187078595161438, -2.2312419414520264, -0.4009690284729004, 0.051108360290527344, 2.7756476402282715, -2.9992103576660156, 1.9360063076019287, -2.6016316413879395, 0.18566185235977173, -1.73244309425354, -1.4742121696472168, 0.09995552897453308, -0.7230424880981445, 0.049337729811668396, 0.6297814846038818, -1.2100028991699219, 1.6310548782348633, 0.12325288355350494, -1.4667668342590332, 0.7622057795524597, 2.2159574031829834, 1.9085441827774048, 1.009887456893921, 1.2840954065322876, -1.1877176761627197, -1.2905709743499756, 2.6115128993988037, -1.027527093887329, 3.378502607345581, -2.1710569858551025, -2.3192222118377686, 0.03528726100921631, 1.2350826263427734, -0.630302906036377, -1.0746729373931885, 1.481093168258667, 0.7624558210372925, -2.063406467437744, 0.7487338781356812, 2.613006114959717, 1.5715618133544922, 0.23506295680999756, 0.5026179552078247, -0.24137023091316223, -1.322852373123169, 1.6590639352798462, 1.3218166828155518, -1.5049431324005127, -2.117382526397705, -1.1508735418319702, 0.6545342206954956, 0.7811532020568848, -2.2083871364593506, -1.0389225482940674, 2.8084192276000977, 0.292799174785614, -1.1382874250411987, 0.07188430428504944, -1.3575693368911743, 0.8127015233039856, -2.661142349243164, 2.1172192096710205, 1.4740318059921265, -0.35424551367759705, -0.830345869064331, 2.578511953353882, -0.6964163780212402, -0.7854743003845215, 1.005865216255188, -1.0553888082504272, 0.8230562210083008, 1.6882872581481934, -0.6837809085845947, 0.9940718412399292, 0.9298231601715088, 3.1550357341766357, -1.0936331748962402, -0.23576460778713226, -0.6740466356277466, -2.8645594120025635, -1.6355868577957153, 1.638913869857788, -1.8168593645095825, -2.6863694190979004, -1.887693166732788, 0.22620025277137756, 1.149725317955017, -0.07744216918945312, -0.4721817672252655, 1.657807469367981, 0.8715255856513977, 1.8393607139587402, 2.5798730850219727, -0.4899813234806061, 0.3980618119239807, 0.16266320645809174, -1.3446303606033325, -1.6095771789550781, 1.673499584197998, -1.4240635633468628, -0.4835169315338135, -0.025602951645851135, -1.5208115577697754, 0.4696069359779358, -2.228783369064331, 1.0853122472763062, -0.8550206422805786, -1.8779603242874146, -1.1835312843322754, 1.5817017555236816, 0.5244845747947693, 0.6674301028251648, 1.008439064025879, -1.0147831439971924, 2.5405614376068115, 2.3104770183563232, -1.8649730682373047, -1.6033103466033936, -0.37359583377838135, -1.2348713874816895, 0.708301305770874, -3.036412000656128, 2.025216579437256, 3.1287381649017334, -0.10089477896690369, -0.0901840329170227, 0.9881001710891724, -1.3734427690505981, -0.5132163166999817, -0.8928958177566528, 0.9661927223205566, -0.761142373085022, 1.0720798969268799, -1.3688654899597168, -1.1301062107086182, 1.917179822921753, -0.26932036876678467, 0.7099735736846924, 0.46745485067367554, -0.3628864586353302, 3.320204496383667, -0.33253228664398193, 2.0358684062957764, -1.2794950008392334, 1.5805637836456299, 1.1132171154022217, 1.2682528495788574, 2.8438305854797363, -0.040456026792526245, -2.0064003467559814, 0.8704609870910645, 2.1018290519714355, -0.5440325140953064, -1.0538585186004639, -0.44555801153182983, -0.5454307794570923, -1.7712289094924927, -1.2704832553863525, 0.8686481714248657, -0.626901388168335, 0.8858304023742676, 0.8884515762329102, -1.932894229888916, 1.6115988492965698, -1.3159486055374146, 1.0148522853851318, 0.362641841173172, -3.3127026557922363, 1.3931037187576294, -1.701965093612671]",1,118.0
134,9606.ENSP00000252102,"[0.8965269923210144, 0.8443951606750488, 0.33667951822280884, 0.7094498872756958, 0.3134981095790863, 0.9236608743667603, 0.3099096715450287, -0.6042290329933167, -1.5596455335617065, -0.3525589406490326, 2.304687023162842, -1.3437740802764893, -1.1258976459503174, 1.8429853916168213, -0.2800048589706421, -1.4968936443328857, 1.2121132612228394, 1.3919191360473633, 1.2745609283447266, 0.5810111165046692, -1.7132865190505981, 0.7017213106155396, -0.02276378870010376, 0.7129759788513184, -0.44741290807724, -0.8967058062553406, 1.7526381015777588, 1.217491626739502, 1.4454792737960815, -1.122898817062378, -0.7975910305976868, -1.6347005367279053, -0.2069510817527771, -0.519259512424469, 2.4254355430603027, -1.5054312944412231, 2.2086734771728516, -2.2498109340667725, -0.407551646232605, -1.8903383016586304, -1.497340440750122, 0.48650628328323364, -0.04050026834011078, -0.29440033435821533, -0.37235748767852783, -1.2366809844970703, 1.121861457824707, -0.6387574672698975, -1.0097144842147827, 0.37510591745376587, 1.7775754928588867, 1.7951914072036743, 0.9384853839874268, 1.2344733476638794, -1.5207502841949463, -0.489622563123703, 1.6156182289123535, -0.8006638288497925, 2.9780869483947754, -2.5583512783050537, -1.3463294506072998, 0.07438300549983978, 0.9013563394546509, 0.26008516550064087, -1.065026879310608, 1.6490428447723389, -0.16132889688014984, -2.3332788944244385, 0.2777954339981079, 1.840246558189392, 1.1888912916183472, -0.24947896599769592, 0.17820614576339722, 0.36366942524909973, -1.5267620086669922, 1.4449349641799927, 0.9446977376937866, -1.5015156269073486, -1.6236473321914673, -0.7882179021835327, 0.9537289142608643, 0.21651975810527802, -1.6910109519958496, -0.610590934753418, 2.7334144115448, -0.6229860186576843, -1.124864935874939, -0.10215452313423157, -0.9248937368392944, 1.379840612411499, -1.9836176633834839, 1.8678781986236572, 1.539955735206604, -0.30856022238731384, -0.6110682487487793, 2.040310859680176, -0.027751892805099487, -0.7669211626052856, 1.007500410079956, -0.6779637336730957, 0.2462911307811737, 1.2811777591705322, -1.2614109516143799, 0.023179829120635986, -0.09304150938987732, 1.8302180767059326, -0.6941986083984375, -0.5659847259521484, -0.2326919287443161, -1.9067858457565308, -1.714406132698059, 2.1212410926818848, -0.9539402723312378, -1.8017653226852417, -1.560472846031189, -0.35242438316345215, 0.7781432867050171, -0.49335193634033203, 0.006363660097122192, 1.850361704826355, 0.8643773198127747, 1.7630233764648438, 2.715747833251953, -0.6389297246932983, 0.5490549802780151, 0.1030789166688919, -2.104124069213867, -1.2634457349777222, 1.0237784385681152, -1.8816357851028442, -0.6356080770492554, 0.6136597394943237, -1.96738600730896, 0.32011619210243225, -2.485257148742676, 1.123704433441162, -0.12954626977443695, -1.404305100440979, -1.2240179777145386, 0.7150883674621582, 0.42152613401412964, 0.6135143637657166, -0.33024948835372925, -0.5170345306396484, 1.5012152194976807, 1.8112092018127441, -1.8360888957977295, -1.9807486534118652, -0.9716625213623047, -0.5941298604011536, 0.534103512763977, -2.6874825954437256, 2.0462698936462402, 2.759719133377075, -0.0523739755153656, 0.6142258048057556, 1.2993128299713135, -0.8469740152359009, -1.0323623418807983, -0.3212944567203522, 0.6435413956642151, -0.7852545976638794, 1.0326457023620605, -1.3584520816802979, -0.874500036239624, 1.1106674671173096, -0.2766771912574768, -0.04132929444313049, 0.5527605414390564, -0.31265121698379517, 2.2815604209899902, -0.4181062579154968, 1.3939416408538818, -0.9699742197990417, 0.9403547644615173, 0.9587694406509399, 2.1426448822021484, 2.238617420196533, 0.13641074299812317, -1.2495534420013428, 0.2726929187774658, 2.2373762130737305, -0.1686311960220337, -0.9639700055122375, -0.2058233618736267, -0.20837761461734772, -1.6195353269577026, -0.9007877111434937, 0.3523571193218231, -0.39094674587249756, 0.5039703845977783, 1.5676404237747192, -1.366471767425537, 1.675430417060852, -1.3258565664291382, 0.15954123437404633, 0.20061072707176208, -2.7246217727661133, 0.8278412818908691, -0.8114462494850159]",1,136.0
135,9606.ENSP00000233627,"[1.8899807929992676, -0.23975017666816711, 1.7587088346481323, 2.063936710357666, -0.8645310997962952, 1.60452401638031, 1.1569266319274902, -1.9443185329437256, -1.5199618339538574, -1.753658413887024, 1.7903399467468262, -2.816030979156494, -1.2271440029144287, 3.15569806098938, -2.6753201484680176, 0.6535378694534302, 2.286252498626709, 4.019169330596924, 3.4519522190093994, -0.28858038783073425, -3.8792500495910645, -1.6933891773223877, -0.4058023989200592, -1.634220838546753, -3.1242363452911377, 1.3605241775512695, 0.1491650640964508, 0.705187976360321, 3.7848639488220215, -0.757716953754425, -1.6721704006195068, -3.288161039352417, -1.247805118560791, 2.050804615020752, 1.3186590671539307, -3.1570005416870117, 0.7836244106292725, -2.704056978225708, 0.20620153844356537, -3.700700521469116, -0.30426254868507385, -0.084178626537323, -1.1058688163757324, 0.5908073782920837, 0.938676118850708, -2.1391191482543945, 1.5213813781738281, -1.9852375984191895, -0.3477310538291931, -0.6975851058959961, 3.019247531890869, 1.4515479803085327, -0.20801040530204773, 1.3651119470596313, -1.5336244106292725, -0.5902407169342041, 2.4303698539733887, -2.518031120300293, 1.0463595390319824, -0.49525076150894165, -2.456186056137085, 1.3079324960708618, 2.1249473094940186, -0.18994522094726562, -1.4692997932434082, 3.099853277206421, 1.4964381456375122, -1.6808327436447144, 1.075810194015503, 2.9248085021972656, 2.213270425796509, -0.41917309165000916, 1.4327352046966553, -0.5397658348083496, -1.729015588760376, 1.6442806720733643, 1.6737624406814575, -1.1303991079330444, -1.8256556987762451, -0.7952142953872681, 2.593550205230713, -0.6258541345596313, 0.0376012921333313, -2.4427433013916016, 4.672939777374268, -1.6032798290252686, -2.7224626541137695, -0.4685744345188141, -2.942922830581665, -0.12100747227668762, -2.624061346054077, -0.7288405895233154, 1.8997836112976074, -1.5778448581695557, -0.15746411681175232, 2.215461015701294, -0.7856341600418091, 1.5322327613830566, -0.8959622383117676, 0.14817138016223907, -0.3664968013763428, -0.13149261474609375, -0.46176978945732117, 0.6046580672264099, 2.002706289291382, 3.1120383739471436, -1.7657012939453125, -2.576324462890625, -1.6887404918670654, -0.9143579006195068, -2.132042646408081, 3.619030714035034, -3.8650712966918945, -1.834596037864685, -0.35535964369773865, 0.1979905366897583, 0.7886227965354919, -0.43561187386512756, -0.5617661476135254, 0.915589451789856, -0.635191798210144, 0.625788152217865, 2.4630119800567627, -0.4320695996284485, 1.1735594272613525, 1.5406749248504639, 0.27747368812561035, -2.9303030967712402, -0.943238377571106, -2.462362289428711, -1.0400354862213135, 1.456298828125, 0.3668299913406372, 2.784832000732422, -2.7903921604156494, 3.1817433834075928, -1.9773955345153809, -0.8717845678329468, -1.3798189163208008, 3.5181946754455566, -1.691367745399475, 0.410868763923645, -0.21546438336372375, -0.7376176118850708, 1.5636324882507324, 2.760526657104492, -2.648735523223877, 0.9236515760421753, -2.4792096614837646, -0.7388796806335449, 0.6250021457672119, -5.398838043212891, 1.037176489830017, 4.659498691558838, -1.724244475364685, 1.4907997846603394, 1.1468663215637207, -1.8833801746368408, 0.7005888223648071, -0.7874060869216919, 1.6371821165084839, -0.6920289993286133, 2.0094757080078125, -0.33036738634109497, -0.9137420654296875, 2.498386859893799, -0.9792608022689819, 0.14160552620887756, -0.1320676952600479, 1.1540991067886353, 3.420743942260742, -0.9386284351348877, 2.5863425731658936, -1.2115083932876587, 0.26606473326683044, 3.1672587394714355, 2.5796802043914795, 2.1996238231658936, 1.5494720935821533, -3.003272294998169, -1.470894455909729, 1.3868340253829956, -2.281822681427002, -1.8777216672897339, -2.927001953125, -0.17484572529792786, -0.26659709215164185, 0.01381942629814148, 0.10603773593902588, -1.327620506286621, -0.8816023468971252, -0.6627979278564453, -0.256648987531662, -0.04051902890205383, -0.029097378253936768, 0.6156050562858582, 1.2850778102874756, -1.5285685062408447, 1.2943233251571655, -2.125552177429199]",1,17.0
136,9606.ENSP00000215565,"[0.9846996665000916, 1.3875961303710938, -0.08768916130065918, 0.9256870746612549, -0.06732985377311707, 0.8776422739028931, 0.45576950907707214, -0.534267008304596, -1.7660865783691406, 0.15480509400367737, 1.8940069675445557, -1.6506718397140503, -1.1226327419281006, 1.2290457487106323, -0.9206829071044922, -0.6333844661712646, 1.4152207374572754, 1.1750967502593994, 1.1142858266830444, 0.7507854700088501, -2.165544033050537, -0.02576000988483429, -0.0024614334106445312, 0.38369858264923096, -1.0035169124603271, -0.3336050510406494, 1.2369396686553955, 1.4041672945022583, 1.8654361963272095, -0.6201047897338867, -0.026237845420837402, -1.3484779596328735, -0.30100464820861816, -0.5271538496017456, 2.3459205627441406, -2.297731399536133, 2.0194387435913086, -2.037777900695801, -0.1328628957271576, -1.5189067125320435, -1.141439437866211, -0.2832081615924835, -0.426423579454422, -0.22106648981571198, -0.36850637197494507, -0.45984935760498047, 0.8446234464645386, -0.2995368242263794, -1.2405210733413696, 0.709958553314209, 2.0564723014831543, 2.05857515335083, 0.8651465177536011, 0.8210669755935669, -1.3732538223266602, -0.21365585923194885, 1.8178156614303589, -1.2247469425201416, 2.8464391231536865, -2.0061397552490234, -2.0230674743652344, 0.03899848461151123, 1.098905086517334, -0.0347173810005188, -1.2129487991333008, 1.6118135452270508, 0.2734496295452118, -1.9098390340805054, 0.6909828186035156, 2.059173822402954, 1.2309648990631104, -0.47671857476234436, 0.2530878782272339, 0.08238449692726135, -1.2824506759643555, 1.261893391609192, 0.8788443803787231, -1.0927987098693848, -1.7479733228683472, -1.0012657642364502, 0.37159037590026855, 0.3911682367324829, -1.715409278869629, -1.0485804080963135, 3.109861373901367, -0.6148751974105835, -1.1806498765945435, 0.4563974440097809, -0.6715570688247681, 0.7448761463165283, -2.1905293464660645, 1.5438525676727295, 0.6498488187789917, 0.14126423001289368, -0.8920021057128906, 2.176839828491211, -0.18346427381038666, -0.35626617074012756, 0.6032582521438599, -0.7386444211006165, 0.48139214515686035, 1.4962763786315918, -0.9550343751907349, 0.7081983089447021, 0.671686053276062, 2.810281276702881, -0.6510925889015198, 0.01835528016090393, -0.2649713158607483, -2.439358949661255, -1.498969316482544, 1.8390014171600342, -1.5020909309387207, -2.152637004852295, -1.6381661891937256, -0.41711676120758057, 0.9150277376174927, -0.193487286567688, 0.46288713812828064, 0.8739868402481079, 0.027472883462905884, 1.2239735126495361, 2.277712106704712, -0.35090819001197815, 0.6175714731216431, -0.5112758278846741, -1.053269863128662, -1.2482945919036865, 1.2690470218658447, -1.4165781736373901, -0.813854455947876, 0.3321532607078552, -1.9040383100509644, -0.0066044628620147705, -2.3171958923339844, 0.7468944787979126, -0.7750508785247803, -1.3779343366622925, -1.5349489450454712, 1.10460364818573, 0.12133908271789551, 0.7468048334121704, 0.08302426338195801, -0.168594092130661, 1.392219066619873, 2.0816526412963867, -2.213425636291504, -1.1504220962524414, -0.019244134426116943, -0.9279135465621948, 1.12196683883667, -2.521021604537964, 2.2878668308258057, 2.530013084411621, -0.6179448366165161, 0.18690526485443115, 1.4899636507034302, -0.9943339824676514, -0.8596950769424438, -0.9422503113746643, 0.3404017686843872, -0.47111207246780396, 1.4130041599273682, -1.6250571012496948, -0.34597355127334595, 1.672996997833252, -0.6795779466629028, 0.30883991718292236, 0.23972474038600922, 0.04622052609920502, 2.689720630645752, -0.2926788926124573, 1.696941614151001, -0.4531313180923462, 1.0997719764709473, 1.0792279243469238, 1.7332751750946045, 2.0026094913482666, 0.3203071653842926, -1.447847604751587, 0.00735984742641449, 1.7515721321105957, -0.4381023049354553, -0.15648120641708374, -0.45226627588272095, -0.32495206594467163, -1.237755298614502, -1.0133702754974365, 0.5071823596954346, -1.0125006437301636, 0.5985621213912964, 1.1283046007156372, -1.1863048076629639, 1.5141524076461792, -0.8855170011520386, 0.5147846341133118, 0.5890332460403442, -2.9519715309143066, 1.109881043434143, -1.3799583911895752]",1,127.0
137,9606.ENSP00000377036,"[2.1681809425354004, -0.6374249458312988, 3.363084316253662, 2.942131996154785, -0.12735839188098907, 1.3977429866790771, -0.9056390523910522, -1.8675438165664673, -2.9881622791290283, 2.87648344039917, 1.068481683731079, -4.221270561218262, -1.405740737915039, 1.3116695880889893, -2.6610264778137207, 2.360546827316284, 2.1070287227630615, 2.73018479347229, 3.0910329818725586, 1.2473304271697998, -2.938979387283325, -1.4607609510421753, 0.4792696237564087, 3.4885809421539307, -2.4935719966888428, -0.6124323606491089, -0.02968493103981018, 0.5196085572242737, 1.1368649005889893, -1.8600043058395386, -4.3027472496032715, -0.9201462864875793, -1.5606205463409424, 0.0991087555885315, 2.311915636062622, -2.0217463970184326, -1.5078758001327515, -2.779900550842285, -1.3615399599075317, -1.6978338956832886, -1.3146698474884033, -0.40803900361061096, -2.19537353515625, 1.4259368181228638, 2.887462854385376, -0.9289387464523315, -0.31673702597618103, -0.29530400037765503, 0.4901750683784485, -0.669376015663147, 3.575531005859375, 0.10038945078849792, 0.7032746076583862, 1.8118618726730347, 0.9351528882980347, 0.32211199402809143, -0.3076936602592468, -1.6117768287658691, 1.2762211561203003, 0.1093100905418396, -0.6029609441757202, 2.7533137798309326, 2.961601734161377, 0.9631434679031372, -1.0367425680160522, 2.272090435028076, 3.3745367527008057, -0.6313842535018921, 1.1532342433929443, 3.279480457305908, 1.4060531854629517, -1.8291701078414917, 0.5707686543464661, -0.8002983927726746, -2.653846263885498, 2.056619167327881, 0.49001893401145935, -1.8687094449996948, -0.30462682247161865, 1.3960500955581665, -0.4287422299385071, 1.6388890743255615, -0.0048220157623291016, -0.3182916045188904, 0.1432117223739624, -0.9076566696166992, -3.255927562713623, 2.2810730934143066, -2.4409127235412598, -0.659181535243988, -1.96848464012146, 1.0951999425888062, 1.0693325996398926, -2.077670097351074, -2.2360358238220215, 0.9179952144622803, -2.4349400997161865, -0.6403061151504517, -0.1400814652442932, -1.095263957977295, 2.6618239879608154, 2.4711334705352783, -1.6161260604858398, 2.148465871810913, 2.0023467540740967, 1.7739077806472778, -1.5096904039382935, -1.5476315021514893, -2.346118688583374, -0.27537065744400024, 1.6984657049179077, 0.27293112874031067, -4.231940269470215, -0.16261732578277588, -0.06610795855522156, 2.788175344467163, -1.6962685585021973, 0.5271705985069275, 1.2844886779785156, -0.283852219581604, 1.6612848043441772, -0.9436831474304199, -1.7662701606750488, 0.03433150053024292, 0.5895957946777344, 1.9803781509399414, -1.1492125988006592, -2.562006950378418, 1.8057141304016113, -2.677485704421997, 3.3583202362060547, 3.411592483520508, 1.503575325012207, 2.9564263820648193, -0.9913649559020996, 2.8058159351348877, -1.8089739084243774, -3.706214427947998, 0.9878811836242676, 1.5631335973739624, 0.9542341232299805, 1.439451813697815, 2.4810500144958496, -1.8903082609176636, -0.12312158942222595, 2.5728349685668945, -2.3041458129882812, -0.570464551448822, 2.3569016456604004, -0.17166171967983246, 2.4219040870666504, -2.362952470779419, -1.8441630601882935, 4.017910003662109, -3.1597650051116943, -2.2631969451904297, -4.240657329559326, -2.1439101696014404, -0.6577686071395874, -0.20638787746429443, -0.764806866645813, 0.8565121293067932, 0.8629563450813293, 0.37607869505882263, -0.8747398853302002, 0.41558998823165894, -1.1305930614471436, -0.8875992298126221, -1.2637410163879395, 1.869001030921936, -0.2540312111377716, 0.5474193692207336, 1.6382062435150146, -1.0318365097045898, -1.4628108739852905, 1.5052106380462646, 3.143430709838867, 0.24780651926994324, 3.640159845352173, -0.671443521976471, -0.5950683355331421, -0.5655369758605957, -0.14147701859474182, -3.15830659866333, -2.8685853481292725, -1.0189646482467651, 0.5530214309692383, 0.7319241762161255, 0.09534856677055359, 0.47211754322052, -0.06730157136917114, -3.0033912658691406, -0.4513828158378601, -2.435946226119995, 2.9520576000213623, 0.1098509430885315, -0.9286561012268066, 0.8426558375358582, 0.10171374678611755, -2.7917885780334473]",1,158.0
138,9606.ENSP00000356107,"[8.596037864685059, -1.774972677230835, 5.326648235321045, 5.184455871582031, -0.5185750126838684, 2.592737913131714, -0.2588273882865906, 6.633177757263184, -4.020978927612305, -0.659743070602417, 5.612202167510986, -2.557931900024414, -0.5600167512893677, -1.2615163326263428, -4.766373157501221, -4.558223247528076, 3.618986129760742, 2.64717435836792, 3.4839651584625244, 4.932914733886719, -4.663104057312012, -7.951877117156982, 0.9201897382736206, 2.877220630645752, -2.2055256366729736, -2.085324287414551, 3.3034884929656982, 4.1937575340271, 2.8967366218566895, -6.056407451629639, -0.8104982376098633, -9.676466941833496, -0.6098300218582153, 2.796541213989258, 7.396424770355225, 0.884952187538147, -1.3918960094451904, -5.768888473510742, -5.783921718597412, -5.2641143798828125, -4.614222526550293, 0.35778337717056274, -3.512794017791748, -1.4236414432525635, 1.3427095413208008, -2.318131685256958, 5.437939167022705, -0.30718913674354553, -7.460158348083496, -1.2142471075057983, 0.9009925127029419, 6.629702568054199, 3.0736231803894043, 2.262388229370117, 1.239821195602417, -5.236024379730225, 5.346613883972168, -3.8018009662628174, 2.3593852519989014, -4.4216084480285645, -7.5665974617004395, 3.7538397312164307, 1.431956171989441, 1.2944180965423584, 0.44187039136886597, 1.0970100164413452, 1.3881292343139648, -2.6496427059173584, 3.3511948585510254, 1.7455782890319824, 4.549902439117432, 1.597668170928955, 1.5369197130203247, -7.15573263168335, -1.7728826999664307, 8.922430038452148, 1.4213701486587524, -7.4610443115234375, -5.566033363342285, 1.932222604751587, 1.3160078525543213, 8.66002368927002, -7.302976131439209, -2.7011992931365967, 3.349199056625366, 2.9382708072662354, -1.8329977989196777, 1.606824517250061, -1.3811404705047607, 0.1888725608587265, -4.052857398986816, 10.703904151916504, 7.331208229064941, -0.2040354162454605, -3.5584986209869385, 6.474521636962891, -4.209957122802734, 2.479595184326172, 6.805774688720703, -0.581926167011261, 9.162134170532227, 5.811982154846191, -5.57041072845459, 5.739089488983154, 6.980823040008545, 4.479310989379883, -2.794471025466919, -2.1494898796081543, 4.043545722961426, -2.3240411281585693, -0.9757243394851685, 3.459287405014038, -1.7192184925079346, -2.997535467147827, -4.464651107788086, 3.6426804065704346, 3.2397499084472656, -5.914027214050293, -4.791079998016357, 4.6238017082214355, 7.1746063232421875, 3.044524669647217, 4.52731990814209, 0.3967456817626953, -0.08840078115463257, 3.7126262187957764, -6.659765243530273, -2.7277207374572754, 9.274934768676758, -2.0114047527313232, 9.115787506103516, 4.063796043395996, 1.006596326828003, 2.1348607540130615, -5.487681865692139, 3.0927371978759766, -2.375514507293701, -2.959136962890625, 0.38882875442504883, 0.31828027963638306, 1.6044598817825317, 1.5367262363433838, 7.53505277633667, -5.248778820037842, 7.599410057067871, 2.6966917514801025, -4.177011489868164, -2.596263885498047, 7.048947334289551, -1.4540176391601562, 1.7559576034545898, -3.476170778274536, 2.201848268508911, 4.134336948394775, -0.10849758982658386, -0.4867367446422577, -1.3036739826202393, -5.313573837280273, -3.7307231426239014, -0.6818318367004395, 1.189727544784546, -5.4612507820129395, -3.2978875637054443, -2.636380434036255, 1.5025286674499512, 6.249998092651367, 1.2326347827911377, 1.3131645917892456, -1.6296125650405884, -0.7047427892684937, 8.145232200622559, -1.460932970046997, 4.999516487121582, -2.394069194793701, -2.5326905250549316, 4.88830041885376, 3.262812376022339, 7.759434700012207, 0.49781885743141174, -2.3652689456939697, 10.660989761352539, 6.380002021789551, -2.3294241428375244, -1.892817497253418, -2.583296298980713, 2.4331858158111572, -5.321601867675781, -5.307492733001709, 8.009340286254883, 0.9057329893112183, 4.112147808074951, -3.3080127239227295, -7.314764976501465, 4.16227388381958, 3.565575122833252, -1.676660418510437, 0.8296490907669067, -7.155491352081299, 8.234237670898438, -1.6290454864501953]",1,57.0
139,9606.ENSP00000420617,"[2.6092491149902344, -1.273164987564087, 0.2795444130897522, 2.212414264678955, 0.6875724196434021, -0.9931966066360474, -2.231982707977295, 0.13398292660713196, -2.414003610610962, -0.9806459546089172, 0.19850566983222961, -1.726770281791687, -0.9948127269744873, -0.1928287148475647, -0.4797186255455017, -1.6928335428237915, 1.1230840682983398, 1.0161640644073486, 1.5351176261901855, -0.9155272245407104, -1.7785903215408325, -0.9193426966667175, 0.6278337240219116, -0.34859344363212585, -0.43221062421798706, -1.0501233339309692, 0.39494144916534424, -0.9347156882286072, 1.569295048713684, 0.27829569578170776, -0.4240688681602478, -2.3968098163604736, -0.6148049831390381, 0.3338084816932678, 0.7655415534973145, 0.8564326167106628, 0.3227063715457916, -0.338106244802475, -0.14280477166175842, -2.193970203399658, -1.398801565170288, -0.20819605886936188, -0.005923211574554443, -0.9455147981643677, 1.0095384120941162, -2.1580185890197754, 1.1650376319885254, 0.4601273238658905, -1.0191346406936646, -0.36998990178108215, 1.9253029823303223, 1.37264883518219, 0.6845344305038452, 0.07910454273223877, 0.8621882200241089, -1.3592579364776611, 1.0398896932601929, -1.6950514316558838, 0.5116777420043945, -2.217872142791748, -0.6756453514099121, 1.656075358390808, 1.5389562845230103, 0.8224446177482605, -0.8930779695510864, 0.5409799218177795, 0.2698284983634949, -1.8199496269226074, 1.3946868181228638, -0.12541553378105164, 1.0626404285430908, 1.207034945487976, 1.7031935453414917, 1.1494240760803223, -0.21255961060523987, 1.4668207168579102, 0.7362060546875, -0.9862762093544006, -1.6949152946472168, 0.3511672616004944, 1.3732866048812866, 1.983663558959961, 0.07652702927589417, -0.5070408582687378, 1.8727593421936035, -0.7540448904037476, -1.5388896465301514, 0.4790163040161133, -0.6302419900894165, 1.6536543369293213, -0.3381173610687256, 2.6579248905181885, 1.5430208444595337, 0.060389161109924316, -0.8448517322540283, 0.7391306161880493, 0.15263032913208008, 0.19955989718437195, 0.7299665212631226, -0.22208520770072937, 1.1615610122680664, 1.9462844133377075, -0.5463985204696655, 2.3656299114227295, 2.0904481410980225, 2.183854818344116, -0.6023963689804077, -1.565606713294983, -1.2960782051086426, -0.6112908124923706, -0.7275545597076416, 1.5099347829818726, -0.3074466586112976, -0.11576637625694275, -1.8776963949203491, 1.3400144577026367, 0.47098904848098755, -0.8386207818984985, -0.44492828845977783, -1.3883215188980103, 0.3886704444885254, 1.9174480438232422, 0.45572903752326965, 0.30541855096817017, 1.4452729225158691, -0.39277687668800354, 0.17321041226387024, -0.8847207427024841, 1.3823328018188477, -2.1650428771972656, -1.0578207969665527, 1.3870720863342285, 1.5118852853775024, 0.7621220946311951, -2.3336853981018066, 0.7699185609817505, -0.26417970657348633, -0.06798261404037476, 0.5371941924095154, 0.2708897590637207, 1.4358587265014648, -0.12109676003456116, -0.7401437759399414, -1.4517896175384521, 0.6976394057273865, 1.9365110397338867, -1.4970749616622925, 0.46601495146751404, -0.20618638396263123, -2.742098808288574, 2.257366180419922, 0.6246870160102844, 1.2943195104599, 1.735674500465393, 0.5159255266189575, 1.3724431991577148, 0.5872334837913513, -2.137974739074707, -0.21790488064289093, 0.32318833470344543, 1.7163636684417725, 0.022105127573013306, -0.17795661091804504, -0.9364745020866394, 0.7734035849571228, 1.0636488199234009, -1.116464376449585, -0.6691889762878418, -0.09244595468044281, 0.7472248077392578, 1.251847267150879, -0.7115797996520996, 0.9132336378097534, -0.02075105905532837, 1.2617427110671997, 1.9273056983947754, 1.9325520992279053, 2.457756996154785, 0.3297879695892334, -1.8691532611846924, 1.1369463205337524, 1.1742377281188965, -2.009089231491089, 0.4137546420097351, 0.33073365688323975, -0.4516298174858093, -1.7148752212524414, -0.46199965476989746, 0.7405376434326172, -2.3671953678131104, 1.235152006149292, -0.015141844749450684, -0.9495892524719238, 1.192400574684143, 0.23314931988716125, 1.17424738407135, -0.3009514808654785, -1.9876798391342163, -0.1910480558872223, -2.104295492172241]",1,20.0
140,9606.ENSP00000409667,"[2.0151572227478027, 2.909271717071533, 0.9811735153198242, 4.711089134216309, 0.052527137100696564, 0.6365326642990112, 1.305375337600708, 2.4783706665039062, 1.6370679140090942, -0.42070266604423523, 5.667699337005615, -6.1939239501953125, -0.08733165264129639, 1.5051558017730713, -2.0381178855895996, -3.463688611984253, -4.670467853546143, 2.8053858280181885, 3.1120691299438477, 3.7882418632507324, -0.6364736557006836, -0.6966578364372253, -4.128604888916016, -3.4753079414367676, -2.091871976852417, 2.6177518367767334, -1.8704031705856323, 3.202692985534668, 3.9457666873931885, -0.2618482708930969, -3.5281424522399902, -1.5847268104553223, -2.828977346420288, 0.7883334159851074, 1.1213876008987427, -2.2387678623199463, 2.3339383602142334, -4.174976348876953, -1.3511126041412354, -0.9278631210327148, -3.4130260944366455, -1.3218191862106323, 2.800532341003418, 4.838905334472656, 3.249630928039551, -2.7485580444335938, 0.4360121786594391, 0.8766942024230957, 0.7557053565979004, -4.575732231140137, 4.303661823272705, 2.299334764480591, 2.9128525257110596, 2.819113254547119, -0.3379942774772644, 0.46393781900405884, 2.8742802143096924, 1.5637201070785522, -2.5383501052856445, -0.05503353476524353, -2.3828325271606445, 3.3589718341827393, 0.6310648322105408, -0.4695815145969391, -3.349080801010132, 2.121086835861206, -2.0197865962982178, -1.7814170122146606, -2.978339672088623, 2.8921709060668945, 3.933762311935425, -1.3291767835617065, 1.40267813205719, -5.065593719482422, -2.8910646438598633, 2.231095314025879, 2.6470673084259033, 2.174363136291504, -0.9488330483436584, 1.4718679189682007, 2.0994691848754883, 2.9286839962005615, -3.003046751022339, -2.1457648277282715, 1.0248057842254639, -3.5695548057556152, 0.2629815340042114, -1.8429887294769287, 0.20292259752750397, 0.9645379781723022, -2.23421573638916, 1.1821051836013794, 1.760878562927246, -3.4936532974243164, 3.09077787399292, 3.152900218963623, -1.6079190969467163, -2.488553047180176, 1.4922244548797607, 1.7975033521652222, -1.6044573783874512, 0.7331345081329346, -5.146623134613037, 7.859000205993652, 2.6985628604888916, 6.8183135986328125, -3.3917367458343506, -0.6423017978668213, -1.4581266641616821, 1.0187509059906006, -3.4876232147216797, 1.6644164323806763, -1.5886038541793823, -1.5194835662841797, -0.5026665925979614, -0.9071202874183655, -1.161181926727295, -2.668569803237915, -0.6310713887214661, 2.2306578159332275, 0.682625949382782, 4.1263957023620605, 3.6722331047058105, -2.924908399581909, 1.859225869178772, -0.8252413868904114, -6.074460029602051, -2.5903937816619873, 2.3993618488311768, -0.5047684907913208, -0.7748779654502869, -0.816703736782074, 0.4665023386478424, 5.982412815093994, -2.4611690044403076, 4.923092365264893, -1.5841779708862305, 1.3564597368240356, 1.3214092254638672, 4.871799468994141, 3.2610599994659424, -2.108182191848755, -0.8440104126930237, -4.289825916290283, 0.9728797078132629, 2.937912702560425, -2.3409690856933594, 1.1792268753051758, 2.1698110103607178, 0.31126636266708374, 1.4064390659332275, -3.4980342388153076, 0.6202099323272705, -0.7827668786048889, -2.5342960357666016, 6.276552677154541, 3.273153305053711, -4.279935836791992, 0.3999212384223938, -0.14216677844524384, -0.0799209326505661, 4.4504618644714355, -0.2578096389770508, -4.583064079284668, 4.104531288146973, 2.4134881496429443, -1.6105453968048096, -4.112936496734619, 4.9343414306640625, 0.9700717926025391, 5.224699020385742, -5.9697113037109375, 1.8739805221557617, -1.0814180374145508, -4.109009742736816, 1.7418543100357056, 2.6350693702697754, 2.561708927154541, -0.6265968680381775, -0.7981643080711365, 3.5759263038635254, 1.621042013168335, -5.527663230895996, -3.783777952194214, 0.030217677354812622, -5.793967247009277, 1.2819159030914307, 0.8682747483253479, 1.5259778499603271, -2.0476295948028564, 1.9749836921691895, 1.2831523418426514, -2.232468605041504, 3.7337422370910645, 3.249770164489746, -5.205606460571289, -3.7116081714630127, -5.445651054382324, 2.4879682064056396, -5.145529747009277]",1,109.0
141,9606.ENSP00000373600,"[2.0825581550598145, 0.26781347393989563, 0.2749292850494385, -0.11313927173614502, -2.2737839221954346, 0.06943677365779877, 0.9230530261993408, 0.1920304000377655, 0.6265250444412231, 0.5594919919967651, 2.321369171142578, -2.746746301651001, -3.2787113189697266, 0.3894677758216858, -0.8402483463287354, -0.9474525451660156, 1.1105326414108276, -0.602103054523468, 0.9572902917861938, 1.1087779998779297, 1.0625402927398682, -0.2540486752986908, -3.1704025268554688, 0.696445643901825, -1.1434094905853271, -0.01734176278114319, -1.5869568586349487, 0.38176673650741577, 0.3850366771221161, 0.5049154758453369, -1.5072540044784546, 0.04680134356021881, -1.9009690284729004, 1.9195635318756104, 1.6095941066741943, -2.3704771995544434, -1.156343936920166, -0.08942408859729767, -0.007527962327003479, -1.7986198663711548, -0.23079577088356018, -0.2884255051612854, -2.1976003646850586, 2.2425546646118164, 2.190791606903076, -3.2963621616363525, -0.016702204942703247, -1.6799919605255127, 0.20559608936309814, 0.5967667698860168, 1.1272454261779785, 0.49117034673690796, 2.593303680419922, 2.69706654548645, -0.9553362131118774, -1.7207529544830322, 3.0076491832733154, -2.7559423446655273, 1.4948495626449585, -0.585075855255127, -1.6217718124389648, 0.9235855937004089, 1.36031973361969, 2.5632219314575195, -1.8822412490844727, 0.49097251892089844, 0.1683591604232788, -0.3213109076023102, -3.309452533721924, 1.0242949724197388, -1.7906544208526611, -2.259751081466675, 3.2654714584350586, -0.9692249298095703, -2.2218120098114014, 1.7603005170822144, -2.644498348236084, -0.5880602598190308, -1.954242467880249, -0.213565856218338, 2.9188432693481445, 0.21378974616527557, -0.031475335359573364, 0.45318764448165894, -0.4522891342639923, 1.1395161151885986, -2.3188204765319824, -1.6112897396087646, -1.8095896244049072, 3.0921666622161865, -0.7511153221130371, 3.986517906188965, -1.2075138092041016, 0.5524755120277405, -1.641736388206482, 1.2979825735092163, -1.257962703704834, -0.41724517941474915, -0.05913415551185608, 0.9695097208023071, -0.39484238624572754, 1.3438447713851929, -0.943576455116272, 1.41310715675354, 3.160109519958496, 0.4419151544570923, -0.421095609664917, 0.02453136444091797, 0.3453724980354309, -1.3562171459197998, -1.1674975156784058, 0.4606843590736389, 0.09606152772903442, 0.11581933498382568, -1.990989089012146, 0.019121363759040833, 1.3394523859024048, -1.7314355373382568, 1.3697816133499146, 0.15293632447719574, 2.4911298751831055, -1.5258859395980835, -1.1460736989974976, -1.6468548774719238, 1.8009836673736572, -0.31221699714660645, -1.6350477933883667, -0.430534690618515, -0.30527180433273315, -1.2598626613616943, -0.6947650909423828, 0.4389423131942749, 1.7771189212799072, 0.96224045753479, -2.3445017337799072, 1.0743680000305176, -0.22881345450878143, -0.6733497381210327, -0.514329195022583, -0.6213238835334778, -1.7450106143951416, -0.7526504397392273, 3.69354248046875, -1.612160086631775, 0.08235837519168854, 2.0870938301086426, -1.7044202089309692, -1.198635220527649, 2.166675329208374, 2.823124647140503, 1.4628835916519165, -1.059913158416748, 0.057231128215789795, 2.800567626953125, -1.7284194231033325, -0.1547684669494629, 0.7615559101104736, 0.07443618774414062, -0.08077684044837952, 1.9856672286987305, -0.6487632989883423, -0.3434808552265167, 1.7652536630630493, -0.6216006875038147, 1.7407245635986328, 0.2516394853591919, 0.2707500457763672, -1.4628938436508179, 1.2019851207733154, 2.3461294174194336, 0.5796642303466797, -3.4284698963165283, 0.23742416501045227, 0.6740400791168213, -0.9581239223480225, -0.3585878312587738, 0.8081275224685669, 1.897331714630127, 0.7094250917434692, -0.6579504013061523, 0.23245176672935486, 0.32901841402053833, -1.0901504755020142, -1.943908452987671, -1.00740647315979, -2.0976710319519043, 0.4345315098762512, 0.06145143508911133, 1.1646612882614136, -1.4431395530700684, 1.5258394479751587, 0.5038638114929199, -1.5302833318710327, -0.759676456451416, 5.133090972900391, 0.609858512878418, -1.0168732404708862, -1.5750126838684082, 1.4587228298187256, -0.28817594051361084]",1,52.0
142,9606.ENSP00000362115,"[1.2072169780731201, 2.3108835220336914, 1.6276228427886963, 2.118853807449341, -0.07580354064702988, 0.7089903950691223, -1.5402302742004395, 1.7792561054229736, -0.3495592474937439, -1.009002923965454, 3.4861066341400146, -1.9889994859695435, -0.8154865503311157, 1.0219424962997437, -0.8668734431266785, -1.953319787979126, -0.199424147605896, 1.5494391918182373, 2.935509443283081, 2.9364724159240723, -0.3484649360179901, -0.23310312628746033, 0.9037508964538574, -0.35545164346694946, -0.4828112721443176, -0.9168257713317871, 1.4104783535003662, 1.8605859279632568, -0.05520114302635193, -1.9346857070922852, -0.7614911198616028, -2.5315582752227783, -1.6553585529327393, 2.1523830890655518, 2.48527455329895, -2.6531004905700684, 0.9408287405967712, 0.5192343592643738, -1.1384239196777344, -0.36686593294143677, -1.642121434211731, 0.8378884792327881, -0.6521536111831665, 0.9484126567840576, 0.19948148727416992, -1.0223866701126099, 2.158421039581299, -0.6249057054519653, -0.6765521764755249, -0.5056459903717041, 1.747695803642273, 4.0649895668029785, 2.406318426132202, -0.2505333423614502, 1.1221061944961548, -0.8649019002914429, 2.2510218620300293, 0.12090665102005005, 1.4602587223052979, -2.4933652877807617, -0.9323369264602661, 1.593916893005371, 1.1828370094299316, 2.681671619415283, -0.36962956190109253, 1.2640851736068726, 1.705536961555481, -0.6286323070526123, -1.1180685758590698, 1.7269316911697388, 1.9732530117034912, 0.9356012344360352, 2.564575672149658, -2.8002381324768066, -1.8887903690338135, 1.3577179908752441, 1.8214216232299805, -0.6157355308532715, -3.2694735527038574, 0.739885151386261, -0.6855543851852417, 0.6472398042678833, -1.3386940956115723, -0.9762685894966125, 0.7949697375297546, 2.0632920265197754, -1.6381657123565674, -1.3750360012054443, -0.9307896494865417, 0.2004522979259491, -2.7230639457702637, 2.5987181663513184, -0.05735427141189575, -1.2073841094970703, -0.8996464610099792, 1.4545891284942627, -0.6531378626823425, 0.40810471773147583, 2.2961502075195312, 0.45504230260849, 1.6877613067626953, 1.6075876951217651, -2.2680399417877197, 4.344785213470459, 2.5300111770629883, 1.7345820665359497, -1.8985899686813354, -0.39118263125419617, -0.20398014783859253, -1.193368673324585, -2.0112955570220947, 2.6074936389923096, 1.4409247636795044, -1.1105661392211914, -3.3785057067871094, 0.7025160193443298, 1.4814815521240234, -1.15033757686615, -0.429477334022522, 0.9283185005187988, 2.171517848968506, 2.3455796241760254, 2.4569203853607178, -0.6975395679473877, -0.475760281085968, -1.3177716732025146, -2.7895874977111816, -2.1541402339935303, 1.1525789499282837, -0.9734850525856018, 0.7689360976219177, -0.42283761501312256, 0.23644739389419556, 3.3527278900146484, -2.233091354370117, 2.6580634117126465, -1.0365701913833618, -0.20965322852134705, 0.6285998225212097, 0.5056620836257935, 2.0023977756500244, -2.883697509765625, 0.14667615294456482, -1.9871004819869995, 1.9644756317138672, 1.6016461849212646, 0.13152790069580078, 1.273024320602417, 2.906420946121216, 1.3107646703720093, 1.3070703744888306, -1.4312547445297241, 1.9709694385528564, 0.8511836528778076, -1.450859785079956, 0.6717456579208374, -0.6249406337738037, -2.2066545486450195, -0.35079076886177063, -1.4320800304412842, 0.1267683207988739, -0.8306119441986084, -0.03552296757698059, -4.19712495803833, 0.6556494235992432, 1.2804330587387085, 0.7064427137374878, -0.17096146941184998, -0.21596194803714752, 2.403486967086792, 1.6896731853485107, -2.5100581645965576, 1.3297834396362305, 0.4881225824356079, -1.0894067287445068, 3.1264264583587646, 0.01998010277748108, 1.2815150022506714, 1.4326448440551758, -0.6403303146362305, 3.5284087657928467, 1.6498476266860962, -1.5069947242736816, -0.31013670563697815, 0.2770206034183502, -0.0680859237909317, -2.3953866958618164, -0.583273708820343, 2.716430187225342, 0.9115780591964722, 1.9356887340545654, 1.000219464302063, -1.386244297027588, 2.5471572875976562, 2.075334072113037, -0.3166487216949463, -0.7023097276687622, -1.9029083251953125, 1.4900481700897217, -1.087314248085022]",1,128.0
143,9606.ENSP00000306449,"[-1.7654871940612793, -1.2740552425384521, 2.846376657485962, 2.948587417602539, -0.8742484450340271, 1.206268072128296, 1.805558681488037, 0.4315657913684845, -0.693439245223999, 0.199901282787323, 3.4593403339385986, -3.55649733543396, -2.4971978664398193, -0.2974278926849365, -2.260526657104492, 3.273630380630493, 0.9099199771881104, 2.4684526920318604, 3.1233341693878174, 0.447640985250473, 0.4210754930973053, -2.0312931537628174, -1.1761125326156616, -1.321517825126648, -2.1575183868408203, -3.4148194789886475, 1.3095300197601318, 0.3257075548171997, 3.927490234375, -3.632286310195923, -4.10863733291626, -1.3990427255630493, -2.439724922180176, 0.7149977684020996, 5.772245407104492, -3.2107203006744385, -5.23029899597168, -3.520219087600708, -0.4049871563911438, -4.029861927032471, -3.1908040046691895, -0.3029838800430298, -1.6061365604400635, -0.9077955484390259, 3.240032911300659, -3.6092398166656494, 3.840707302093506, -4.997588157653809, -3.8953471183776855, 0.5553784966468811, 5.3947834968566895, 1.3681755065917969, 2.7673935890197754, 0.7528421878814697, 2.94320011138916, -4.1622395515441895, 3.057438850402832, -3.9460902214050293, -2.2502310276031494, -0.1918003261089325, -1.3134336471557617, 3.1883134841918945, 1.5253318548202515, -0.6211846470832825, -2.1925747394561768, 1.2499241828918457, 5.796754837036133, -1.6363197565078735, -2.1671252250671387, 2.871673822402954, 1.0384927988052368, -1.1550641059875488, 0.6466880440711975, -3.5555553436279297, -0.924099862575531, 6.27675724029541, 3.0173301696777344, 1.1405155658721924, -0.7702276706695557, 1.9972649812698364, 0.18777191638946533, -1.1545231342315674, -4.266033172607422, -1.4989805221557617, 0.1563887745141983, -3.3992228507995605, -0.44590815901756287, -1.835756540298462, -2.4889025688171387, 1.613945484161377, -4.5798659324646, 2.7163546085357666, 0.8949744701385498, -2.4485926628112793, 0.30110645294189453, 2.3987038135528564, -0.231438547372818, 0.11995047330856323, 2.8388495445251465, 1.300241231918335, 0.5343852043151855, -0.3517693281173706, -1.1933013200759888, 3.804875612258911, 1.7398018836975098, 0.6715521216392517, -3.9873223304748535, -1.2325876951217651, -1.5537910461425781, 1.0545954704284668, -0.8972985744476318, -2.027221202850342, -1.4728747606277466, -3.008575201034546, -0.11074820160865784, 0.43569818139076233, 0.36793601512908936, -0.5785761475563049, 0.8388186097145081, 0.49448180198669434, 5.422238826751709, 1.930359959602356, -1.1151505708694458, 1.1202096939086914, 2.407423973083496, 3.0359718799591064, -3.293497085571289, -3.8725061416625977, 0.5459191203117371, -1.2713773250579834, 5.087430953979492, 2.2845442295074463, -1.1897695064544678, 4.473408222198486, -2.779301166534424, 2.505340337753296, -3.2088019847869873, -4.781395435333252, 0.5371068120002747, 3.785545587539673, 4.738321781158447, 1.2455596923828125, 2.0554301738739014, -4.0155816078186035, 1.9086132049560547, 3.189566135406494, -1.1391063928604126, -1.0131628513336182, 0.1391136348247528, 0.777588963508606, 4.824581146240234, -5.074790000915527, -2.827148914337158, 3.2942771911621094, -4.314438819885254, 0.4953688383102417, -2.9162826538085938, 1.6286818981170654, 3.514418840408325, 1.5326969623565674, -0.49864059686660767, 0.89601069688797, -0.29202035069465637, -0.7012170553207397, 2.519151210784912, 2.5721373558044434, 2.467628240585327, 0.7793810963630676, 0.3620201349258423, 1.902376413345337, 1.4392812252044678, -3.5131425857543945, -0.127958744764328, 2.352017402648926, -1.8006656169891357, 5.035155296325684, 0.6782499551773071, 4.001815319061279, 2.7348313331604004, -1.6827600002288818, 0.5125507116317749, 2.4199090003967285, -0.5835264325141907, 0.32863831520080566, -1.891629695892334, -2.690645217895508, 0.6591612100601196, -1.3073525428771973, 1.325063705444336, -3.0917792320251465, 3.281566858291626, 0.4770128130912781, -3.928811550140381, 0.6331489086151123, 3.816455125808716, 1.6868215799331665, 1.5692812204360962, -2.1779141426086426, 1.726077914237976, -4.9369707107543945]",1,151.0
144,9606.ENSP00000369538,"[5.379927635192871, -1.4491565227508545, 5.100658893585205, 4.716309547424316, -0.23398014903068542, 1.3862113952636719, -2.575700044631958, 2.0375094413757324, -3.448976755142212, 0.3445587754249573, 2.85615873336792, -3.4021120071411133, 0.8042391538619995, -0.8941225409507751, -1.551879644393921, -0.389620304107666, 1.6309047937393188, 4.664416790008545, 3.229525089263916, 1.9340320825576782, -0.8347265720367432, -5.4246826171875, 1.910400390625, 1.3000855445861816, -1.0621435642242432, -3.0396530628204346, 1.5460052490234375, 1.1617767810821533, 1.3417682647705078, -3.597306728363037, -0.944823682308197, -3.146127939224243, -0.02351278066635132, 0.8328018188476562, 3.8268871307373047, -0.14448052644729614, -1.5452581644058228, -1.2118643522262573, -2.826869249343872, -2.934748888015747, -1.5147826671600342, 0.8326410055160522, -2.355006694793701, 2.0200181007385254, -2.3260934352874756, 0.3400203585624695, 2.1286754608154297, -1.8278254270553589, -3.7958672046661377, -0.8535274267196655, 2.8193819522857666, 5.624933242797852, 2.3690552711486816, 0.4412142038345337, 1.798687219619751, -3.555361032485962, 1.630923867225647, -3.9485256671905518, 1.1368454694747925, -1.6699092388153076, -2.8969674110412598, 3.850155830383301, 3.706244707107544, -0.258802205324173, -1.5845566987991333, -0.46374404430389404, 3.489896535873413, -3.2495901584625244, 0.2205955535173416, 0.3854498267173767, 2.9780266284942627, 0.5568822026252747, -0.8861340284347534, -3.243717908859253, -0.07277324795722961, 5.086055278778076, 4.566327095031738, -1.9737941026687622, -3.775665760040283, 2.0495996475219727, -0.47077158093452454, 3.525315761566162, -2.458843469619751, -1.5851092338562012, 0.08260840177536011, 0.5999346971511841, -3.4550695419311523, -2.2146244049072266, -1.6214847564697266, 0.43889525532722473, -3.088538885116577, 4.226144313812256, 3.9998743534088135, -1.4238207340240479, -1.0908198356628418, 3.4933366775512695, -2.443556070327759, -0.38155311346054077, 2.591402769088745, -3.7349624633789062, 5.959029674530029, 2.9386394023895264, -1.9707754850387573, 4.295262336730957, 4.653098106384277, 1.756325364112854, -1.9154019355773926, -1.9355381727218628, 0.14373064041137695, 0.6698681712150574, -0.029480695724487305, 1.0878992080688477, -3.0007669925689697, -1.9143520593643188, -1.0285274982452393, 3.3690481185913086, 0.14846795797348022, -0.9928171634674072, -2.58166241645813, 1.349332332611084, 3.5991477966308594, 2.678936719894409, 2.2419824600219727, 1.4013721942901611, -0.07195866107940674, 2.5338423252105713, -4.953033924102783, -3.8638970851898193, 4.021125316619873, -0.8571957349777222, 4.067105770111084, 2.6026182174682617, -1.2164167165756226, 3.939152240753174, -0.8785861134529114, 4.472963333129883, -3.1051230430603027, -3.144833564758301, -0.46551966667175293, 2.214106321334839, 3.45389986038208, -1.6925395727157593, 1.2636840343475342, -5.271938323974609, 4.409294605255127, 2.9006388187408447, -3.7739005088806152, 2.5525808334350586, 2.7705655097961426, 0.012433350086212158, 3.0562386512756348, -3.4987008571624756, -2.1734883785247803, 3.942286968231201, -1.9648603200912476, 0.46686747670173645, -0.9553175568580627, -2.3785531520843506, -1.8078839778900146, 0.7797073721885681, 1.1267330646514893, 0.28126925230026245, -1.2344880104064941, -1.4176502227783203, 2.0794131755828857, 2.2861459255218506, 0.061814963817596436, -0.17320626974105835, -0.11646291613578796, 0.3513380289077759, 4.77103328704834, -2.292691946029663, 2.4775218963623047, -2.1160390377044678, -1.0021638870239258, 3.3663923740386963, 2.0671563148498535, 4.986540794372559, 2.254525899887085, -2.695544481277466, 2.7385799884796143, 3.7995195388793945, -0.4446313977241516, -1.0165843963623047, -1.9622669219970703, 0.7815496921539307, -0.05512215197086334, -2.5294737815856934, 2.374023199081421, -1.0512579679489136, -0.11872437596321106, -1.9447635412216187, -2.6424686908721924, 1.5202423334121704, 1.910343050956726, -0.9710708856582642, 0.18338464200496674, -1.6989954710006714, 4.361865997314453, -3.1913933753967285]",1,6.0
145,9606.ENSP00000300935,"[10.335258483886719, -1.4180614948272705, 5.008627891540527, 6.787331581115723, 0.45046308636665344, 6.298597812652588, -2.1361441612243652, 3.1846063137054443, -5.74044132232666, 0.2423936426639557, 5.447809219360352, -5.465563774108887, 0.5520872473716736, -3.533149242401123, -4.869407653808594, -4.604742050170898, 0.46246781945228577, 6.436004638671875, 5.230627536773682, 8.094834327697754, -6.7081217765808105, -11.624077796936035, -0.05723044276237488, -1.547550082206726, -3.873049736022949, -1.5471090078353882, 0.6264747977256775, -0.29388073086738586, 4.524696350097656, -3.2393064498901367, -1.37991464138031, -7.653921127319336, 1.2290031909942627, -0.4949566423892975, 1.7405169010162354, 3.7400689125061035, 0.12426578998565674, -2.684816360473633, -4.561741828918457, -3.2910289764404297, -7.838033199310303, 2.4060001373291016, -2.613481044769287, 0.27336832880973816, -3.255526065826416, -1.9919393062591553, 5.139395713806152, -0.3191405236721039, -7.899267196655273, -3.9933414459228516, 4.352463722229004, 6.54901647567749, 1.6885958909988403, -1.1049636602401733, 2.3034133911132812, -8.859993934631348, 6.700720310211182, -7.568663597106934, 1.6970876455307007, -5.842660427093506, -8.828682899475098, 2.987377882003784, 5.88104248046875, 1.0709302425384521, 0.692324161529541, 3.6978235244750977, 1.7842810153961182, -2.4311435222625732, 3.971817970275879, 6.209612846374512, 4.712399959564209, 5.898168087005615, -1.3990297317504883, -8.099241256713867, -1.982323169708252, 9.751333236694336, 4.985593318939209, -8.471572875976562, -7.670637130737305, 5.658159255981445, 0.9641506671905518, 9.009984016418457, -3.613335371017456, 0.7997118234634399, 7.45112419128418, 3.268842935562134, -5.882777690887451, -2.0984933376312256, -3.1564998626708984, -0.05963635444641113, -6.585155010223389, 9.891353607177734, 11.167925834655762, -5.817446231842041, -0.4755382239818573, 6.1605024337768555, -5.796729564666748, 5.25771951675415, 9.09298038482666, -3.1330528259277344, 6.028086185455322, 4.301734447479248, -5.885227203369141, 4.430642127990723, 5.6272406578063965, 2.8371739387512207, -6.7682037353515625, -5.2166595458984375, 0.44239088892936707, -3.0324881076812744, -1.7489300966262817, 5.598639965057373, -5.277631759643555, -2.880103349685669, -3.9221131801605225, 2.2183496952056885, 3.0992701053619385, -4.435987949371338, -7.946476936340332, 5.878676414489746, 9.637266159057617, 3.9542183876037598, 7.2762064933776855, -0.059468209743499756, -1.2194595336914062, 6.359618186950684, -5.078124523162842, -5.036179065704346, 4.9173502922058105, -3.9051363468170166, 6.569218158721924, 4.904760360717773, 0.3510053753852844, 4.764608383178711, -8.974527359008789, 7.958444595336914, -4.714994430541992, -0.9160536527633667, -0.3378440737724304, 2.802757978439331, 4.8195037841796875, 0.20277351140975952, 3.7194101810455322, -7.9194865226745605, 10.017608642578125, 4.629766941070557, -4.372713088989258, -3.173513650894165, 7.67046594619751, -4.536731243133545, 3.108055591583252, -5.064822673797607, -0.608738124370575, 5.342489719390869, -4.016263008117676, -2.3528363704681396, 1.050220251083374, -5.025501728057861, -7.907510280609131, -0.9864572882652283, 1.3376591205596924, -1.2908315658569336, -1.8110342025756836, -3.060500383377075, 1.9919047355651855, 6.495294094085693, 0.13641107082366943, 1.3104712963104248, -4.780548572540283, -0.6411926746368408, 9.785019874572754, -3.0135505199432373, 4.305866718292236, -3.015847682952881, 0.5227751731872559, 5.2572855949401855, 4.341914653778076, 8.85167407989502, 5.162519931793213, -5.922098636627197, 8.82497501373291, 6.625138759613037, 3.235015392303467, 0.5930959582328796, -6.413869857788086, 0.25739046931266785, -4.283963203430176, -7.716623306274414, 8.215930938720703, 0.6356962323188782, 3.749479293823242, -4.51759672164917, -5.138435363769531, 5.662204265594482, 0.8990356922149658, -1.7411010265350342, 0.34771329164505005, -8.631654739379883, 8.70844554901123, -4.281618595123291]",1,147.0
146,9606.ENSP00000394071,"[3.232973098754883, -1.4300988912582397, 1.9108104705810547, 2.5017921924591064, -1.3889840841293335, 1.6159203052520752, -4.160836219787598, 2.3367321491241455, -1.9568936824798584, -0.11805137991905212, 3.7119247913360596, -3.1903560161590576, 0.14142818748950958, -1.290347933769226, 0.33501651883125305, -1.905019998550415, 0.6590697765350342, 1.8544539213180542, 1.1848942041397095, 2.947166919708252, 0.2540597915649414, -2.8079142570495605, 0.8554605841636658, 0.9233036637306213, -0.7225910425186157, -3.806354284286499, 1.5881106853485107, 1.1695423126220703, 1.996621012687683, -1.9972909688949585, 0.5802264213562012, -2.4664158821105957, 1.4709620475769043, -0.06041790544986725, 4.573741912841797, 0.8769600987434387, -2.887692928314209, -0.11414249241352081, -4.249763488769531, -1.058060884475708, -1.5793464183807373, -0.13632570207118988, -0.930991530418396, -1.106027364730835, -1.6609668731689453, -1.190647840499878, 3.9693663120269775, -0.24075348675251007, -3.2645039558410645, -0.16475753486156464, 2.6412813663482666, 5.656164646148682, 4.134953022003174, 1.035940170288086, 0.5886923670768738, -2.582061290740967, 2.126539945602417, -2.591686487197876, 1.825235366821289, -1.1575267314910889, -2.3263514041900635, 1.9296536445617676, 3.8904263973236084, 1.2194781303405762, 0.441047728061676, -0.5791217088699341, 0.9035311341285706, -2.0010805130004883, 0.7845159769058228, 0.7051584720611572, 1.5519200563430786, 0.2660813331604004, 0.20462200045585632, -4.416501045227051, -0.2651771306991577, 6.917279243469238, 2.399923801422119, -1.094722032546997, -4.06490421295166, 1.6679648160934448, -1.3751863241195679, 3.295398712158203, -1.0063533782958984, -3.2308826446533203, 1.9811683893203735, 0.06492137908935547, -0.756954550743103, -4.308200359344482, -1.465466856956482, -0.4644906520843506, -1.7670570611953735, 3.7969024181365967, 4.620504856109619, -1.4350632429122925, -3.0247437953948975, 3.678049325942993, -1.3923304080963135, -0.25120049715042114, 1.722970962524414, 1.3449451923370361, 1.904762625694275, 3.7834036350250244, -2.4754936695098877, 2.478031635284424, 3.147123098373413, -0.23238106071949005, -2.131826400756836, -0.43777328729629517, -0.043814778327941895, -0.42713767290115356, -2.1663498878479004, -0.360288143157959, -2.246389389038086, -3.4984352588653564, -2.225041389465332, 2.07682728767395, 2.7255568504333496, -3.127708673477173, -1.412160873413086, 2.134793519973755, 5.149554252624512, 2.932488203048706, 1.3498408794403076, 0.9770021438598633, 0.2898719906806946, 1.2109934091567993, -4.470859050750732, -0.9636879563331604, 1.8327175378799438, 0.23079779744148254, 4.2535576820373535, 1.1925052404403687, -1.7048557996749878, 2.872361183166504, -1.5249360799789429, 3.2677268981933594, -1.2931886911392212, -2.958885669708252, -0.594907283782959, 1.0758776664733887, 3.7744338512420654, -1.7815701961517334, 3.407865047454834, -4.128281593322754, 4.277027130126953, 1.417999029159546, -3.065157413482666, -1.7671515941619873, 2.805277109146118, -0.3591384291648865, 1.9493025541305542, -2.7138679027557373, -1.754774808883667, 3.811502456665039, -0.9338008761405945, -1.8697565793991089, 0.7394068837165833, -1.9272003173828125, -2.3837695121765137, 2.3381905555725098, 2.340041160583496, -2.117865562438965, 0.4246252179145813, -2.632066011428833, 0.84308922290802, 3.022646188735962, 1.9406917095184326, 1.126613736152649, -0.037140488624572754, 0.42506444454193115, 3.857602834701538, -1.1071934700012207, 0.4621012806892395, -2.2498984336853027, 0.17372620105743408, 2.512150764465332, 0.8607451915740967, 2.9416465759277344, 1.3557027578353882, -3.2517447471618652, 3.7431693077087402, 4.757412433624268, -1.1463185548782349, -1.9879757165908813, -1.5557963848114014, 2.16638445854187, -1.130505084991455, -4.318652629852295, 3.100902795791626, -1.952447533607483, 2.470855474472046, -2.1601343154907227, -4.836316108703613, 1.1679058074951172, 1.3598723411560059, -0.49859440326690674, 0.9903727769851685, -3.135991096496582, 4.712601184844971, -2.3946115970611572]",1,134.0
147,9606.ENSP00000314508,"[10.757563591003418, 1.2082053422927856, -1.7164015769958496, -3.1833980083465576, -2.673835515975952, 0.42723914980888367, -0.37019985914230347, 2.554750680923462, 3.430947780609131, -2.764890670776367, 5.9724578857421875, 2.193049430847168, 0.1453818380832672, 1.1381527185440063, 5.376606464385986, -10.254833221435547, 0.043885618448257446, -4.668397426605225, -2.5290729999542236, 4.818944454193115, 4.752404689788818, 4.497223377227783, -1.1946042776107788, 2.318206310272217, 3.652451992034912, -8.67965030670166, -0.26823922991752625, 3.0835940837860107, -6.124558925628662, -4.702463150024414, 3.6867382526397705, -6.949617862701416, -3.6361005306243896, 5.037264823913574, 3.8218414783477783, -0.5134201049804688, 3.1448605060577393, 1.530465006828308, -1.4702807664871216, 0.4591144323348999, -4.683394432067871, -3.667560338973999, 0.9661788940429688, 4.2352423667907715, 10.873444557189941, -0.16271501779556274, 3.0046823024749756, -6.311392307281494, -3.2050352096557617, 5.2225823402404785, 0.4216430187225342, 5.7496466636657715, 5.1900224685668945, 8.637040138244629, -2.134937047958374, -5.344557762145996, 5.421603679656982, 2.2738306522369385, 4.413301944732666, -3.6042628288269043, -7.161220550537109, 2.553881883621216, 0.02900072932243347, 6.345860004425049, -6.413702964782715, -7.1646318435668945, 1.492936372756958, -6.200401306152344, -1.0759412050247192, -6.195211887359619, -1.141470193862915, 0.5119708180427551, 7.23567533493042, -1.3062653541564941, 7.485206127166748, 5.703494548797607, -1.9131687879562378, 1.682098388671875, -3.688875198364258, -3.8875792026519775, 1.1720836162567139, 6.191283702850342, -6.263271331787109, -0.7118135094642639, 4.1535234451293945, 5.974009037017822, 5.816397666931152, -5.751092433929443, 4.033443450927734, 2.177121877670288, -2.9129159450531006, 11.049694061279297, 8.742595672607422, 8.429131507873535, 3.8352789878845215, 3.598849058151245, 3.541163682937622, -8.018084526062012, 10.222899436950684, 8.760350227355957, 5.472797393798828, 3.5291852951049805, -3.964651107788086, 7.635608196258545, 1.7979609966278076, -5.698724269866943, -1.3666467666625977, 5.097491264343262, 5.1835551261901855, -1.9437638521194458, -3.2418203353881836, -4.771238803863525, 2.7741000652313232, -6.412489414215088, -9.803732872009277, -3.014665126800537, 3.486294984817505, -8.657060623168945, -6.947251796722412, 1.554018259048462, 7.466719627380371, 0.4326312243938446, 2.7057220935821533, 0.10838931798934937, 4.545929431915283, -2.12666392326355, -7.085125923156738, 5.408540725708008, 6.8823561668396, 0.4886818528175354, 6.391380310058594, -2.6605818271636963, -1.002044916152954, -1.517000675201416, -3.734368324279785, -2.578287363052368, -0.12487341463565826, 6.107543468475342, -1.5201789140701294, 1.3589802980422974, 8.67935848236084, -3.0382275581359863, -0.7131373286247253, -5.1765289306640625, 6.373400688171387, -3.356184959411621, -4.80221700668335, -9.052045822143555, 6.207883358001709, 2.7288918495178223, -0.8066246509552002, 2.8902804851531982, 7.355294704437256, -0.055642709136009216, 2.83463716506958, 6.641607761383057, 1.93082594871521, 3.9161229133605957, 1.5097050666809082, 2.179654121398926, -2.7993059158325195, -0.441996693611145, 3.5664658546447754, -6.600386142730713, 4.43718147277832, -0.5589277744293213, 6.821096897125244, -8.852496147155762, 5.1451544761657715, 5.541628360748291, 9.839229583740234, -0.6673087477684021, -0.4838199019432068, -2.098086357116699, -6.380298137664795, -0.45122140645980835, -2.9761555194854736, 5.785659313201904, -3.901193618774414, 2.077423095703125, 9.885665893554688, 10.250701904296875, -1.1362924575805664, -5.210360050201416, 7.115053176879883, -4.636137962341309, -4.603877067565918, -4.113158226013184, 5.120715141296387, -4.613046646118164, 0.3149636685848236, 3.8771820068359375, -9.48760986328125, 5.969273090362549, 4.817559719085693, -11.440230369567871, -5.271778106689453, -6.85814905166626, 4.8236470222473145, 2.529142379760742]",1,14.0
148,9606.ENSP00000364204,"[13.152475357055664, -3.6949944496154785, 2.7739856243133545, 0.6026297807693481, -2.3597774505615234, 0.1371392011642456, 5.994328022003174, 13.48799991607666, -2.721409559249878, 4.551301002502441, 17.878154754638672, -4.968074321746826, -6.664791584014893, 5.594858646392822, 4.385787010192871, -13.559520721435547, -8.901595115661621, 2.2444701194763184, -3.0014665126800537, 5.076863765716553, 4.528704643249512, -5.6878557205200195, -6.476133823394775, 0.6431907415390015, 0.2169562727212906, -9.061975479125977, -4.334938049316406, 14.968460083007812, 1.6394327878952026, -14.421183586120605, 4.1110734939575195, 3.81350040435791, -5.721187114715576, 5.85129451751709, 18.80491065979004, -4.2011871337890625, 2.5340726375579834, 4.846565246582031, -13.523869514465332, 2.1380674839019775, -10.3390474319458, -12.046537399291992, -8.0289306640625, 2.826552152633667, 8.700048446655273, -4.2762041091918945, 11.206462860107422, -9.806955337524414, -15.795232772827148, -2.422166347503662, 4.680288791656494, 14.53934383392334, 12.374735832214355, 8.099532127380371, -6.048577308654785, -12.036231994628906, 16.49654769897461, -0.4017757773399353, 13.48798942565918, -10.184815406799316, -17.62596893310547, -3.5971415042877197, 2.071138858795166, 11.74533462524414, -10.809144020080566, -3.3495278358459473, 4.527677059173584, -15.93083667755127, -7.069240570068359, -0.8702733516693115, -0.5471698641777039, -8.689599990844727, 4.155464172363281, -5.763240337371826, 2.0376031398773193, 10.870808601379395, -5.613214015960693, 5.18592643737793, -18.275426864624023, -7.766931533813477, 7.999934673309326, 7.050558090209961, -14.204363822937012, -10.53869342803955, 4.288064956665039, 3.450836658477783, -2.5709421634674072, -7.06832218170166, 0.9473630785942078, 7.189675807952881, -19.093582153320312, 17.569337844848633, 13.055602073669434, 6.102787971496582, -8.682745933532715, 16.715187072753906, -0.8249093890190125, -8.106524467468262, 12.935647964477539, 4.536727428436279, 8.747315406799316, 11.785526275634766, -15.89478588104248, 15.410995483398438, 1.878033995628357, 0.5100573897361755, 3.2020764350891113, 2.561455249786377, 3.9842569828033447, -8.074553489685059, -12.4517183303833, -1.9817060232162476, -1.7517318725585938, -11.994309425354004, -13.227410316467285, -4.526938438415527, 9.980392456054688, -7.501635551452637, 7.247129917144775, 10.242944717407227, 13.331968307495117, -3.9173216819763184, -5.729755878448486, -5.63689661026001, 13.77745532989502, -2.887216806411743, -11.514954566955566, 0.053459033370018005, 8.877060890197754, 5.029608726501465, 14.116567611694336, -0.5017176866531372, -5.363337516784668, -8.880656242370605, -16.949504852294922, 1.6422616243362427, 2.8833062648773193, -2.583104372024536, 0.5671645402908325, -6.50775671005249, 15.420076370239258, -2.7742481231689453, 2.2768313884735107, -12.605108261108398, 14.01646900177002, 1.9039329290390015, -17.731861114501953, -8.981962203979492, 12.734742164611816, 2.4549930095672607, -6.197225093841553, -1.4831602573394775, 5.300342559814453, -0.6140338182449341, -0.918300211429596, 1.15833580493927, 3.053649425506592, 6.612574577331543, 1.751969337463379, 10.444119453430176, -9.922646522521973, 8.091487884521484, 1.8654061555862427, -6.940299987792969, 3.263725519180298, -1.4561636447906494, 5.509446144104004, -4.696418762207031, 3.636425733566284, 5.607389450073242, 15.837800025939941, -14.387495994567871, -2.739490509033203, 6.417438507080078, -5.751988887786865, -3.352484941482544, -0.1161852777004242, 15.666631698608398, 0.07217507064342499, 2.3942244052886963, 2.0834641456604004, 9.214431762695312, -5.500320911407471, -13.638833999633789, -6.590651988983154, -5.749660968780518, 2.174767017364502, -12.174715995788574, 7.877797603607178, -5.353715896606445, 12.384538650512695, 1.1904714107513428, -18.581371307373047, 10.678287506103516, 8.7575101852417, -9.622836112976074, -7.261490821838379, -17.7357234954834, 15.63219928741455, -3.4149837493896484]",1,98.0
149,9606.ENSP00000266087,"[6.141543388366699, -0.2239837348461151, 2.2910959720611572, 2.0259251594543457, -0.4671735465526581, 0.8227695822715759, 0.8866597414016724, 4.745944023132324, 0.2163539081811905, 3.823340892791748, 5.1197829246521, -3.76882266998291, -0.17746016383171082, 2.6491901874542236, 1.7129064798355103, -1.6603481769561768, -0.8124168515205383, 0.8803702592849731, 0.7505105137825012, 4.271486759185791, -1.8788045644760132, -4.426614284515381, 1.8404812812805176, 5.349914073944092, -2.095529079437256, -1.2568974494934082, -1.9282615184783936, 4.125634670257568, 3.4370079040527344, -4.728653430938721, -0.3332841098308563, -3.7875566482543945, 0.17097896337509155, -2.346182107925415, 3.3554821014404297, -1.7262260913848877, 0.14282548427581787, -0.9447958469390869, -5.434173583984375, 1.1087827682495117, -6.656534671783447, -2.147186517715454, -2.273059368133545, -0.7606289982795715, 1.2268764972686768, -1.0016894340515137, 4.4272356033325195, -1.5362098217010498, -6.3537797927856445, -1.3073430061340332, 4.270058631896973, 3.5333244800567627, -0.36420080065727234, 0.7290499210357666, 0.11381958425045013, -4.089705467224121, 5.022684097290039, -0.5973278284072876, 4.188281536102295, -2.8405773639678955, -6.531156063079834, 3.93843412399292, 2.4554247856140137, 0.21101799607276917, 1.1356844902038574, 1.8464597463607788, 2.968686819076538, -3.485586643218994, 4.0679545402526855, 3.6464178562164307, -0.5243433117866516, 0.35055193305015564, 1.1053498983383179, -2.016221046447754, -1.7545100450515747, 3.3630237579345703, 2.1819019317626953, -0.7943627834320068, -1.8220676183700562, -1.881847858428955, -1.2103102207183838, 5.431008338928223, -2.65722393989563, -0.2639487385749817, 0.5077190399169922, -1.0221279859542847, -2.428609848022461, 0.9751303195953369, 0.05793064832687378, 0.23270860314369202, -6.125980377197266, 5.9184136390686035, 7.3403143882751465, 1.2296208143234253, -2.844010829925537, 5.121189117431641, -2.1292314529418945, -3.1199123859405518, 5.692899703979492, 1.8729726076126099, 5.298076152801514, 4.411915302276611, -3.7520906925201416, 4.483323574066162, 3.1894350051879883, 2.51786732673645, -2.8047139644622803, -0.8128048181533813, 2.4975192546844482, -5.106412410736084, -2.5348455905914307, 1.4146631956100464, -4.288865089416504, -3.5328240394592285, -0.13686904311180115, 3.0017611980438232, 3.783876657485962, -6.227585792541504, 1.0090491771697998, 0.6737796068191528, 4.633763313293457, -2.2597668170928955, 3.143859386444092, 0.12008780241012573, -0.7335231304168701, 2.280395746231079, -4.808696746826172, 0.7911831736564636, 3.9779880046844482, -0.8644146919250488, 5.588057518005371, 1.881217360496521, -4.90871524810791, 1.1636857986450195, -6.111921787261963, 2.52089524269104, -0.06279358267784119, -2.837446928024292, -2.250734806060791, 2.143106460571289, 2.5503973960876465, 1.646650791168213, 4.220122814178467, -4.733497142791748, 4.2315216064453125, 2.9631764888763428, -4.946763038635254, -3.110269069671631, -0.2606704533100128, -2.5060958862304688, -1.2086068391799927, -0.2379550039768219, -0.03125952184200287, 4.78910493850708, -2.1585731506347656, -2.060365676879883, -2.981787919998169, 0.6388179063796997, 0.6741088628768921, 2.7804768085479736, 0.5553959608078003, 0.6657041311264038, -5.2865681648254395, -2.8933863639831543, -0.2529311776161194, -1.7685688734054565, 3.895378828048706, -0.943575918674469, -3.865377426147461, -1.0931689739227295, 5.195993423461914, -0.42733126878738403, 4.134381294250488, -0.9044914245605469, 1.8525500297546387, 0.47394561767578125, 0.6073800325393677, 1.1808454990386963, 2.3674259185791016, -1.2634551525115967, 5.347452163696289, 0.13749778270721436, -2.0026605129241943, -5.030227184295654, -2.1264147758483887, -1.3721039295196533, -1.9977326393127441, -4.409069538116455, 1.3471084833145142, -1.1694061756134033, 2.9491443634033203, -2.633214235305786, -2.6186020374298096, 2.791919231414795, 0.8852869868278503, -0.11605024337768555, 1.6461615562438965, -3.000507354736328, 3.4608521461486816, -3.6717612743377686]",1,124.0
150,9606.ENSP00000360108,"[3.775312900543213, -0.4466218948364258, 4.326803684234619, 0.7255239486694336, -2.784855604171753, 0.702307939529419, 2.1344614028930664, 0.8707956671714783, -0.6159880757331848, -0.1763153076171875, 3.959894895553589, -3.3704307079315186, 0.17290830612182617, 1.0749768018722534, -3.02472186088562, -3.0802175998687744, 2.0818872451782227, 2.4856760501861572, 2.2637476921081543, 1.3269786834716797, -1.5280040502548218, -3.6597959995269775, 0.9846587777137756, -0.9906981587409973, -2.0861001014709473, 0.3464776277542114, -1.0282896757125854, 1.1198508739471436, 2.6798269748687744, -2.9476256370544434, -0.8747029304504395, -2.4686920642852783, 0.03513696789741516, -1.4708784818649292, -0.27965274453163147, -0.33740368485450745, -0.818659245967865, -2.2778868675231934, -2.866773843765259, -2.79837703704834, -2.875363826751709, -0.07657185941934586, -2.4624381065368652, 3.080390691757202, 1.7078584432601929, 0.9487140774726868, 2.5674259662628174, -1.4854447841644287, -2.7707834243774414, -3.0930685997009277, 3.670166015625, 1.694650411605835, 3.258422374725342, 2.587690830230713, 1.971817970275879, -2.1265854835510254, 1.6246814727783203, -0.48240017890930176, -1.5917675495147705, -1.9781965017318726, -4.2369303703308105, 2.3702566623687744, 1.9190568923950195, 0.24454572796821594, -1.338832139968872, 1.3035997152328491, 1.2477823495864868, -1.869062900543213, -2.7188713550567627, 2.3548672199249268, 2.899709463119507, -0.20881357789039612, -0.1470884382724762, -1.1584763526916504, -3.514331102371216, 3.8679966926574707, 1.693971037864685, -2.531054973602295, -1.3311035633087158, 1.771530032157898, -0.5284737348556519, 3.569769859313965, -3.4132800102233887, -2.3907082080841064, 1.8779670000076294, -1.0589911937713623, -0.6609726548194885, -2.4387552738189697, -2.5698628425598145, 0.21110974252223969, -2.9841442108154297, 1.6994889974594116, 5.107079982757568, -3.182793378829956, -1.727749228477478, 2.558641195297241, -2.565241575241089, 1.4862948656082153, 2.4143176078796387, -1.7437113523483276, 0.4073566794395447, 3.080415964126587, -1.9419962167739868, 2.6168739795684814, 2.279989242553711, 3.2740907669067383, -3.227283239364624, -0.00784425437450409, 0.3788997232913971, -0.7071752548217773, 2.1867122650146484, 2.8566179275512695, -3.9185502529144287, -4.126114368438721, -0.5258904695510864, 2.5497660636901855, 1.0615400075912476, -2.513761281967163, 0.5055223703384399, 0.6486015915870667, 2.628122568130493, 1.6056671142578125, 1.8850822448730469, -1.9823845624923706, 2.120666265487671, 2.254361629486084, -3.3999240398406982, -2.25514554977417, 1.7574937343597412, -0.07179993391036987, 2.783478260040283, 1.6114548444747925, 0.03023475408554077, 3.656254291534424, -1.7387315034866333, 2.8510656356811523, -2.7278614044189453, -0.31489917635917664, 0.40483587980270386, 2.0137991905212402, 1.5360808372497559, -0.14057308435440063, -0.08254215121269226, -1.9456558227539062, 3.3583574295043945, 3.3874261379241943, -3.754856586456299, 0.8073583245277405, 2.107530355453491, -0.3855345845222473, 0.7070107460021973, -3.0419023036956787, -2.6492650508880615, 0.8784247040748596, -0.45009520649909973, 2.634324312210083, 0.2600238025188446, -2.1304800510406494, -1.17509126663208, 0.5960207581520081, 0.23539075255393982, 1.265049934387207, -1.8941004276275635, -0.8491259813308716, 0.9531574249267578, 1.8947539329528809, 0.35330918431282043, -2.5025501251220703, 2.5939126014709473, -0.6683402061462402, 2.2875092029571533, -2.829251766204834, -0.7622784972190857, -1.7038060426712036, -0.9277566075325012, 3.1972036361694336, 3.36442232131958, 3.613384485244751, 3.463559627532959, -3.621434211730957, 3.7738444805145264, 2.1457931995391846, -1.7498596906661987, -1.7466541528701782, -1.5397332906723022, -1.838016390800476, -2.118532419204712, -2.862253189086914, 3.633521556854248, -1.2507437467575073, 1.506721019744873, 0.9549717307090759, -4.914424419403076, -0.6746412515640259, 1.6606905460357666, 0.5345621705055237, -0.4042406380176544, -1.6473257541656494, 1.420488715171814, -4.084540843963623]",1,21.0
151,9606.ENSP00000479606,"[8.008251190185547, -2.4634249210357666, 7.040264129638672, 7.4768805503845215, -1.861609935760498, 5.4970550537109375, -0.8197740316390991, 1.9779014587402344, -4.904965877532959, 3.9076669216156006, 4.9732866287231445, -6.321619510650635, 0.7972991466522217, 0.37211960554122925, -7.442440986633301, -5.125948429107666, 4.479537010192871, 6.572423934936523, 5.123045921325684, 3.9140946865081787, -6.748283863067627, -8.233541488647461, 0.876296877861023, 0.802064061164856, -3.8646819591522217, -5.148447513580322, 2.3164913654327393, 1.1140375137329102, 7.12725305557251, -4.766069412231445, -3.271305799484253, -8.378209114074707, 0.18266963958740234, -1.5984479188919067, 2.2339932918548584, 1.608223557472229, -0.27435365319252014, -5.051290512084961, -5.486741542816162, -4.984880447387695, -6.5498247146606445, 1.6773161888122559, -7.973308563232422, 2.17183256149292, -2.034555196762085, 0.6104519367218018, 5.566393852233887, -0.15917745232582092, -10.247407913208008, -7.2558207511901855, 8.121283531188965, 2.3058969974517822, 1.289879322052002, 0.1604168713092804, 2.4440183639526367, -2.0850608348846436, 5.139962196350098, -7.106677055358887, 1.2833658456802368, -1.1200039386749268, -9.434432983398438, 4.082127571105957, 5.448801040649414, 2.3197364807128906, 4.137263774871826, 4.489413261413574, 3.165214776992798, -3.1330316066741943, 0.7284370064735413, 6.460155963897705, 3.727538824081421, 4.916677951812744, -1.909155011177063, -3.5790348052978516, -6.608367443084717, 6.981966018676758, 5.4489641189575195, -5.063318252563477, -6.337126731872559, 8.932982444763184, -3.81459903717041, 11.592317581176758, -5.886838436126709, 2.6447248458862305, 6.392359733581543, 2.5573627948760986, -7.0646209716796875, -2.4836602210998535, -5.227517127990723, 0.07861928641796112, -4.143188953399658, 3.52166748046875, 9.620213508605957, -3.026597499847412, -3.140615224838257, 4.94442081451416, -6.420633792877197, 5.944166660308838, 4.8853654861450195, -5.027768611907959, 4.91707181930542, 6.512316703796387, -5.0395941734313965, 3.6386585235595703, 7.507328987121582, 8.59227180480957, -6.9765448570251465, -3.861375093460083, -0.14403367042541504, -3.149782180786133, 2.3349170684814453, 3.6283774375915527, -4.109770774841309, 0.14431697130203247, -1.8089203834533691, 4.858417987823486, 3.01971435546875, -4.3718485832214355, -1.5001788139343262, 1.9390342235565186, 6.93535852432251, 2.4715723991394043, 6.532853126525879, 4.130887031555176, -1.5191831588745117, 6.67213249206543, -5.518477916717529, -7.473484039306641, 5.671151638031006, -5.20429801940918, 5.805362224578857, 3.4586262702941895, 1.4624426364898682, 5.153011322021484, -4.8370747566223145, 4.444708824157715, -4.961269378662109, -5.388279438018799, 1.0225452184677124, 4.235280990600586, 6.567594528198242, -0.9786098003387451, 2.977290391921997, -6.418022632598877, 4.274654388427734, 6.064123630523682, -5.158921241760254, 0.6992034912109375, 5.365121364593506, -2.627300262451172, 3.529939651489258, -8.336406707763672, -1.3814646005630493, 7.735123634338379, -4.9950714111328125, 0.45636168122291565, -0.2688036561012268, -5.436222553253174, -7.100439071655273, -0.11893269419670105, 2.1878509521484375, -0.9125548601150513, -2.701808452606201, -1.395513892173767, 2.2173075675964355, 2.9382543563842773, -2.056004285812378, -1.5914008617401123, -1.386650562286377, -0.1275705099105835, 5.571798324584961, -2.554532527923584, 3.234910726547241, -2.137615203857422, 0.19593669474124908, 7.335693836212158, 4.839136600494385, 7.701526641845703, 7.457273960113525, -3.862084150314331, 9.190037727355957, 5.065957069396973, 0.8717408180236816, 1.642021656036377, -6.092535495758057, -0.7284522652626038, -6.956662178039551, -3.306168556213379, 11.463505744934082, -1.2864969968795776, 1.928200364112854, -1.9620414972305298, -5.316141128540039, 5.790709495544434, 1.1768755912780762, 0.9283434152603149, 2.4075019359588623, -5.58268928527832, 5.612056732177734, -3.7449791431427]",1,7.0
152,9606.ENSP00000355511,"[3.033766269683838, -0.46210235357284546, 2.3297722339630127, 1.708983302116394, -1.6620047092437744, -0.036186233162879944, -0.8902377486228943, 1.246947169303894, -0.9174063205718994, 0.1950758695602417, 3.774968147277832, -2.616884708404541, 0.18448400497436523, -0.27691134810447693, -0.06828039884567261, 0.22243794798851013, 1.4761875867843628, 1.5793113708496094, 2.254929304122925, 2.3022663593292236, -0.2616562247276306, -1.873056173324585, 1.35508394241333, 0.8659461140632629, -0.06687626242637634, -0.9142996072769165, 1.2898013591766357, 1.2745897769927979, 0.9417941570281982, -2.1066436767578125, 0.6734198331832886, -2.2542686462402344, 0.29841160774230957, 0.5906549096107483, 2.5931382179260254, -0.3435440957546234, 0.33575618267059326, -1.3370169401168823, -2.391763687133789, -1.7543619871139526, -0.8353579044342041, -0.09076321125030518, -0.21970486640930176, 1.206182599067688, 0.12712877988815308, -1.6884832382202148, 2.088834047317505, 0.3484747111797333, -0.4800258278846741, -1.3517547845840454, 1.2730700969696045, 2.753779411315918, 1.6155468225479126, 0.28048351407051086, -0.2046467661857605, -1.4681708812713623, 0.2607105076313019, -2.0047364234924316, 1.6285713911056519, -1.1548402309417725, -2.1111111640930176, 3.2407422065734863, 3.211805582046509, 0.5344254970550537, -0.5029970407485962, -0.12352824211120605, 0.32709071040153503, -1.6854393482208252, 0.7680876851081848, 1.650672435760498, -0.059834033250808716, -0.27936410903930664, 1.0387815237045288, -1.6004347801208496, -1.108205795288086, 3.1294631958007812, 1.0855671167373657, -0.5357489585876465, -2.966603994369507, -0.21892213821411133, -0.46174341440200806, 2.3129935264587402, -1.1115926504135132, -0.8418254256248474, 0.9781614542007446, 0.48204854130744934, -1.2705278396606445, -1.2726945877075195, -1.8880321979522705, 0.5461830496788025, -1.6267658472061157, 2.307117223739624, 2.736584186553955, 0.5482479333877563, -0.9853906631469727, 1.6950262784957886, -2.7870726585388184, -1.2929996252059937, 1.7188637256622314, 0.5159353017807007, 2.3827033042907715, 2.6954431533813477, -1.7990946769714355, 2.186258316040039, 2.4840052127838135, 0.7988306283950806, -0.2654252052307129, 0.13302519917488098, -0.6597295999526978, -0.9345426559448242, -0.6922526359558105, 0.48749855160713196, -1.5066691637039185, -2.2669432163238525, -1.85927152633667, 1.5563040971755981, 1.556722640991211, -1.1422901153564453, 0.1923019289970398, 0.8355913162231445, 1.4170656204223633, 0.7751623392105103, 0.34136679768562317, -0.7434806823730469, 0.6715878248214722, 0.7330775260925293, -2.4316773414611816, -2.250276565551758, 2.407642364501953, -0.03982752561569214, 3.7293894290924072, 1.0850512981414795, -0.8412155508995056, 1.3230726718902588, -0.3441137969493866, 1.4292941093444824, -2.248723268508911, -3.0534844398498535, 1.7444040775299072, 0.7239465713500977, 1.029788613319397, -0.30173176527023315, 3.3882527351379395, -1.9820002317428589, 3.390789747238159, 1.9122867584228516, -2.3438503742218018, -0.01840101182460785, 1.9350907802581787, -0.0973082184791565, 1.0891258716583252, -1.7025384902954102, -0.24960149824619293, 2.7452359199523926, -1.225233554840088, -0.4638693928718567, -0.13665258884429932, -1.0706099271774292, -1.691616415977478, 2.508941411972046, 0.647740364074707, -0.4750427007675171, -0.007527023553848267, -1.1492105722427368, -0.5938152074813843, 1.2494525909423828, -0.1893753707408905, 0.30161386728286743, 0.44901198148727417, 0.31093260645866394, 2.497790575027466, -1.2080538272857666, 0.6460679173469543, -1.029320240020752, 0.11845114827156067, 1.3047006130218506, 2.3564395904541016, 0.7457693815231323, 1.5778231620788574, -1.583177924156189, 2.382343292236328, 3.323798179626465, -1.5759673118591309, -2.3166441917419434, -0.9542804956436157, -0.10167628526687622, -1.2959256172180176, -2.1392674446105957, 0.7158452868461609, -1.579817771911621, 1.6826280355453491, -0.7333239316940308, -2.1559650897979736, 0.3041330873966217, 1.3675379753112793, -0.29918086528778076, -0.453185111284256, -1.5759636163711548, 3.488764762878418, -2.3802318572998047]",1,8.0
153,9606.ENSP00000382341,"[2.774614095687866, -2.194758892059326, 0.8954854607582092, 1.355698585510254, -1.8306527137756348, 1.9315259456634521, -0.4506324529647827, 1.3149666786193848, -0.606399655342102, 2.0810494422912598, 1.4283137321472168, -2.4407763481140137, -0.026338398456573486, -0.1578921675682068, -0.5090205669403076, 0.7164279222488403, 1.6141469478607178, 1.2465307712554932, 1.512273907661438, 2.4549975395202637, 0.05427318066358566, -2.2055349349975586, 1.6054226160049438, 1.2542155981063843, -1.0548689365386963, 0.4639979898929596, 0.8135700225830078, 0.5691357851028442, 0.9766986966133118, -1.6461520195007324, -1.1556973457336426, -1.1312426328659058, -1.1531190872192383, 1.0262891054153442, 1.7513725757598877, -1.2278308868408203, 0.7801158428192139, -0.8989118933677673, -1.6730749607086182, -1.7404310703277588, -1.2009353637695312, 0.4077351987361908, -2.6160194873809814, 0.703693687915802, 0.1450973004102707, -1.1947572231292725, 2.0170528888702393, 0.028877288103103638, -0.2811334431171417, -0.751690685749054, 1.350955605506897, 0.7609875202178955, 0.4485137164592743, 0.0911777913570404, 0.006723344326019287, -0.7491240501403809, 0.6635096073150635, -1.9004710912704468, 1.5900903940200806, -1.5122227668762207, -2.116394281387329, 1.9027626514434814, 2.6282718181610107, 0.4673060476779938, 0.4229990839958191, 0.5011981725692749, 1.2770586013793945, 0.5819470286369324, -1.1239674091339111, 1.489180564880371, 0.1791805624961853, -0.1574978232383728, 1.3207588195800781, 0.8849369287490845, -1.6792298555374146, 2.167269468307495, 1.971462368965149, 0.9000091552734375, -0.7333884239196777, 1.1249587535858154, 0.176851287484169, 0.5999348163604736, 0.8045127391815186, -1.1618280410766602, -1.1376112699508667, -0.10111275315284729, -0.7157053351402283, 0.2866039276123047, -1.6325204372406006, 1.1595773696899414, 0.015377938747406006, 1.5697665214538574, 1.0033776760101318, -2.674370765686035, -1.247578501701355, 0.701668381690979, -1.0285450220108032, -0.5214211940765381, 0.9304846525192261, -0.026996031403541565, -0.1732368767261505, 1.4218616485595703, -0.8982207775115967, 0.31226176023483276, 1.6103689670562744, 0.7821131348609924, -1.4227714538574219, 0.13047485053539276, -1.4552910327911377, -1.9358543157577515, -1.3738552331924438, 0.6927007436752319, -0.6979714035987854, -0.5141943097114563, 0.8832878470420837, 1.1091935634613037, 0.30871832370758057, -1.2892637252807617, 0.3638908863067627, 0.5674515962600708, -0.20034398138523102, 0.6167541742324829, 0.1614028662443161, 0.043566226959228516, 1.1838555335998535, 1.5504153966903687, -1.478736400604248, -1.408318042755127, 0.09207677841186523, -1.5125970840454102, 0.7925677299499512, 0.05822703242301941, -0.22715601325035095, 1.8272535800933838, -0.16553938388824463, 1.3446747064590454, -2.1707215309143066, -0.9430791139602661, -0.5521421432495117, 1.4295485019683838, -0.6315388679504395, -0.4407413601875305, 2.124321937561035, -1.1031244993209839, 0.5296670198440552, 0.5945122241973877, 0.9360214471817017, -0.30426591634750366, 1.8063524961471558, 0.40743517875671387, 0.4885726869106293, -0.5078672170639038, -0.7506827116012573, 2.7243423461914062, -1.7976313829421997, -0.7158898115158081, 1.1618850231170654, -1.0725350379943848, 0.08854106068611145, 1.163992166519165, 0.23922745883464813, -0.529930830001831, 0.11194682121276855, -1.2288135290145874, -1.474618673324585, 2.03367018699646, 1.175188660621643, 0.6460188031196594, 0.6467434763908386, -0.5439434051513672, 2.0801103115081787, -0.520063579082489, 1.2440434694290161, -0.4509895145893097, 0.6916714906692505, 2.0268478393554688, 0.4380759596824646, 0.6748794913291931, 0.8399966359138489, -2.1202681064605713, 2.039904832839966, 1.4637998342514038, -0.3341718316078186, -3.0624234676361084, -0.5453252792358398, 1.1691306829452515, -1.3942614793777466, 1.0309091806411743, 0.8141075968742371, 0.48413336277008057, 0.48683372139930725, -0.7380643486976624, -2.2395968437194824, -1.2130391597747803, 1.5078097581863403, -0.25146377086639404, 0.08041439205408096, -0.5130273699760437, 0.33404916524887085, -2.566265344619751]",1,146.0
154,9606.ENSP00000331748,"[6.221505165100098, 1.926819920539856, 3.5345370769500732, 2.5312416553497314, 0.22615960240364075, 3.890683650970459, -1.3681886196136475, 2.0037927627563477, -2.962676763534546, 0.5827156901359558, 3.829679250717163, -1.1444417238235474, 0.9011034965515137, -1.322830080986023, -2.3495709896087646, -3.6238667964935303, 2.9579429626464844, 2.4933180809020996, 2.579996109008789, 1.8451422452926636, -3.205984354019165, -3.3829424381256104, -0.8973372578620911, 0.03179880976676941, -1.9631719589233398, -0.6207805275917053, 1.338250756263733, 1.6025313138961792, 4.237732887268066, 0.9417687058448792, -0.34607258439064026, -2.492513418197632, 0.32871025800704956, 0.060502439737319946, 1.217112421989441, 0.22177445888519287, 0.8135825395584106, -2.5689454078674316, -2.107835054397583, -2.0340280532836914, -2.4000444412231445, 1.9859055280685425, -1.8913228511810303, 1.0305107831954956, -0.16409264504909515, 0.40715575218200684, 3.806837320327759, -0.420565128326416, -2.9335274696350098, -2.595247268676758, 1.231934905052185, 3.022914171218872, 1.6297768354415894, 0.4662483036518097, 0.03510403633117676, -3.3646926879882812, 2.6466102600097656, -3.241304397583008, 2.442971706390381, -1.2809745073318481, -4.10200309753418, 2.7178754806518555, 4.874708652496338, 2.0540075302124023, 0.7009174227714539, -0.250812292098999, 1.8805263042449951, -2.3130099773406982, 1.7284884452819824, 2.7589008808135986, 2.781425952911377, 1.7989790439605713, -0.037184715270996094, -2.587125301361084, -0.434207022190094, 3.5333261489868164, 2.0714149475097656, -2.68343448638916, -3.383782148361206, 4.045417308807373, -2.1256532669067383, 4.257343292236328, -3.4157495498657227, -1.5289177894592285, 3.4805450439453125, 2.6091630458831787, -1.7801570892333984, -2.0673093795776367, -0.25007012486457825, 2.238492727279663, -0.7585919499397278, 5.4615888595581055, 3.5595803260803223, -1.6562433242797852, -1.9833508729934692, 3.4159724712371826, -3.3135721683502197, 3.8125743865966797, 3.842791795730591, -0.14812156558036804, 1.9265979528427124, 3.05684232711792, -2.815915822982788, 3.3420071601867676, 2.341289520263672, 3.3333253860473633, -3.47672438621521, -2.0110671520233154, 0.9958983659744263, -1.8654497861862183, -1.2676852941513062, 1.6882810592651367, -2.345968246459961, -0.5740967392921448, -1.6095197200775146, 3.685062885284424, 3.0265448093414307, -2.7351291179656982, -3.564877510070801, 2.108821153640747, 3.381521224975586, 2.6677615642547607, 3.263751983642578, 0.8090839385986328, 0.2595171332359314, 2.8254168033599854, -1.9002736806869507, -2.846675157546997, 3.041318893432617, -2.732433557510376, 4.32239294052124, 1.5569367408752441, -1.4167442321777344, 4.1538238525390625, -2.28408145904541, 3.4322874546051025, -3.1100246906280518, -2.3079946041107178, -0.030714362859725952, 2.3052382469177246, 1.7872815132141113, -2.4805688858032227, 2.7616705894470215, -4.182631015777588, 2.411855936050415, 2.6046628952026367, -1.7567098140716553, -2.2372350692749023, 3.410872459411621, -1.0729045867919922, 1.9219228029251099, -2.931837558746338, 0.5972888469696045, 2.617386817932129, -0.9828025102615356, -1.8520150184631348, 0.8512367606163025, -3.8933088779449463, -0.8786544799804688, -0.34619563817977905, 1.3771162033081055, 0.5519489049911499, -0.03763318061828613, -2.9954311847686768, 0.3336765766143799, 2.3293113708496094, -1.4709466695785522, 0.023648053407669067, -2.014941453933716, -0.5809041857719421, 4.865283966064453, -1.171570062637329, 3.4456229209899902, -0.918821394443512, 0.010183773934841156, 4.212783336639404, 0.7322105765342712, 3.455822229385376, 3.2123098373413086, -4.146607398986816, 6.053933143615723, 3.024372100830078, -0.9470815658569336, -1.797767996788025, -1.1282035112380981, 0.3531688153743744, -2.721705436706543, -3.5369417667388916, 3.9985995292663574, 0.36142534017562866, 3.444526433944702, -1.1956274509429932, -3.469529151916504, 2.6301910877227783, -0.02563825249671936, -2.124307632446289, -1.0770282745361328, -4.547422885894775, 4.796942234039307, -1.096911072731018]",1,107.0
155,9606.ENSP00000222256,"[11.74067211151123, 2.5263760089874268, 5.338232040405273, 1.1155447959899902, 0.8067430257797241, 0.4054260551929474, -8.916326522827148, 6.09721040725708, -4.889697074890137, -0.25796347856521606, 11.12963581085205, -1.9283403158187866, -1.98477041721344, -3.315166473388672, -6.575808048248291, -8.177990913391113, -0.32150179147720337, 3.437329053878784, 4.241183280944824, 6.188388824462891, -0.5295262932777405, -8.917642593383789, -2.6615195274353027, -5.719486713409424, -1.5816166400909424, 1.446362018585205, 0.28040173649787903, 3.749199151992798, 5.729597091674805, -1.7912752628326416, -2.1738882064819336, -3.872483968734741, 5.823850154876709, -1.550855040550232, 2.767648220062256, 7.039414405822754, -1.1014282703399658, -4.588664531707764, -5.777594566345215, -2.8551337718963623, -10.073883056640625, -0.680652379989624, 0.4319184124469757, 3.8190464973449707, -3.8756370544433594, -2.362931728363037, 8.722651481628418, -5.365286827087402, -13.338016510009766, -6.768594741821289, 9.128618240356445, 10.048257827758789, 5.159408092498779, 2.670809507369995, 1.7656477689743042, -7.177807807922363, 6.0694260597229, -1.1991674900054932, -4.861161231994629, -6.521882057189941, -11.294364929199219, 2.16713285446167, 3.150343418121338, 3.3024168014526367, -0.9514791369438171, -3.2363083362579346, 5.550606727600098, -5.0463385581970215, -0.9631745219230652, 0.4673568308353424, 4.438190937042236, 7.404594421386719, -0.843798041343689, -9.451566696166992, 0.26699021458625793, 16.270872116088867, 3.7762930393218994, -5.175587177276611, -5.036013603210449, 3.1156134605407715, 0.5310326814651489, 12.09074878692627, -5.548722267150879, -3.6493353843688965, 8.412275314331055, 1.0860086679458618, -1.8395864963531494, -10.26243782043457, -0.7817984223365784, 2.078120231628418, -4.518069267272949, 6.2699103355407715, 8.555440902709961, -2.172074556350708, -1.3230341672897339, 9.318730354309082, -8.260841369628906, 5.351648807525635, 11.3721342086792, -0.8834861516952515, 5.898038387298584, 6.738947868347168, -10.458176612854004, 7.619146347045898, 5.1494669914245605, 5.101691246032715, -5.332496166229248, -1.2579312324523926, 3.353817939758301, 0.7226324081420898, -1.8777626752853394, 5.410417556762695, -3.446763277053833, -4.304724216461182, -3.494846820831299, -1.4284934997558594, 4.2210001945495605, -3.525609016418457, -9.867145538330078, 5.613096714019775, 8.74310302734375, 8.141139030456543, 10.400840759277344, 1.1404187679290771, 1.4918395280838013, 2.3596222400665283, -9.637836456298828, -8.930110931396484, 8.27925968170166, -0.1519373655319214, 8.583511352539062, 0.3230865001678467, 2.7642722129821777, 1.138644814491272, -6.537585258483887, 5.936392307281494, -1.5788090229034424, 4.297238349914551, -3.2858402729034424, 3.091811180114746, 9.317098617553711, -1.5092511177062988, -5.265827655792236, -8.719598770141602, 6.331221103668213, 3.339540958404541, -5.676619052886963, -4.1925883293151855, 6.345170021057129, -4.461511135101318, 0.12539023160934448, -2.024801731109619, -0.28559646010398865, 2.2004377841949463, -3.142758846282959, 6.30673360824585, 5.802726745605469, -3.753980875015259, -7.407927989959717, 2.3497796058654785, 0.08524714410305023, 2.6585495471954346, -6.531614780426025, 0.8445536494255066, 8.170313835144043, 2.9498424530029297, 0.42466920614242554, -1.6965984106063843, 0.8070507645606995, 0.9645764231681824, 9.792570114135742, -5.954921245574951, -0.8106802701950073, 0.2526624798774719, 1.1460710763931274, 6.150180816650391, 2.7029342651367188, 10.090882301330566, 0.7186940312385559, -5.3658928871154785, 15.091642379760742, 7.627013683319092, -4.275974273681641, -4.520029544830322, -4.467762470245361, -0.30232447385787964, -1.655465841293335, -6.989593505859375, 11.548257827758789, -0.6277191042900085, 3.701122522354126, 0.6283349990844727, -10.25848388671875, 8.735791206359863, 3.0380868911743164, -2.9373645782470703, -3.1705520153045654, -10.326821327209473, 8.086772918701172, -1.3424803018569946]",1,101.0
156,9606.ENSP00000350386,"[3.262559175491333, -1.4751596450805664, 1.5325124263763428, 1.7636674642562866, -2.9226691722869873, 0.32591474056243896, -0.5630050301551819, 1.025846004486084, -0.8879102468490601, 0.13856327533721924, 3.527582883834839, -2.7549731731414795, -0.6896225214004517, 0.10318747162818909, 0.9535866379737854, -0.19780349731445312, 1.4782265424728394, 0.9077707529067993, 1.1986916065216064, 3.6645917892456055, 0.3634369671344757, -2.161790132522583, 1.1093741655349731, 0.6825279593467712, 0.40008777379989624, -0.21711289882659912, 0.6795244812965393, 0.791892945766449, 0.9452892541885376, -2.370897054672241, 1.3942862749099731, -1.573400616645813, 0.17929314076900482, 1.9320347309112549, 2.9191431999206543, 0.38965946435928345, 0.8265687227249146, -1.0192952156066895, -1.860870122909546, -1.3705202341079712, -0.9060087203979492, 0.09419742226600647, -0.24257341027259827, 1.1971384286880493, 0.2103671431541443, -1.7450532913208008, 2.4633326530456543, -0.031017005443572998, -1.3074214458465576, -1.5936901569366455, 1.2702786922454834, 3.263134717941284, 1.754590392112732, 1.0450222492218018, -0.2847796082496643, -1.2547690868377686, 0.6007319688796997, -2.60870361328125, 1.3585330247879028, -1.0181951522827148, -2.694030284881592, 3.199740409851074, 3.697355031967163, 1.1854496002197266, -0.9112545251846313, -0.13781258463859558, -0.0572972297668457, -1.0216217041015625, 0.0076712071895599365, 1.4779866933822632, -0.34992268681526184, -0.23411458730697632, 1.1701273918151855, -1.2481348514556885, -1.052811622619629, 4.196302890777588, 1.7207785844802856, -0.5365928411483765, -2.3210935592651367, 0.07906574010848999, 0.2163136899471283, 2.280970335006714, -0.49951037764549255, -1.171770453453064, 1.0892512798309326, 0.31319937109947205, -1.5053834915161133, -2.1893258094787598, -1.5122392177581787, 1.1720681190490723, -1.095412254333496, 2.3221704959869385, 2.4555253982543945, -0.6956038475036621, -0.91135573387146, 1.38857901096344, -2.3748414516448975, -1.347167730331421, 1.6096285581588745, 1.826079249382019, 2.5547235012054443, 2.510284900665283, -1.6252062320709229, 1.3478128910064697, 2.092386484146118, 1.1646454334259033, -1.013109803199768, 0.5118471384048462, -1.7874770164489746, -0.5280367732048035, -1.0927600860595703, 0.8561084270477295, -0.8774186968803406, -1.5958166122436523, -1.729562759399414, 1.316342830657959, 1.7576913833618164, -2.211387872695923, -0.3983977437019348, 0.8356109857559204, 0.9930617809295654, 1.3381856679916382, -0.22967630624771118, -1.4409356117248535, 1.6596012115478516, 1.3052489757537842, -3.2645654678344727, -2.1155529022216797, 1.15650475025177, -0.1355479657649994, 3.6972029209136963, 0.929785966873169, 0.27106213569641113, 2.288198232650757, -0.4470546245574951, 1.6565110683441162, -2.8117518424987793, -2.699641704559326, 1.6491243839263916, 0.23810839653015137, 0.6292353868484497, -0.9569053053855896, 2.391899585723877, -2.3528592586517334, 3.1581263542175293, 1.6759462356567383, -1.8798962831497192, -0.23123101890087128, 2.428243398666382, -0.43076881766319275, 0.5250258445739746, -1.1926889419555664, -0.8606509566307068, 2.67653226852417, -1.32956063747406, 0.03910905122756958, 0.1161264181137085, -1.0777974128723145, -0.912781834602356, 2.3718628883361816, -0.009045451879501343, -0.44766879081726074, 0.06867656111717224, -0.4460846483707428, -0.5421990156173706, 1.8603601455688477, 0.5341173410415649, -0.3198983669281006, 1.0419901609420776, 0.47993865609169006, 3.279386043548584, -1.3082902431488037, 0.7549272179603577, -0.17215433716773987, 0.11367154121398926, 1.3881824016571045, 1.8863064050674438, 1.0540077686309814, 1.468017816543579, -1.8291609287261963, 2.6250033378601074, 3.006626844406128, -1.7484514713287354, -3.084925413131714, -0.8820188045501709, -1.1614885330200195, -1.4613910913467407, -1.509866714477539, 0.4590120315551758, -0.7082332968711853, 0.9624555110931396, -1.2131404876708984, -2.344762086868286, -0.029337167739868164, 1.6521522998809814, -0.6613295078277588, -0.809991717338562, -1.5495012998580933, 2.9959921836853027, -3.0180389881134033]",1,66.0
157,9606.ENSP00000362873,"[0.7628608345985413, 0.974618136882782, 0.30959174036979675, 1.3191494941711426, -0.4200328588485718, 1.273392915725708, 0.26636484265327454, -0.7947856783866882, -2.0859274864196777, -0.1754836142063141, 1.6499464511871338, -1.9249542951583862, -1.4687591791152954, 0.9623119831085205, -1.3066227436065674, -0.29515939950942993, 1.8427380323410034, 1.5094225406646729, 1.5189907550811768, 0.22478121519088745, -2.5761353969573975, -0.5052974224090576, -0.3403507471084595, 0.6843887567520142, -1.3456264734268188, -0.6082338094711304, 0.8703077435493469, 1.121261477470398, 1.6305623054504395, -0.28872668743133545, -0.4161948561668396, -1.6249363422393799, -0.018168151378631592, -0.1979738473892212, 2.2631876468658447, -1.8488253355026245, 1.66717529296875, -2.3394052982330322, -0.3604655861854553, -2.0181918144226074, -0.7405651807785034, -0.6500753164291382, -0.7663054466247559, -0.48735570907592773, -0.004568606615066528, -0.8640602827072144, 0.4776555895805359, -0.7929675579071045, -1.39824640750885, 0.9177646636962891, 1.7577358484268188, 1.6340986490249634, 1.2779971361160278, 0.5374723672866821, -1.753028154373169, 0.08586475253105164, 1.6587631702423096, -1.650712490081787, 2.4874868392944336, -1.6455748081207275, -2.223346471786499, 0.404244601726532, 1.4400253295898438, -0.311512291431427, -1.640163779258728, 2.065321922302246, 0.5909143686294556, -2.025631904602051, 0.3088234066963196, 1.847040057182312, 0.9998348355293274, -0.9446820020675659, 0.5750369429588318, 0.49088284373283386, -1.5774099826812744, 1.487396240234375, 1.2121325731277466, -1.3239105939865112, -1.3559976816177368, -0.5175466537475586, 0.034189656376838684, 0.04813443124294281, -1.358288049697876, -1.4372448921203613, 2.762112617492676, -0.9331521987915039, -1.5592173337936401, 0.7908291816711426, -1.0297528505325317, 0.4480525553226471, -1.8454750776290894, 1.1633920669555664, 0.9148653745651245, -0.1986810863018036, -0.5489002466201782, 1.9560567140579224, -0.5535634756088257, -0.6096518635749817, 0.168075829744339, -0.3176286816596985, 0.0799839198589325, 1.075271725654602, -1.1720824241638184, 0.2455267608165741, 0.9855098724365234, 2.6397602558135986, -0.40577661991119385, -0.45183780789375305, -0.5347374081611633, -2.04416561126709, -1.2479320764541626, 2.129966974258423, -1.7952960729599, -1.779698371887207, -1.250536561012268, -0.03579048812389374, 0.6472081542015076, -0.4026142954826355, 0.9049444198608398, 0.6365439891815186, 0.19944681227207184, 1.5458502769470215, 1.8957464694976807, -0.6704510450363159, 0.8868557810783386, -0.156810000538826, -0.5573094487190247, -1.5404505729675293, 0.858092725276947, -2.2059340476989746, -0.5971477627754211, 0.7260115742683411, -1.5079187154769897, 0.28543034195899963, -2.535115957260132, 1.0145606994628906, -0.4961399734020233, -1.7046688795089722, -1.7764569520950317, 1.4392178058624268, -0.379541277885437, 0.945222795009613, -0.2817530035972595, -0.37877705693244934, 1.6289116144180298, 2.407724142074585, -1.8146262168884277, -1.3717923164367676, -0.4152141809463501, -1.257082223892212, 1.4251830577850342, -2.8361778259277344, 1.8470501899719238, 2.9425528049468994, -1.0313141345977783, -0.060656219720840454, 1.066256046295166, -1.2864530086517334, -0.5301546454429626, -1.1790716648101807, 0.005365535616874695, -0.11925745755434036, 1.2303402423858643, -1.411008358001709, -0.6939670443534851, 1.4104065895080566, -1.0721608400344849, 0.5932629704475403, -0.019308075308799744, 0.38226526975631714, 2.371710777282715, -0.6306020021438599, 2.116973876953125, -0.07023024559020996, 1.409281611442566, 1.426661729812622, 2.079972267150879, 1.7155277729034424, 0.24538156390190125, -1.8659029006958008, 0.2249864935874939, 1.3993028402328491, -0.8742095828056335, -0.3842152953147888, -0.9664947986602783, -0.5285124778747559, -1.5964419841766357, -1.1794726848602295, 0.09364578127861023, -1.3789892196655273, 0.2325943112373352, 0.7836087942123413, -0.8453095555305481, 1.1144044399261475, -0.40275418758392334, 0.164223775267601, 0.23897364735603333, -2.4466285705566406, 1.3448491096496582, -1.7521123886108398]",1,140.0
158,9606.ENSP00000378812,"[0.38509422540664673, -0.0451483316719532, 0.6133376955986023, -0.07581634074449539, -0.19199764728546143, 0.5253217220306396, 1.9255790710449219, 1.3453917503356934, -1.8674345016479492, 1.802143931388855, 1.5017708539962769, -0.35941803455352783, 0.15341530740261078, 0.46768859028816223, 0.06401359289884567, -2.887071132659912, 0.4066672623157501, 1.0627176761627197, -1.1261001825332642, 1.370010495185852, -1.3002126216888428, -1.6213876008987427, 0.2256258875131607, 0.8015444874763489, -1.6463379859924316, -2.197770357131958, 0.5749877095222473, 1.8344846963882446, 1.0088261365890503, -1.5333316326141357, -0.33383166790008545, -0.3125420808792114, -1.4413691759109497, 0.546606183052063, 2.738394260406494, -1.6023589372634888, 1.108449101448059, -0.7630012631416321, -1.7093505859375, -0.07292087376117706, -0.6723282337188721, -0.6206139326095581, -1.330794334411621, -0.22695225477218628, 0.2243645340204239, -1.4245306253433228, 0.9391986131668091, -1.5669325590133667, -1.369916558265686, -1.5139343738555908, 2.0060641765594482, 1.09165620803833, 1.5970256328582764, 0.7885596752166748, -0.020093291997909546, -1.322787880897522, 0.948991060256958, -1.0601600408554077, 2.3803277015686035, -0.9500939846038818, -2.758896589279175, 0.39879050850868225, 0.3271229863166809, 0.3690057396888733, -0.46040356159210205, 1.3210251331329346, 1.3867812156677246, -2.172339677810669, 0.13862088322639465, 1.0895897150039673, -0.9853776097297668, -1.7249774932861328, 0.5723732709884644, 0.8068494200706482, -0.9121576547622681, 1.0512477159500122, 0.8571985960006714, -1.643620491027832, -1.467844843864441, -1.3749929666519165, 0.5141096711158752, 0.30684834718704224, -1.3937515020370483, -0.03978920727968216, 2.9144811630249023, 1.7660908699035645, -1.2556980848312378, 1.8180780410766602, 0.1778569370508194, 0.9656094312667847, -0.9834678173065186, 1.8266702890396118, 1.2877167463302612, 0.5741373300552368, -0.4571651220321655, 0.971732497215271, -0.3732287287712097, -0.06805413961410522, 1.8964078426361084, 0.9609232544898987, 1.093130350112915, 2.5751049518585205, -2.022002696990967, 1.477574110031128, 0.735409677028656, 2.065825939178467, 0.6869767904281616, 0.5206592082977295, 1.7450432777404785, -0.49741268157958984, -1.4981271028518677, 1.3369067907333374, 0.02062956988811493, -1.1963469982147217, -2.6326050758361816, -0.2053184062242508, 0.42943239212036133, -0.9303685426712036, 0.214406356215477, 1.852452278137207, -0.7734062671661377, 0.023584328591823578, -0.2595970630645752, 0.22799229621887207, 1.892996072769165, -0.9253262877464294, 0.125669926404953, -1.1443016529083252, 1.164465308189392, -1.1384601593017578, 1.0235456228256226, 0.39172831177711487, -1.082481026649475, -0.9604142308235168, -1.7334576845169067, -0.40129587054252625, 0.6300746202468872, -1.2791297435760498, -0.5081449151039124, -0.9738295078277588, 2.0473473072052, -0.07448971271514893, -1.5708168745040894, -1.9349873065948486, 1.5585520267486572, 0.49686095118522644, -2.6172497272491455, -0.9373586773872375, 0.6985895037651062, 1.10439932346344, 0.6837770938873291, -0.6227248907089233, 1.8098984956741333, 0.03737560287117958, -0.3013080358505249, 0.21464309096336365, -0.41790539026260376, -1.262547492980957, -0.8627095818519592, -0.29731178283691406, 0.3994397819042206, -0.25185149908065796, 0.820356011390686, -1.2837527990341187, -1.2940034866333008, -0.5214402675628662, -0.031559139490127563, -0.40411099791526794, -0.7462169528007507, 0.47959136962890625, 1.2307261228561401, -2.0666275024414062, 0.22596755623817444, 0.6427488327026367, 0.2944818437099457, -0.48894569277763367, 1.1607190370559692, 1.837865948677063, 0.28341352939605713, -0.830266535282135, 0.46891722083091736, 0.9237269163131714, -1.5241714715957642, -1.420149803161621, 0.29818981885910034, -1.977272391319275, -0.11081825196743011, -1.1081076860427856, -0.2616065442562103, -0.4824373126029968, 1.7344859838485718, 0.5892965793609619, -1.3465933799743652, 0.7060258388519287, 2.1833298206329346, 0.41721785068511963, -0.33846819400787354, -2.037710666656494, 2.217613935470581, -1.196434497833252]",1,167.0
159,9606.ENSP00000351777,"[7.315586566925049, -2.2262539863586426, 5.6863179206848145, 10.488656044006348, -2.8276102542877197, -1.1704957485198975, 5.330299377441406, 7.339949607849121, -2.2121777534484863, 4.43113899230957, 5.554520606994629, -3.7426538467407227, -2.151876449584961, 2.116124391555786, -2.0717647075653076, -3.7288544178009033, 1.525661826133728, 5.116250038146973, 2.653071403503418, 0.3270598351955414, -3.8340401649475098, -5.027821063995361, -1.6389364004135132, -0.5663161277770996, -0.9203940033912659, -7.315986156463623, 0.4986511468887329, 3.7890822887420654, 1.3483521938323975, -10.14427661895752, 0.7747870683670044, -4.970853328704834, -3.201815128326416, 1.4581656455993652, 6.955681324005127, -4.91813850402832, -0.9163898825645447, -5.114277362823486, -8.68185043334961, -3.7280993461608887, -3.938046932220459, -7.277205467224121, -11.30676555633545, 1.1267461776733398, 7.483583450317383, -0.1839543581008911, 8.757105827331543, -8.84599781036377, -7.943617343902588, -1.564427375793457, 6.361078262329102, 5.454637050628662, 8.329916954040527, 7.361447334289551, 2.620464324951172, -5.809086799621582, 9.597765922546387, -9.20846939086914, 7.476746559143066, -11.395200729370117, -10.613448143005371, 0.7263753414154053, 6.293811798095703, 5.5433220863342285, -5.479915618896484, 3.1785380840301514, 10.943479537963867, -8.188206672668457, 0.42507511377334595, 0.927276074886322, 5.697818756103516, -6.913650035858154, 2.051520347595215, -7.93628454208374, -5.601123332977295, 5.0671868324279785, -4.111486434936523, -3.3096189498901367, -7.877942085266113, 2.9100520610809326, 1.1362448930740356, 9.185755729675293, -7.367704391479492, 1.0365536212921143, 3.999370813369751, 8.786959648132324, -5.866745471954346, -3.5565345287323, -4.111101150512695, 2.8569910526275635, -8.210824966430664, 14.654065132141113, 9.101929664611816, 1.3906590938568115, -2.3834025859832764, 12.255078315734863, -0.545759379863739, 1.2116389274597168, 11.947205543518066, 6.6716108322143555, 3.890065908432007, 6.25108003616333, -7.07208251953125, 13.448866844177246, 2.0381040573120117, 6.001248359680176, -6.559709548950195, -3.012192726135254, 8.585262298583984, -7.847638130187988, -3.977313995361328, -3.341830015182495, -6.869184494018555, -2.5484983921051025, -3.8487932682037354, 4.600940704345703, 1.7514445781707764, -7.217365741729736, -1.8345149755477905, 5.78713846206665, 10.46573543548584, -2.4177958965301514, 0.03993909806013107, -1.2934415340423584, 1.3991546630859375, 4.605900287628174, -5.588591575622559, -1.8616646528244019, 6.128602504730225, -0.2023547738790512, 6.530793190002441, 6.22821569442749, -3.637449264526367, 6.818603515625, -12.690537452697754, 10.869446754455566, -0.6343203783035278, -10.390933990478516, 0.6774975061416626, 3.1563174724578857, 3.6153085231781006, 0.1867687702178955, 1.865639090538025, -11.790253639221191, 9.118939399719238, 8.728744506835938, -12.859453201293945, -6.310681343078613, 5.867778778076172, 0.2438143789768219, 0.7605723142623901, -9.355345726013184, -0.8276302814483643, 2.816702365875244, -2.700051784515381, 1.6807163953781128, -5.858098983764648, 0.5501866340637207, 4.821896076202393, 4.687551498413086, -1.2026337385177612, 3.3197245597839355, 3.154900074005127, -5.3029704093933105, -0.4920164942741394, 1.6805332899093628, -1.550005316734314, 2.147007465362549, 2.541339874267578, 5.121036529541016, 13.49677848815918, -7.508656978607178, 2.7178304195404053, 1.3770092725753784, -5.076346397399902, 7.15455436706543, 2.748229503631592, 8.940855979919434, -0.2758840322494507, -5.703967094421387, 6.856290340423584, 7.357032775878906, -4.282756805419922, -8.572589874267578, -2.9662909507751465, -3.451650381088257, -2.571955442428589, -3.6711857318878174, 5.861403942108154, -4.542069911956787, 1.1784284114837646, -3.257524013519287, -11.726747512817383, 6.741637229919434, 9.466403007507324, -7.152477741241455, -1.0852237939834595, -10.149178504943848, 6.892031669616699, -3.9833269119262695]",1,102.0
160,9606.ENSP00000261349,"[4.463048458099365, -0.46163034439086914, 1.1160492897033691, 3.239316701889038, -0.7888476252555847, 1.2217297554016113, -4.998358726501465, 1.4282019138336182, -1.016666293144226, -0.9326741695404053, 3.4240453243255615, -2.2581698894500732, -2.706916093826294, 1.6023260354995728, 1.099153757095337, -0.6447384357452393, -4.313968658447266, 4.4086151123046875, 2.129739284515381, 2.9957213401794434, -2.3193471431732178, -3.8141403198242188, -5.973672389984131, 0.6391241550445557, 0.7013318538665771, -6.165989875793457, 0.14131000638008118, 2.6179184913635254, 0.05659934878349304, -5.235257625579834, -2.554877996444702, -4.188259601593018, -2.174776554107666, 3.074369430541992, 2.007554054260254, 1.0592329502105713, -6.394697666168213, 2.358062744140625, -2.299992561340332, -3.3716869354248047, -2.3700110912323, -0.5484787225723267, -2.22495174407959, 2.114583730697632, 1.605725884437561, -0.2478286623954773, 1.9339921474456787, -1.4522686004638672, -1.679612159729004, 1.0185999870300293, 3.8521554470062256, 1.7871654033660889, 0.5119937658309937, 2.925680160522461, 0.13626742362976074, -4.797368049621582, 5.845660209655762, -1.037082314491272, -2.1536080837249756, -3.001426935195923, -6.50914192199707, 1.9313106536865234, 0.5195099115371704, 2.7003936767578125, -1.5839557647705078, 0.2770809531211853, 2.7048842906951904, -3.2545793056488037, -6.155545711517334, -1.6228083372116089, -1.640242576599121, -2.72554874420166, -0.18346215784549713, -4.661835193634033, -1.4743940830230713, 8.087923049926758, 0.40318620204925537, 0.6648910045623779, -3.862363576889038, 0.8859585523605347, 1.3876312971115112, -0.8678345680236816, -2.5502634048461914, -3.050997018814087, 2.669830799102783, 0.17396140098571777, -0.9804515838623047, -4.744086265563965, -1.6185961961746216, 2.793759822845459, -5.278088569641113, 3.6624999046325684, 4.205765247344971, -3.115468978881836, -0.5100231170654297, 4.18865966796875, 0.6092830896377563, -1.6753337383270264, 5.086548805236816, 1.2077780961990356, 5.103089809417725, 2.37424635887146, -3.060403347015381, 4.185889720916748, 1.990989327430725, 0.8982081413269043, -1.4864492416381836, 1.3902661800384521, 1.4900397062301636, 3.471815824508667, -0.36735454201698303, 0.8704506754875183, -0.2126367688179016, -0.22662770748138428, -4.195355415344238, -1.4547216892242432, -0.2567761540412903, -2.339970827102661, -2.939253091812134, 4.200646877288818, 8.722469329833984, -4.172504425048828, 1.9795719385147095, -0.8711192011833191, 4.464595794677734, -1.2370831966400146, -3.2372984886169434, -3.8382954597473145, 0.9395602941513062, -2.649545669555664, 1.863339900970459, 2.1660361289978027, 3.192296028137207, 2.971370220184326, -2.4477195739746094, 3.6591086387634277, -0.5065064430236816, 0.623467743396759, 0.9446326494216919, 1.2206029891967773, 3.4144654273986816, 1.4601249694824219, -0.5197281241416931, -4.990264415740967, 2.7742834091186523, 2.8006560802459717, -3.621682643890381, -1.6866549253463745, 0.09126505255699158, 0.6069648265838623, 0.7439810037612915, -3.0515527725219727, -2.3634209632873535, -0.3441956639289856, -2.8122878074645996, 1.4917845726013184, 2.1072208881378174, -1.7212523221969604, -0.6421277523040771, 6.624443531036377, -1.3707106113433838, 0.86481773853302, 2.5430400371551514, -1.395033836364746, 5.688057899475098, 2.2367913722991943, -0.7849071025848389, -0.806442379951477, 0.040431536734104156, 1.0022623538970947, 0.5679874420166016, -4.446587562561035, 0.37048089504241943, 0.9364933371543884, -3.115226984024048, 2.1462786197662354, -2.3758738040924072, 9.54180908203125, 5.3757004737854, -2.4161436557769775, 4.414490222930908, 6.3551530838012695, -2.5427844524383545, -1.557808518409729, -0.8111767768859863, -4.571868896484375, 0.46133285760879517, -4.856393814086914, 5.032187461853027, -0.9742615222930908, 2.298111915588379, 0.8040022253990173, -2.7387256622314453, 1.604416012763977, 6.883365154266357, -2.7469427585601807, -3.9619510173797607, -3.32082462310791, 1.6127142906188965, -1.0097497701644897]",1,141.0
161,9606.ENSP00000339191,"[18.832759857177734, 0.6022295355796814, 1.164686679840088, -5.2530622482299805, -7.714605808258057, -2.0783491134643555, -3.3682351112365723, 6.959324836730957, 10.874515533447266, -12.919343948364258, 10.970091819763184, 1.6455414295196533, -0.9160346984863281, 0.5417754650115967, 7.842535972595215, -8.294075965881348, -2.434800863265991, -5.071455478668213, -2.5280604362487793, 1.8173078298568726, 7.4434638023376465, -7.119021415710449, -6.21039342880249, 1.682708501815796, 9.11164665222168, -12.079203605651855, -3.103081226348877, 9.985649108886719, -7.926884651184082, -14.899801254272461, 5.004885196685791, -13.78995418548584, -9.81626033782959, 14.287528038024902, 7.896927833557129, 4.993587493896484, -10.890305519104004, 1.327730417251587, -14.486644744873047, 3.543426990509033, -6.848536014556885, -10.715757369995117, -3.0485422611236572, 6.479943752288818, 3.614136219024658, -12.314674377441406, 12.580398559570312, -12.247749328613281, -13.091127395629883, 0.236013263463974, -0.3909476697444916, 17.758949279785156, 17.463754653930664, 10.650407791137695, -7.243059158325195, -10.709268569946289, 8.788710594177246, -5.441269874572754, -0.3124472498893738, -9.341694831848145, -15.308430671691895, -4.853270530700684, -1.608759880065918, 12.679241180419922, -6.859081745147705, -8.872079849243164, -2.264556407928467, -11.198848724365234, -12.508614540100098, -3.5383970737457275, -0.7649312615394592, 0.09115403890609741, 9.580499649047852, -12.41555404663086, -3.665339231491089, 27.06928825378418, -2.9890456199645996, 5.866116523742676, -12.671114921569824, 0.6294858455657959, 7.918215751647949, 8.793705940246582, -10.05893611907959, -12.823202133178711, 16.930150985717773, 7.251919269561768, 1.4963984489440918, -6.852062225341797, 1.4377164840698242, 8.742321014404297, -7.36759614944458, 13.660087585449219, 18.733198165893555, 3.442959785461426, -4.973186492919922, 13.693496704101562, 7.013219833374023, -4.824524402618408, 16.329879760742188, 5.102453231811523, 13.807999610900879, 10.579092025756836, -5.161221027374268, 15.320623397827148, -0.5710146427154541, -11.993486404418945, 5.532444477081299, 9.303756713867188, 3.6241421699523926, 11.71024227142334, -3.8037302494049072, -6.3956098556518555, 2.846417188644409, -9.414094924926758, -1.8219518661499023, -2.7519724369049072, 6.434351444244385, -11.554750442504883, -0.8679396510124207, 6.4826788902282715, 24.799352645874023, -7.217625141143799, 3.5232014656066895, -3.805694580078125, 12.504129409790039, -0.9401738047599792, -9.979277610778809, 0.7027766704559326, 15.58476734161377, 7.181887626647949, 12.1363525390625, -2.846118450164795, 6.746230602264404, 3.459310531616211, -10.144723892211914, 0.12948672473430634, 4.032240390777588, -2.597264289855957, 7.1218132972717285, -1.891900897026062, 23.528766632080078, -11.69559383392334, -8.96702766418457, -15.631065368652344, 11.84048080444336, -1.099966049194336, -11.390825271606445, -14.347354888916016, 14.914791107177734, 4.527041912078857, -3.171668529510498, 3.2845277786254883, -9.517852783203125, -4.941168785095215, 2.4496450424194336, -2.1435394287109375, 11.345276832580566, 3.5994174480438232, -1.1464805603027344, 10.304677963256836, -14.79453182220459, 3.0893895626068115, 8.308942794799805, -11.186117172241211, 14.706358909606934, -0.8525381684303284, 6.792014122009277, -14.096741676330566, 5.79135799407959, 8.30530834197998, 12.83013916015625, -22.48479652404785, -6.276482105255127, 9.708175659179688, -14.220233917236328, -2.4145731925964355, -1.0335357189178467, 9.007583618164062, -3.6335999965667725, -5.076725959777832, 16.647350311279297, 17.51317596435547, -10.64248275756836, -10.648527145385742, 6.84038782119751, -6.852038383483887, 6.3966593742370605, -7.261533260345459, 10.251717567443848, -12.831974029541016, 8.414412498474121, 9.02656364440918, -6.2397236824035645, 5.706965446472168, 13.304957389831543, -18.686874389648438, -6.773616790771484, -17.99638557434082, 8.795173645019531, 3.2281672954559326]",1,123.0
162,9606.ENSP00000423673,"[3.7590739727020264, 0.685943603515625, 0.21270495653152466, 1.96063232421875, 0.3304048478603363, -1.7306742668151855, 1.2570030689239502, 0.9314035177230835, -0.7678666114807129, 1.2996222972869873, 2.417293071746826, -2.161869764328003, -2.1033859252929688, 1.3598659038543701, -0.06060342490673065, -1.2941982746124268, 0.6168476939201355, 1.080368161201477, 2.740778684616089, 1.5241552591323853, -1.0150785446166992, 0.377803772687912, 0.93326336145401, 1.8439748287200928, 0.05618083477020264, -2.1847774982452393, 1.7545242309570312, 2.9561610221862793, 1.8258163928985596, -2.644613265991211, -2.472928762435913, -1.7757648229599, -1.2098608016967773, 0.7218148112297058, 1.606626272201538, -2.7733263969421387, 0.5825552940368652, -1.6534993648529053, -2.1850173473358154, -2.5965006351470947, -3.638394355773926, -0.1575390100479126, -1.6114697456359863, 0.45320385694503784, 1.0317280292510986, -0.7249909043312073, 1.6611195802688599, -0.46557846665382385, -2.187396764755249, -0.2732239365577698, 1.0716394186019897, 2.5416319370269775, 1.4450997114181519, 1.4174500703811646, -1.8611959218978882, -1.3564794063568115, 3.0653536319732666, -2.9801430702209473, 3.2416622638702393, -3.557957649230957, -4.246184349060059, -0.8562473058700562, 2.4581825733184814, -0.33065563440322876, -1.8872175216674805, 1.275132656097412, -1.2119954824447632, -3.156648874282837, 0.6077965497970581, 1.8621184825897217, 0.7839692831039429, -0.8812333941459656, 0.6703020334243774, -0.7149993777275085, -2.9627816677093506, 2.311067581176758, 0.6356945037841797, -1.269184947013855, -4.054119110107422, -0.06449569016695023, 2.7864198684692383, 1.7461543083190918, -1.462613582611084, -1.0376696586608887, 1.8933542966842651, -1.1734479665756226, -1.154898762702942, 0.6322124004364014, -1.5577243566513062, 1.428192138671875, -3.0127997398376465, 4.242993354797363, 3.286105155944824, 0.3921704888343811, -2.364948272705078, 4.6507954597473145, -2.1352829933166504, -0.07170861959457397, 3.5183281898498535, -0.9194080829620361, 1.8235106468200684, 3.681884765625, -2.758739709854126, 2.2244205474853516, -0.19559291005134583, 2.4162847995758057, 0.7408902049064636, -0.4759965240955353, 1.0241005420684814, -3.339207649230957, -1.2066395282745361, 0.4492122530937195, -1.8575135469436646, -2.379263162612915, -2.279480457305908, 0.985707700252533, 1.6433055400848389, -1.376522183418274, 0.7521409392356873, 2.9878804683685303, 2.39638614654541, 0.5682271718978882, 1.9418346881866455, -0.4403775632381439, 0.4284078776836395, 0.37063610553741455, -2.308732271194458, -2.692905902862549, 1.722584843635559, -1.5483496189117432, 1.021012544631958, 0.3514065742492676, -0.48638325929641724, -2.9317586421966553, -2.427647113800049, 0.5232068300247192, 0.016376852989196777, -2.962118148803711, 0.14044691622257233, -0.8153144121170044, 2.706446886062622, 0.6571123600006104, 2.277297258377075, -1.7703015804290771, 2.6444313526153564, 3.6012818813323975, -2.340014934539795, -3.878507375717163, 0.17633578181266785, -1.0957393646240234, 0.4530215263366699, -1.9571201801300049, 1.231571912765503, 2.728970766067505, -0.6221565008163452, 0.16036498546600342, 0.43978315591812134, -0.18730658292770386, 0.8341462016105652, 0.029786452651023865, -0.4177759289741516, -0.26314038038253784, 1.7108262777328491, -2.769829511642456, -0.7790595889091492, -0.6153133511543274, -0.3785439133644104, -0.9543237090110779, -1.6158198118209839, 0.494780957698822, 2.5365054607391357, -2.482551097869873, 2.195683717727661, 1.1714868545532227, 2.4276089668273926, 0.5105713605880737, 0.9828780889511108, 2.361330509185791, -0.20159518718719482, -1.670853614807129, 1.954189419746399, 4.5924530029296875, 0.41663670539855957, -0.8796275854110718, -0.5131498575210571, 0.20734015107154846, -1.5059261322021484, -2.8576760292053223, -0.10082031786441803, -1.0240882635116577, 0.4213765561580658, 1.9240434169769287, -3.8720014095306396, 1.605933427810669, -1.0439642667770386, 1.1452504396438599, 0.38403668999671936, -4.0257649421691895, 3.7933902740478516, -2.9775571823120117]",1,173.0
163,9606.ENSP00000389649,"[0.8768324851989746, 0.8973526954650879, 1.4766665697097778, 0.14222827553749084, -0.8313714265823364, -0.2703884243965149, 0.147920161485672, -0.12546047568321228, -1.4299347400665283, 1.059581995010376, 0.5655695796012878, -0.10370786488056183, -1.7827951908111572, 1.262495756149292, 0.9230262041091919, -2.441145896911621, -0.3015098571777344, -0.26540106534957886, 0.7476612329483032, -0.4725881516933441, -1.2046455144882202, -0.48289254307746887, -0.05791755020618439, 0.7079188823699951, -0.15166842937469482, -0.44961002469062805, 1.059795618057251, 0.037653058767318726, 1.4724892377853394, 0.6372165679931641, -0.6740173101425171, -0.636167049407959, 0.15153920650482178, -0.33399975299835205, 1.5334597826004028, -2.187330722808838, 0.6953400373458862, -2.308405876159668, -1.3309420347213745, -1.8586827516555786, -2.433708906173706, -0.11795470118522644, -0.7069796919822693, -0.5499289035797119, -0.25935861468315125, -0.22726747393608093, 0.16593483090400696, 1.0507112741470337, 0.6589319109916687, 0.39054352045059204, 0.7495203018188477, 1.633617639541626, 0.469881147146225, -0.8243083953857422, -0.6741842031478882, -0.9179495573043823, 1.689686894416809, -0.2677325904369354, 1.4749512672424316, -2.2384040355682373, -1.9031790494918823, 1.0149232149124146, 0.7389123439788818, -0.40123510360717773, -0.33749210834503174, 2.5489869117736816, 0.6096208691596985, -1.2914594411849976, 0.33178383111953735, 0.696364164352417, 0.33576568961143494, -0.8960784673690796, -0.4670398235321045, -1.4108866453170776, -0.9745429158210754, 0.31196558475494385, 1.7094576358795166, -0.8977886438369751, -1.3760161399841309, 0.12145090103149414, 0.2921396493911743, 0.8483371734619141, -0.03210943937301636, -0.6033083200454712, 2.233837842941284, -0.5409331321716309, -0.769649863243103, -0.017852038145065308, -1.6503701210021973, 0.7819299697875977, -2.680551528930664, 1.3139381408691406, 0.9132095575332642, 0.9862877130508423, -0.7825132012367249, 0.9248776435852051, -1.6276764869689941, 1.2747896909713745, 0.6771568059921265, -0.30485856533050537, 1.4196914434432983, 2.702564239501953, -1.8870463371276855, 1.654703140258789, 0.21038112044334412, 1.3780322074890137, 0.23984180390834808, -1.2607554197311401, 0.02049022912979126, -1.5897319316864014, -0.2091762125492096, 2.135932445526123, -1.3145450353622437, -0.9698547124862671, -2.01128888130188, -0.1126655638217926, 1.4143059253692627, -1.1268318891525269, -1.062955617904663, 1.3480398654937744, 0.6699298620223999, 0.6506532430648804, 3.247333526611328, -0.4459366500377655, -0.4210461378097534, 0.38789767026901245, 0.9242578744888306, -0.28298816084861755, 0.5564494132995605, -0.5100390315055847, -1.1580743789672852, 0.5582778453826904, -0.7211257219314575, 0.3348689079284668, -1.3114920854568481, -0.03901293873786926, -0.5882528424263, -1.4874004125595093, -1.0665847063064575, 0.4374415874481201, 1.5803823471069336, -0.3663714528083801, 0.5878198146820068, -1.2453885078430176, 1.3331745862960815, 0.6607996225357056, -1.9219707250595093, -1.2455319166183472, -1.3953129053115845, -0.9517163038253784, 0.47598883509635925, -0.6283501982688904, 0.29358935356140137, 1.5535978078842163, -0.9774457812309265, 0.909675121307373, 1.8373544216156006, -1.5670372247695923, -1.1967620849609375, -0.12758362293243408, 0.3185868561267853, -1.5344547033309937, 1.3488378524780273, -1.6438617706298828, -0.45930933952331543, 0.843660831451416, -0.58750319480896, 0.5067899823188782, -0.6702060103416443, 1.1321600675582886, 1.772050380706787, 0.55229252576828, 2.139968156814575, -0.17217527329921722, 1.8036081790924072, 1.283432960510254, 1.8009451627731323, 2.3911325931549072, 1.4169139862060547, -0.514185905456543, 1.2472262382507324, 1.2461857795715332, -0.03133291006088257, -0.1390652060508728, 1.5299128293991089, -0.7175581455230713, -1.2501999139785767, -1.4783940315246582, 2.5274322032928467, -0.5850989818572998, 2.863309860229492, 0.7456029653549194, -0.9593578577041626, 1.0799131393432617, -1.4078030586242676, 1.109352707862854, 0.4760955572128296, -1.641567587852478, 1.0011972188949585, -1.7176918983459473]",1,103.0
164,9606.ENSP00000355865,"[18.804882049560547, 1.973130464553833, 0.5916266441345215, 2.7673139572143555, -6.276221752166748, -0.35663843154907227, 10.48618221282959, 20.25705337524414, 4.03564977645874, 0.24807102978229523, 12.550304412841797, -10.127525329589844, -7.937136650085449, 7.418871879577637, 6.842400550842285, -7.35984992980957, -9.736072540283203, 1.7094881534576416, -6.633547306060791, 6.2762250900268555, 7.541817665100098, -8.62521743774414, -7.045369625091553, -1.4780468940734863, 3.448450803756714, -4.851591110229492, -12.451947212219238, 13.63735580444336, 1.1826871633529663, -10.471512794494629, -3.7805662155151367, 4.017154216766357, -10.771418571472168, 9.057649612426758, 11.192229270935059, 1.0381896495819092, -3.360563039779663, 7.18906307220459, -12.852177619934082, 9.045716285705566, -8.240056037902832, -17.346363067626953, -7.51141881942749, -0.015702158212661743, 15.34692096710205, -2.52194881439209, 18.47987937927246, -22.339811325073242, -13.640425682067871, -0.3006577491760254, 5.489582061767578, 11.603933334350586, 17.70057487487793, 15.905617713928223, -6.126567363739014, -14.70427131652832, 13.853729248046875, -0.3130979835987091, 5.0422682762146, -5.779274940490723, -21.84512710571289, -0.15363121032714844, 0.168324813246727, 13.223552703857422, -8.428853988647461, -3.630256175994873, 2.3829944133758545, -15.351165771484375, -6.656240940093994, -4.1290388107299805, -3.3134970664978027, -10.362398147583008, 14.314486503601074, -4.616894721984863, 8.032577514648438, 11.178996086120605, -3.1367788314819336, 12.251294136047363, -8.031538963317871, -7.302032947540283, 6.6369123458862305, 12.454940795898438, -10.565912246704102, -14.020970344543457, 11.097187995910645, 0.11035168170928955, 4.7219767570495605, -7.6042399406433105, -3.0358498096466064, 11.11124038696289, -14.52473258972168, 18.977554321289062, 21.38861656188965, 9.626233100891113, -0.6301113367080688, 13.270228385925293, 8.397934913635254, -7.732491493225098, 16.302345275878906, 4.3268513679504395, 14.466765403747559, 13.515594482421875, -9.70251178741455, 17.831724166870117, -1.5026949644088745, -1.162076473236084, 3.421322822570801, 3.059187889099121, 10.067185401916504, -6.621507167816162, -10.029258728027344, -8.69195556640625, -5.1247992515563965, -8.257375717163086, -4.945746898651123, 1.6812458038330078, 12.947413444519043, -13.175443649291992, 5.745844841003418, 10.510442733764648, 16.853490829467773, -7.990623950958252, -8.81367301940918, -10.606870651245117, 11.317163467407227, 0.9947767853736877, -8.896282196044922, 0.5094727277755737, 11.991257667541504, 7.766391277313232, 18.29230499267578, -4.208006858825684, -3.2687394618988037, -5.658250331878662, -23.654834747314453, 6.798945426940918, 6.265537261962891, -1.9028992652893066, -0.6984981298446655, -1.5948532819747925, 6.907055854797363, -7.596767425537109, -0.2664892077445984, -17.978151321411133, 12.280282974243164, 3.9317803382873535, -13.177416801452637, -10.701752662658691, 12.898518562316895, 3.8058154582977295, -10.60605525970459, 0.30387747287750244, -2.10903000831604, -2.0803940296173096, 0.3655291199684143, 1.9548715353012085, 0.27440911531448364, 9.596373558044434, 4.003783226013184, 17.43016815185547, -14.031841278076172, 11.295945167541504, 1.7789762020111084, -2.8357253074645996, 13.563726425170898, -2.809812545776367, 4.074124336242676, -8.617630004882812, 7.311090469360352, 12.213197708129883, 15.53737735748291, -19.088886260986328, -5.185910701751709, 7.139804840087891, -16.612918853759766, -0.3584572970867157, -4.4550089836120605, 14.32089614868164, -2.5563008785247803, 1.0117632150650024, 9.101030349731445, 15.4664945602417, -8.862556457519531, -21.311138153076172, -1.3729708194732666, -11.037724494934082, 9.01161003112793, -7.639776229858398, 11.302173614501953, -9.394956588745117, 7.583187103271484, 1.1404587030410767, -19.204219818115234, 8.811508178710938, 18.85982322692871, -13.307588577270508, -9.158526420593262, -15.401464462280273, 7.947195529937744, -1.9210819005966187]",1,62.0
165,9606.ENSP00000349156,"[4.986426830291748, -0.938298761844635, 1.0110080242156982, 0.24448178708553314, -3.0725760459899902, 0.20018276572227478, 1.2840237617492676, 0.37913617491722107, 4.360118865966797, -0.5396546721458435, 2.090851306915283, -0.7574254870414734, -2.7068405151367188, 1.9413126707077026, 0.9432005882263184, -1.8375844955444336, 0.5200145244598389, -0.4580014646053314, -1.1011416912078857, 4.744075298309326, 1.4447953701019287, 1.6694241762161255, -2.4642233848571777, 1.748575210571289, 0.6545195579528809, -1.9033982753753662, 0.09734591841697693, 1.4401885271072388, 0.5686376690864563, -2.746844530105591, 0.7567764520645142, -2.9725747108459473, -0.6733393669128418, 1.6151618957519531, 2.370252847671509, -0.24994885921478271, 1.4538021087646484, 0.9177408814430237, 0.056425243616104126, 2.0825066566467285, -4.107187747955322, -0.8026517629623413, -1.3451732397079468, 0.06057286262512207, 4.390610218048096, -0.06728759407997131, 2.372218608856201, -2.0743141174316406, -2.4391567707061768, -0.3205014169216156, 1.4651596546173096, 3.5666375160217285, 2.1902682781219482, 3.348351001739502, 0.21079964935779572, -2.167299747467041, 3.257009744644165, -1.4121065139770508, 0.7455708980560303, -1.715013027191162, -5.451054096221924, 0.1331152319908142, 2.160155773162842, 2.404608726501465, -1.5113812685012817, -2.6839303970336914, 0.5003485083580017, -1.6939570903778076, -1.3649917840957642, -1.1533896923065186, -2.0873024463653564, -1.4590767621994019, 2.8701255321502686, -0.35994842648506165, -1.5040245056152344, 2.5866734981536865, -1.8423949480056763, 0.4128755033016205, -1.5471261739730835, -2.089942455291748, 1.4293322563171387, 3.2613203525543213, -0.9042276740074158, -1.8809601068496704, -0.9168590307235718, 2.2514305114746094, 2.3697891235351562, -2.966477155685425, -1.07863187789917, 2.18873929977417, -2.2010552883148193, 4.337717056274414, 5.1933674812316895, -0.9169629812240601, -0.26931411027908325, 3.2474565505981445, -0.6151052117347717, -2.7799596786499023, 4.189682483673096, 3.8976964950561523, 2.930842161178589, 2.302385091781616, -2.8847367763519287, 2.0587165355682373, 2.0342788696289062, 0.7392270565032959, -0.29387152194976807, 0.9974245429039001, 4.114205837249756, -2.849473237991333, -2.6897714138031006, -0.9367988109588623, 0.12131699919700623, -0.9481300711631775, -1.7943286895751953, 0.22425895929336548, 2.134645700454712, -2.92264461517334, 0.6508275270462036, 0.9794090986251831, 2.7571346759796143, 0.05676460266113281, 0.16824787855148315, -3.1957268714904785, -0.3993852138519287, 1.305070161819458, -0.9268367886543274, 0.8176957964897156, 3.0358002185821533, 0.8798362016677856, 3.9745965003967285, -2.062708854675293, -1.4861688613891602, -1.396028757095337, -3.5185036659240723, -0.825907826423645, 0.9409772157669067, -0.6218612790107727, -0.26230573654174805, -1.4304746389389038, -0.2873607277870178, -1.4971009492874146, 4.315305233001709, -3.283820867538452, 2.3459293842315674, 2.6077165603637695, -2.4654507637023926, -2.5470879077911377, 1.243467926979065, 1.701932668685913, -0.9204220175743103, 0.6421867609024048, 0.7967809438705444, -0.57118159532547, 0.7866280674934387, -0.7771586179733276, 1.5708569288253784, 1.1332645416259766, -1.5227367877960205, 2.537097454071045, -1.4083161354064941, 2.1969106197357178, -0.22022700309753418, -3.7388601303100586, 0.4981691241264343, -0.06294324994087219, 3.279653549194336, -2.23368501663208, 1.5119633674621582, 1.9155254364013672, 1.7928718328475952, -2.083874225616455, 0.9784075021743774, 0.5120927691459656, 0.43086564540863037, 0.2995728552341461, -1.0207269191741943, 0.6638891696929932, -0.5056099891662598, 0.46905314922332764, 5.1187567710876465, 2.964878797531128, -2.070676326751709, -2.6992745399475098, -0.1600484549999237, -0.50010085105896, -0.9198223948478699, -1.3164966106414795, 1.7961649894714355, -0.5549941658973694, 0.770609974861145, 1.3979971408843994, -2.655106544494629, 1.897655725479126, 5.935306549072266, -2.971613645553589, -3.584641218185425, -3.1003336906433105, 2.5551583766937256, 0.3106900751590729]",1,125.0
166,9606.ENSP00000223029,"[3.8444695472717285, 0.4793892502784729, 1.084834337234497, -0.7322776913642883, -0.43342411518096924, -0.7726469039916992, -0.5276721119880676, 1.1361122131347656, 0.6429195404052734, -0.10222727060317993, 3.5422937870025635, -1.3014984130859375, -1.2256406545639038, 1.575805425643921, -0.8475584983825684, -0.7964410185813904, 0.06610968708992004, 0.4835264980792999, 0.22334834933280945, 1.2287302017211914, 0.038759082555770874, 0.06354020535945892, -0.7554620504379272, 1.4677964448928833, -1.2703442573547363, -0.7230539321899414, 1.7485188245773315, 2.0932936668395996, -0.6389376521110535, -2.4823029041290283, -0.9359490871429443, -1.739201307296753, 0.9432502388954163, -0.7828155159950256, 2.5801210403442383, -2.777573347091675, -0.41348233819007874, -1.5050932168960571, -1.8324323892593384, -0.5093004703521729, -0.2150408923625946, -0.48534390330314636, -0.8477194309234619, -0.7498550415039062, 0.47493481636047363, -0.45739588141441345, 0.24592413008213043, -2.102940559387207, -1.4002113342285156, -0.09060999751091003, 0.6374884247779846, 1.9015474319458008, 0.6620019674301147, 0.08777305483818054, 0.7434382438659668, -1.613106369972229, 3.1148531436920166, -0.10209715366363525, 1.8258501291275024, -1.3891409635543823, -2.9306466579437256, 0.3990904986858368, -1.68721604347229, 0.9939844608306885, -1.0263125896453857, -0.33022212982177734, -1.0531067848205566, -1.7868046760559082, 0.4674237370491028, -0.0366286039352417, -0.9862385988235474, -0.6716979742050171, 0.6417825222015381, -0.14828389883041382, -0.7021490335464478, 0.7249172329902649, 1.5479766130447388, -0.7776135206222534, -0.41973811388015747, 0.12015362083911896, -1.298573613166809, 2.7847938537597656, -0.038202762603759766, 0.10056717693805695, 0.3884599208831787, 0.06407906115055084, -1.5353730916976929, -1.4632776975631714, -0.7940174341201782, 0.34345680475234985, -2.8526549339294434, 1.3118994235992432, 2.114656686782837, -1.1222314834594727, -0.06334367394447327, 3.4490859508514404, -0.8099983930587769, -1.5078163146972656, 1.7251311540603638, 1.419250249862671, 1.8791338205337524, 1.2410435676574707, -2.9575982093811035, 2.1896610260009766, -0.13530537486076355, 0.5681419968605042, -1.1197818517684937, 2.3333184719085693, 1.8429317474365234, -0.7273281812667847, 0.8508340120315552, 0.41637295484542847, 0.1846834421157837, -2.8217835426330566, -1.8240439891815186, 0.7966505885124207, 3.6197409629821777, -0.624537467956543, 0.8880729675292969, 0.9426517486572266, 1.239831805229187, 0.6492138504981995, 2.069079875946045, -1.0532456636428833, -1.0374727249145508, 1.0419095754623413, -1.5223805904388428, -0.717744767665863, 1.1099438667297363, -1.8474384546279907, 1.6610382795333862, -0.3227783441543579, -0.8258498907089233, 0.5729418396949768, -1.5530167818069458, 0.7782543301582336, -0.13683924078941345, -0.8297480344772339, -0.07375937700271606, -1.0704050064086914, 1.3288270235061646, -1.227489948272705, 0.5316675901412964, -2.733970880508423, 1.9482265710830688, 1.893558382987976, -1.5921049118041992, -1.70258629322052, 0.21858665347099304, 0.023565828800201416, 0.15744495391845703, 0.15135060250759125, 0.36138784885406494, 0.8114063143730164, -0.7158955335617065, 0.8045868873596191, 0.3565886616706848, -1.7809308767318726, -1.5099107027053833, 0.7580724358558655, -1.2709605693817139, 1.078681468963623, -1.55769944190979, -2.157421112060547, 0.7347670793533325, -1.7761856317520142, 0.8699323534965515, -0.40650177001953125, -0.9524222016334534, 1.6898384094238281, 2.7080984115600586, -0.06178610026836395, 1.920314073562622, 1.6917085647583008, 1.0640547275543213, 0.04100713133811951, -0.49760881066322327, 0.7185955047607422, 0.18772926926612854, 0.6532778739929199, 2.5005860328674316, 1.4399232864379883, -2.3138351440429688, -1.1931812763214111, -2.142025947570801, -0.6472063660621643, 0.04584190249443054, -1.8934240341186523, 0.5630772113800049, -0.7738891243934631, 1.7944306135177612, 0.8682917356491089, -2.5589447021484375, 0.9000610113143921, 1.6312036514282227, -0.043033719062805176, -2.3079934120178223, -2.0984303951263428, 2.894333600997925, -0.4785538613796234]",1,94.0
167,9606.ENSP00000377296_AD,"[2.750365734100342, -0.8302892446517944, 0.9680476188659668, 1.6045746803283691, -0.2656842768192291, 2.0912280082702637, -0.7736852169036865, -0.14390316605567932, -0.045329853892326355, 1.4993224143981934, 2.0072431564331055, -2.8697140216827393, -1.066563606262207, -0.754998505115509, -0.8817707896232605, 1.9900634288787842, 0.5873754024505615, 1.6932809352874756, 2.212578296661377, 1.8488273620605469, 0.9756624698638916, -2.9771039485931396, 0.5455083847045898, -1.2082599401474, -0.9388746619224548, 0.051639050245285034, 1.3104231357574463, 0.345863401889801, 1.0594884157180786, -0.16733774542808533, -1.8414878845214844, -1.9667069911956787, -0.5879082679748535, 0.7550631761550903, 3.5141944885253906, -0.6890144348144531, 0.7375539541244507, -1.5195614099502563, -0.7080817222595215, -1.105790376663208, -0.8475258350372314, -0.9704869985580444, 0.07039359211921692, 2.328540563583374, 0.9573255777359009, -1.2009034156799316, 3.112182140350342, -0.5577064156532288, -2.628568649291992, -2.2808876037597656, 1.0475929975509644, 1.1372267007827759, 1.285984754562378, 1.457899808883667, -1.570570468902588, -2.7406604290008545, 1.971855878829956, -1.4993577003479004, -0.21376854181289673, -0.7878943681716919, -1.7934038639068604, 0.9033201932907104, 3.3270223140716553, -0.3112848699092865, 0.5031181573867798, -0.5092006921768188, 1.485625147819519, -0.4361506700515747, -0.5638808608055115, 2.013004779815674, 0.8999537825584412, -0.35341838002204895, 1.3035252094268799, -2.0865213871002197, -0.49289530515670776, 3.573158025741577, 0.3967764973640442, -2.1400716304779053, -1.9106333255767822, 0.0646631121635437, -0.10207238793373108, 2.3550925254821777, -0.8212547898292542, -1.78107488155365, 3.2036006450653076, -0.5917451977729797, -0.11660024523735046, -1.6838462352752686, -1.9126116037368774, -0.6542659997940063, -2.1196560859680176, 2.4293699264526367, 3.6949448585510254, -0.9729456901550293, 1.5342811346054077, 2.3680458068847656, -2.8424243927001953, -0.5510109066963196, 2.891448736190796, -1.0924996137619019, -0.00822022557258606, 1.7731873989105225, -2.615722894668579, 0.07964828610420227, 2.668586015701294, 1.17302405834198, -1.3558635711669922, -1.8237329721450806, -1.4404748678207397, -1.4873220920562744, -2.3475944995880127, 1.8430429697036743, 0.17673024535179138, -1.080273985862732, -0.8515589237213135, 0.07041501998901367, -0.06292812526226044, -0.6701376438140869, -0.5496417284011841, 0.644217848777771, 1.417360544204712, 1.659443974494934, 0.8897064328193665, 0.8032581210136414, -1.6849685907363892, 1.1698503494262695, -0.6749284267425537, -1.8834292888641357, 1.4605633020401, -1.1180455684661865, 2.182983160018921, 0.7126315236091614, 1.286422848701477, 1.8476711511611938, -0.6523013710975647, 1.2167097330093384, -1.7518482208251953, -1.3927490711212158, -0.6830226182937622, 0.6831287145614624, 0.8856505751609802, -0.5886760950088501, 2.2429425716400146, -1.905834436416626, 3.14473557472229, 1.276005506515503, -2.4786489009857178, -1.3525334596633911, 2.2988080978393555, 0.7469466924667358, 0.5797998309135437, -3.735116958618164, -2.348052501678467, 0.4436679482460022, -0.1925826072692871, -0.5122596621513367, -1.141024112701416, 0.25209978222846985, 0.4633820354938507, -0.5534793734550476, 1.9312329292297363, 0.42529839277267456, -0.07930219173431396, -1.6458745002746582, 0.5309426784515381, 1.3854035139083862, 3.379399299621582, -0.3323279023170471, 0.7828211784362793, -0.15161186456680298, 1.782172441482544, -3.463650941848755, 1.8351811170578003, -1.3068439960479736, -0.7534144520759583, 2.3891336917877197, 2.6698496341705322, 1.7794269323349, 1.381839632987976, -0.8546439409255981, 1.772850513458252, 2.7429251670837402, -0.33828291296958923, -1.2267353534698486, -3.1329095363616943, 2.21274733543396, 1.4638338088989258, -1.9489521980285645, 1.9405853748321533, -0.37470972537994385, 1.4138866662979126, -1.664280891418457, -1.9453485012054443, -0.27788832783699036, 2.023256540298462, -1.0837633609771729, 1.4838885068893433, -2.1870276927948, 2.9205024242401123, -3.998241901397705]",0,99.0
168,9606.ENSP00000400906_AD,"[4.334027290344238, 0.888076901435852, 0.6860520243644714, 1.6170698404312134, -3.530200958251953, -2.1464908123016357, 4.754396438598633, 3.7340292930603027, 0.9920431971549988, 3.0777602195739746, 0.9423626661300659, -1.7491710186004639, -6.25385856628418, 3.8575732707977295, 2.06868839263916, 1.7964155673980713, -0.5319264531135559, 0.719008207321167, -0.7565240859985352, 1.9566370248794556, 0.558673620223999, -0.42233341932296753, -2.699437379837036, 3.9025204181671143, -1.283764362335205, 0.6331740617752075, -1.7215567827224731, 2.6613168716430664, 0.16217488050460815, -2.8724002838134766, -4.109697341918945, -1.880409836769104, -3.4070653915405273, -1.0388387441635132, 1.97101628780365, -2.956057071685791, 1.4108538627624512, -0.8709247708320618, -4.604191780090332, 0.37238872051239014, -1.952544093132019, -3.4333903789520264, -3.3923516273498535, 2.6518683433532715, 1.7532098293304443, -2.7888622283935547, 1.7445640563964844, -4.645954132080078, 1.5767593383789062, -1.141971230506897, 0.6936763525009155, 1.8734312057495117, 3.016718864440918, 5.095492839813232, -3.4014720916748047, -0.9281677603721619, 3.416269063949585, -0.8886547088623047, 5.036230564117432, -2.831010580062866, -2.347424268722534, 0.307027131319046, 1.9102944135665894, 3.5667858123779297, -4.467879772186279, -2.353243112564087, -0.36467117071151733, -0.9514105916023254, -2.084118366241455, 0.029185190796852112, -2.1537973880767822, -0.5063426494598389, 1.7879116535186768, -1.6458775997161865, -1.4653010368347168, -0.2158256620168686, -0.3511863648891449, 1.3089582920074463, -0.3384511470794678, -2.1761903762817383, 2.434152126312256, 1.6935515403747559, -0.3977290093898773, -2.7852561473846436, -3.00492787361145, 0.9972370862960815, 0.4786352813243866, -0.262418270111084, -1.5617899894714355, 4.4429426193237305, -2.782930374145508, 4.083017349243164, 2.688840389251709, 0.9564741253852844, 0.8306993246078491, 3.702824115753174, 0.5184593796730042, -2.716268301010132, 2.9620227813720703, 4.708405017852783, 2.3491592407226562, 0.7397762537002563, -2.7234296798706055, 1.5130828619003296, 1.4776629209518433, 0.49808546900749207, -1.3670625686645508, -0.09311787784099579, 2.685354709625244, -2.242705821990967, -1.5410261154174805, -0.1792159080505371, -0.5523208975791931, -4.008448123931885, -2.7033774852752686, 1.5823140144348145, 1.6532502174377441, -3.3158974647521973, 1.834973931312561, -1.5947017669677734, 2.4785919189453125, -2.568774461746216, 0.6813880205154419, -2.779132604598999, -1.6051234006881714, 1.7679996490478516, 0.6670875549316406, -0.5401662588119507, 3.388521432876587, -1.7970359325408936, 5.2958664894104, -1.6684401035308838, -4.72991943359375, -0.6436245441436768, -3.720675230026245, 3.1811468601226807, -0.37500783801078796, -2.0262081623077393, -1.6736423969268799, -1.076184630393982, -0.8118834495544434, -0.3295280933380127, 2.056166410446167, -3.6925888061523438, -0.6240752339363098, 2.2386934757232666, -2.405616521835327, -0.5596821904182434, -0.5645478963851929, 3.6396002769470215, -2.7375576496124268, -0.13479775190353394, -0.09321616590023041, 2.025968074798584, -0.8105576634407043, 4.634087085723877, 1.6924657821655273, -1.81113862991333, -0.9830220937728882, 5.224154472351074, -1.862419843673706, 4.126303195953369, -1.325671911239624, -1.5578315258026123, 2.322392702102661, -1.4950237274169922, -2.2739064693450928, -0.3476865589618683, 0.5741928219795227, 1.618628978729248, 5.541728496551514, -2.258378267288208, 1.993956446647644, 2.966306686401367, -0.7778284549713135, 2.156388998031616, 1.4556208848953247, -0.6617854833602905, 1.7294738292694092, 0.6641800403594971, 0.8147099018096924, 2.584393262863159, -5.7158918380737305, -6.340948104858398, -0.07485789060592651, -5.319356441497803, 0.013061737641692162, -0.2467171847820282, -2.178189516067505, -4.058455944061279, 1.8071469068527222, 0.8298163414001465, -4.261264801025391, 1.1010148525238037, 4.604055404663086, -0.9306176900863647, -1.6740450859069824, -1.1622626781463623, 2.2681455612182617, -3.0771191120147705]",0,19.0
169,9606.ENSP00000354687_AD,"[1.3740146160125732, 0.579495906829834, 0.5973347425460815, 1.4485349655151367, 0.06970666348934174, 1.9348156452178955, -0.7636520862579346, 0.4473303556442261, -1.7034550905227661, -1.1305502653121948, 1.454230785369873, -1.475263237953186, -1.4732916355133057, 1.6087379455566406, -1.451556921005249, 0.0594465434551239, -0.8670874834060669, 2.3411521911621094, 2.8296022415161133, 1.172933578491211, -1.3953702449798584, 0.4132978618144989, 0.167409747838974, -1.3310810327529907, 0.727920651435852, -1.7711642980575562, 2.6808884143829346, 0.41948020458221436, 1.4352490901947021, -0.5839739441871643, 0.4614177346229553, -2.940469741821289, -0.5923317074775696, 0.2242739200592041, 3.4932901859283447, -2.578749656677246, 0.775634765625, -1.6163150072097778, -1.09867525100708, -1.3547511100769043, -0.31520771980285645, 0.4512723684310913, -1.7875853776931763, -0.7362831234931946, -0.6353591680526733, -2.3737235069274902, 2.1680779457092285, -0.8804564476013184, -3.0699799060821533, 1.4770071506500244, 0.8672302961349487, 2.1232075691223145, -0.06433506309986115, -0.28733763098716736, -2.265702962875366, -1.9520033597946167, 1.380522608757019, -1.1389660835266113, 4.377145767211914, -3.1502599716186523, -2.2714295387268066, -0.5744965076446533, 1.8355385065078735, -1.2688548564910889, 0.16652122139930725, -0.3083970844745636, -0.7809721231460571, -1.856064796447754, 1.1364473104476929, 2.764266014099121, 1.2614192962646484, 1.058132529258728, 0.9326748847961426, -0.5768760442733765, 0.11620843410491943, 3.5254433155059814, 1.1659754514694214, -2.805886745452881, -1.9697903394699097, -1.5118892192840576, 1.310991883277893, -0.1603115350008011, -1.5490367412567139, -1.0476051568984985, 4.515778064727783, 0.306973397731781, -1.841774582862854, -1.379193663597107, -0.3374033272266388, 2.254725933074951, -2.8736319541931152, 1.5659220218658447, 3.4870755672454834, -0.4024948477745056, -2.7651357650756836, 2.325678825378418, -0.7995321750640869, -1.4542007446289062, 0.22048038244247437, 1.010946273803711, 0.9914126992225647, 0.8694503307342529, -0.9755463600158691, 0.6882890462875366, 1.72523033618927, 0.8358368873596191, -0.22486475110054016, -1.038651466369629, -1.458397388458252, -4.055632591247559, -3.047053813934326, 1.5773828029632568, -1.3966526985168457, -3.836749315261841, -3.080521821975708, -1.393739938735962, 1.9649791717529297, -1.550330638885498, -1.5866621732711792, 2.916228771209717, 0.8972448706626892, 1.7478535175323486, 3.2178821563720703, 1.0397025346755981, 1.011929988861084, 0.0815819650888443, -0.8773512840270996, -1.2888293266296387, 0.6101216673851013, -1.4364062547683716, 0.038333773612976074, 0.8791509866714478, -4.289334297180176, 1.3165717124938965, -4.1885247230529785, 1.7149842977523804, -1.1475412845611572, -1.0836330652236938, -2.754927396774292, 2.333078145980835, 0.261357843875885, 0.3321813941001892, -1.3082363605499268, -1.9898067712783813, 3.2249374389648438, 1.417081356048584, -1.5488340854644775, -2.449779748916626, 0.21189215779304504, -0.8920656442642212, 1.5524160861968994, -3.6948676109313965, 2.7340970039367676, 3.3232970237731934, -0.4693642258644104, 1.663221836090088, 0.7531125545501709, -1.8270703554153442, 0.521731972694397, -0.6474827527999878, 1.0407756567001343, -1.2621108293533325, 0.3058817386627197, -2.5517334938049316, 0.16944360733032227, 2.4764089584350586, 0.35780611634254456, 0.006091028451919556, -0.382604718208313, -0.1114034354686737, 3.9221651554107666, -1.144128441810608, 1.4893100261688232, -2.4166018962860107, 0.49896496534347534, 1.45628821849823, 1.5253679752349854, 2.313601493835449, 1.696681261062622, -1.7211267948150635, 1.2665971517562866, 2.3724822998046875, 0.05482900142669678, -1.4084737300872803, -1.0610100030899048, 0.9294100999832153, -0.8838485479354858, -1.8194986581802368, 1.8114873170852661, -0.3410128653049469, 1.4266077280044556, 1.3566086292266846, -2.184357166290283, 1.3198273181915283, 0.3394412100315094, -0.5596110820770264, -0.48230063915252686, -4.21421480178833, 2.046238660812378, -1.470163345336914]",0,71.0
170,9606.ENSP00000374455_AD,"[12.019428253173828, -5.333774566650391, 6.329563140869141, 0.9156062602996826, -0.14491039514541626, 7.018937110900879, 4.938582420349121, 5.814817428588867, -2.4230968952178955, 1.6996822357177734, 4.634284496307373, -9.189629554748535, 0.8914446830749512, -0.3964987099170685, -3.7158093452453613, -4.920253276824951, 2.237647533416748, 9.662174224853516, 2.196187973022461, 4.6248273849487305, -5.787009239196777, -9.396354675292969, 2.2720859050750732, 2.318082094192505, -2.270146369934082, -7.82393217086792, -3.361743927001953, 9.19969654083252, 0.7986266016960144, -6.17031192779541, -0.7660377025604248, -9.846086502075195, -2.2442009449005127, 1.0958740711212158, 2.9744391441345215, -3.1725611686706543, 2.5048887729644775, -3.3211357593536377, -5.582446575164795, -2.369290828704834, -6.083499908447266, -4.222421169281006, -7.099878311157227, -1.3242374658584595, 4.9577717781066895, -4.599564075469971, 6.057913303375244, -0.7940284013748169, -12.025406837463379, -8.534717559814453, 5.406237602233887, 5.9171905517578125, 3.128770351409912, 2.7500200271606445, 2.7268788814544678, -6.6794257164001465, 6.345832824707031, -6.436172008514404, 0.48005062341690063, -6.4656982421875, -10.454304695129395, 6.783042907714844, 7.076355457305908, -0.49189293384552, -0.6493867635726929, 5.238561630249023, 7.4313063621521, -9.535386085510254, 0.23418381810188293, 4.332545280456543, 4.533714294433594, -6.772008895874023, -0.44834938645362854, -2.6860198974609375, -2.293030023574829, 11.308842658996582, 1.6457390785217285, 3.544496774673462, -5.355885982513428, 5.979630470275879, 4.225047588348389, 8.20517349243164, -3.7334232330322266, -7.993198871612549, 4.610501766204834, 0.9514073729515076, -2.1050848960876465, 2.9617621898651123, -2.4161455631256104, 1.1474924087524414, -8.736124992370605, 10.043730735778809, 8.067220687866211, -0.5602420568466187, -3.394883632659912, 6.446617126464844, -1.2118467092514038, -2.563978433609009, 10.861638069152832, -0.5422956347465515, 7.132154941558838, 7.717763900756836, -7.020138740539551, 8.731396675109863, 8.833244323730469, 5.838799953460693, -4.554283618927002, -0.7721645832061768, 4.5909552574157715, -2.1421806812286377, -4.0742645263671875, 2.1057634353637695, -4.728803634643555, -2.02602481842041, -4.963131427764893, 3.729644536972046, 0.4581480026245117, -4.543783187866211, -1.2527132034301758, 5.196432113647461, 7.496678352355957, 0.48556312918663025, 1.4062060117721558, 0.2662104368209839, 6.545688629150391, 7.731983661651611, -4.871002674102783, -3.9951961040496826, 8.32248306274414, -0.8201112151145935, 10.019267082214355, 4.911642074584961, -2.263498067855835, 4.618099689483643, -8.948392868041992, 9.94303035736084, -3.1945738792419434, -3.7348268032073975, 0.6802735328674316, 1.8935343027114868, 5.930659770965576, 5.65746545791626, 6.869575500488281, -7.131649494171143, 8.751267433166504, 2.142378807067871, -9.160140991210938, -8.539453506469727, 4.9545979499816895, -0.974929928779602, -0.46111321449279785, -3.631321668624878, -1.273746371269226, 2.8942177295684814, -4.526418685913086, 2.5314760208129883, -7.950900077819824, -0.2544794976711273, 2.824747323989868, 4.252313613891602, -2.9978463649749756, 6.475235462188721, -0.1120252013206482, -5.537703037261963, 2.119443655014038, 2.5258629322052, 2.609657049179077, -1.999349594116211, -0.8504644632339478, 0.3102356493473053, 10.19294261932373, -10.078296661376953, 3.3264007568359375, -0.33006078004837036, 0.32759085297584534, 6.72263240814209, 7.182973861694336, 6.700624465942383, 4.346163272857666, -6.426086902618408, 12.410839080810547, 8.43458366394043, -4.430596828460693, -3.1797707080841064, -3.37044620513916, 0.9607059955596924, -1.7589551210403442, -8.194787979125977, 7.07893180847168, -3.2274038791656494, 5.437380790710449, -4.35467004776001, -5.693385124206543, 1.426484227180481, 3.7960000038146973, -8.504401206970215, -3.451831817626953, -8.684768676757812, 6.01250696182251, -9.713430404663086]",0,112.0
171,9606.ENSP00000264710_AD,"[10.904964447021484, -1.4775433540344238, 6.538965225219727, 7.6929731369018555, 2.0996627807617188, 7.130252838134766, -3.299309253692627, 5.715665340423584, -3.40786075592041, 0.006601154804229736, 5.64356803894043, -4.828995704650879, 2.4773495197296143, -2.991440534591675, -5.460199356079102, -6.641151428222656, 2.0103256702423096, 5.387050628662109, 6.249344825744629, 4.2463459968566895, -7.574432849884033, -12.561266899108887, 0.6152688264846802, 1.4823038578033447, -1.5380020141601562, -2.826911449432373, 4.754634380340576, 1.6229327917099, 4.363671779632568, -2.6357364654541016, -3.6477253437042236, -10.29939079284668, 3.163640260696411, -2.063286066055298, 0.12349018454551697, 4.304083824157715, -2.521975517272949, -2.8321049213409424, -3.584343433380127, -3.30068039894104, -6.049392223358154, 2.599118232727051, -1.9828864336013794, -0.33662453293800354, -3.0973432064056396, -0.41500210762023926, 5.640728950500488, -0.5980018377304077, -8.44668960571289, -4.7469482421875, 5.850733280181885, 8.727075576782227, 3.208181619644165, -0.5475196838378906, 1.1724162101745605, -8.470711708068848, 8.22663688659668, -4.085849285125732, 2.2142629623413086, -7.44403600692749, -12.092036247253418, 4.257842063903809, 5.096161842346191, 1.7599740028381348, 2.529513120651245, 3.1258466243743896, 4.006302356719971, -1.3778613805770874, 1.8266127109527588, 5.680497169494629, 2.180006980895996, 4.51535177230835, -1.0566571950912476, -5.811161041259766, -4.459412097930908, 12.974178314208984, 6.371184825897217, -10.469474792480469, -7.057997703552246, 5.1540303230285645, 0.20245569944381714, 11.130046844482422, -7.309225082397461, -0.3409259617328644, 6.135838985443115, 8.390432357788086, -5.670437812805176, -4.475419521331787, -2.202399492263794, 0.1367466002702713, -0.536823034286499, 10.114623069763184, 9.261882781982422, -4.908500671386719, -3.135230779647827, 5.491957664489746, -4.414927005767822, 6.177011966705322, 10.494553565979004, -2.05039119720459, 8.298948287963867, 6.491512298583984, -8.168678283691406, 6.482652187347412, 5.173003673553467, 5.954975605010986, -3.452741861343384, -2.1651973724365234, 0.5338318347930908, -0.353931725025177, -2.5639781951904297, 5.221048355102539, -4.443706035614014, -2.106921911239624, -7.774322032928467, 0.656995952129364, 1.184995174407959, -2.8414506912231445, -11.661585807800293, 4.770050525665283, 9.164505004882812, 6.0532402992248535, 8.297821998596191, 0.529725193977356, -1.6630659103393555, 4.742373466491699, -7.0346879959106445, -5.259134292602539, 11.184148788452148, -3.2959578037261963, 7.116739749908447, 6.204075813293457, 1.0798026323318481, 5.699761390686035, -5.130220413208008, 5.5761308670043945, -5.8691558837890625, -3.6958436965942383, -2.2405707836151123, 1.3425968885421753, 6.611201286315918, -4.135293960571289, 4.505797386169434, -8.662542343139648, 8.461946487426758, 4.7340192794799805, -2.277365207672119, -2.681743860244751, 5.87431001663208, -5.29838228225708, 2.561424493789673, -9.427976608276367, 2.744954824447632, 5.7870192527771, -3.6777217388153076, -2.961569309234619, -0.4200846254825592, -5.702890396118164, -5.188514232635498, -2.6569924354553223, 1.6717511415481567, -3.9767191410064697, -1.0607203245162964, -4.885068893432617, 2.430886745452881, 4.797670841217041, -2.6086294651031494, 3.1157631874084473, -5.690659046173096, -2.265608787536621, 10.948295593261719, -0.1900603175163269, 8.063228607177734, -4.082620620727539, 1.7299574613571167, 7.388791561126709, 3.0536141395568848, 9.739157676696777, 7.058140277862549, -6.615100860595703, 13.352083206176758, 7.704864025115967, 0.10507765412330627, 1.2316429615020752, -3.337773323059082, 3.9318017959594727, -7.865877628326416, -5.800436019897461, 9.972667694091797, 1.9382996559143066, 0.9795221090316772, -0.34443366527557373, -5.8182220458984375, 7.948907375335693, -1.2435009479522705, -1.981539011001587, 0.08131161332130432, -7.453124046325684, 8.53100872039795, -2.7582550048828125]",0,72.0
172,9606.ENSP00000419782_AD,"[12.594205856323242, -0.8547444343566895, -0.9197568893432617, -1.0825263261795044, -8.441250801086426, 3.0648202896118164, -10.344549179077148, 8.230621337890625, 3.88118839263916, -0.7956206202507019, 16.255542755126953, -3.2607057094573975, -6.6497578620910645, 6.076986312866211, -0.8672647476196289, -5.6381635665893555, -10.319164276123047, -3.1177167892456055, -1.5664016008377075, 16.583080291748047, -0.32494834065437317, -5.016815662384033, -9.316139221191406, -5.72580099105835, 3.813962697982788, -6.0890679359436035, -0.3671944737434387, 6.352815628051758, -1.1584113836288452, -10.853562355041504, 3.4895544052124023, -11.681539535522461, -4.214953899383545, 0.7092053890228271, 13.13076400756836, 0.1959475874900818, -9.987613677978516, 2.887788772583008, -13.618770599365234, 3.146530866622925, -12.306023597717285, 0.07485410571098328, 5.571751117706299, 12.612554550170898, -1.567610740661621, -11.780377388000488, 2.28375506401062, -11.714054107666016, -6.988833427429199, 2.1185781955718994, 3.317347526550293, 10.320611953735352, 8.53693675994873, 9.473402976989746, -5.212956428527832, -13.605813026428223, 15.797385215759277, 4.924388408660889, -3.747054100036621, -11.049933433532715, -16.913843154907227, -0.7934349775314331, -4.093851566314697, 10.846364974975586, -6.222447872161865, -1.039297342300415, 1.3785374164581299, -9.2761869430542, -10.278665542602539, -0.03524032235145569, 0.2064712941646576, 2.604945659637451, 7.224393844604492, -8.691126823425293, 4.612565994262695, 13.899881362915039, -3.2155919075012207, 0.2175915688276291, -16.238744735717773, -7.645234107971191, 6.170520305633545, 17.300819396972656, -7.251165866851807, -7.222846031188965, 1.283617377281189, 3.406498432159424, -2.9661920070648193, -12.032618522644043, -2.408475637435913, 3.894165277481079, -14.562453269958496, 14.796805381774902, 18.990758895874023, 1.4126360416412354, 7.380352020263672, 13.851512908935547, -3.7136967182159424, -6.238259792327881, 17.461524963378906, 4.136425018310547, 13.152542114257812, 6.928433418273926, -12.800044059753418, 6.341654300689697, 3.459041118621826, 1.6766031980514526, -5.254213809967041, 1.8988763093948364, 6.08629846572876, -0.34086018800735474, -4.209390640258789, 1.2365391254425049, 1.4162553548812866, -13.976127624511719, -8.938179969787598, -5.391420841217041, 8.332255363464355, -12.852303504943848, -6.041718482971191, 14.454981803894043, 19.525405883789062, 6.25654935836792, 11.48200798034668, -0.7223570942878723, 8.875411987304688, -1.8265726566314697, -9.609827041625977, -2.4611172676086426, 3.303783416748047, -1.2497930526733398, 12.200460433959961, -2.1203083992004395, 3.032419204711914, 1.654840350151062, -12.252647399902344, 2.534649133682251, -1.3854258060455322, 11.182455062866211, -4.035053253173828, -4.028079986572266, 5.894384860992432, -4.785696029663086, 1.2861688137054443, -10.502243041992188, 14.555502891540527, 5.256401538848877, -13.09379768371582, -8.085854530334473, 10.239957809448242, -0.4645410180091858, 5.189486026763916, -1.7944695949554443, 0.5189539194107056, 0.2460438311100006, 0.3452865481376648, 2.4426867961883545, 7.3656182289123535, -0.3051692247390747, -7.66526460647583, 5.31074333190918, -10.335251808166504, 0.7111907601356506, -2.3159902095794678, -8.747273445129395, 12.23366928100586, 1.9173282384872437, 11.776021003723145, -3.4391322135925293, 1.789468765258789, 4.1635637283325195, 6.571087837219238, -6.912096977233887, -6.375349521636963, 5.938259124755859, -5.705129623413086, -3.9538774490356445, 0.07207167148590088, 9.606547355651855, 0.8780080676078796, 0.8199633359909058, 17.804683685302734, 13.433347702026367, -8.926329612731934, -10.445917129516602, -2.217749834060669, -2.082627534866333, -3.018386125564575, -11.357393264770508, 16.059946060180664, -4.91353178024292, 11.822652816772461, 3.2853033542633057, -14.265081405639648, 11.922728538513184, 10.238784790039062, -13.347412109375, -8.242403984069824, -14.598219871520996, 14.226054191589355, -3.600184202194214]",0,15.0
173,9606.ENSP00000366047_AD,"[5.605257034301758, -1.8786088228225708, 3.4933362007141113, 0.044956475496292114, 0.40881240367889404, 1.236011266708374, -1.7219408750534058, 2.1034467220306396, -1.075535774230957, -0.4507509469985962, 4.7623066902160645, -0.7631655931472778, 0.1864050328731537, -0.46967118978500366, -0.5185731649398804, -0.36415350437164307, -0.6887850165367126, 0.5679169297218323, 1.1278212070465088, 3.13040828704834, -0.6279531717300415, 1.427274465560913, 0.39813295006752014, 1.470404028892517, -2.1410322189331055, -5.06864070892334, 0.4857460856437683, 0.5976812839508057, 3.176837682723999, -5.666462421417236, -1.1942251920700073, -3.3892645835876465, -0.2152809500694275, -2.079739809036255, 2.213505268096924, -1.6351319551467896, -1.9020031690597534, 0.3314676582813263, -4.452551364898682, -0.4955848753452301, -3.9221560955047607, 0.7038154602050781, -3.2529592514038086, 1.3626017570495605, 0.8611215353012085, -1.6905244588851929, 4.156753063201904, -2.143028736114502, -2.3727567195892334, -0.37443023920059204, 0.773033618927002, 5.87462854385376, 0.8785358667373657, 1.5157740116119385, 1.5244054794311523, -2.0506856441497803, 3.4311363697052, -1.8036794662475586, 4.207845687866211, -3.63173770904541, -4.175459861755371, -1.2215218544006348, 2.1050379276275635, 0.7455621957778931, -0.1610121726989746, -0.4207974374294281, 2.471194267272949, -5.0719475746154785, 0.7075762748718262, 0.09181444346904755, 1.6817750930786133, 0.9713078737258911, 2.1524858474731445, -1.064673662185669, -0.8251538276672363, 3.521939277648926, 2.574618339538574, -3.6228134632110596, -4.207470893859863, 0.49403393268585205, 0.8561663031578064, 3.0886688232421875, -5.010592937469482, 1.3832707405090332, -0.6477437019348145, 0.2761516571044922, 0.495919406414032, 1.246093988418579, -0.7142442464828491, -0.039235010743141174, 0.013859137892723083, 4.666069030761719, 1.4543981552124023, 0.8378574848175049, 0.09424097836017609, 4.09107780456543, -0.7658225297927856, -2.7704336643218994, 4.128042221069336, 0.4079234302043915, 4.357914924621582, 4.822890281677246, -3.5809409618377686, 3.7134933471679688, 2.397059917449951, -0.10544192790985107, -1.2192485332489014, 0.6650418639183044, 1.02706778049469, -2.059870481491089, -1.9255249500274658, 1.2778737545013428, -3.4035630226135254, -2.440927743911743, -2.0528154373168945, 1.4621024131774902, 0.17709019780158997, -3.0294649600982666, -4.609910011291504, 3.4894626140594482, 6.27523946762085, 4.113498210906982, 3.493164539337158, 0.24218954145908356, -1.664703369140625, 1.1423193216323853, -3.5672607421875, -1.6020209789276123, 2.5253663063049316, -1.7393794059753418, 3.2979297637939453, 2.296351909637451, -5.5301032066345215, 1.336063265800476, -0.17206548154354095, 1.0692239999771118, -1.6506584882736206, -1.1937633752822876, -2.129939317703247, 1.088604211807251, 2.82102632522583, 0.09509562700986862, 1.6431766748428345, -4.057557582855225, 4.443649768829346, 2.121331214904785, -4.378911972045898, -3.5505166053771973, 3.992845296859741, 0.1803160160779953, -0.31403034925460815, -1.2772841453552246, 0.5558381080627441, -0.27099424600601196, -1.170585036277771, 0.05406402051448822, -0.8914543390274048, -1.5168101787567139, -0.507184624671936, 0.9661527276039124, -0.1349450796842575, -3.198903799057007, -0.8577698469161987, -4.762446403503418, 0.25683826208114624, 0.5931615829467773, 1.7017713785171509, 0.3275218605995178, -0.07523244619369507, 0.27176833152770996, 4.109801292419434, 0.27710044384002686, 2.943974494934082, -1.6276884078979492, 1.5523369312286377, 0.5199467539787292, 1.474599838256836, 2.9935126304626465, -1.0255074501037598, -1.5044052600860596, 6.532069683074951, 4.798676013946533, -2.301243543624878, -0.5363308787345886, -0.241347536444664, 1.519596815109253, -4.265500545501709, -2.523317575454712, 4.135030269622803, -0.9255723357200623, 0.316892147064209, -1.4897595643997192, -1.806106686592102, 3.272925615310669, 0.011374697089195251, -1.416934847831726, -2.624295711517334, -4.607799053192139, 5.188849925994873, -0.5503604412078857]",0,32.0
174,9606.ENSP00000284440_AD,"[3.5756938457489014, -1.0968735218048096, 2.173736095428467, 4.481814861297607, -2.8714518547058105, 1.157473087310791, 0.4941841661930084, -0.26649221777915955, 0.6635030508041382, 1.5089470148086548, 3.342768430709839, -2.1073079109191895, -2.3397185802459717, 2.2568342685699463, -1.853928804397583, -0.43667489290237427, -0.4755793809890747, -1.8663045167922974, 1.4105052947998047, 1.1437045335769653, 1.8900777101516724, -0.7979055643081665, 2.5411202907562256, 0.8028841018676758, 0.4291309416294098, -1.9072582721710205, -0.5003216862678528, 0.8824566602706909, 0.3334698975086212, -2.956207275390625, 1.8872194290161133, -4.488295078277588, -1.7076835632324219, 1.823765754699707, 1.0028458833694458, -0.516323983669281, 0.390322208404541, -2.990267038345337, -4.70710563659668, -0.7837581634521484, -1.0070503950119019, 0.23650062084197998, -2.0840799808502197, 0.6243999600410461, 2.9328432083129883, -2.3142876625061035, 2.5175931453704834, -4.4491777420043945, -2.2228877544403076, -0.5197077393531799, 1.8155877590179443, 2.541438102722168, 1.3116846084594727, 2.6854910850524902, 1.1413336992263794, -0.8061239123344421, 1.5878833532333374, -0.34056055545806885, 0.7301702499389648, -1.0577857494354248, -3.2885053157806396, -1.125293493270874, 5.3428215980529785, 0.11972934007644653, 0.5004072785377502, -2.573685884475708, 1.1082502603530884, -1.779223918914795, -2.2641026973724365, 1.4915040731430054, 2.452204942703247, 0.2544781565666199, 4.426579475402832, -2.345372200012207, -0.5833859443664551, 2.807467460632324, -0.00920724868774414, 1.7765345573425293, -1.714072585105896, 0.761164665222168, 0.3416599631309509, 3.492331027984619, -1.5783292055130005, -2.26377010345459, -3.3792901039123535, 0.3250851035118103, -3.2396605014801025, -1.6844122409820557, -3.28375506401062, 1.4490599632263184, -1.518904209136963, 4.3782877922058105, 2.767097234725952, -1.4917616844177246, -2.6861865520477295, 2.504733085632324, -2.5464494228363037, -1.1700528860092163, 2.30513858795166, 2.5159311294555664, 0.588840126991272, 1.6229451894760132, -3.33115291595459, 3.2471354007720947, 2.754922866821289, -0.14423859119415283, -4.477349281311035, 1.7532808780670166, 1.8758981227874756, -3.4517602920532227, -5.51412296295166, -0.09104937314987183, -0.15909738838672638, -0.034493446350097656, 0.7622815370559692, 2.684030532836914, 1.6265236139297485, -3.0280637741088867, -2.347288131713867, 2.079153060913086, 3.1573703289031982, 0.8180621862411499, 2.023832321166992, -2.0065510272979736, -1.7437742948532104, -0.33270877599716187, -3.508457660675049, -1.5560885667800903, 2.235809087753296, -0.33815252780914307, 3.4760138988494873, -0.019176140427589417, -1.101962924003601, 1.6749839782714844, -4.76962423324585, 1.0472359657287598, -0.8459888696670532, -0.40678587555885315, -0.03417550027370453, 3.7714285850524902, 0.9577429294586182, -1.7816413640975952, 0.637942910194397, -2.365675449371338, 3.6275670528411865, 2.3571720123291016, -3.681472063064575, -0.08330497145652771, -1.2655556201934814, 0.22384832799434662, 1.0806329250335693, -1.202309489250183, 0.5010749101638794, 3.390740394592285, -0.15124429762363434, 0.3366817235946655, 0.8187093734741211, -2.3316097259521484, 1.031045913696289, 2.096379280090332, -0.712490439414978, 1.3457880020141602, 0.7130957841873169, -2.277961254119873, 0.5298879742622375, 1.741072177886963, 3.370710611343384, 0.38911667466163635, 0.5480878353118896, 1.8881078958511353, 1.775895357131958, -2.52534556388855, 1.7893359661102295, -0.6769011616706848, -0.19751189649105072, 2.1877291202545166, 4.026298999786377, 1.9213875532150269, 0.029009193181991577, -1.8207311630249023, 4.15135383605957, 5.254986763000488, -3.4469919204711914, -3.6375529766082764, -2.2968456745147705, -3.508699893951416, -3.839475154876709, -2.383087635040283, 3.0550477504730225, -1.9198200702667236, 1.2562179565429688, 0.393069863319397, -4.96375846862793, 0.6235952973365784, 3.5093350410461426, -0.7991775870323181, -1.4292594194412231, -3.1281166076660156, 3.177915096282959, -2.0339014530181885]",0,160.0
175,9606.ENSP00000500990_AD,"[12.402702331542969, -1.1427546739578247, 5.098964691162109, 5.431998252868652, -5.4871721267700195, 3.7459659576416016, 2.416743755340576, 13.686485290527344, -0.8062438368797302, 0.4963778853416443, 11.814269065856934, -7.228219985961914, -3.4332728385925293, 1.775538682937622, 0.0006772726774215698, -3.7402243614196777, -3.1900951862335205, 2.627206325531006, 5.425434112548828, 7.625270843505859, 6.012287139892578, -13.846837043762207, -2.8524022102355957, -8.57895565032959, -3.28645396232605, -6.22576904296875, -9.131980895996094, 6.029076099395752, 2.5645012855529785, -4.80338191986084, -4.734938144683838, -4.131539344787598, -13.942572593688965, 8.013121604919434, 11.505932807922363, 2.1702208518981934, -10.601339340209961, -1.224057674407959, -8.842520713806152, -3.517340660095215, -10.500271797180176, -14.60216999053955, -5.6357598304748535, 7.843997001647949, 7.9168925285339355, -9.725723266601562, 14.222972869873047, -10.735679626464844, -15.78062629699707, -3.511383056640625, 4.819148540496826, 11.976714134216309, 17.052387237548828, 16.537656784057617, -2.2208847999572754, -9.802743911743164, 15.170448303222656, -5.269812107086182, -0.8691574335098267, -8.069000244140625, -7.929982662200928, 3.0788586139678955, 7.400773525238037, 5.838511943817139, -5.029238224029541, -2.34511137008667, 8.406503677368164, -10.706744194030762, -10.17063045501709, 4.7725830078125, -1.1924482583999634, 2.7287404537200928, 6.744662761688232, -7.7889509201049805, -3.0847930908203125, 16.340375900268555, 2.8050291538238525, -1.5019774436950684, -8.701523780822754, 3.2608675956726074, -0.5322467088699341, 10.00395393371582, -3.6152827739715576, -9.908089637756348, 18.529972076416016, -1.2567172050476074, 1.54171621799469, -4.398736953735352, -3.1877729892730713, 8.060149192810059, -10.834612846374512, 6.5132527351379395, 17.67618179321289, 2.4328017234802246, -4.545804023742676, 14.024614334106445, -6.840674877166748, -0.2704116702079773, 12.675565719604492, 2.2938754558563232, 6.376608371734619, 7.759245872497559, -8.601485252380371, 14.151396751403809, 2.850910186767578, -0.037616580724716187, 0.9685103893280029, -1.5953378677368164, 0.6979951858520508, -0.9415106773376465, -8.862565040588379, -0.7294875979423523, -4.39967155456543, -5.860019683837891, -4.8658528327941895, -4.25262451171875, -0.46833932399749756, -8.320535659790039, 1.756389856338501, 11.958540916442871, 13.275647163391113, -2.9866042137145996, 3.5186564922332764, -5.29741096496582, 9.393314361572266, 0.03545675426721573, -13.097134590148926, -2.307194232940674, 8.821600914001465, 4.160999774932861, 12.484163284301758, -0.5969383716583252, 4.412557125091553, 1.1321728229522705, -14.02450180053711, 0.04130646586418152, -0.9338905215263367, -4.116666793823242, -4.370662212371826, 4.171966075897217, 13.341009140014648, -5.647863864898682, -1.7019199132919312, -9.31522274017334, 11.075652122497559, 5.62968111038208, -13.435282707214355, -6.828554153442383, 14.259454727172852, -0.33058401942253113, -0.09252965450286865, -5.7282891273498535, -10.238389015197754, 4.409128665924072, -1.059340000152588, 5.52372932434082, 0.7221965789794922, 0.9772511124610901, 10.05881118774414, 8.065008163452148, 0.7478442788124084, 10.947808265686035, 0.09275606274604797, -7.357751846313477, 13.964205741882324, 3.2638602256774902, 4.898950099945068, -11.254599571228027, 9.356151580810547, 4.1457343101501465, 12.276375770568848, -18.164627075195312, 1.8136935234069824, 5.797577381134033, -13.137200355529785, 0.5976828336715698, 0.8527565598487854, 10.618813514709473, 1.1201043128967285, -2.0365939140319824, 7.80357551574707, 12.497892379760742, -5.548791885375977, -13.740137100219727, -5.115019798278809, -3.6759402751922607, 10.799463272094727, -6.813627243041992, 14.464308738708496, -6.088856220245361, 9.39975357055664, -4.573639392852783, -12.632043838500977, 5.591939449310303, 14.651554107666016, -9.346694946289062, -7.222692966461182, -10.626002311706543, 16.830997467041016, -9.523896217346191]",0,59.0
176,9606.ENSP00000284981_AD,"[19.792409896850586, 4.692757606506348, 8.238487243652344, 0.09174162149429321, -2.3024039268493652, 4.674666404724121, -17.82240867614746, 18.13503646850586, 4.536895275115967, -1.1748595237731934, 21.056066513061523, -1.5973656177520752, -3.8834190368652344, 1.0274447202682495, -2.520914077758789, -8.446105003356934, -4.4736480712890625, 0.8421252965927124, 8.386836051940918, 16.197050094604492, 4.155223846435547, -7.1541056632995605, -4.844571113586426, 5.50823974609375, -0.8267293572425842, -19.385814666748047, 0.8385917544364929, 12.77789306640625, 3.4834489822387695, -14.760601043701172, 4.843677520751953, -18.881486892700195, -3.7696149349212646, 4.539748668670654, 17.13113021850586, 2.659884452819824, -8.385894775390625, 6.017602443695068, -20.89427947998047, -0.7299110889434814, -15.538986206054688, -1.972133755683899, -8.579845428466797, 4.107460021972656, -3.2131242752075195, -5.546744346618652, 15.914481163024902, -13.746846199035645, -10.130906105041504, 6.9969072341918945, 1.8990421295166016, 16.245328903198242, 5.0472917556762695, 3.1043593883514404, 3.302663803100586, -11.856836318969727, 24.50948715209961, -7.84766960144043, 2.6592016220092773, -13.360499382019043, -19.972272872924805, 4.381048202514648, 2.72688627243042, 2.218184471130371, -4.995455741882324, -3.43563175201416, 5.994403839111328, -22.098918914794922, -5.784998416900635, 3.9534459114074707, 3.6718692779541016, 0.39389902353286743, 0.2592185139656067, -14.894563674926758, -0.06590387225151062, 19.772136688232422, -1.616377353668213, -4.315442085266113, -22.536296844482422, 0.8648681640625, 2.496873378753662, 18.876117706298828, -20.59024429321289, -5.265329360961914, 3.077770709991455, 9.253317832946777, 0.5458165407180786, -17.130695343017578, -0.2898935079574585, 6.929412364959717, -17.671619415283203, 23.936145782470703, 13.024055480957031, 0.5107210874557495, -7.082900047302246, 12.514741897583008, -6.652836799621582, -11.994916915893555, 16.527530670166016, 2.4533591270446777, 16.950101852416992, 11.753215789794922, -21.31342124938965, 15.9727144241333, 4.760876655578613, -4.765192031860352, -7.230808258056641, 1.0561858415603638, 15.334157943725586, -6.992447376251221, -3.5343122482299805, -5.652429580688477, -4.201513290405273, -15.296512603759766, -12.238637924194336, -4.1250104904174805, 7.145593643188477, -13.050277709960938, -14.07169246673584, 17.01093864440918, 19.01093864440918, 2.2259411811828613, 9.240321159362793, 3.8713607788085938, 5.442224502563477, 1.2957544326782227, -17.456113815307617, -7.738401412963867, 9.581954956054688, 7.242626667022705, 18.85907554626465, 4.659491062164307, -7.597978591918945, 8.674288749694824, -11.099419593811035, 3.967789649963379, 0.006865277886390686, 0.14515700936317444, -6.322319984436035, 0.6502229571342468, 15.336675643920898, -6.125036716461182, 4.152860641479492, -25.12100601196289, 18.578325271606445, 4.207123756408691, -10.21617317199707, -6.001042366027832, 14.91427993774414, 2.4513370990753174, 2.9837732315063477, -0.24829648435115814, -4.002706050872803, 1.3231208324432373, -10.104608535766602, 2.8757705688476562, 5.159219741821289, -0.4124498963356018, -3.1941967010498047, 5.221556186676025, -4.665926456451416, -4.8865647315979, -7.433629512786865, -15.738637924194336, 11.151931762695312, 9.366674423217773, 9.264335632324219, 0.5227668285369873, 3.738837242126465, -1.654693603515625, 16.554243087768555, -3.848339319229126, 0.5770241022109985, -5.065803527832031, -4.287685394287109, -2.7098424434661865, 1.7294962406158447, 22.747344970703125, 6.441787242889404, -2.102463722229004, 19.398025512695312, 16.43120002746582, -1.1703763008117676, -6.9618096351623535, -1.5803630352020264, -2.630568265914917, -5.290759086608887, -14.873092651367188, 16.197601318359375, -6.95536470413208, 7.613178253173828, -0.608879566192627, -17.617216110229492, 14.231698036193848, 9.431065559387207, -10.01399040222168, -4.253403663635254, -16.682836532592773, 17.998273849487305, -6.389432430267334]",0,3.0
177,9606.ENSP00000340820_AD,"[6.199508190155029, -4.487996578216553, 4.790351867675781, 6.052135944366455, -0.3055080771446228, 5.536387920379639, -4.584923267364502, 8.101144790649414, -0.5236657857894897, 4.256676197052002, 10.941933631896973, -5.497922897338867, 0.20124374330043793, 1.7241482734680176, -3.2735278606414795, -1.5230357646942139, -7.480873107910156, 9.247344017028809, 6.038784980773926, 6.708966255187988, 0.9733796715736389, -19.43451690673828, -4.721380233764648, 1.1768825054168701, 5.7795820236206055, -1.3007099628448486, 0.7626513838768005, 3.483888864517212, 4.2190752029418945, -7.819825172424316, 1.7321020364761353, -11.99255084991455, 0.6510100960731506, -0.7186762094497681, 12.977783203125, 4.784858226776123, -5.629781723022461, 0.8097877502441406, -8.455404281616211, -3.7577779293060303, -7.811797618865967, -7.206714153289795, -7.446736812591553, 0.7291214466094971, 6.862858295440674, -11.113417625427246, 9.176074981689453, -5.6824212074279785, -13.030975341796875, -3.25498366355896, 8.113524436950684, 10.907398223876953, 11.739816665649414, 0.11174127459526062, 0.6437636613845825, -3.7138822078704834, 9.38578987121582, -3.6661438941955566, 0.26023605465888977, -4.092146873474121, -16.698162078857422, 6.049707889556885, 4.046361446380615, 2.436833381652832, -1.6147276163101196, 4.619388580322266, 0.8576686382293701, -10.648880004882812, 0.9794571995735168, 1.848759651184082, 3.610126256942749, -1.3679261207580566, 7.622647285461426, -6.405961990356445, -2.1306843757629395, 12.983144760131836, 3.220919609069824, -6.2456278800964355, -12.140134811401367, 8.103854179382324, -0.159917950630188, 12.081055641174316, -0.9596443176269531, -2.365938901901245, 5.209441661834717, -0.7417805194854736, -2.4801177978515625, -6.583401203155518, -9.052443504333496, 2.724891185760498, -8.970439910888672, 8.899750709533691, 16.04386329650879, -5.408926963806152, 4.960673809051514, 9.978504180908203, -4.593484401702881, -11.196314811706543, 11.63365650177002, -3.3098502159118652, 9.585375785827637, -0.22446022927761078, -3.672989845275879, 2.322901487350464, 1.7937912940979004, -3.2501049041748047, -2.31184720993042, -2.104689121246338, -1.1758248805999756, -6.472400665283203, -10.010004043579102, 0.173145592212677, -4.663559436798096, -4.978409290313721, -0.739956259727478, -1.4233205318450928, 7.127784252166748, -6.806488513946533, -1.3709807395935059, 13.615331649780273, 7.173384189605713, 3.410439968109131, 3.05657696723938, -4.347146511077881, 8.065079689025879, 3.247802734375, -8.986433982849121, -4.2219157218933105, 8.956820487976074, -1.7662636041641235, 14.974967956542969, 3.075519323348999, 2.87654972076416, 0.7827010750770569, -18.951757431030273, 7.287629127502441, -1.2777531147003174, -1.7187246084213257, 3.3860018253326416, 6.49301290512085, 7.124786376953125, -4.91373872756958, -1.064490795135498, -10.811500549316406, 12.504295349121094, 2.1964540481567383, -13.928234100341797, -7.024504661560059, 7.3044633865356445, 2.1173479557037354, 2.257512092590332, -7.578568935394287, -3.6726768016815186, 5.710755348205566, -7.597451686859131, 4.00471830368042, 1.8273797035217285, 0.9693180322647095, 1.0863690376281738, 3.9058170318603516, -1.484041690826416, 6.113816738128662, 0.5990579128265381, -5.912220478057861, 11.942808151245117, 6.854075908660889, 5.611464977264404, -3.519505262374878, -2.770836591720581, 3.5987191200256348, 5.294119834899902, -6.416296482086182, 0.19816648960113525, 0.08700141310691833, -1.0774608850479126, -0.8863627314567566, 1.4013373851776123, 11.944112777709961, -1.83566153049469, -2.9668068885803223, 10.458090782165527, 9.284684181213379, -3.8614799976348877, -7.697441101074219, -7.937789440155029, -3.556467056274414, -3.6194076538085938, -9.446354866027832, 5.6139302253723145, 0.300165593624115, 7.0080084800720215, -1.788913369178772, -6.005527496337891, 7.558726787567139, 9.407172203063965, -8.926025390625, -7.030880451202393, -8.748201370239258, 8.41805648803711, -6.6275739669799805]",0,97.0
178,9606.ENSP00000298910_AD,"[20.252052307128906, -0.17885100841522217, 8.086654663085938, 3.5223934650421143, -9.638193130493164, 5.015204429626465, -7.492181777954102, 23.514326095581055, -8.109457969665527, 0.04969795048236847, 25.631357192993164, -9.77648639678955, -5.117891311645508, 6.849694728851318, -3.577767848968506, -13.594877243041992, -0.07227224111557007, -0.3109205961227417, 2.559410572052002, 12.052471160888672, 1.7121230363845825, -7.815617084503174, -9.175541877746582, -3.653430700302124, -1.3674362897872925, -16.293962478637695, -2.9229865074157715, 11.706416130065918, 10.684500694274902, -13.845222473144531, 1.5959644317626953, -13.943010330200195, -5.866407871246338, 7.9992218017578125, 21.4017276763916, 0.17238914966583252, -13.853134155273438, 2.474144697189331, -15.770586967468262, -3.8635661602020264, -17.89132308959961, -8.322758674621582, -9.578174591064453, 2.9222006797790527, 10.338069915771484, -8.762271881103516, 14.823781967163086, -12.95315933227539, -17.709503173828125, -2.7184510231018066, 7.215336322784424, 18.137081146240234, 18.732986450195312, 9.429887771606445, -2.6483030319213867, -18.45013427734375, 28.152183532714844, -5.911440849304199, 8.85169792175293, -17.79985237121582, -20.128578186035156, 5.773226737976074, 4.121421813964844, 10.926430702209473, -3.2152950763702393, 0.9212462902069092, 11.50059986114502, -15.213338851928711, -9.889819145202637, 4.722738265991211, 7.253090858459473, 2.148210048675537, 9.523635864257812, -14.40296459197998, -1.2873815298080444, 23.005008697509766, 0.7576045393943787, 4.936537742614746, -24.723154067993164, -0.8562735319137573, 6.936957359313965, 18.978458404541016, -19.01856231689453, -10.53039264678955, 9.921777725219727, 5.632452487945557, -5.774996280670166, -8.462526321411133, -0.7977673411369324, 10.134461402893066, -18.40441131591797, 27.379655838012695, 23.52789306640625, 1.2083362340927124, -10.598592758178711, 19.727569580078125, -2.9882030487060547, -2.794304132461548, 14.94318675994873, 2.645803213119507, 12.796170234680176, 16.94746971130371, -17.142087936401367, 17.05644416809082, 5.636002540588379, 8.698724746704102, -5.926126480102539, -2.4793505668640137, 11.019340515136719, -7.339465618133545, -3.569145917892456, 10.87903118133545, -3.804936170578003, -16.30127716064453, -12.431599617004395, 3.9740936756134033, 7.498074531555176, -17.430469512939453, -3.3549680709838867, 14.341288566589355, 25.75356101989746, 6.1486921310424805, 4.37693452835083, -6.938735485076904, 13.113998413085938, 0.534010648727417, -18.151426315307617, -10.095478057861328, 15.431178092956543, -0.41984307765960693, 14.380534172058105, 4.242617607116699, -0.0341704785823822, -0.10073605179786682, -26.557415008544922, 7.3134870529174805, -3.262622356414795, 1.393573522567749, -2.42429256439209, -4.544862270355225, 12.4501314163208, -2.275909900665283, 3.3505637645721436, -20.66896629333496, 21.727304458618164, 6.456037998199463, -24.24827766418457, -12.806758880615234, 16.224496841430664, -0.24649915099143982, -0.18466874957084656, -3.7655410766601562, -0.9253743886947632, 8.209486961364746, -7.289584636688232, -1.0432113409042358, 7.7075676918029785, 2.2689504623413086, -6.442992687225342, 11.184819221496582, -9.877041816711426, 2.762176036834717, 4.277263164520264, -14.778474807739258, 11.838351249694824, 5.902230262756348, 4.556617736816406, -0.9682142734527588, 6.630837440490723, 3.4924166202545166, 21.893579483032227, -20.42412757873535, -3.140812635421753, 0.4005048871040344, -8.223185539245605, 4.540487289428711, 5.300845146179199, 22.346424102783203, 7.569790363311768, -3.288813829421997, 15.399551391601562, 22.913101196289062, -10.104280471801758, -12.721446990966797, -2.7813022136688232, -9.575379371643066, 1.0050909519195557, -11.053117752075195, 17.619489669799805, -10.17913818359375, 12.7662935256958, 0.9171642065048218, -18.184497833251953, 11.689273834228516, 15.110407829284668, -9.78187084197998, -5.302431106567383, -25.098114013671875, 24.70855140686035, -5.010786533355713]",0,36.0
179,9606.ENSP00000377296_PD,"[2.750365734100342, -0.8302892446517944, 0.9680476188659668, 1.6045746803283691, -0.2656842768192291, 2.0912280082702637, -0.7736852169036865, -0.14390316605567932, -0.045329853892326355, 1.4993224143981934, 2.0072431564331055, -2.8697140216827393, -1.066563606262207, -0.754998505115509, -0.8817707896232605, 1.9900634288787842, 0.5873754024505615, 1.6932809352874756, 2.212578296661377, 1.8488273620605469, 0.9756624698638916, -2.9771039485931396, 0.5455083847045898, -1.2082599401474, -0.9388746619224548, 0.051639050245285034, 1.3104231357574463, 0.345863401889801, 1.0594884157180786, -0.16733774542808533, -1.8414878845214844, -1.9667069911956787, -0.5879082679748535, 0.7550631761550903, 3.5141944885253906, -0.6890144348144531, 0.7375539541244507, -1.5195614099502563, -0.7080817222595215, -1.105790376663208, -0.8475258350372314, -0.9704869985580444, 0.07039359211921692, 2.328540563583374, 0.9573255777359009, -1.2009034156799316, 3.112182140350342, -0.5577064156532288, -2.628568649291992, -2.2808876037597656, 1.0475929975509644, 1.1372267007827759, 1.285984754562378, 1.457899808883667, -1.570570468902588, -2.7406604290008545, 1.971855878829956, -1.4993577003479004, -0.21376854181289673, -0.7878943681716919, -1.7934038639068604, 0.9033201932907104, 3.3270223140716553, -0.3112848699092865, 0.5031181573867798, -0.5092006921768188, 1.485625147819519, -0.4361506700515747, -0.5638808608055115, 2.013004779815674, 0.8999537825584412, -0.35341838002204895, 1.3035252094268799, -2.0865213871002197, -0.49289530515670776, 3.573158025741577, 0.3967764973640442, -2.1400716304779053, -1.9106333255767822, 0.0646631121635437, -0.10207238793373108, 2.3550925254821777, -0.8212547898292542, -1.78107488155365, 3.2036006450653076, -0.5917451977729797, -0.11660024523735046, -1.6838462352752686, -1.9126116037368774, -0.6542659997940063, -2.1196560859680176, 2.4293699264526367, 3.6949448585510254, -0.9729456901550293, 1.5342811346054077, 2.3680458068847656, -2.8424243927001953, -0.5510109066963196, 2.891448736190796, -1.0924996137619019, -0.00822022557258606, 1.7731873989105225, -2.615722894668579, 0.07964828610420227, 2.668586015701294, 1.17302405834198, -1.3558635711669922, -1.8237329721450806, -1.4404748678207397, -1.4873220920562744, -2.3475944995880127, 1.8430429697036743, 0.17673024535179138, -1.080273985862732, -0.8515589237213135, 0.07041501998901367, -0.06292812526226044, -0.6701376438140869, -0.5496417284011841, 0.644217848777771, 1.417360544204712, 1.659443974494934, 0.8897064328193665, 0.8032581210136414, -1.6849685907363892, 1.1698503494262695, -0.6749284267425537, -1.8834292888641357, 1.4605633020401, -1.1180455684661865, 2.182983160018921, 0.7126315236091614, 1.286422848701477, 1.8476711511611938, -0.6523013710975647, 1.2167097330093384, -1.7518482208251953, -1.3927490711212158, -0.6830226182937622, 0.6831287145614624, 0.8856505751609802, -0.5886760950088501, 2.2429425716400146, -1.905834436416626, 3.14473557472229, 1.276005506515503, -2.4786489009857178, -1.3525334596633911, 2.2988080978393555, 0.7469466924667358, 0.5797998309135437, -3.735116958618164, -2.348052501678467, 0.4436679482460022, -0.1925826072692871, -0.5122596621513367, -1.141024112701416, 0.25209978222846985, 0.4633820354938507, -0.5534793734550476, 1.9312329292297363, 0.42529839277267456, -0.07930219173431396, -1.6458745002746582, 0.5309426784515381, 1.3854035139083862, 3.379399299621582, -0.3323279023170471, 0.7828211784362793, -0.15161186456680298, 1.782172441482544, -3.463650941848755, 1.8351811170578003, -1.3068439960479736, -0.7534144520759583, 2.3891336917877197, 2.6698496341705322, 1.7794269323349, 1.381839632987976, -0.8546439409255981, 1.772850513458252, 2.7429251670837402, -0.33828291296958923, -1.2267353534698486, -3.1329095363616943, 2.21274733543396, 1.4638338088989258, -1.9489521980285645, 1.9405853748321533, -0.37470972537994385, 1.4138866662979126, -1.664280891418457, -1.9453485012054443, -0.27788832783699036, 2.023256540298462, -1.0837633609771729, 1.4838885068893433, -2.1870276927948, 2.9205024242401123, -3.998241901397705]",1,179.0
180,9606.ENSP00000400906_PD,"[4.334027290344238, 0.888076901435852, 0.6860520243644714, 1.6170698404312134, -3.530200958251953, -2.1464908123016357, 4.754396438598633, 3.7340292930603027, 0.9920431971549988, 3.0777602195739746, 0.9423626661300659, -1.7491710186004639, -6.25385856628418, 3.8575732707977295, 2.06868839263916, 1.7964155673980713, -0.5319264531135559, 0.719008207321167, -0.7565240859985352, 1.9566370248794556, 0.558673620223999, -0.42233341932296753, -2.699437379837036, 3.9025204181671143, -1.283764362335205, 0.6331740617752075, -1.7215567827224731, 2.6613168716430664, 0.16217488050460815, -2.8724002838134766, -4.109697341918945, -1.880409836769104, -3.4070653915405273, -1.0388387441635132, 1.97101628780365, -2.956057071685791, 1.4108538627624512, -0.8709247708320618, -4.604191780090332, 0.37238872051239014, -1.952544093132019, -3.4333903789520264, -3.3923516273498535, 2.6518683433532715, 1.7532098293304443, -2.7888622283935547, 1.7445640563964844, -4.645954132080078, 1.5767593383789062, -1.141971230506897, 0.6936763525009155, 1.8734312057495117, 3.016718864440918, 5.095492839813232, -3.4014720916748047, -0.9281677603721619, 3.416269063949585, -0.8886547088623047, 5.036230564117432, -2.831010580062866, -2.347424268722534, 0.307027131319046, 1.9102944135665894, 3.5667858123779297, -4.467879772186279, -2.353243112564087, -0.36467117071151733, -0.9514105916023254, -2.084118366241455, 0.029185190796852112, -2.1537973880767822, -0.5063426494598389, 1.7879116535186768, -1.6458775997161865, -1.4653010368347168, -0.2158256620168686, -0.3511863648891449, 1.3089582920074463, -0.3384511470794678, -2.1761903762817383, 2.434152126312256, 1.6935515403747559, -0.3977290093898773, -2.7852561473846436, -3.00492787361145, 0.9972370862960815, 0.4786352813243866, -0.262418270111084, -1.5617899894714355, 4.4429426193237305, -2.782930374145508, 4.083017349243164, 2.688840389251709, 0.9564741253852844, 0.8306993246078491, 3.702824115753174, 0.5184593796730042, -2.716268301010132, 2.9620227813720703, 4.708405017852783, 2.3491592407226562, 0.7397762537002563, -2.7234296798706055, 1.5130828619003296, 1.4776629209518433, 0.49808546900749207, -1.3670625686645508, -0.09311787784099579, 2.685354709625244, -2.242705821990967, -1.5410261154174805, -0.1792159080505371, -0.5523208975791931, -4.008448123931885, -2.7033774852752686, 1.5823140144348145, 1.6532502174377441, -3.3158974647521973, 1.834973931312561, -1.5947017669677734, 2.4785919189453125, -2.568774461746216, 0.6813880205154419, -2.779132604598999, -1.6051234006881714, 1.7679996490478516, 0.6670875549316406, -0.5401662588119507, 3.388521432876587, -1.7970359325408936, 5.2958664894104, -1.6684401035308838, -4.72991943359375, -0.6436245441436768, -3.720675230026245, 3.1811468601226807, -0.37500783801078796, -2.0262081623077393, -1.6736423969268799, -1.076184630393982, -0.8118834495544434, -0.3295280933380127, 2.056166410446167, -3.6925888061523438, -0.6240752339363098, 2.2386934757232666, -2.405616521835327, -0.5596821904182434, -0.5645478963851929, 3.6396002769470215, -2.7375576496124268, -0.13479775190353394, -0.09321616590023041, 2.025968074798584, -0.8105576634407043, 4.634087085723877, 1.6924657821655273, -1.81113862991333, -0.9830220937728882, 5.224154472351074, -1.862419843673706, 4.126303195953369, -1.325671911239624, -1.5578315258026123, 2.322392702102661, -1.4950237274169922, -2.2739064693450928, -0.3476865589618683, 0.5741928219795227, 1.618628978729248, 5.541728496551514, -2.258378267288208, 1.993956446647644, 2.966306686401367, -0.7778284549713135, 2.156388998031616, 1.4556208848953247, -0.6617854833602905, 1.7294738292694092, 0.6641800403594971, 0.8147099018096924, 2.584393262863159, -5.7158918380737305, -6.340948104858398, -0.07485789060592651, -5.319356441497803, 0.013061737641692162, -0.2467171847820282, -2.178189516067505, -4.058455944061279, 1.8071469068527222, 0.8298163414001465, -4.261264801025391, 1.1010148525238037, 4.604055404663086, -0.9306176900863647, -1.6740450859069824, -1.1622626781463623, 2.2681455612182617, -3.0771191120147705]",1,180.0
181,9606.ENSP00000354687_PD,"[1.3740146160125732, 0.579495906829834, 0.5973347425460815, 1.4485349655151367, 0.06970666348934174, 1.9348156452178955, -0.7636520862579346, 0.4473303556442261, -1.7034550905227661, -1.1305502653121948, 1.454230785369873, -1.475263237953186, -1.4732916355133057, 1.6087379455566406, -1.451556921005249, 0.0594465434551239, -0.8670874834060669, 2.3411521911621094, 2.8296022415161133, 1.172933578491211, -1.3953702449798584, 0.4132978618144989, 0.167409747838974, -1.3310810327529907, 0.727920651435852, -1.7711642980575562, 2.6808884143829346, 0.41948020458221436, 1.4352490901947021, -0.5839739441871643, 0.4614177346229553, -2.940469741821289, -0.5923317074775696, 0.2242739200592041, 3.4932901859283447, -2.578749656677246, 0.775634765625, -1.6163150072097778, -1.09867525100708, -1.3547511100769043, -0.31520771980285645, 0.4512723684310913, -1.7875853776931763, -0.7362831234931946, -0.6353591680526733, -2.3737235069274902, 2.1680779457092285, -0.8804564476013184, -3.0699799060821533, 1.4770071506500244, 0.8672302961349487, 2.1232075691223145, -0.06433506309986115, -0.28733763098716736, -2.265702962875366, -1.9520033597946167, 1.380522608757019, -1.1389660835266113, 4.377145767211914, -3.1502599716186523, -2.2714295387268066, -0.5744965076446533, 1.8355385065078735, -1.2688548564910889, 0.16652122139930725, -0.3083970844745636, -0.7809721231460571, -1.856064796447754, 1.1364473104476929, 2.764266014099121, 1.2614192962646484, 1.058132529258728, 0.9326748847961426, -0.5768760442733765, 0.11620843410491943, 3.5254433155059814, 1.1659754514694214, -2.805886745452881, -1.9697903394699097, -1.5118892192840576, 1.310991883277893, -0.1603115350008011, -1.5490367412567139, -1.0476051568984985, 4.515778064727783, 0.306973397731781, -1.841774582862854, -1.379193663597107, -0.3374033272266388, 2.254725933074951, -2.8736319541931152, 1.5659220218658447, 3.4870755672454834, -0.4024948477745056, -2.7651357650756836, 2.325678825378418, -0.7995321750640869, -1.4542007446289062, 0.22048038244247437, 1.010946273803711, 0.9914126992225647, 0.8694503307342529, -0.9755463600158691, 0.6882890462875366, 1.72523033618927, 0.8358368873596191, -0.22486475110054016, -1.038651466369629, -1.458397388458252, -4.055632591247559, -3.047053813934326, 1.5773828029632568, -1.3966526985168457, -3.836749315261841, -3.080521821975708, -1.393739938735962, 1.9649791717529297, -1.550330638885498, -1.5866621732711792, 2.916228771209717, 0.8972448706626892, 1.7478535175323486, 3.2178821563720703, 1.0397025346755981, 1.011929988861084, 0.0815819650888443, -0.8773512840270996, -1.2888293266296387, 0.6101216673851013, -1.4364062547683716, 0.038333773612976074, 0.8791509866714478, -4.289334297180176, 1.3165717124938965, -4.1885247230529785, 1.7149842977523804, -1.1475412845611572, -1.0836330652236938, -2.754927396774292, 2.333078145980835, 0.261357843875885, 0.3321813941001892, -1.3082363605499268, -1.9898067712783813, 3.2249374389648438, 1.417081356048584, -1.5488340854644775, -2.449779748916626, 0.21189215779304504, -0.8920656442642212, 1.5524160861968994, -3.6948676109313965, 2.7340970039367676, 3.3232970237731934, -0.4693642258644104, 1.663221836090088, 0.7531125545501709, -1.8270703554153442, 0.521731972694397, -0.6474827527999878, 1.0407756567001343, -1.2621108293533325, 0.3058817386627197, -2.5517334938049316, 0.16944360733032227, 2.4764089584350586, 0.35780611634254456, 0.006091028451919556, -0.382604718208313, -0.1114034354686737, 3.9221651554107666, -1.144128441810608, 1.4893100261688232, -2.4166018962860107, 0.49896496534347534, 1.45628821849823, 1.5253679752349854, 2.313601493835449, 1.696681261062622, -1.7211267948150635, 1.2665971517562866, 2.3724822998046875, 0.05482900142669678, -1.4084737300872803, -1.0610100030899048, 0.9294100999832153, -0.8838485479354858, -1.8194986581802368, 1.8114873170852661, -0.3410128653049469, 1.4266077280044556, 1.3566086292266846, -2.184357166290283, 1.3198273181915283, 0.3394412100315094, -0.5596110820770264, -0.48230063915252686, -4.21421480178833, 2.046238660812378, -1.470163345336914]",1,181.0
182,9606.ENSP00000374455_PD,"[12.019428253173828, -5.333774566650391, 6.329563140869141, 0.9156062602996826, -0.14491039514541626, 7.018937110900879, 4.938582420349121, 5.814817428588867, -2.4230968952178955, 1.6996822357177734, 4.634284496307373, -9.189629554748535, 0.8914446830749512, -0.3964987099170685, -3.7158093452453613, -4.920253276824951, 2.237647533416748, 9.662174224853516, 2.196187973022461, 4.6248273849487305, -5.787009239196777, -9.396354675292969, 2.2720859050750732, 2.318082094192505, -2.270146369934082, -7.82393217086792, -3.361743927001953, 9.19969654083252, 0.7986266016960144, -6.17031192779541, -0.7660377025604248, -9.846086502075195, -2.2442009449005127, 1.0958740711212158, 2.9744391441345215, -3.1725611686706543, 2.5048887729644775, -3.3211357593536377, -5.582446575164795, -2.369290828704834, -6.083499908447266, -4.222421169281006, -7.099878311157227, -1.3242374658584595, 4.9577717781066895, -4.599564075469971, 6.057913303375244, -0.7940284013748169, -12.025406837463379, -8.534717559814453, 5.406237602233887, 5.9171905517578125, 3.128770351409912, 2.7500200271606445, 2.7268788814544678, -6.6794257164001465, 6.345832824707031, -6.436172008514404, 0.48005062341690063, -6.4656982421875, -10.454304695129395, 6.783042907714844, 7.076355457305908, -0.49189293384552, -0.6493867635726929, 5.238561630249023, 7.4313063621521, -9.535386085510254, 0.23418381810188293, 4.332545280456543, 4.533714294433594, -6.772008895874023, -0.44834938645362854, -2.6860198974609375, -2.293030023574829, 11.308842658996582, 1.6457390785217285, 3.544496774673462, -5.355885982513428, 5.979630470275879, 4.225047588348389, 8.20517349243164, -3.7334232330322266, -7.993198871612549, 4.610501766204834, 0.9514073729515076, -2.1050848960876465, 2.9617621898651123, -2.4161455631256104, 1.1474924087524414, -8.736124992370605, 10.043730735778809, 8.067220687866211, -0.5602420568466187, -3.394883632659912, 6.446617126464844, -1.2118467092514038, -2.563978433609009, 10.861638069152832, -0.5422956347465515, 7.132154941558838, 7.717763900756836, -7.020138740539551, 8.731396675109863, 8.833244323730469, 5.838799953460693, -4.554283618927002, -0.7721645832061768, 4.5909552574157715, -2.1421806812286377, -4.0742645263671875, 2.1057634353637695, -4.728803634643555, -2.02602481842041, -4.963131427764893, 3.729644536972046, 0.4581480026245117, -4.543783187866211, -1.2527132034301758, 5.196432113647461, 7.496678352355957, 0.48556312918663025, 1.4062060117721558, 0.2662104368209839, 6.545688629150391, 7.731983661651611, -4.871002674102783, -3.9951961040496826, 8.32248306274414, -0.8201112151145935, 10.019267082214355, 4.911642074584961, -2.263498067855835, 4.618099689483643, -8.948392868041992, 9.94303035736084, -3.1945738792419434, -3.7348268032073975, 0.6802735328674316, 1.8935343027114868, 5.930659770965576, 5.65746545791626, 6.869575500488281, -7.131649494171143, 8.751267433166504, 2.142378807067871, -9.160140991210938, -8.539453506469727, 4.9545979499816895, -0.974929928779602, -0.46111321449279785, -3.631321668624878, -1.273746371269226, 2.8942177295684814, -4.526418685913086, 2.5314760208129883, -7.950900077819824, -0.2544794976711273, 2.824747323989868, 4.252313613891602, -2.9978463649749756, 6.475235462188721, -0.1120252013206482, -5.537703037261963, 2.119443655014038, 2.5258629322052, 2.609657049179077, -1.999349594116211, -0.8504644632339478, 0.3102356493473053, 10.19294261932373, -10.078296661376953, 3.3264007568359375, -0.33006078004837036, 0.32759085297584534, 6.72263240814209, 7.182973861694336, 6.700624465942383, 4.346163272857666, -6.426086902618408, 12.410839080810547, 8.43458366394043, -4.430596828460693, -3.1797707080841064, -3.37044620513916, 0.9607059955596924, -1.7589551210403442, -8.194787979125977, 7.07893180847168, -3.2274038791656494, 5.437380790710449, -4.35467004776001, -5.693385124206543, 1.426484227180481, 3.7960000038146973, -8.504401206970215, -3.451831817626953, -8.684768676757812, 6.01250696182251, -9.713430404663086]",1,182.0
183,9606.ENSP00000264710_PD,"[10.904964447021484, -1.4775433540344238, 6.538965225219727, 7.6929731369018555, 2.0996627807617188, 7.130252838134766, -3.299309253692627, 5.715665340423584, -3.40786075592041, 0.006601154804229736, 5.64356803894043, -4.828995704650879, 2.4773495197296143, -2.991440534591675, -5.460199356079102, -6.641151428222656, 2.0103256702423096, 5.387050628662109, 6.249344825744629, 4.2463459968566895, -7.574432849884033, -12.561266899108887, 0.6152688264846802, 1.4823038578033447, -1.5380020141601562, -2.826911449432373, 4.754634380340576, 1.6229327917099, 4.363671779632568, -2.6357364654541016, -3.6477253437042236, -10.29939079284668, 3.163640260696411, -2.063286066055298, 0.12349018454551697, 4.304083824157715, -2.521975517272949, -2.8321049213409424, -3.584343433380127, -3.30068039894104, -6.049392223358154, 2.599118232727051, -1.9828864336013794, -0.33662453293800354, -3.0973432064056396, -0.41500210762023926, 5.640728950500488, -0.5980018377304077, -8.44668960571289, -4.7469482421875, 5.850733280181885, 8.727075576782227, 3.208181619644165, -0.5475196838378906, 1.1724162101745605, -8.470711708068848, 8.22663688659668, -4.085849285125732, 2.2142629623413086, -7.44403600692749, -12.092036247253418, 4.257842063903809, 5.096161842346191, 1.7599740028381348, 2.529513120651245, 3.1258466243743896, 4.006302356719971, -1.3778613805770874, 1.8266127109527588, 5.680497169494629, 2.180006980895996, 4.51535177230835, -1.0566571950912476, -5.811161041259766, -4.459412097930908, 12.974178314208984, 6.371184825897217, -10.469474792480469, -7.057997703552246, 5.1540303230285645, 0.20245569944381714, 11.130046844482422, -7.309225082397461, -0.3409259617328644, 6.135838985443115, 8.390432357788086, -5.670437812805176, -4.475419521331787, -2.202399492263794, 0.1367466002702713, -0.536823034286499, 10.114623069763184, 9.261882781982422, -4.908500671386719, -3.135230779647827, 5.491957664489746, -4.414927005767822, 6.177011966705322, 10.494553565979004, -2.05039119720459, 8.298948287963867, 6.491512298583984, -8.168678283691406, 6.482652187347412, 5.173003673553467, 5.954975605010986, -3.452741861343384, -2.1651973724365234, 0.5338318347930908, -0.353931725025177, -2.5639781951904297, 5.221048355102539, -4.443706035614014, -2.106921911239624, -7.774322032928467, 0.656995952129364, 1.184995174407959, -2.8414506912231445, -11.661585807800293, 4.770050525665283, 9.164505004882812, 6.0532402992248535, 8.297821998596191, 0.529725193977356, -1.6630659103393555, 4.742373466491699, -7.0346879959106445, -5.259134292602539, 11.184148788452148, -3.2959578037261963, 7.116739749908447, 6.204075813293457, 1.0798026323318481, 5.699761390686035, -5.130220413208008, 5.5761308670043945, -5.8691558837890625, -3.6958436965942383, -2.2405707836151123, 1.3425968885421753, 6.611201286315918, -4.135293960571289, 4.505797386169434, -8.662542343139648, 8.461946487426758, 4.7340192794799805, -2.277365207672119, -2.681743860244751, 5.87431001663208, -5.29838228225708, 2.561424493789673, -9.427976608276367, 2.744954824447632, 5.7870192527771, -3.6777217388153076, -2.961569309234619, -0.4200846254825592, -5.702890396118164, -5.188514232635498, -2.6569924354553223, 1.6717511415481567, -3.9767191410064697, -1.0607203245162964, -4.885068893432617, 2.430886745452881, 4.797670841217041, -2.6086294651031494, 3.1157631874084473, -5.690659046173096, -2.265608787536621, 10.948295593261719, -0.1900603175163269, 8.063228607177734, -4.082620620727539, 1.7299574613571167, 7.388791561126709, 3.0536141395568848, 9.739157676696777, 7.058140277862549, -6.615100860595703, 13.352083206176758, 7.704864025115967, 0.10507765412330627, 1.2316429615020752, -3.337773323059082, 3.9318017959594727, -7.865877628326416, -5.800436019897461, 9.972667694091797, 1.9382996559143066, 0.9795221090316772, -0.34443366527557373, -5.8182220458984375, 7.948907375335693, -1.2435009479522705, -1.981539011001587, 0.08131161332130432, -7.453124046325684, 8.53100872039795, -2.7582550048828125]",1,183.0
184,9606.ENSP00000419782_PD,"[12.594205856323242, -0.8547444343566895, -0.9197568893432617, -1.0825263261795044, -8.441250801086426, 3.0648202896118164, -10.344549179077148, 8.230621337890625, 3.88118839263916, -0.7956206202507019, 16.255542755126953, -3.2607057094573975, -6.6497578620910645, 6.076986312866211, -0.8672647476196289, -5.6381635665893555, -10.319164276123047, -3.1177167892456055, -1.5664016008377075, 16.583080291748047, -0.32494834065437317, -5.016815662384033, -9.316139221191406, -5.72580099105835, 3.813962697982788, -6.0890679359436035, -0.3671944737434387, 6.352815628051758, -1.1584113836288452, -10.853562355041504, 3.4895544052124023, -11.681539535522461, -4.214953899383545, 0.7092053890228271, 13.13076400756836, 0.1959475874900818, -9.987613677978516, 2.887788772583008, -13.618770599365234, 3.146530866622925, -12.306023597717285, 0.07485410571098328, 5.571751117706299, 12.612554550170898, -1.567610740661621, -11.780377388000488, 2.28375506401062, -11.714054107666016, -6.988833427429199, 2.1185781955718994, 3.317347526550293, 10.320611953735352, 8.53693675994873, 9.473402976989746, -5.212956428527832, -13.605813026428223, 15.797385215759277, 4.924388408660889, -3.747054100036621, -11.049933433532715, -16.913843154907227, -0.7934349775314331, -4.093851566314697, 10.846364974975586, -6.222447872161865, -1.039297342300415, 1.3785374164581299, -9.2761869430542, -10.278665542602539, -0.03524032235145569, 0.2064712941646576, 2.604945659637451, 7.224393844604492, -8.691126823425293, 4.612565994262695, 13.899881362915039, -3.2155919075012207, 0.2175915688276291, -16.238744735717773, -7.645234107971191, 6.170520305633545, 17.300819396972656, -7.251165866851807, -7.222846031188965, 1.283617377281189, 3.406498432159424, -2.9661920070648193, -12.032618522644043, -2.408475637435913, 3.894165277481079, -14.562453269958496, 14.796805381774902, 18.990758895874023, 1.4126360416412354, 7.380352020263672, 13.851512908935547, -3.7136967182159424, -6.238259792327881, 17.461524963378906, 4.136425018310547, 13.152542114257812, 6.928433418273926, -12.800044059753418, 6.341654300689697, 3.459041118621826, 1.6766031980514526, -5.254213809967041, 1.8988763093948364, 6.08629846572876, -0.34086018800735474, -4.209390640258789, 1.2365391254425049, 1.4162553548812866, -13.976127624511719, -8.938179969787598, -5.391420841217041, 8.332255363464355, -12.852303504943848, -6.041718482971191, 14.454981803894043, 19.525405883789062, 6.25654935836792, 11.48200798034668, -0.7223570942878723, 8.875411987304688, -1.8265726566314697, -9.609827041625977, -2.4611172676086426, 3.303783416748047, -1.2497930526733398, 12.200460433959961, -2.1203083992004395, 3.032419204711914, 1.654840350151062, -12.252647399902344, 2.534649133682251, -1.3854258060455322, 11.182455062866211, -4.035053253173828, -4.028079986572266, 5.894384860992432, -4.785696029663086, 1.2861688137054443, -10.502243041992188, 14.555502891540527, 5.256401538848877, -13.09379768371582, -8.085854530334473, 10.239957809448242, -0.4645410180091858, 5.189486026763916, -1.7944695949554443, 0.5189539194107056, 0.2460438311100006, 0.3452865481376648, 2.4426867961883545, 7.3656182289123535, -0.3051692247390747, -7.66526460647583, 5.31074333190918, -10.335251808166504, 0.7111907601356506, -2.3159902095794678, -8.747273445129395, 12.23366928100586, 1.9173282384872437, 11.776021003723145, -3.4391322135925293, 1.789468765258789, 4.1635637283325195, 6.571087837219238, -6.912096977233887, -6.375349521636963, 5.938259124755859, -5.705129623413086, -3.9538774490356445, 0.07207167148590088, 9.606547355651855, 0.8780080676078796, 0.8199633359909058, 17.804683685302734, 13.433347702026367, -8.926329612731934, -10.445917129516602, -2.217749834060669, -2.082627534866333, -3.018386125564575, -11.357393264770508, 16.059946060180664, -4.91353178024292, 11.822652816772461, 3.2853033542633057, -14.265081405639648, 11.922728538513184, 10.238784790039062, -13.347412109375, -8.242403984069824, -14.598219871520996, 14.226054191589355, -3.600184202194214]",1,184.0
185,9606.ENSP00000366047_PD,"[5.605257034301758, -1.8786088228225708, 3.4933362007141113, 0.044956475496292114, 0.40881240367889404, 1.236011266708374, -1.7219408750534058, 2.1034467220306396, -1.075535774230957, -0.4507509469985962, 4.7623066902160645, -0.7631655931472778, 0.1864050328731537, -0.46967118978500366, -0.5185731649398804, -0.36415350437164307, -0.6887850165367126, 0.5679169297218323, 1.1278212070465088, 3.13040828704834, -0.6279531717300415, 1.427274465560913, 0.39813295006752014, 1.470404028892517, -2.1410322189331055, -5.06864070892334, 0.4857460856437683, 0.5976812839508057, 3.176837682723999, -5.666462421417236, -1.1942251920700073, -3.3892645835876465, -0.2152809500694275, -2.079739809036255, 2.213505268096924, -1.6351319551467896, -1.9020031690597534, 0.3314676582813263, -4.452551364898682, -0.4955848753452301, -3.9221560955047607, 0.7038154602050781, -3.2529592514038086, 1.3626017570495605, 0.8611215353012085, -1.6905244588851929, 4.156753063201904, -2.143028736114502, -2.3727567195892334, -0.37443023920059204, 0.773033618927002, 5.87462854385376, 0.8785358667373657, 1.5157740116119385, 1.5244054794311523, -2.0506856441497803, 3.4311363697052, -1.8036794662475586, 4.207845687866211, -3.63173770904541, -4.175459861755371, -1.2215218544006348, 2.1050379276275635, 0.7455621957778931, -0.1610121726989746, -0.4207974374294281, 2.471194267272949, -5.0719475746154785, 0.7075762748718262, 0.09181444346904755, 1.6817750930786133, 0.9713078737258911, 2.1524858474731445, -1.064673662185669, -0.8251538276672363, 3.521939277648926, 2.574618339538574, -3.6228134632110596, -4.207470893859863, 0.49403393268585205, 0.8561663031578064, 3.0886688232421875, -5.010592937469482, 1.3832707405090332, -0.6477437019348145, 0.2761516571044922, 0.495919406414032, 1.246093988418579, -0.7142442464828491, -0.039235010743141174, 0.013859137892723083, 4.666069030761719, 1.4543981552124023, 0.8378574848175049, 0.09424097836017609, 4.09107780456543, -0.7658225297927856, -2.7704336643218994, 4.128042221069336, 0.4079234302043915, 4.357914924621582, 4.822890281677246, -3.5809409618377686, 3.7134933471679688, 2.397059917449951, -0.10544192790985107, -1.2192485332489014, 0.6650418639183044, 1.02706778049469, -2.059870481491089, -1.9255249500274658, 1.2778737545013428, -3.4035630226135254, -2.440927743911743, -2.0528154373168945, 1.4621024131774902, 0.17709019780158997, -3.0294649600982666, -4.609910011291504, 3.4894626140594482, 6.27523946762085, 4.113498210906982, 3.493164539337158, 0.24218954145908356, -1.664703369140625, 1.1423193216323853, -3.5672607421875, -1.6020209789276123, 2.5253663063049316, -1.7393794059753418, 3.2979297637939453, 2.296351909637451, -5.5301032066345215, 1.336063265800476, -0.17206548154354095, 1.0692239999771118, -1.6506584882736206, -1.1937633752822876, -2.129939317703247, 1.088604211807251, 2.82102632522583, 0.09509562700986862, 1.6431766748428345, -4.057557582855225, 4.443649768829346, 2.121331214904785, -4.378911972045898, -3.5505166053771973, 3.992845296859741, 0.1803160160779953, -0.31403034925460815, -1.2772841453552246, 0.5558381080627441, -0.27099424600601196, -1.170585036277771, 0.05406402051448822, -0.8914543390274048, -1.5168101787567139, -0.507184624671936, 0.9661527276039124, -0.1349450796842575, -3.198903799057007, -0.8577698469161987, -4.762446403503418, 0.25683826208114624, 0.5931615829467773, 1.7017713785171509, 0.3275218605995178, -0.07523244619369507, 0.27176833152770996, 4.109801292419434, 0.27710044384002686, 2.943974494934082, -1.6276884078979492, 1.5523369312286377, 0.5199467539787292, 1.474599838256836, 2.9935126304626465, -1.0255074501037598, -1.5044052600860596, 6.532069683074951, 4.798676013946533, -2.301243543624878, -0.5363308787345886, -0.241347536444664, 1.519596815109253, -4.265500545501709, -2.523317575454712, 4.135030269622803, -0.9255723357200623, 0.316892147064209, -1.4897595643997192, -1.806106686592102, 3.272925615310669, 0.011374697089195251, -1.416934847831726, -2.624295711517334, -4.607799053192139, 5.188849925994873, -0.5503604412078857]",1,185.0
186,9606.ENSP00000284440_PD,"[3.5756938457489014, -1.0968735218048096, 2.173736095428467, 4.481814861297607, -2.8714518547058105, 1.157473087310791, 0.4941841661930084, -0.26649221777915955, 0.6635030508041382, 1.5089470148086548, 3.342768430709839, -2.1073079109191895, -2.3397185802459717, 2.2568342685699463, -1.853928804397583, -0.43667489290237427, -0.4755793809890747, -1.8663045167922974, 1.4105052947998047, 1.1437045335769653, 1.8900777101516724, -0.7979055643081665, 2.5411202907562256, 0.8028841018676758, 0.4291309416294098, -1.9072582721710205, -0.5003216862678528, 0.8824566602706909, 0.3334698975086212, -2.956207275390625, 1.8872194290161133, -4.488295078277588, -1.7076835632324219, 1.823765754699707, 1.0028458833694458, -0.516323983669281, 0.390322208404541, -2.990267038345337, -4.70710563659668, -0.7837581634521484, -1.0070503950119019, 0.23650062084197998, -2.0840799808502197, 0.6243999600410461, 2.9328432083129883, -2.3142876625061035, 2.5175931453704834, -4.4491777420043945, -2.2228877544403076, -0.5197077393531799, 1.8155877590179443, 2.541438102722168, 1.3116846084594727, 2.6854910850524902, 1.1413336992263794, -0.8061239123344421, 1.5878833532333374, -0.34056055545806885, 0.7301702499389648, -1.0577857494354248, -3.2885053157806396, -1.125293493270874, 5.3428215980529785, 0.11972934007644653, 0.5004072785377502, -2.573685884475708, 1.1082502603530884, -1.779223918914795, -2.2641026973724365, 1.4915040731430054, 2.452204942703247, 0.2544781565666199, 4.426579475402832, -2.345372200012207, -0.5833859443664551, 2.807467460632324, -0.00920724868774414, 1.7765345573425293, -1.714072585105896, 0.761164665222168, 0.3416599631309509, 3.492331027984619, -1.5783292055130005, -2.26377010345459, -3.3792901039123535, 0.3250851035118103, -3.2396605014801025, -1.6844122409820557, -3.28375506401062, 1.4490599632263184, -1.518904209136963, 4.3782877922058105, 2.767097234725952, -1.4917616844177246, -2.6861865520477295, 2.504733085632324, -2.5464494228363037, -1.1700528860092163, 2.30513858795166, 2.5159311294555664, 0.588840126991272, 1.6229451894760132, -3.33115291595459, 3.2471354007720947, 2.754922866821289, -0.14423859119415283, -4.477349281311035, 1.7532808780670166, 1.8758981227874756, -3.4517602920532227, -5.51412296295166, -0.09104937314987183, -0.15909738838672638, -0.034493446350097656, 0.7622815370559692, 2.684030532836914, 1.6265236139297485, -3.0280637741088867, -2.347288131713867, 2.079153060913086, 3.1573703289031982, 0.8180621862411499, 2.023832321166992, -2.0065510272979736, -1.7437742948532104, -0.33270877599716187, -3.508457660675049, -1.5560885667800903, 2.235809087753296, -0.33815252780914307, 3.4760138988494873, -0.019176140427589417, -1.101962924003601, 1.6749839782714844, -4.76962423324585, 1.0472359657287598, -0.8459888696670532, -0.40678587555885315, -0.03417550027370453, 3.7714285850524902, 0.9577429294586182, -1.7816413640975952, 0.637942910194397, -2.365675449371338, 3.6275670528411865, 2.3571720123291016, -3.681472063064575, -0.08330497145652771, -1.2655556201934814, 0.22384832799434662, 1.0806329250335693, -1.202309489250183, 0.5010749101638794, 3.390740394592285, -0.15124429762363434, 0.3366817235946655, 0.8187093734741211, -2.3316097259521484, 1.031045913696289, 2.096379280090332, -0.712490439414978, 1.3457880020141602, 0.7130957841873169, -2.277961254119873, 0.5298879742622375, 1.741072177886963, 3.370710611343384, 0.38911667466163635, 0.5480878353118896, 1.8881078958511353, 1.775895357131958, -2.52534556388855, 1.7893359661102295, -0.6769011616706848, -0.19751189649105072, 2.1877291202545166, 4.026298999786377, 1.9213875532150269, 0.029009193181991577, -1.8207311630249023, 4.15135383605957, 5.254986763000488, -3.4469919204711914, -3.6375529766082764, -2.2968456745147705, -3.508699893951416, -3.839475154876709, -2.383087635040283, 3.0550477504730225, -1.9198200702667236, 1.2562179565429688, 0.393069863319397, -4.96375846862793, 0.6235952973365784, 3.5093350410461426, -0.7991775870323181, -1.4292594194412231, -3.1281166076660156, 3.177915096282959, -2.0339014530181885]",1,186.0
187,9606.ENSP00000500990_PD,"[12.402702331542969, -1.1427546739578247, 5.098964691162109, 5.431998252868652, -5.4871721267700195, 3.7459659576416016, 2.416743755340576, 13.686485290527344, -0.8062438368797302, 0.4963778853416443, 11.814269065856934, -7.228219985961914, -3.4332728385925293, 1.775538682937622, 0.0006772726774215698, -3.7402243614196777, -3.1900951862335205, 2.627206325531006, 5.425434112548828, 7.625270843505859, 6.012287139892578, -13.846837043762207, -2.8524022102355957, -8.57895565032959, -3.28645396232605, -6.22576904296875, -9.131980895996094, 6.029076099395752, 2.5645012855529785, -4.80338191986084, -4.734938144683838, -4.131539344787598, -13.942572593688965, 8.013121604919434, 11.505932807922363, 2.1702208518981934, -10.601339340209961, -1.224057674407959, -8.842520713806152, -3.517340660095215, -10.500271797180176, -14.60216999053955, -5.6357598304748535, 7.843997001647949, 7.9168925285339355, -9.725723266601562, 14.222972869873047, -10.735679626464844, -15.78062629699707, -3.511383056640625, 4.819148540496826, 11.976714134216309, 17.052387237548828, 16.537656784057617, -2.2208847999572754, -9.802743911743164, 15.170448303222656, -5.269812107086182, -0.8691574335098267, -8.069000244140625, -7.929982662200928, 3.0788586139678955, 7.400773525238037, 5.838511943817139, -5.029238224029541, -2.34511137008667, 8.406503677368164, -10.706744194030762, -10.17063045501709, 4.7725830078125, -1.1924482583999634, 2.7287404537200928, 6.744662761688232, -7.7889509201049805, -3.0847930908203125, 16.340375900268555, 2.8050291538238525, -1.5019774436950684, -8.701523780822754, 3.2608675956726074, -0.5322467088699341, 10.00395393371582, -3.6152827739715576, -9.908089637756348, 18.529972076416016, -1.2567172050476074, 1.54171621799469, -4.398736953735352, -3.1877729892730713, 8.060149192810059, -10.834612846374512, 6.5132527351379395, 17.67618179321289, 2.4328017234802246, -4.545804023742676, 14.024614334106445, -6.840674877166748, -0.2704116702079773, 12.675565719604492, 2.2938754558563232, 6.376608371734619, 7.759245872497559, -8.601485252380371, 14.151396751403809, 2.850910186767578, -0.037616580724716187, 0.9685103893280029, -1.5953378677368164, 0.6979951858520508, -0.9415106773376465, -8.862565040588379, -0.7294875979423523, -4.39967155456543, -5.860019683837891, -4.8658528327941895, -4.25262451171875, -0.46833932399749756, -8.320535659790039, 1.756389856338501, 11.958540916442871, 13.275647163391113, -2.9866042137145996, 3.5186564922332764, -5.29741096496582, 9.393314361572266, 0.03545675426721573, -13.097134590148926, -2.307194232940674, 8.821600914001465, 4.160999774932861, 12.484163284301758, -0.5969383716583252, 4.412557125091553, 1.1321728229522705, -14.02450180053711, 0.04130646586418152, -0.9338905215263367, -4.116666793823242, -4.370662212371826, 4.171966075897217, 13.341009140014648, -5.647863864898682, -1.7019199132919312, -9.31522274017334, 11.075652122497559, 5.62968111038208, -13.435282707214355, -6.828554153442383, 14.259454727172852, -0.33058401942253113, -0.09252965450286865, -5.7282891273498535, -10.238389015197754, 4.409128665924072, -1.059340000152588, 5.52372932434082, 0.7221965789794922, 0.9772511124610901, 10.05881118774414, 8.065008163452148, 0.7478442788124084, 10.947808265686035, 0.09275606274604797, -7.357751846313477, 13.964205741882324, 3.2638602256774902, 4.898950099945068, -11.254599571228027, 9.356151580810547, 4.1457343101501465, 12.276375770568848, -18.164627075195312, 1.8136935234069824, 5.797577381134033, -13.137200355529785, 0.5976828336715698, 0.8527565598487854, 10.618813514709473, 1.1201043128967285, -2.0365939140319824, 7.80357551574707, 12.497892379760742, -5.548791885375977, -13.740137100219727, -5.115019798278809, -3.6759402751922607, 10.799463272094727, -6.813627243041992, 14.464308738708496, -6.088856220245361, 9.39975357055664, -4.573639392852783, -12.632043838500977, 5.591939449310303, 14.651554107666016, -9.346694946289062, -7.222692966461182, -10.626002311706543, 16.830997467041016, -9.523896217346191]",1,187.0
188,9606.ENSP00000284981_PD,"[19.792409896850586, 4.692757606506348, 8.238487243652344, 0.09174162149429321, -2.3024039268493652, 4.674666404724121, -17.82240867614746, 18.13503646850586, 4.536895275115967, -1.1748595237731934, 21.056066513061523, -1.5973656177520752, -3.8834190368652344, 1.0274447202682495, -2.520914077758789, -8.446105003356934, -4.4736480712890625, 0.8421252965927124, 8.386836051940918, 16.197050094604492, 4.155223846435547, -7.1541056632995605, -4.844571113586426, 5.50823974609375, -0.8267293572425842, -19.385814666748047, 0.8385917544364929, 12.77789306640625, 3.4834489822387695, -14.760601043701172, 4.843677520751953, -18.881486892700195, -3.7696149349212646, 4.539748668670654, 17.13113021850586, 2.659884452819824, -8.385894775390625, 6.017602443695068, -20.89427947998047, -0.7299110889434814, -15.538986206054688, -1.972133755683899, -8.579845428466797, 4.107460021972656, -3.2131242752075195, -5.546744346618652, 15.914481163024902, -13.746846199035645, -10.130906105041504, 6.9969072341918945, 1.8990421295166016, 16.245328903198242, 5.0472917556762695, 3.1043593883514404, 3.302663803100586, -11.856836318969727, 24.50948715209961, -7.84766960144043, 2.6592016220092773, -13.360499382019043, -19.972272872924805, 4.381048202514648, 2.72688627243042, 2.218184471130371, -4.995455741882324, -3.43563175201416, 5.994403839111328, -22.098918914794922, -5.784998416900635, 3.9534459114074707, 3.6718692779541016, 0.39389902353286743, 0.2592185139656067, -14.894563674926758, -0.06590387225151062, 19.772136688232422, -1.616377353668213, -4.315442085266113, -22.536296844482422, 0.8648681640625, 2.496873378753662, 18.876117706298828, -20.59024429321289, -5.265329360961914, 3.077770709991455, 9.253317832946777, 0.5458165407180786, -17.130695343017578, -0.2898935079574585, 6.929412364959717, -17.671619415283203, 23.936145782470703, 13.024055480957031, 0.5107210874557495, -7.082900047302246, 12.514741897583008, -6.652836799621582, -11.994916915893555, 16.527530670166016, 2.4533591270446777, 16.950101852416992, 11.753215789794922, -21.31342124938965, 15.9727144241333, 4.760876655578613, -4.765192031860352, -7.230808258056641, 1.0561858415603638, 15.334157943725586, -6.992447376251221, -3.5343122482299805, -5.652429580688477, -4.201513290405273, -15.296512603759766, -12.238637924194336, -4.1250104904174805, 7.145593643188477, -13.050277709960938, -14.07169246673584, 17.01093864440918, 19.01093864440918, 2.2259411811828613, 9.240321159362793, 3.8713607788085938, 5.442224502563477, 1.2957544326782227, -17.456113815307617, -7.738401412963867, 9.581954956054688, 7.242626667022705, 18.85907554626465, 4.659491062164307, -7.597978591918945, 8.674288749694824, -11.099419593811035, 3.967789649963379, 0.006865277886390686, 0.14515700936317444, -6.322319984436035, 0.6502229571342468, 15.336675643920898, -6.125036716461182, 4.152860641479492, -25.12100601196289, 18.578325271606445, 4.207123756408691, -10.21617317199707, -6.001042366027832, 14.91427993774414, 2.4513370990753174, 2.9837732315063477, -0.24829648435115814, -4.002706050872803, 1.3231208324432373, -10.104608535766602, 2.8757705688476562, 5.159219741821289, -0.4124498963356018, -3.1941967010498047, 5.221556186676025, -4.665926456451416, -4.8865647315979, -7.433629512786865, -15.738637924194336, 11.151931762695312, 9.366674423217773, 9.264335632324219, 0.5227668285369873, 3.738837242126465, -1.654693603515625, 16.554243087768555, -3.848339319229126, 0.5770241022109985, -5.065803527832031, -4.287685394287109, -2.7098424434661865, 1.7294962406158447, 22.747344970703125, 6.441787242889404, -2.102463722229004, 19.398025512695312, 16.43120002746582, -1.1703763008117676, -6.9618096351623535, -1.5803630352020264, -2.630568265914917, -5.290759086608887, -14.873092651367188, 16.197601318359375, -6.95536470413208, 7.613178253173828, -0.608879566192627, -17.617216110229492, 14.231698036193848, 9.431065559387207, -10.01399040222168, -4.253403663635254, -16.682836532592773, 17.998273849487305, -6.389432430267334]",1,188.0
189,9606.ENSP00000340820_PD,"[6.199508190155029, -4.487996578216553, 4.790351867675781, 6.052135944366455, -0.3055080771446228, 5.536387920379639, -4.584923267364502, 8.101144790649414, -0.5236657857894897, 4.256676197052002, 10.941933631896973, -5.497922897338867, 0.20124374330043793, 1.7241482734680176, -3.2735278606414795, -1.5230357646942139, -7.480873107910156, 9.247344017028809, 6.038784980773926, 6.708966255187988, 0.9733796715736389, -19.43451690673828, -4.721380233764648, 1.1768825054168701, 5.7795820236206055, -1.3007099628448486, 0.7626513838768005, 3.483888864517212, 4.2190752029418945, -7.819825172424316, 1.7321020364761353, -11.99255084991455, 0.6510100960731506, -0.7186762094497681, 12.977783203125, 4.784858226776123, -5.629781723022461, 0.8097877502441406, -8.455404281616211, -3.7577779293060303, -7.811797618865967, -7.206714153289795, -7.446736812591553, 0.7291214466094971, 6.862858295440674, -11.113417625427246, 9.176074981689453, -5.6824212074279785, -13.030975341796875, -3.25498366355896, 8.113524436950684, 10.907398223876953, 11.739816665649414, 0.11174127459526062, 0.6437636613845825, -3.7138822078704834, 9.38578987121582, -3.6661438941955566, 0.26023605465888977, -4.092146873474121, -16.698162078857422, 6.049707889556885, 4.046361446380615, 2.436833381652832, -1.6147276163101196, 4.619388580322266, 0.8576686382293701, -10.648880004882812, 0.9794571995735168, 1.848759651184082, 3.610126256942749, -1.3679261207580566, 7.622647285461426, -6.405961990356445, -2.1306843757629395, 12.983144760131836, 3.220919609069824, -6.2456278800964355, -12.140134811401367, 8.103854179382324, -0.159917950630188, 12.081055641174316, -0.9596443176269531, -2.365938901901245, 5.209441661834717, -0.7417805194854736, -2.4801177978515625, -6.583401203155518, -9.052443504333496, 2.724891185760498, -8.970439910888672, 8.899750709533691, 16.04386329650879, -5.408926963806152, 4.960673809051514, 9.978504180908203, -4.593484401702881, -11.196314811706543, 11.63365650177002, -3.3098502159118652, 9.585375785827637, -0.22446022927761078, -3.672989845275879, 2.322901487350464, 1.7937912940979004, -3.2501049041748047, -2.31184720993042, -2.104689121246338, -1.1758248805999756, -6.472400665283203, -10.010004043579102, 0.173145592212677, -4.663559436798096, -4.978409290313721, -0.739956259727478, -1.4233205318450928, 7.127784252166748, -6.806488513946533, -1.3709807395935059, 13.615331649780273, 7.173384189605713, 3.410439968109131, 3.05657696723938, -4.347146511077881, 8.065079689025879, 3.247802734375, -8.986433982849121, -4.2219157218933105, 8.956820487976074, -1.7662636041641235, 14.974967956542969, 3.075519323348999, 2.87654972076416, 0.7827010750770569, -18.951757431030273, 7.287629127502441, -1.2777531147003174, -1.7187246084213257, 3.3860018253326416, 6.49301290512085, 7.124786376953125, -4.91373872756958, -1.064490795135498, -10.811500549316406, 12.504295349121094, 2.1964540481567383, -13.928234100341797, -7.024504661560059, 7.3044633865356445, 2.1173479557037354, 2.257512092590332, -7.578568935394287, -3.6726768016815186, 5.710755348205566, -7.597451686859131, 4.00471830368042, 1.8273797035217285, 0.9693180322647095, 1.0863690376281738, 3.9058170318603516, -1.484041690826416, 6.113816738128662, 0.5990579128265381, -5.912220478057861, 11.942808151245117, 6.854075908660889, 5.611464977264404, -3.519505262374878, -2.770836591720581, 3.5987191200256348, 5.294119834899902, -6.416296482086182, 0.19816648960113525, 0.08700141310691833, -1.0774608850479126, -0.8863627314567566, 1.4013373851776123, 11.944112777709961, -1.83566153049469, -2.9668068885803223, 10.458090782165527, 9.284684181213379, -3.8614799976348877, -7.697441101074219, -7.937789440155029, -3.556467056274414, -3.6194076538085938, -9.446354866027832, 5.6139302253723145, 0.300165593624115, 7.0080084800720215, -1.788913369178772, -6.005527496337891, 7.558726787567139, 9.407172203063965, -8.926025390625, -7.030880451202393, -8.748201370239258, 8.41805648803711, -6.6275739669799805]",1,189.0
190,9606.ENSP00000298910_PD,"[20.252052307128906, -0.17885100841522217, 8.086654663085938, 3.5223934650421143, -9.638193130493164, 5.015204429626465, -7.492181777954102, 23.514326095581055, -8.109457969665527, 0.04969795048236847, 25.631357192993164, -9.77648639678955, -5.117891311645508, 6.849694728851318, -3.577767848968506, -13.594877243041992, -0.07227224111557007, -0.3109205961227417, 2.559410572052002, 12.052471160888672, 1.7121230363845825, -7.815617084503174, -9.175541877746582, -3.653430700302124, -1.3674362897872925, -16.293962478637695, -2.9229865074157715, 11.706416130065918, 10.684500694274902, -13.845222473144531, 1.5959644317626953, -13.943010330200195, -5.866407871246338, 7.9992218017578125, 21.4017276763916, 0.17238914966583252, -13.853134155273438, 2.474144697189331, -15.770586967468262, -3.8635661602020264, -17.89132308959961, -8.322758674621582, -9.578174591064453, 2.9222006797790527, 10.338069915771484, -8.762271881103516, 14.823781967163086, -12.95315933227539, -17.709503173828125, -2.7184510231018066, 7.215336322784424, 18.137081146240234, 18.732986450195312, 9.429887771606445, -2.6483030319213867, -18.45013427734375, 28.152183532714844, -5.911440849304199, 8.85169792175293, -17.79985237121582, -20.128578186035156, 5.773226737976074, 4.121421813964844, 10.926430702209473, -3.2152950763702393, 0.9212462902069092, 11.50059986114502, -15.213338851928711, -9.889819145202637, 4.722738265991211, 7.253090858459473, 2.148210048675537, 9.523635864257812, -14.40296459197998, -1.2873815298080444, 23.005008697509766, 0.7576045393943787, 4.936537742614746, -24.723154067993164, -0.8562735319137573, 6.936957359313965, 18.978458404541016, -19.01856231689453, -10.53039264678955, 9.921777725219727, 5.632452487945557, -5.774996280670166, -8.462526321411133, -0.7977673411369324, 10.134461402893066, -18.40441131591797, 27.379655838012695, 23.52789306640625, 1.2083362340927124, -10.598592758178711, 19.727569580078125, -2.9882030487060547, -2.794304132461548, 14.94318675994873, 2.645803213119507, 12.796170234680176, 16.94746971130371, -17.142087936401367, 17.05644416809082, 5.636002540588379, 8.698724746704102, -5.926126480102539, -2.4793505668640137, 11.019340515136719, -7.339465618133545, -3.569145917892456, 10.87903118133545, -3.804936170578003, -16.30127716064453, -12.431599617004395, 3.9740936756134033, 7.498074531555176, -17.430469512939453, -3.3549680709838867, 14.341288566589355, 25.75356101989746, 6.1486921310424805, 4.37693452835083, -6.938735485076904, 13.113998413085938, 0.534010648727417, -18.151426315307617, -10.095478057861328, 15.431178092956543, -0.41984307765960693, 14.380534172058105, 4.242617607116699, -0.0341704785823822, -0.10073605179786682, -26.557415008544922, 7.3134870529174805, -3.262622356414795, 1.393573522567749, -2.42429256439209, -4.544862270355225, 12.4501314163208, -2.275909900665283, 3.3505637645721436, -20.66896629333496, 21.727304458618164, 6.456037998199463, -24.24827766418457, -12.806758880615234, 16.224496841430664, -0.24649915099143982, -0.18466874957084656, -3.7655410766601562, -0.9253743886947632, 8.209486961364746, -7.289584636688232, -1.0432113409042358, 7.7075676918029785, 2.2689504623413086, -6.442992687225342, 11.184819221496582, -9.877041816711426, 2.762176036834717, 4.277263164520264, -14.778474807739258, 11.838351249694824, 5.902230262756348, 4.556617736816406, -0.9682142734527588, 6.630837440490723, 3.4924166202545166, 21.893579483032227, -20.42412757873535, -3.140812635421753, 0.4005048871040344, -8.223185539245605, 4.540487289428711, 5.300845146179199, 22.346424102783203, 7.569790363311768, -3.288813829421997, 15.399551391601562, 22.913101196289062, -10.104280471801758, -12.721446990966797, -2.7813022136688232, -9.575379371643066, 1.0050909519195557, -11.053117752075195, 17.619489669799805, -10.17913818359375, 12.7662935256958, 0.9171642065048218, -18.184497833251953, 11.689273834228516, 15.110407829284668, -9.78187084197998, -5.302431106567383, -25.098114013671875, 24.70855140686035, -5.010786533355713]",1,190.0
