,STRING_id,GO_embeddings,LABEL
0,9606.ENSP00000483185,"[6.148111820220947, -0.21417826414108276, 4.261223316192627, 3.4898853302001953, -0.938788115978241, 1.9272656440734863, -1.7401893138885498, 2.546407699584961, -2.9187874794006348, -0.36540406942367554, 6.241321086883545, -4.091946601867676, 1.4894864559173584, -1.0485132932662964, -4.7978034019470215, -0.6974945068359375, -1.573951244354248, 3.066394567489624, 2.250427722930908, 2.110305070877075, -2.2558319568634033, -3.149662494659424, -0.5073632001876831, 0.7187806367874146, -0.8411312103271484, -2.213440418243408, 0.8983615040779114, 1.7760452032089233, 3.3778700828552246, -3.0528860092163086, -2.2278168201446533, -5.278875827789307, 0.3494110107421875, -1.832471251487732, 2.277676820755005, 2.2739624977111816, -3.96287202835083, -0.11892290413379669, -4.261619567871094, -3.220717191696167, -3.4209694862365723, 2.7810864448547363, -3.1021811962127686, 0.4283589720726013, -2.8447093963623047, -0.29266130924224854, 3.3600478172302246, -2.2155981063842773, -4.102997303009033, -3.37389874458313, 1.5171087980270386, 1.526894211769104, 1.817237138748169, 0.36646363139152527, -0.3656435012817383, -6.3339643478393555, 6.3550825119018555, -3.3678269386291504, -0.3076222240924835, -2.3806018829345703, -6.765253067016602, 4.755125045776367, 4.400460243225098, -0.0825398713350296, -1.296924352645874, 1.923474907875061, 2.0414161682128906, -4.269591331481934, -1.3022657632827759, 4.720487117767334, 2.992302894592285, 1.5389151573181152, 0.44568657875061035, -2.980874538421631, -1.5391935110092163, 5.877425193786621, 3.4047067165374756, -2.7283425331115723, -3.8985095024108887, 3.1756057739257812, -0.9460020065307617, 5.775334358215332, -3.0645642280578613, 1.7283395528793335, 2.5305566787719727, -0.8136340379714966, -4.682929515838623, 0.2004820704460144, -5.528774261474609, -0.7794296145439148, -1.9699864387512207, 3.3258867263793945, 5.633872985839844, -3.046860694885254, -0.05692914128303528, 0.25075507164001465, -4.571508884429932, 2.2586746215820312, 2.8360049724578857, -2.568235397338867, 4.130909442901611, 4.795933723449707, -2.4099881649017334, 3.6311185359954834, 4.477181911468506, 3.4717206954956055, -3.8006582260131836, -0.6341522932052612, -0.5132203102111816, 1.643740177154541, 1.4632970094680786, 3.2532596588134766, -2.138514280319214, 0.5912457704544067, -2.7091867923736572, 1.1909167766571045, -0.9021110534667969, -4.499128818511963, -1.0940117835998535, 1.1126556396484375, 4.861252784729004, 2.159578323364258, 6.312024116516113, 3.280200719833374, -1.5488948822021484, 3.654038906097412, -4.086127758026123, -3.052100419998169, 4.907999515533447, -2.9240522384643555, 3.6594579219818115, 3.254735231399536, -0.05295044183731079, 3.2804577350616455, -3.5297622680664062, 3.245380163192749, -3.695964813232422, -3.4815683364868164, -1.0867114067077637, 2.7033135890960693, 2.8482930660247803, 0.3786815404891968, 0.6960349082946777, -6.358407974243164, 3.072523355484009, 3.4984865188598633, -2.6682024002075195, 2.054506540298462, 3.8779518604278564, -0.8681795597076416, 1.6953043937683105, -3.607728958129883, -0.2761216163635254, 5.270123481750488, -2.959188461303711, -1.69296133518219, 0.9699316620826721, -2.255439281463623, -4.715510845184326, 0.06895405054092407, 1.5391557216644287, -1.0513110160827637, -2.687330961227417, -2.6983091831207275, 0.5258647203445435, 0.8125772476196289, -3.1828911304473877, 0.544972836971283, 0.06108883023262024, -2.8023335933685303, 3.3325650691986084, -0.39739012718200684, 3.6135616302490234, -0.7655239701271057, 1.884887933731079, 5.455580711364746, 2.5646095275878906, 4.456551551818848, 3.9225776195526123, -4.541524410247803, 7.7884345054626465, 6.105099201202393, -1.4444398880004883, 0.9498481154441833, -3.428215980529785, -0.5219494700431824, 0.05494898557662964, -4.2853593826293945, 5.486629009246826, -0.4710808992385864, 1.1161657571792603, 0.7440545558929443, -4.875610828399658, 4.405778408050537, 0.8435553908348083, 0.28456389904022217, 2.2866578102111816, -4.767247200012207, 2.7941577434539795, -3.7853734493255615]",0
1,9606.ENSP00000357876,"[1.3751882314682007, -0.10267198085784912, 3.436640501022339, 2.7998554706573486, 0.5507540106773376, 1.624464988708496, 0.21135729551315308, -0.20760297775268555, -1.6026273965835571, 0.09021392464637756, 1.1295291185379028, -1.795809030532837, 0.24144327640533447, -1.6386325359344482, -2.1809473037719727, 0.914021909236908, 2.0255022048950195, 0.890761137008667, 1.9995100498199463, 0.18795879185199738, -1.4024848937988281, -2.6092588901519775, 1.4310160875320435, 3.0536437034606934, -2.5748791694641113, -0.1876489520072937, -0.24086837470531464, 0.6134527921676636, 0.2858025133609772, -0.14532877504825592, -2.266996383666992, -2.513948440551758, 0.8761681914329529, -0.6107146739959717, -0.7759059071540833, -1.0275559425354004, -1.2778533697128296, -2.3373937606811523, -1.57361900806427, -2.305577278137207, -0.35825592279434204, -0.5400089025497437, -2.8468363285064697, 0.9513842463493347, 0.1637173295021057, -1.9173872470855713, 0.031899064779281616, 0.4016682207584381, -0.42562854290008545, -1.9912852048873901, 3.3693346977233887, 1.2612828016281128, -1.1540435552597046, -1.4617903232574463, 0.5210869312286377, -0.15544089674949646, 1.432822823524475, -2.580275535583496, 1.0004944801330566, 0.1603316366672516, -1.787919044494629, 3.771045684814453, 2.972322940826416, 0.43499645590782166, -0.5673590898513794, 1.3826038837432861, 2.767674446105957, -1.6769697666168213, 1.3315024375915527, 1.2840497493743896, 0.621609091758728, -0.790688693523407, -1.2800360918045044, 1.1134982109069824, -2.5921006202697754, 0.22072434425354004, 0.33904701471328735, -1.1056002378463745, -0.3788757026195526, 2.883077383041382, -2.0423102378845215, 1.1095547676086426, 0.8810202479362488, 0.8334840536117554, -1.7258191108703613, 0.4334702789783478, -3.215695381164551, 1.1190013885498047, -2.5219337940216064, 0.2836857736110687, -1.1047223806381226, -0.2698790431022644, 1.2946009635925293, -0.6526747941970825, -0.6946712732315063, 2.358607292175293, -2.0147221088409424, 0.7416436672210693, -0.46317917108535767, 0.7783732414245605, 0.44692230224609375, 0.31055909395217896, 0.02931460738182068, 2.0545077323913574, 0.8397753238677979, 3.9864871501922607, -2.551212787628174, -0.6690353155136108, -0.8822669982910156, -0.3401668965816498, 1.9648820161819458, 1.650266170501709, -2.7325971126556396, 0.8660918474197388, 0.7960683107376099, 3.006641149520874, -1.4967347383499146, -0.8173406720161438, 0.32679420709609985, 0.041679590940475464, 0.9612417221069336, -0.015347063541412354, 1.1430610418319702, -0.25716638565063477, -1.4219406843185425, 2.512650966644287, -0.24576744437217712, -1.3165383338928223, 0.6610031127929688, -3.046067714691162, 1.2798947095870972, 2.3066468238830566, -2.2212038040161133, 2.794079542160034, 0.1993752419948578, 2.6267342567443848, -0.7893766164779663, -2.8996145725250244, 0.8165625929832458, 0.7242116928100586, 0.9726665616035461, 1.6900744438171387, 2.208160161972046, -0.9206540584564209, 2.238341808319092, 3.3539586067199707, -0.976058304309845, 1.1890360116958618, -1.4690512418746948, -1.7250499725341797, 2.5254247188568115, -1.4858747720718384, -2.9566099643707275, 2.229177474975586, -2.3885223865509033, -2.45552921295166, -2.2310967445373535, -2.5616114139556885, -0.6621305346488953, 2.0200788974761963, 0.807485818862915, -0.03720211982727051, -2.3471975326538086, -0.9428650140762329, -0.4300580620765686, 0.3970814645290375, -1.3627153635025024, -0.043303459882736206, -0.044409602880477905, 0.6436609029769897, 0.7513072490692139, 0.7430880665779114, 2.2585253715515137, 0.2674768269062042, 1.558571696281433, 0.9344223737716675, 1.3140836954116821, 0.34794601798057556, 2.8052902221679688, -0.6120642423629761, 2.896223545074463, 0.8147696256637573, -0.378584623336792, -1.3133213520050049, -3.0159294605255127, 0.31449568271636963, -0.46614527702331543, -2.0642197132110596, -0.9054598808288574, -1.354978084564209, 1.547311782836914, -0.9933013319969177, -1.6672531366348267, -0.7151260375976562, 1.6305809020996094, 1.8948496580123901, -0.23914238810539246, -1.0192819833755493, 0.7421424984931946, -1.6232949495315552]",0
2,9606.ENSP00000284981,"[18.986400604248047, 3.63407301902771, 9.584567070007324, 1.5143444538116455, -1.0664372444152832, 5.898946762084961, -19.7898006439209, 16.640823364257812, 2.5851216316223145, -1.8529011011123657, 20.67135238647461, -2.646782159805298, -2.2370331287384033, -0.696457028388977, -3.6017608642578125, -8.928979873657227, -2.4579005241394043, 2.4802651405334473, 10.505074501037598, 14.500592231750488, 2.0310568809509277, -8.589547157287598, -2.9785547256469727, 5.6382365226745605, -0.8000531792640686, -19.8726749420166, 2.57570743560791, 11.016894340515137, 5.462910175323486, -14.63644027709961, 4.508758544921875, -20.810375213623047, -2.5592904090881348, 4.176207542419434, 17.23529052734375, 2.5237717628479004, -9.409610748291016, 3.7444443702697754, -21.45299530029297, -1.7892488241195679, -14.922370910644531, 0.34292304515838623, -8.582592010498047, 2.3506546020507812, -2.9093382358551025, -5.692527770996094, 17.521793365478516, -13.307230949401855, -12.139772415161133, 5.678544044494629, 3.3593835830688477, 16.883689880371094, 3.8475351333618164, 1.1871401071548462, 4.5838141441345215, -12.503859519958496, 23.770463943481445, -8.4815034866333, 1.8018360137939453, -13.905801773071289, -20.23676300048828, 5.081146240234375, 2.4697790145874023, 0.8802052736282349, -3.1759095191955566, -1.9830827713012695, 6.086358070373535, -22.881614685058594, -3.9694180488586426, 4.478709697723389, 4.635684490203857, 2.631472110748291, -1.1825600862503052, -14.477739334106445, -2.222660779953003, 20.61505126953125, 0.3083665370941162, -6.880574703216553, -21.890472412109375, 2.9067108631134033, 0.9439932107925415, 19.742237091064453, -19.730201721191406, -4.5286545753479, 4.823229789733887, 8.260229110717773, 1.0716807842254639, -15.889325141906738, -2.3950905799865723, 4.97637414932251, -17.205623626708984, 22.99384117126465, 14.42603588104248, -1.6945174932479858, -7.205440044403076, 11.915578842163086, -7.107997894287109, -10.810014724731445, 18.168420791625977, 1.5505192279815674, 17.62729263305664, 13.214083671569824, -19.696805953979492, 16.802284240722656, 6.119100570678711, -3.306623935699463, -9.261504173278809, -0.5132198333740234, 14.68799877166748, -7.369396686553955, -1.8521969318389893, -3.9538254737854004, -4.541578769683838, -15.63812255859375, -11.805274963378906, -1.8043224811553955, 7.626424789428711, -12.48747444152832, -15.33813190460205, 16.407724380493164, 18.53485679626465, 5.44334602355957, 10.155158996582031, 5.762041091918945, 3.913062334060669, 3.598214864730835, -16.793270111083984, -9.024248123168945, 9.289051055908203, 5.1350932121276855, 19.756898880004883, 5.731498718261719, -7.417917251586914, 9.021780014038086, -9.95626449584961, 4.837769508361816, -1.3430472612380981, -0.4831259548664093, -6.323969841003418, 2.8393068313598633, 15.805225372314453, -4.232062816619873, 3.300291061401367, -24.50444221496582, 19.251386642456055, 4.360154151916504, -9.959562301635742, -5.621112823486328, 14.655912399291992, 1.6616458892822266, 5.035641193389893, -1.4199602603912354, -3.6980159282684326, 2.7618749141693115, -11.335838317871094, 2.790245532989502, 3.3921847343444824, -1.4609968662261963, -3.3803560733795166, 3.0247325897216797, -3.032686233520508, -7.51621150970459, -8.772894859313965, -16.81416893005371, 11.373519897460938, 10.179484367370605, 9.779754638671875, 0.3886914551258087, 3.8405628204345703, -2.86659574508667, 16.237533569335938, -2.4620554447174072, 1.3059073686599731, -6.684021949768066, -3.0448529720306396, -1.214604377746582, 3.462660551071167, 23.57439422607422, 7.3309502601623535, -4.1043219566345215, 21.729557037353516, 17.350500106811523, -0.3836034834384918, -4.863709926605225, -3.3760886192321777, -0.6782696843147278, -7.09524393081665, -16.319169998168945, 16.308780670166016, -4.189037799835205, 8.068060874938965, 0.1404929906129837, -16.821094512939453, 15.581274032592773, 6.7060346603393555, -9.080503463745117, -2.1264069080352783, -16.359851837158203, 17.69667625427246, -6.836611270904541]",0
3,9606.ENSP00000403362,"[6.191392421722412, -1.392783761024475, 3.6636688709259033, 5.862049579620361, -2.6468000411987305, 3.7888731956481934, -0.14755459129810333, 0.6662115454673767, -3.598820447921753, 1.360496163368225, 4.268915176391602, -6.529333591461182, 1.2133142948150635, 0.018562793731689453, -7.92293643951416, -1.353090763092041, -0.579780101776123, 5.028725624084473, 3.271799087524414, 2.8090310096740723, -5.171789646148682, -7.718866348266602, -0.1221945732831955, 1.0837503671646118, -2.6263136863708496, -0.6850017309188843, -0.8036303520202637, 2.0049142837524414, 4.4019083976745605, -0.4782002866268158, -3.603093385696411, -6.323520660400391, -0.1568751037120819, -0.3642730116844177, -1.2611838579177856, 2.929555654525757, -1.8426642417907715, -1.3174386024475098, -3.208875894546509, -4.83420467376709, -0.8854914903640747, 0.10175071656703949, -5.0865559577941895, 2.6683149337768555, -1.867883563041687, 1.007468819618225, 5.86837911605835, -2.48557186126709, -7.041559219360352, -3.9220259189605713, 6.373504638671875, 1.7018147706985474, 1.021730899810791, 2.2509102821350098, -0.9662430882453918, -3.857215166091919, 4.870266437530518, -6.110518932342529, -0.23845365643501282, 0.3890916705131531, -7.518521785736084, 5.47960090637207, 5.8831634521484375, 1.2824527025222778, -2.4075169563293457, 3.7384815216064453, 1.4233431816101074, -4.409444808959961, -2.2284560203552246, 4.144989967346191, 4.728219509124756, 2.8301913738250732, 2.5654444694519043, -5.0475358963012695, -3.287437677383423, 4.898374557495117, 5.852090835571289, -3.012427568435669, -3.5487523078918457, 5.046439170837402, -3.120006561279297, 7.47540807723999, -6.0063557624816895, 0.698096752166748, 8.547248840332031, -0.16424110531806946, -6.407017707824707, -0.5554081201553345, -5.053040981292725, -0.37470245361328125, -1.376399278640747, 3.7206130027770996, 6.271665573120117, -5.231051445007324, -0.6354944705963135, 1.734673023223877, -6.308196544647217, 4.025918006896973, 5.448183059692383, -3.4936957359313965, 1.9435858726501465, 5.06977653503418, -3.4191243648529053, 2.4749667644500732, 6.658710479736328, 5.320784568786621, -4.308849334716797, -1.9701308012008667, 1.304648518562317, 2.0171406269073486, 0.2313598245382309, 5.1998291015625, -6.313874244689941, -0.6913899779319763, -1.6174968481063843, 2.675546646118164, -0.9959361553192139, -2.8605287075042725, 1.7391306161880493, 2.417562961578369, 5.684799671173096, 3.3325278759002686, 5.646923065185547, 1.7182190418243408, 0.9223929047584534, 5.141969203948975, -6.345381259918213, -6.464080333709717, 5.272974491119385, -3.0556516647338867, 2.9422342777252197, 6.025154113769531, 0.7083547115325928, 4.381387710571289, -3.85060715675354, 1.6148014068603516, -4.4579362869262695, -4.607949256896973, 1.276914358139038, 5.529512405395508, 7.156253814697266, 0.6891991496086121, 2.7703990936279297, -6.5691728591918945, 4.900397300720215, 5.316453456878662, -4.308211803436279, 1.9277576208114624, 4.605373382568359, -2.653700351715088, 3.0278265476226807, -5.6813836097717285, -4.045046806335449, 6.543035507202148, -3.126298189163208, 0.4291553199291229, 1.7091697454452515, -3.5657646656036377, -6.7331037521362305, 0.22454196214675903, -0.539753258228302, 2.458759069442749, -1.1814539432525635, -0.5343023538589478, 3.7999320030212402, 3.208296537399292, -4.854397296905518, -0.2688046097755432, -0.4467165768146515, -2.177985191345215, 7.917582988739014, -4.166614532470703, 3.544323682785034, -2.209552049636841, -0.1370699107646942, 6.566208839416504, 4.169161796569824, 4.668938636779785, 7.003238677978516, -4.401225566864014, 7.879177093505859, 3.766235589981079, -1.1979223489761353, 1.1468937397003174, -6.41571044921875, 1.011305570602417, -1.775434970855713, -5.115218639373779, 4.007818222045898, -2.3455755710601807, 0.5440577864646912, 0.5669498443603516, -5.079291343688965, 1.2120486497879028, 2.15090012550354, -1.3510992527008057, 1.6939367055892944, -5.300946235656738, 5.531369209289551, -5.080069065093994]",0
4,9606.ENSP00000316779,"[5.9762282371521, -2.5365772247314453, 8.292832374572754, 6.4890007972717285, 1.621741533279419, 4.817073822021484, -2.615615129470825, 0.5587056875228882, -3.546431541442871, 0.8584480285644531, 8.359708786010742, -4.381385326385498, 3.371002674102783, -2.7061192989349365, -9.688874244689941, -2.1627042293548584, -0.6691377758979797, 5.25852632522583, 6.272292137145996, 1.774876356124878, -2.9642996788024902, -10.291250228881836, -2.1053786277770996, -0.3212678134441376, -2.511099100112915, 0.37703853845596313, 3.8560590744018555, 3.605830669403076, 5.085360050201416, -6.406559944152832, -1.4762818813323975, -11.215384483337402, -1.8233518600463867, 0.052299678325653076, 5.9256978034973145, -2.262577533721924, -8.242981910705566, -6.237294673919678, -6.678328037261963, -5.45988130569458, -6.7263407707214355, 1.997776985168457, -6.822510242462158, 0.14191123843193054, -6.977972030639648, -5.060769557952881, 7.017026424407959, -2.5931026935577393, -8.440180778503418, -5.835151195526123, 6.032691955566406, 7.416746616363525, 4.710213661193848, 1.5475009679794312, 3.3496007919311523, -7.258127689361572, 5.325097560882568, -3.8176660537719727, -2.1646103858947754, -4.866389751434326, -10.865766525268555, 6.686639308929443, 6.889708518981934, 1.178905963897705, -1.6396820545196533, 3.383816957473755, 4.730704307556152, -3.5838348865509033, 2.053067207336426, 4.123579502105713, 8.303360939025879, 4.782830238342285, -1.908277988433838, -2.8356010913848877, -2.246692180633545, 10.887290954589844, 3.354515552520752, -6.576144218444824, -5.658561706542969, 6.43899393081665, -1.1027528047561646, 7.792910575866699, 0.7057178616523743, -2.628547430038452, 5.773414611816406, -1.6347769498825073, -3.607351064682007, -3.036010503768921, -8.074305534362793, -1.0789158344268799, -5.320935249328613, 6.979449272155762, 9.375102043151855, -7.099142551422119, -5.163809299468994, 6.565693378448486, -3.9467709064483643, -1.8878352642059326, 7.152215957641602, -4.654272556304932, -1.3973298072814941, 2.688527822494507, -5.189933776855469, 7.6455769538879395, 6.465301036834717, 1.473388671875, -7.644576072692871, -1.1079891920089722, -1.624455451965332, -1.2923507690429688, 2.1409616470336914, 6.899627208709717, -9.311432838439941, -2.8816418647766113, 2.36356782913208, 2.6543357372283936, 4.664919853210449, -7.21632719039917, -0.7762078642845154, 5.433614730834961, 6.589626312255859, 4.103581428527832, 7.121746063232422, 2.258049249649048, -1.4392192363739014, 6.1643571853637695, -3.617011785507202, -5.293259143829346, 1.2526423931121826, -1.8325746059417725, 4.683265686035156, 4.63652229309082, 0.5238163471221924, 7.309356689453125, -9.553224563598633, 7.0227227210998535, -0.4217991828918457, -1.100334882736206, -1.3499728441238403, 4.552964687347412, 7.731475353240967, 2.3367879390716553, 0.5377432107925415, -8.375506401062012, 4.938754558563232, 5.561034202575684, -6.292065143585205, -0.3603123128414154, 4.511048316955566, -3.1469976902008057, 2.7644295692443848, -4.734439373016357, -6.504705905914307, 5.460033893585205, -4.237424373626709, -2.5810985565185547, -1.845682144165039, -0.18768653273582458, -4.406303882598877, 1.8984026908874512, 3.335233688354492, 3.2667319774627686, -3.895901918411255, -4.864503860473633, 5.5206098556518555, 3.778701066970825, 0.1932799071073532, 0.7601338624954224, -0.34751540422439575, 1.044859766960144, 3.520050048828125, -4.431575775146484, 4.580342769622803, -2.5537731647491455, -0.4466332197189331, 6.640897274017334, 1.4715712070465088, 6.116690635681152, 2.7573578357696533, -7.029928207397461, 6.339151382446289, 10.326990127563477, -2.291316032409668, -1.3795019388198853, -2.9482979774475098, -2.7093513011932373, 1.1708952188491821, -6.541770935058594, 9.82836627960205, -2.149238109588623, 6.635055065155029, -3.8481690883636475, -5.030420303344727, 0.9087347984313965, 0.6037232875823975, 2.4199981689453125, 3.7701380252838135, -4.081003665924072, 4.890697956085205, -7.760483741760254]",0
5,9606.ENSP00000410339,"[3.222290515899658, -1.6401177644729614, 0.9671074151992798, 2.305691719055176, -0.7123775482177734, 0.3852108120918274, -0.7147310972213745, 0.1603836715221405, -1.861971378326416, 1.7280220985412598, 2.075299024581909, -3.1386098861694336, 0.6562436819076538, 0.7074565291404724, -2.2522177696228027, -1.542409896850586, 0.2380269169807434, 2.8189356327056885, -0.1013372540473938, 0.4462346136569977, -2.0639431476593018, -2.3175137042999268, 0.8649157285690308, -0.005472004413604736, -0.34510475397109985, -0.6025017499923706, 0.9214944243431091, -0.2762938439846039, 1.4569206237792969, -1.7925584316253662, 0.6046644449234009, -2.248495101928711, -0.9243913888931274, -2.70664119720459, 3.984919548034668, -0.31768929958343506, 2.0946831703186035, -3.6593029499053955, -0.8527011871337891, -3.010840654373169, -2.732229232788086, 1.5856631994247437, -1.997321605682373, -0.37528854608535767, -1.356269359588623, -1.4181698560714722, 3.1968183517456055, 0.1469799280166626, -4.680975437164307, -1.0424771308898926, 2.340090274810791, 3.063927173614502, 0.8163914680480957, -0.46361884474754333, 0.905872106552124, -1.2318270206451416, 1.6932951211929321, -2.1724841594696045, 1.8004326820373535, -3.5739190578460693, -3.6105270385742188, 2.227729320526123, 1.056670904159546, 0.7401201725006104, -0.7135661840438843, 3.067530632019043, 0.46877747774124146, -3.164517879486084, -0.7343218922615051, 2.64981746673584, 1.0363702774047852, 0.8369827270507812, -0.14620572328567505, -0.6405853629112244, -3.5838308334350586, 4.303744316101074, 2.2825634479522705, -1.5497608184814453, -1.6947839260101318, -0.3837129473686218, 1.0409190654754639, 4.83507776260376, -1.386484980583191, 0.23164315521717072, 2.9740710258483887, -2.3142342567443848, -2.9930965900421143, 1.8994238376617432, -2.634498119354248, 1.1657404899597168, -3.30167293548584, 4.377292156219482, 4.445446014404297, -2.081913709640503, -2.6106820106506348, 3.342665433883667, -1.8146673440933228, 1.5348201990127563, 3.8864383697509766, -0.096734918653965, 2.413705825805664, 4.473197937011719, -3.7187376022338867, 1.3488539457321167, 3.6396477222442627, 2.2667734622955322, -1.8907740116119385, -1.975499153137207, -0.45253264904022217, -1.4603745937347412, -1.2711235284805298, 4.392647743225098, -2.5881175994873047, -2.0526297092437744, -2.447421073913574, 1.9861719608306885, 1.7120097875595093, -2.132493495941162, -0.026475727558135986, 1.9860022068023682, 1.0925639867782593, 2.6891016960144043, 3.4389243125915527, -1.071875810623169, 0.7600527405738831, 1.8965551853179932, -1.493552565574646, -1.7282381057739258, 1.1076816320419312, -3.0253920555114746, -0.3421415388584137, 1.6058436632156372, 0.7126644849777222, 2.4581382274627686, -1.572390079498291, 1.4590160846710205, -2.254629611968994, -1.2357494831085205, -0.23034662008285522, 0.21351119875907898, 1.848751425743103, -0.4051879942417145, 0.02930547297000885, -2.1832261085510254, 2.0605075359344482, 1.9322330951690674, -2.6476917266845703, -2.0208864212036133, -0.23622503876686096, -2.548882007598877, 0.7642995119094849, -2.0709760189056396, 0.5962239503860474, 4.252617359161377, -1.9531080722808838, 0.3889482915401459, 1.7998617887496948, -1.7623049020767212, -1.8672683238983154, -0.8815032243728638, 0.6054724454879761, -0.6586476564407349, -1.3406153917312622, -1.0072333812713623, -0.518629789352417, -0.34755709767341614, 0.33899521827697754, 0.15795323252677917, -2.170897960662842, 0.13979458808898926, 3.8760125637054443, 0.3827248811721802, 4.615573883056641, 0.0010033845901489258, 2.913860321044922, 0.797478199005127, 3.0429940223693848, 3.3683862686157227, 1.9207842350006104, -2.5247671604156494, 4.313866138458252, 2.648608684539795, -0.43064308166503906, 0.2975218892097473, 0.06661218404769897, -1.4969446659088135, -2.5287866592407227, -2.6752588748931885, 2.2070538997650146, -0.30480512976646423, 3.120468854904175, 0.713087797164917, -1.6834877729415894, 3.40998911857605, -2.163090467453003, -0.011125802993774414, 0.48527199029922485, -4.328818321228027, 2.576646566390991, -3.5365841388702393]",0
6,9606.ENSP00000303634,"[1.1644152402877808, -4.625566482543945, 2.2515249252319336, 5.87218713760376, 0.7696507573127747, 0.40147483348846436, -4.296200275421143, 0.9068148136138916, -0.4929916262626648, -4.2058024406433105, 5.472459316253662, -2.591432809829712, -1.899269461631775, 1.4950200319290161, -3.5838992595672607, 0.6060255765914917, -5.832073211669922, 5.38980770111084, 3.559434413909912, 5.052325248718262, -2.473132848739624, -4.707780361175537, -3.474762439727783, -0.6335387229919434, -0.4715140759944916, -3.1999740600585938, 1.0870888233184814, 2.0914900302886963, 1.6653406620025635, -3.09233021736145, -1.6666882038116455, -5.6512556076049805, -1.9477760791778564, -1.1487352848052979, 8.755786895751953, -1.2062020301818848, -7.978278160095215, 0.09450587630271912, -4.294981956481934, -2.3705055713653564, -3.3877041339874268, -2.5696609020233154, -3.607022762298584, 1.2886592149734497, 4.150195121765137, -6.200000762939453, 6.8070597648620605, -5.046279430389404, -4.026829719543457, -1.0938564538955688, 4.320548057556152, 4.3474955558776855, 1.8577358722686768, 3.328007936477661, 3.237945556640625, -3.434051275253296, 3.6928601264953613, -0.881646990776062, -3.194143295288086, -0.5661868453025818, -4.9817962646484375, 0.9104781150817871, 1.7069334983825684, 3.4480559825897217, -1.6244674921035767, -1.278720498085022, 4.802402019500732, -0.6534686088562012, -4.151313781738281, 1.2856552600860596, 3.3746843338012695, -0.736595630645752, 5.216669082641602, -4.801224708557129, -0.49116402864456177, 6.47942590713501, 1.6785250902175903, 2.4977152347564697, -2.340554714202881, 2.1492888927459717, 3.0419888496398926, 3.9077887535095215, -1.3002827167510986, -3.398592948913574, 5.440779685974121, -2.414774179458618, -4.022947788238525, -0.19295907020568848, -2.902737617492676, 2.3546814918518066, -3.0917017459869385, 2.438283920288086, 6.400395393371582, -4.489748954772949, 1.3342965841293335, 3.796873092651367, -2.2686140537261963, 0.5307902097702026, 4.559995651245117, 0.29642295837402344, 2.742408037185669, 3.9311366081237793, -0.4410548210144043, 3.958927631378174, 3.8001060485839844, -0.10501053929328918, -3.718675374984741, -1.6048418283462524, -0.7480347156524658, 3.6687259674072266, -3.944892644882202, -0.42502859234809875, -0.9959312081336975, -3.506838321685791, 0.1950494945049286, -0.5876182317733765, 5.66958475112915, -5.77392053604126, -6.827686309814453, 1.1425727605819702, 7.47166633605957, 0.1705089956521988, 3.7522671222686768, 2.639308214187622, 3.602306365966797, 2.930103302001953, -0.19986315071582794, -4.777359962463379, -2.0131096839904785, -1.9279879331588745, 3.3200743198394775, 1.1592142581939697, 1.7084935903549194, 5.654238224029541, -4.329540729522705, 2.602595806121826, -3.7766809463500977, -0.6302489638328552, -1.5839799642562866, 1.0884605646133423, 3.9464590549468994, -1.2280473709106445, -0.9656648635864258, -6.953673362731934, 1.7638089656829834, 3.025902509689331, -3.0028300285339355, -0.23565998673439026, 2.3847405910491943, 1.5597968101501465, -0.03641907870769501, -1.5727007389068604, -5.493068218231201, 3.302936553955078, -5.554844379425049, 7.942010879516602, 0.11765660345554352, -1.9619377851486206, -0.935721755027771, 1.4582879543304443, 1.1430516242980957, 0.5882507562637329, -1.9262280464172363, -5.062024116516113, 4.808624267578125, 1.4937810897827148, 2.094987630844116, -1.7619514465332031, 0.9835646748542786, 2.404634475708008, 1.7904438972473145, -2.001307725906372, 2.122988224029541, -1.020040512084961, -2.8089563846588135, -0.5418581962585449, 1.162448525428772, 3.7919352054595947, 2.5177907943725586, -2.186856508255005, 5.689216613769531, 4.506667137145996, -4.585989952087402, -4.8808417320251465, -2.7794792652130127, -2.1177940368652344, -0.9771246314048767, -3.815418004989624, 5.983957767486572, -1.2547247409820557, 3.282602071762085, 0.8861130475997925, -0.12107981741428375, 1.653247356414795, 5.313350200653076, -2.4561965465545654, -0.15388043224811554, -5.9333672523498535, 4.86720609664917, -4.073495864868164]",0
7,9606.ENSP00000409555,"[4.003589153289795, 0.46117472648620605, 2.007138252258301, 1.0905539989471436, -0.44337207078933716, -1.5828282833099365, 1.7708854675292969, 4.015959739685059, 0.6025530099868774, 1.6630557775497437, 4.380072593688965, -1.426276683807373, -3.361114501953125, 1.33967924118042, 1.3466631174087524, -2.9321699142456055, -3.374433994293213, -0.430835098028183, 0.8932899236679077, -0.04164034128189087, -0.683928370475769, 0.327771931886673, -1.3770742416381836, 0.3738655745983124, 0.6212553977966309, -1.950408697128296, 0.9415024518966675, 3.5198118686676025, -0.04753711819648743, -2.4206326007843018, -0.3365357518196106, 0.7155276536941528, 0.8640251159667969, 2.604084014892578, 2.7710065841674805, -3.7483458518981934, 0.44970056414604187, -0.29989543557167053, -1.2343921661376953, 0.6502695679664612, -2.5018792152404785, -2.117550849914551, -5.858705997467041, 0.034294068813323975, 2.533189535140991, 1.1522718667984009, 5.9717206954956055, -3.8653128147125244, -3.8062078952789307, -3.04367995262146, 2.014289379119873, 3.211097240447998, 2.1353652477264404, -0.693248987197876, -0.535173773765564, -1.1814491748809814, 5.369776248931885, -3.5501222610473633, 4.8698554039001465, -6.0282816886901855, -4.059638500213623, -0.9762427806854248, 2.6735737323760986, 1.5001965761184692, 0.5964843034744263, 1.5553678274154663, 4.758742332458496, -0.21007341146469116, 0.3524990379810333, 0.7439932227134705, -0.05096423625946045, 1.6944767236709595, -0.06170234829187393, -1.7460522651672363, -0.37750017642974854, 2.45206880569458, -1.7371768951416016, 2.8616511821746826, -2.7929389476776123, -0.48642992973327637, 2.0168285369873047, 4.102377414703369, -3.6936235427856445, -0.5098556876182556, 3.1337966918945312, 3.156956672668457, 0.8596683740615845, -3.2416303157806396, 0.1661449521780014, 0.6300172209739685, -2.3878607749938965, 5.192193508148193, 5.255223274230957, 3.2637393474578857, -2.996861219406128, 5.646106719970703, -2.100243091583252, 0.3804508149623871, 5.551169395446777, 1.0286638736724854, 0.8535504341125488, 1.6294647455215454, -4.003844738006592, 3.480473041534424, -2.1784915924072266, 0.07857941091060638, -1.4671943187713623, 1.7063519954681396, 3.171187400817871, -2.9919955730438232, 1.385770559310913, -0.29499030113220215, -0.6815824508666992, -2.702577829360962, -3.1535732746124268, 2.244480609893799, 3.6104564666748047, -3.0088396072387695, -0.5645060539245605, 2.434825897216797, 5.678912162780762, -0.6648481488227844, 2.096303939819336, -0.5147225856781006, 0.42989030480384827, -0.5356012582778931, -1.0340937376022339, 1.3200165033340454, 4.166628837585449, 2.1090714931488037, 2.000014066696167, 3.540356397628784, -2.7805593013763428, 0.8852417469024658, -5.338394641876221, 2.314671754837036, -0.8897303342819214, -4.9693145751953125, -3.291743278503418, 0.5740132331848145, 2.994283676147461, -2.6131374835968018, 1.3485053777694702, -4.934352874755859, 2.597731828689575, 3.7424943447113037, -2.4501495361328125, -5.791618347167969, 1.8243961334228516, 0.13424506783485413, 0.0451907217502594, -0.9708802700042725, 1.5195988416671753, -0.9958593845367432, 0.9569725394248962, -1.5477852821350098, -1.0610665082931519, 1.9051287174224854, 1.4416394233703613, 2.6755354404449463, -1.9250612258911133, -0.7874041795730591, 1.0418108701705933, -1.6010016202926636, 0.3407433331012726, 0.4650471806526184, 1.5905650854110718, -0.7279430627822876, -1.723812460899353, 0.7200117707252502, 4.548410415649414, -2.2071433067321777, 3.41886043548584, 2.1720471382141113, -1.4896504878997803, -2.076479911804199, -0.7653586864471436, 1.998521327972412, -0.3773229718208313, -0.2542535662651062, 2.818049430847168, 2.8371036052703857, -3.0142502784729004, -1.1313525438308716, -1.0922610759735107, -0.6855458617210388, 0.20920851826667786, -2.5463216304779053, 4.622954368591309, -1.1420035362243652, 0.9457390308380127, 1.7240327596664429, -5.940248489379883, 2.51865291595459, 4.676245212554932, -3.287419557571411, -1.8831050395965576, -2.3792331218719482, 2.3887124061584473, -0.47621631622314453]",0
8,9606.ENSP00000477213,"[1.4508181810379028, -1.0007990598678589, 1.361467957496643, 0.7220672369003296, -1.9270126819610596, 0.7237513661384583, 0.3406946063041687, 2.7534313201904297, -1.4394358396530151, 0.18792763352394104, 2.418639659881592, -1.0874303579330444, -0.6622488498687744, -0.7588193416595459, -0.017850110307335854, -2.5127172470092773, -1.4454927444458008, 3.3683905601501465, 0.7408164739608765, 0.14485612511634827, -0.9987728595733643, -3.4651925563812256, -3.651991128921509, 0.5886701345443726, -1.736668586730957, -2.73406720161438, 0.7259268760681152, 3.8771088123321533, 0.1624695360660553, -1.5638271570205688, -1.7942193746566772, -1.2965128421783447, -2.496002674102783, 0.024043451994657516, 3.2646257877349854, -2.869424819946289, -3.8642897605895996, 0.5294363498687744, -3.463148593902588, 0.16300980746746063, -2.1325411796569824, -1.184904932975769, -1.9264898300170898, 1.0195670127868652, 0.32636719942092896, -3.335890054702759, 0.6911667585372925, -1.1983387470245361, -1.4351245164871216, -1.6481162309646606, 3.226510524749756, 2.4730870723724365, 1.8702352046966553, 0.691245436668396, 2.3190226554870605, -3.904653549194336, 3.356457471847534, -0.5889585018157959, 0.23754318058490753, -3.79309344291687, -2.7799439430236816, 1.0663427114486694, 3.0754637718200684, 0.9379806518554688, -2.6155412197113037, 1.7435451745986938, 2.1451945304870605, -4.906085968017578, -2.665867328643799, 0.6305909752845764, 1.6517295837402344, -3.6567344665527344, 0.4326258897781372, -1.6273069381713867, -1.3521842956542969, 2.5186362266540527, 0.7054094076156616, 1.0602668523788452, -1.8712289333343506, 1.1833946704864502, 0.3007032573223114, 4.02975606918335, -1.0387104749679565, 0.14211329817771912, -0.1328386813402176, 0.2937069535255432, -2.925626039505005, -0.02270878106355667, -1.8662164211273193, 1.1077295541763306, -3.104428291320801, 4.143846035003662, 1.8563973903656006, -0.8604393005371094, 1.2359058856964111, 2.122471809387207, -0.29477769136428833, -1.4310173988342285, 2.310305118560791, -0.5988495945930481, 2.974015951156616, 3.816138744354248, -3.462850570678711, 3.4704842567443848, 0.8439016938209534, 2.322612762451172, -0.46771568059921265, 2.1422460079193115, 0.7220399379730225, 1.3360326290130615, -0.07292120158672333, 0.28152137994766235, -2.7221131324768066, -4.2295637130737305, -3.0354976654052734, 0.4733116328716278, -3.2030017375946045, -0.5603772401809692, 2.0613515377044678, 4.485969543457031, 0.47142767906188965, 0.8252561092376709, -0.385300874710083, -1.2542484998703003, 2.8617606163024902, -1.2284276485443115, 0.7280097603797913, -0.8141371607780457, 3.2216641902923584, -0.1679176241159439, 5.5174641609191895, 1.4537853002548218, -0.6548324227333069, 1.5857840776443481, -1.3478381633758545, 2.63430118560791, -0.4867214262485504, -3.184760332107544, 0.7185996770858765, 0.2705576717853546, 4.964105129241943, -0.5840785503387451, 1.900524616241455, -5.213964462280273, 4.799144268035889, 0.5592893362045288, -3.4184110164642334, -2.3169431686401367, 2.274240016937256, 1.7260677814483643, 1.7585315704345703, -1.0132064819335938, -3.142843723297119, 1.3248597383499146, -0.8369607329368591, 1.6882681846618652, -3.524097442626953, -2.227823257446289, 0.6795551776885986, 3.02809476852417, -1.9708764553070068, 2.6226489543914795, 1.1692496538162231, -5.5144805908203125, 1.3184690475463867, -0.008284986019134521, -1.1452817916870117, 0.2947253882884979, -1.4615070819854736, 1.7030754089355469, 1.1475681066513062, -2.4036123752593994, 0.1986466348171234, 1.1177903413772583, -0.9924776554107666, -0.7041409015655518, 1.5277706384658813, 4.416856288909912, -0.2911951541900635, -1.1860631704330444, 2.399378538131714, 3.5145859718322754, -0.2863205373287201, -1.2814202308654785, -1.4662419557571411, -1.3219367265701294, -1.4242398738861084, -4.095889091491699, 0.022220205515623093, -2.8214712142944336, 3.9771385192871094, -0.639786958694458, -4.375207424163818, -0.1695144772529602, 3.6908984184265137, -3.6541104316711426, 0.43778911232948303, -2.3476879596710205, 7.176899433135986, -0.9290734529495239]",0
9,9606.ENSP00000221891,"[2.036426305770874, -1.0300214290618896, 0.7382118105888367, 1.0063939094543457, -1.2101445198059082, -0.6769911050796509, 0.8597348928451538, 0.9781332015991211, 0.4217577278614044, -0.765667736530304, 3.532501697540283, -1.8878613710403442, -0.4839373230934143, 1.504570484161377, 0.3783983588218689, 0.8298802971839905, 2.4310381412506104, 1.6601749658584595, 1.050462007522583, 0.6187945008277893, -1.4702049493789673, -0.9617778658866882, -0.58077472448349, 0.3244195878505707, -0.8773989081382751, -2.7283003330230713, 1.5024207830429077, 3.6771745681762695, 1.7028323411941528, -1.6000401973724365, -1.551600694656372, -5.36144495010376, 3.0126421451568604, 0.4657019376754761, 2.98923659324646, 1.0384935140609741, -4.135369777679443, -0.0314144492149353, -1.6481337547302246, -0.7593715786933899, -1.1584545373916626, -1.8115960359573364, 0.5848081707954407, 2.1415605545043945, -0.0443112850189209, -3.3843812942504883, -0.327534019947052, -2.679466962814331, 0.4960707426071167, 0.4250316023826599, 2.0612776279449463, 0.646859884262085, -0.9204673767089844, 1.4584884643554688, -0.41326040029525757, -0.4564170837402344, 1.8904588222503662, 0.49595731496810913, -2.9111928939819336, -1.3873939514160156, -2.7758259773254395, 1.5106902122497559, -0.7700119614601135, 1.0904706716537476, -1.4805251359939575, 0.9134743213653564, 2.1283106803894043, -1.5181090831756592, -1.2208622694015503, 0.6157469749450684, 0.047723814845085144, -2.0612616539001465, 0.6636391282081604, 2.704099655151367, -0.4660027325153351, 2.2272167205810547, -0.5699188709259033, -0.6775494813919067, -2.5518856048583984, 1.4390443563461304, 0.5588204860687256, 2.7026302814483643, -2.219275951385498, -0.8033594489097595, 0.6847426891326904, 1.2509121894836426, -1.1455844640731812, 1.7285012006759644, 0.24720057845115662, 0.32228952646255493, -2.0626373291015625, 6.055261611938477, 4.3527350425720215, -0.7848514318466187, 0.7234864830970764, 2.5542690753936768, -1.1286365985870361, -0.7407189011573792, 3.052994728088379, -2.7232367992401123, 1.1053118705749512, 1.38518226146698, -1.020369052886963, 2.393935203552246, 2.294170618057251, 0.6443144083023071, -1.4284011125564575, -0.46727925539016724, 0.20313914120197296, 1.5851843357086182, -1.9201925992965698, 2.242443084716797, -2.0266127586364746, -2.121415615081787, -1.0211533308029175, 1.661058783531189, 0.21595169603824615, -2.1741015911102295, -2.0939903259277344, 0.6391510367393494, 2.871392250061035, 1.0906163454055786, 1.8717964887619019, 1.8644057512283325, 1.1025266647338867, -1.037674069404602, 0.8200258612632751, -2.676391124725342, 0.9471549987792969, 0.47848638892173767, 1.0932726860046387, 0.1771259754896164, 1.4212926626205444, 1.4315898418426514, -3.0438177585601807, 2.0362603664398193, -1.7215553522109985, -0.029880568385124207, -0.047386571764945984, 0.14891338348388672, 0.3830852508544922, -1.9111928939819336, 4.485385417938232, -2.129300355911255, 3.1276159286499023, 0.4361037313938141, 0.4260420799255371, -0.5380867719650269, 0.36321112513542175, 0.378587543964386, 1.3493413925170898, -0.00498121976852417, -1.748602032661438, 0.8877909779548645, 0.8328965902328491, 1.7489186525344849, 0.015143603086471558, 0.16927841305732727, 0.38118481636047363, 2.978558301925659, -2.143507719039917, -1.0629606246948242, -1.8382227420806885, -0.942825436592102, 2.3849499225616455, -0.46729275584220886, 2.2286691665649414, 0.08211632072925568, -0.6352486610412598, 2.7285234928131104, -0.5083296298980713, -1.4627342224121094, -1.6696268320083618, 3.178973436355591, -1.0421810150146484, 0.8417118787765503, 0.3446369171142578, 0.763142466545105, 0.6669151782989502, -2.0503952503204346, 4.843679428100586, 2.975473642349243, -2.262033224105835, -0.5447280406951904, -0.5981302857398987, 1.2176170349121094, -0.09211818873882294, -2.7194008827209473, 1.7417582273483276, 0.10184112191200256, 0.7915916442871094, 1.0191082954406738, -2.582672595977783, 0.24312053620815277, 3.8304622173309326, 0.25544798374176025, -2.782597064971924, -2.4769136905670166, 1.8317164182662964, -1.2559770345687866]",0
10,9606.ENSP00000366513,"[3.6937999725341797, -2.0805561542510986, 4.241824626922607, 2.4357101917266846, -1.6617563962936401, 1.022386908531189, -2.5121521949768066, 2.842641592025757, -0.592241644859314, -1.8393305540084839, 1.8740752935409546, -2.0742950439453125, 1.2509278059005737, -1.7474576234817505, -2.799879550933838, 1.1176486015319824, -2.6001486778259277, 4.11032247543335, 0.5691004991531372, 0.7689470648765564, -3.0186238288879395, -5.089803695678711, 2.6895296573638916, 2.2147088050842285, -3.4410343170166016, -3.272855043411255, 0.45864546298980713, 3.6325860023498535, 0.7029573917388916, 0.06590083241462708, -2.4200096130371094, -3.0563669204711914, -1.2460819482803345, -0.6965364813804626, 2.675834894180298, -0.12488944828510284, -2.7682454586029053, -3.3508012294769287, -0.7823421955108643, -0.7829899787902832, 0.6861381530761719, -0.04021604359149933, -0.6991644501686096, -0.797167181968689, -2.1944150924682617, -0.15644776821136475, 2.3634700775146484, -4.121582984924316, -2.8661110401153564, -0.5406870245933533, 3.4532620906829834, 3.9392802715301514, 0.47060683369636536, 2.6423685550689697, 2.610281467437744, -4.712996482849121, 3.79645037651062, -2.9461727142333984, -2.36877179145813, -2.9565589427948, -3.660356044769287, 0.7029246687889099, 2.6562345027923584, 0.1222655177116394, 0.6632224321365356, 2.197343349456787, 1.968382716178894, -3.298597574234009, 0.8516390323638916, 2.9592742919921875, 1.2334054708480835, -0.6636833548545837, -0.6763803958892822, -1.8327749967575073, -3.4677200317382812, 4.688399791717529, 3.391374111175537, 0.006327807903289795, -1.5350852012634277, 4.069947242736816, 0.06271778047084808, 3.3870978355407715, -1.7261829376220703, 1.3630256652832031, 3.7987589836120605, -1.8531842231750488, -3.736346960067749, -0.9884100556373596, -4.023869037628174, -2.294682025909424, -2.7517623901367188, 3.260863780975342, 4.440830230712891, -1.7988570928573608, 1.025373935699463, 1.467408299446106, -2.4809412956237793, -1.92368745803833, 4.046789169311523, -2.779991865158081, 0.7906673550605774, 1.265538215637207, -2.2142534255981445, 2.5863654613494873, 1.6585050821304321, 2.110889196395874, -3.410109043121338, -0.18478505313396454, 1.1341757774353027, 0.646428644657135, -0.08551730215549469, 2.0323033332824707, -3.8434746265411377, -3.1275875568389893, 0.13238567113876343, 0.433749794960022, 1.0592294931411743, -2.1354949474334717, -2.690668821334839, 3.4737281799316406, 3.88643741607666, 2.7180016040802, 3.6684460639953613, 1.4778169393539429, 1.08530592918396, 2.9408090114593506, -2.958873987197876, -3.670660972595215, 1.959921956062317, -0.596519947052002, 2.0439133644104004, 2.12502121925354, 0.6793527603149414, 3.549882411956787, -3.5994508266448975, 1.7227017879486084, -2.035919427871704, -2.599804162979126, 1.389817476272583, 3.031944990158081, 2.1298210620880127, 1.3003299236297607, 1.4407285451889038, -3.348182439804077, 3.2413723468780518, 2.600022792816162, -4.348875045776367, -0.4599643349647522, 1.1504580974578857, 1.786571979522705, 1.6983393430709839, -1.9716031551361084, -3.866154670715332, 3.580139636993408, -2.4897830486297607, 0.7956935167312622, -0.10529646277427673, -1.8331323862075806, -1.4562032222747803, 1.2645385265350342, 0.21980738639831543, 0.7082586288452148, -1.4668488502502441, -1.5328974723815918, 1.2351707220077515, 1.7171167135238647, 0.5563309192657471, 0.7490361928939819, -0.7594447135925293, -0.32538866996765137, 2.276932954788208, 0.4638906419277191, 2.2964017391204834, -2.113797187805176, 0.9134531021118164, 2.035435914993286, 2.4091386795043945, 2.713623523712158, 1.7081875801086426, -2.9654862880706787, 1.81533944606781, 2.7278356552124023, 0.10468746721744537, -1.3252896070480347, -1.9968632459640503, -2.3520216941833496, 0.0819794088602066, -4.67933464050293, 4.509500026702881, 1.5937050580978394, 1.9713892936706543, -3.221410036087036, -1.709153175354004, 3.72477126121521, 2.445098638534546, -0.3012784421443939, 1.026686191558838, -3.795692205429077, 3.564541816711426, -3.4653618335723877]",0
11,9606.ENSP00000340820,"[5.90393590927124, -4.464526176452637, 4.023128986358643, 5.749633312225342, -0.8234383463859558, 5.08701229095459, -5.703310012817383, 6.6761016845703125, -0.21739579737186432, 3.273165225982666, 9.516057968139648, -4.822038650512695, 1.0964534282684326, 1.1852939128875732, -3.453965187072754, -1.3365185260772705, -7.234467029571533, 8.964125633239746, 6.734976768493652, 7.452084541320801, 1.438119649887085, -19.46649932861328, -4.079633712768555, 1.605751395225525, 4.91531229019165, -1.2574398517608643, 1.5404400825500488, 2.2869091033935547, 4.307629108428955, -7.028983116149902, 2.061152458190918, -13.231454849243164, 1.9131983518600464, -0.6620285511016846, 12.087175369262695, 4.945484638214111, -6.128745079040527, 0.6592440605163574, -7.74618673324585, -4.279319763183594, -6.920490264892578, -6.281022071838379, -6.648557186126709, -0.05554765462875366, 5.872125625610352, -11.742268562316895, 9.11289119720459, -5.9549241065979, -13.286792755126953, -4.195990085601807, 8.119828224182129, 9.61622142791748, 10.921741485595703, -0.4041025936603546, 0.6923109292984009, -3.9485182762145996, 9.128569602966309, -4.047694206237793, -1.2105772495269775, -3.741154193878174, -16.574655532836914, 6.399268627166748, 3.520026445388794, 0.7112828493118286, -1.4724668264389038, 5.245016098022461, 0.4238038957118988, -10.289724349975586, 1.942223310470581, 1.9810070991516113, 3.90144681930542, -0.465917706489563, 8.009660720825195, -6.645140171051025, -2.6615121364593506, 14.498279571533203, 3.5017776489257812, -6.965435981750488, -11.145298957824707, 8.252544403076172, 0.018182486295700073, 11.493379592895508, -0.1838124692440033, -1.7431535720825195, 6.533226490020752, -2.3539047241210938, -1.8729991912841797, -6.7064948081970215, -9.333327293395996, 1.160809874534607, -7.2327494621276855, 7.986256122589111, 15.971473693847656, -6.573642730712891, 5.135096073150635, 10.048456192016602, -4.488819599151611, -10.988370895385742, 11.654585838317871, -3.8439061641693115, 9.695252418518066, -0.9009724259376526, -2.914107084274292, 1.9921225309371948, 0.9011059999465942, -3.58322811126709, -2.6309938430786133, -2.474626064300537, -2.165362596511841, -6.182546138763428, -8.539745330810547, -0.6441744565963745, -4.057267189025879, -4.191061496734619, 0.7964309453964233, -0.4135165214538574, 7.573893070220947, -7.236348628997803, -2.9077210426330566, 13.132406234741211, 6.797796249389648, 4.519958972930908, 4.436293601989746, -4.420808792114258, 8.306769371032715, 4.194636344909668, -8.020922660827637, -4.772235870361328, 7.709455490112305, -1.606545329093933, 13.95661449432373, 3.836925983428955, 3.145127773284912, 0.7100383639335632, -18.731754302978516, 7.289473533630371, -1.997101902961731, -2.3956923484802246, 2.7921061515808105, 6.665718078613281, 6.336625099182129, -5.263063430786133, -1.9929053783416748, -10.978188514709473, 11.299071311950684, 1.9496304988861084, -14.053661346435547, -6.330380916595459, 6.3321685791015625, 0.9268676042556763, 2.4578583240509033, -7.925580024719238, -3.9314353466033936, 6.197759628295898, -7.688425540924072, 4.104175567626953, 1.9305322170257568, 1.3311439752578735, -0.12341034412384033, 3.8277080059051514, -1.6346487998962402, 4.80535364151001, -1.0110803842544556, -5.2718281745910645, 11.92617130279541, 7.237811088562012, 5.7380194664001465, -3.1653716564178467, -3.542837381362915, 2.4598042964935303, 5.88488245010376, -5.5814208984375, 0.2552027702331543, -0.7879145741462708, 0.11168305575847626, -0.9259079098701477, 0.2987017333507538, 11.386831283569336, -1.888672947883606, -3.270385265350342, 10.51651668548584, 8.95982551574707, -3.1288371086120605, -5.81886100769043, -8.369063377380371, -2.6581358909606934, -4.307725429534912, -9.244047164916992, 5.94137716293335, 1.4639999866485596, 6.4741129875183105, -1.1823006868362427, -5.462641716003418, 6.424273490905762, 8.388057708740234, -8.614211082458496, -5.745610237121582, -7.9708709716796875, 8.33679485321045, -6.622885704040527]",0
12,9606.ENSP00000500990,"[11.202112197875977, -1.9107073545455933, 5.922243118286133, 4.476987838745117, -4.254941463470459, 4.315496921539307, 1.7521036863327026, 13.210670471191406, -1.8245587348937988, -0.5454689860343933, 11.745439529418945, -8.012346267700195, -1.767459511756897, -0.11010918021202087, 0.5349020957946777, -3.480799674987793, -2.4145679473876953, 2.1901779174804688, 6.003948211669922, 8.267736434936523, 5.933987617492676, -13.856897354125977, -2.078864812850952, -6.753617763519287, -4.085845947265625, -5.975734233856201, -8.128582000732422, 5.431417942047119, 4.289638996124268, -2.404453754425049, -4.851869106292725, -5.86472225189209, -11.560519218444824, 6.588931560516357, 11.6233549118042, 0.6167514324188232, -11.346498489379883, -2.1680350303649902, -9.392394065856934, -3.9940507411956787, -10.746447563171387, -14.25866413116455, -3.9271576404571533, 6.844219207763672, 7.2582831382751465, -10.016249656677246, 12.89797306060791, -10.56005859375, -15.86856460571289, -3.7248406410217285, 5.096685886383057, 12.67422866821289, 14.956514358520508, 13.31290340423584, -2.525437355041504, -9.787426948547363, 13.839797019958496, -4.802239418029785, -1.4440374374389648, -8.1884765625, -7.830219745635986, 3.6811318397521973, 6.663325786590576, 3.7337589263916016, -2.7898013591766357, -1.5844577550888062, 7.267187118530273, -11.468213081359863, -8.410028457641602, 4.9609375, -0.8413580060005188, 2.5454113483428955, 5.700995922088623, -7.771842002868652, -3.253208637237549, 18.87748146057129, 3.2011380195617676, -3.455775499343872, -8.834212303161621, 3.621760845184326, 0.3160869777202606, 10.195775032043457, -4.156508922576904, -8.404025077819824, 18.348424911499023, -0.9608526825904846, 2.625558376312256, -4.014598846435547, -3.756647825241089, 5.90220308303833, -9.32822036743164, 6.930205821990967, 18.3488826751709, 0.874809741973877, -3.0423521995544434, 13.337993621826172, -5.881516456604004, 0.3995189964771271, 13.495561599731445, 1.1958320140838623, 6.289089679718018, 8.56556224822998, -8.526143074035645, 13.964152336120605, 3.887025833129883, -0.2623352110385895, 0.008809581398963928, -1.6922473907470703, -0.7358934879302979, -0.824670672416687, -7.924914360046387, -1.102830171585083, -4.825902938842773, -5.023189544677734, -4.188695907592773, -3.8468968868255615, 0.49219509959220886, -8.482718467712402, 0.06048518419265747, 12.29141616821289, 11.756611824035645, -0.1708698570728302, 4.057137966156006, -3.6419613361358643, 9.743572235107422, 1.509505271911621, -14.027854919433594, -4.2918500900268555, 8.939266204833984, 3.898460626602173, 11.444684982299805, 0.08231288194656372, 4.584933757781982, 0.8572564125061035, -13.890666961669922, 1.4460612535476685, -2.015944480895996, -4.504484176635742, -5.179951190948486, 3.711538791656494, 13.540544509887695, -5.664600372314453, -2.838372230529785, -8.347517967224121, 9.784623146057129, 4.599033832550049, -12.277029991149902, -4.906179428100586, 12.90675163269043, -0.8981342315673828, 0.6579329967498779, -6.187963962554932, -8.870349884033203, 5.705708980560303, -1.2064212560653687, 6.341884613037109, 0.5601398944854736, 1.1409167051315308, 8.365625381469727, 7.722073078155518, 1.1648110151290894, 8.742655754089355, -3.02736234664917, -6.172886371612549, 13.448542594909668, 3.1063694953918457, 5.679121494293213, -10.659529685974121, 9.090316772460938, 2.558692216873169, 13.707999229431152, -15.683238983154297, 0.5225878357887268, 3.6887266635894775, -11.015143394470215, 0.6441730260848999, 0.8263154625892639, 9.207731246948242, 1.7735201120376587, -3.616523504257202, 9.949579238891602, 11.961435317993164, -3.9403111934661865, -10.511330604553223, -5.60740852355957, -2.551931858062744, 10.025922775268555, -6.930630207061768, 14.566946983337402, -4.528181076049805, 10.058096885681152, -3.237377166748047, -10.846403121948242, 7.0057759284973145, 13.317280769348145, -8.042083740234375, -5.276087760925293, -10.173561096191406, 16.238840103149414, -9.123653411865234]",0
13,9606.ENSP00000360266,"[1.277575135231018, 1.1596509218215942, 1.0588703155517578, 2.297567844390869, -4.235081195831299, -3.3021187782287598, 1.9437122344970703, 1.3006703853607178, -5.778377532958984, 1.1178419589996338, -1.6354225873947144, -3.3282198905944824, -2.897637128829956, 3.420844078063965, -0.570370614528656, 2.0520763397216797, 2.9761993885040283, 6.905779838562012, 0.6725919842720032, -2.6752755641937256, -1.4002323150634766, -1.8010767698287964, -3.610795497894287, 0.8734128475189209, -4.661816596984863, -5.138514518737793, -2.439303398132324, -0.01340976357460022, 1.118674635887146, -3.8619370460510254, -0.9066099524497986, -4.694464206695557, -7.004089832305908, 4.580017566680908, 0.7309935092926025, -0.6368820667266846, -2.000960350036621, -2.895444631576538, -3.089219331741333, -1.5426663160324097, -2.156773328781128, -6.949894428253174, -5.42521333694458, 0.4301537275314331, 4.305145263671875, -6.675668716430664, 6.016757965087891, -6.175812244415283, 1.3358350992202759, -0.9099991321563721, 0.00621601939201355, 3.286543846130371, 3.936967372894287, -1.825191855430603, -4.55698823928833, -1.9514505863189697, 3.798917293548584, -5.264279842376709, 4.293227672576904, -2.9330601692199707, -0.8023315668106079, 4.079352378845215, 0.46318840980529785, 1.2418361902236938, -5.758705139160156, 2.9974000453948975, 1.5700911283493042, -6.7666015625, -4.900765419006348, 1.3387932777404785, -2.546234130859375, -6.948923587799072, 0.7905101180076599, 2.0993852615356445, -3.9082515239715576, 0.1113709807395935, 2.2707552909851074, -2.6017746925354004, -4.009549617767334, 1.6422995328903198, 2.793745756149292, 4.881914138793945, 0.43214061856269836, -2.663329601287842, 1.8608372211456299, 2.325540065765381, -2.459251880645752, 0.9250038266181946, -3.499864101409912, 5.257078170776367, -4.560004711151123, 1.8037904500961304, -0.9609234929084778, 0.06370364129543304, 1.4251314401626587, 3.720590353012085, -0.2707100510597229, -4.332266807556152, -3.3310468196868896, 2.3316099643707275, 1.351148247718811, 1.8435167074203491, -3.2662336826324463, 3.770124912261963, -0.07412144541740417, 2.492701768875122, -4.671563625335693, -1.3345178365707397, -0.8574888110160828, 3.3535332679748535, 3.6616642475128174, 0.5792005658149719, -0.5653210282325745, -1.3260341882705688, -3.0863091945648193, 0.7323669195175171, -5.981777667999268, -0.49041950702667236, 2.269517660140991, 5.123167037963867, 0.7052431702613831, -2.7344436645507812, -4.800482749938965, -4.4791579246521, 5.238615036010742, 0.07805374264717102, 0.16760893166065216, -2.3043298721313477, 5.097471237182617, -0.801801860332489, 7.89937162399292, 4.329153060913086, -1.9868667125701904, -0.07758216559886932, -3.0736405849456787, 3.804088830947876, -1.2584142684936523, -7.940507411956787, 3.572312116622925, -0.7875657677650452, 3.8673593997955322, 0.6388989090919495, -1.3356547355651855, -1.3761879205703735, 5.300079345703125, 4.516465187072754, -4.164107322692871, 1.8390603065490723, 3.4535391330718994, 3.350783586502075, 3.5971567630767822, -3.8485841751098633, -6.767301559448242, -0.0012702122330665588, -1.8739211559295654, 5.425185680389404, -5.202862739562988, 0.30731475353240967, 3.8547751903533936, 6.153382778167725, 0.37875625491142273, 4.915478706359863, 2.855947732925415, -5.430010795593262, 1.4751893281936646, -0.6827946901321411, -1.3433514833450317, -0.8818243145942688, 1.0548653602600098, 2.9579880237579346, -3.590597629547119, -5.960188865661621, -1.2986067533493042, 4.412341594696045, -3.485137939453125, -4.698996067047119, -0.7944438457489014, 5.835009574890137, 0.3795573115348816, -2.8205111026763916, -5.26144552230835, 0.5339444875717163, -2.682243585586548, -3.939565896987915, -2.240666151046753, -8.045191764831543, -1.7162694931030273, -7.393277645111084, -1.8194972276687622, -4.031627178192139, 2.9171929359436035, -3.344453811645508, -3.219792604446411, -1.8890681266784668, 4.461360454559326, -2.2963528633117676, 4.250342845916748, 3.1836764812469482, 3.2625701427459717, -1.9828276634216309]",0
14,9606.ENSP00000296861,"[4.805438995361328, 0.5889133214950562, -1.5811249017715454, -1.4243950843811035, -1.684039831161499, -0.10043877363204956, -2.801694869995117, 1.8250138759613037, 4.124042987823486, -3.1219942569732666, 3.613696813583374, 1.3013957738876343, -3.9248433113098145, -1.092681884765625, 1.4558844566345215, -2.2691969871520996, -1.3949168920516968, -2.087090015411377, -1.8041534423828125, 2.460843563079834, 1.6344263553619385, 0.8311406373977661, -1.8352642059326172, 0.6342691779136658, 3.3202199935913086, -4.260342121124268, 3.317047119140625, 1.382023572921753, -4.362664222717285, -4.478024005889893, 3.1074323654174805, -3.250077486038208, -1.165015697479248, 1.4125522375106812, 1.5946521759033203, -0.18915411829948425, 0.23129969835281372, 0.44027891755104065, -1.2193031311035156, 2.857856273651123, -0.04708792269229889, -2.65390682220459, 1.819809913635254, 2.113769769668579, 0.03451451659202576, -2.396488666534424, 0.5625648498535156, -2.701385259628296, -2.5510284900665283, 1.8335654735565186, -3.178048849105835, 0.5996467471122742, 0.24037782847881317, 1.9775854349136353, -0.9741431474685669, -1.5281963348388672, 1.530574083328247, 2.053678035736084, -0.10791823267936707, -2.276829481124878, -4.0676984786987305, -2.6807596683502197, -2.412503719329834, 2.162789821624756, -1.34308660030365, -3.5531418323516846, -2.258481740951538, -1.218166470527649, -0.9671715497970581, -1.74226713180542, -0.749624490737915, -2.319978952407837, 2.7286319732666016, -0.017809510231018066, 4.035678386688232, 3.888115882873535, -1.4012802839279175, 0.48020705580711365, -0.8819713592529297, -1.9169782400131226, 1.5816229581832886, 2.1434671878814697, -3.2091126441955566, 1.2186827659606934, 1.7520978450775146, 0.9958549737930298, 2.3257687091827393, -3.058617115020752, 1.3739333152770996, 2.968214273452759, -1.77664315700531, 3.023225784301758, 3.519170045852661, 1.2788832187652588, 1.1684833765029907, 1.4109394550323486, 0.3949291706085205, -2.585524797439575, 2.577627658843994, 3.4585609436035156, 0.2639198303222656, 1.4409315586090088, 0.6872601509094238, 3.331838846206665, -1.3324006795883179, -1.6568596363067627, 0.8143504858016968, 3.5841867923736572, 1.8390138149261475, 1.7203372716903687, -2.297739267349243, -2.9178736209869385, 4.356511116027832, -1.8898439407348633, -1.4367327690124512, -3.1130638122558594, 0.6832594871520996, -1.9237788915634155, -0.8853459358215332, 1.168440580368042, 1.8747392892837524, -0.11847195774316788, 0.2780642509460449, -2.1367428302764893, 1.8035967350006104, -2.617847204208374, -2.3849518299102783, 1.1444011926651, 1.7317183017730713, 2.9466655254364014, -0.7735607624053955, 0.4234326183795929, 0.3385343849658966, -2.3923404216766357, 0.548740029335022, -3.2455756664276123, 2.2828054428100586, 3.4268765449523926, 0.7078829407691956, -1.6514265537261963, 3.8407363891601562, -0.8823516964912415, 1.0216526985168457, -2.9251461029052734, 1.6318168640136719, -2.1230649948120117, -1.3367966413497925, -3.1471340656280518, 0.9830580949783325, 1.621592402458191, -0.7072538733482361, 2.9428741931915283, 1.7370373010635376, -1.2539160251617432, 4.06703519821167, -0.04024091362953186, 2.6891543865203857, 4.211456298828125, 1.5845420360565186, 0.11794476211071014, -0.7356318831443787, -0.43845152854919434, 1.012848973274231, -3.4522948265075684, 2.438836097717285, -2.0191588401794434, 5.8911967277526855, -2.723520517349243, -1.150840401649475, 0.6199832558631897, 1.0316303968429565, -2.23404860496521, -0.27644920349121094, 0.8748335242271423, -0.7645974159240723, -4.582152843475342, -2.4138402938842773, 2.0028789043426514, -1.9423749446868896, 1.4089709520339966, 2.8662807941436768, 2.198021411895752, -0.50514155626297, -2.811840534210205, 0.3653462827205658, -2.005892753601074, -1.3801332712173462, -1.3404659032821655, 1.2953665256500244, -1.6007801294326782, -1.5186458826065063, 2.5443601608276367, -3.457690477371216, 3.9609012603759766, 1.1787937879562378, -1.6480627059936523, -1.4296586513519287, -2.8763625621795654, 1.4340038299560547, 0.8298265933990479]",0
15,9606.ENSP00000324806,"[9.361851692199707, 2.2642297744750977, -3.3852267265319824, -3.4640684127807617, -12.428053855895996, 0.6424253582954407, 2.952571153640747, 13.525507926940918, 5.764613628387451, 4.8403239250183105, 14.949163436889648, 0.8485698699951172, -9.35128116607666, 10.993502616882324, 2.807631492614746, -0.4514288306236267, -10.121358871459961, -8.489811897277832, -9.075774192810059, 7.198243141174316, 11.46439266204834, 4.010089874267578, -13.117406845092773, 3.20154070854187, 6.0123443603515625, -7.182969570159912, -7.77547025680542, 4.613523006439209, -0.5482219457626343, -8.308906555175781, 6.543734550476074, -2.4115891456604004, -9.681045532226562, 11.743659973144531, 12.724998474121094, -4.784806728363037, -6.439424991607666, 5.2432146072387695, -8.889175415039062, 3.326338768005371, -7.545705795288086, -12.049992561340332, -2.6486780643463135, 11.371102333068848, 14.709575653076172, -13.541219711303711, -1.5911825895309448, -13.607193946838379, -6.132806301116943, 2.354771137237549, 0.28341349959373474, 13.281723976135254, 17.408321380615234, 13.762420654296875, -5.177472114562988, -16.549755096435547, 20.446332931518555, 1.9529563188552856, 4.670398235321045, -9.943595886230469, -9.838334083557129, -5.129693508148193, -4.608213424682617, 12.82858943939209, -8.579656600952148, -3.733877658843994, 0.7354670763015747, -5.216158866882324, -14.493971824645996, -2.236084222793579, -5.066141605377197, -10.533580780029297, 16.3101863861084, -9.283276557922363, 6.3537797927856445, 11.543461799621582, -9.943560600280762, 10.984050750732422, -20.531301498413086, -9.07248306274414, 13.85634994506836, 11.666863441467285, -12.016246795654297, -11.745950698852539, 0.4131329357624054, 7.316633701324463, -1.4240912199020386, -11.48017692565918, 0.9342214465141296, 15.639694213867188, -12.177547454833984, 17.277408599853516, 12.246009826660156, 5.067931175231934, 4.564857006072998, 10.047406196594238, 2.6314964294433594, -6.265624523162842, 10.66458797454834, 6.939754009246826, 8.238310813903809, 11.03143310546875, -9.858591079711914, 9.171989440917969, -5.9499030113220215, -4.457608699798584, -0.1578330248594284, 11.61503791809082, 7.497279167175293, -1.9846745729446411, -12.90523910522461, -5.236536979675293, 2.287975549697876, -3.227336883544922, -15.38121509552002, -5.355869293212891, 10.705255508422852, -9.477802276611328, 11.882523536682129, 5.367048740386963, 16.635290145874023, -6.891722679138184, -4.234613418579102, -16.879920959472656, 15.600211143493652, -7.537230014801025, -8.463603973388672, -0.2735079824924469, 6.057739734649658, 5.261383533477783, 9.661988258361816, -2.205376625061035, 4.1115241050720215, -11.64960765838623, -18.4056339263916, 4.702388763427734, 7.613913536071777, 7.767040729522705, 6.910316467285156, -9.664162635803223, 6.627450942993164, -1.349197506904602, 2.2075140476226807, -11.63313102722168, 12.316604614257812, -0.28279566764831543, -13.780708312988281, -10.297322273254395, 10.576059341430664, 6.557709693908691, -4.8392720222473145, 1.1899888515472412, -1.6908677816390991, -1.1479785442352295, 0.5702316761016846, 5.748002052307129, 6.474214553833008, 5.498159885406494, -2.651869773864746, 10.315938949584961, -15.762989044189453, 7.001352310180664, 4.155570983886719, 1.1323540210723877, 16.312185287475586, -5.342881202697754, 8.338976860046387, -4.259118556976318, 12.638495445251465, 13.778112411499023, 5.695342540740967, -18.045101165771484, -12.476932525634766, 13.866301536560059, -13.919574737548828, -10.46445083618164, -6.3144001960754395, 12.84454345703125, -0.9799712896347046, 8.1274995803833, -0.11100052297115326, 8.263453483581543, -11.399553298950195, -18.002525329589844, 2.234912395477295, -13.158639907836914, 8.728080749511719, -5.5591278076171875, 3.5186216831207275, -11.24163818359375, 13.899274826049805, 9.628515243530273, -9.318022727966309, 3.4875881671905518, 19.023799896240234, -15.321117401123047, -7.72151517868042, -10.520334243774414, 9.768518447875977, 6.035825252532959]",0
16,9606.ENSP00000362205,"[7.271386623382568, 7.555070877075195, -3.513066291809082, -0.6723663806915283, -8.815042495727539, -1.8307777643203735, -3.022822141647339, 10.295445442199707, 12.065858840942383, -18.05271339416504, 6.065644264221191, 5.030399799346924, -5.792278289794922, 1.0855852365493774, 3.716665506362915, -4.534430503845215, -6.491321086883545, -2.9722964763641357, -4.952939033508301, 5.747410297393799, 9.942766189575195, 3.7422914505004883, -3.122870683670044, -2.2923123836517334, 21.723054885864258, -19.319246292114258, -15.367913246154785, 3.189471960067749, -10.504281997680664, -10.2891263961792, 12.525838851928711, -7.843428611755371, -5.833027362823486, 7.544034481048584, 5.499882221221924, 5.496059894561768, -11.423009872436523, 9.200979232788086, -6.551538944244385, 0.4535726308822632, -3.269500255584717, -20.58091926574707, -4.126939296722412, 9.2703218460083, 12.105560302734375, -7.788395881652832, 16.31528663635254, -18.186206817626953, -14.88304615020752, 12.259085655212402, -7.773507118225098, 4.149228096008301, 15.579185485839844, 8.884150505065918, -9.048698425292969, -5.15970516204834, 3.4288222789764404, -0.5129747986793518, -4.544509410858154, -2.976148843765259, -4.883337020874023, -5.158293724060059, -5.543557643890381, 9.783223152160645, -5.848511219024658, -14.029759407043457, 2.8609931468963623, -10.518366813659668, -7.144766807556152, -7.290988922119141, -2.865122079849243, -9.347153663635254, 15.274731636047363, -5.937221050262451, 5.108508110046387, 20.80364227294922, -1.1579465866088867, 7.592848777770996, -5.379488468170166, -0.5341715216636658, 13.988702774047852, 1.2006080150604248, -13.588555335998535, -7.807794570922852, 12.66594123840332, 7.041944980621338, 2.126518487930298, -6.040438652038574, 4.87660551071167, 7.144479274749756, -4.992918968200684, 12.702298164367676, 7.42128324508667, 10.531750679016113, -7.7343597412109375, 5.926924705505371, 10.282286643981934, -8.329782485961914, 10.993678092956543, 19.08124351501465, 15.81861400604248, 7.6817498207092285, -11.754090309143066, 9.470052719116211, -4.79287052154541, -10.82065486907959, 7.35795259475708, 5.948030471801758, 8.354279518127441, 14.457574844360352, -10.33120059967041, -9.927956581115723, 14.28569221496582, -3.5922484397888184, -2.8985908031463623, -2.8829662799835205, 0.5171566605567932, -10.399067878723145, -1.1933422088623047, 12.866175651550293, 13.224115371704102, -7.007429599761963, -4.827831268310547, -9.979734420776367, 18.73433494567871, -0.6175657510757446, -3.4690310955047607, 12.965806007385254, 2.353841781616211, 13.140545845031738, 11.559252738952637, -4.0065155029296875, 7.595588207244873, -6.21483039855957, -10.039817810058594, -3.6586689949035645, 4.455184459686279, 2.2232208251953125, 1.1553927659988403, -7.949402809143066, 17.204893112182617, -11.614168167114258, -2.0136590003967285, -7.926816940307617, 4.523675441741943, 2.004845142364502, -12.994731903076172, -5.067479610443115, 7.531053066253662, 2.512834072113037, -10.767454147338867, 7.347799301147461, -11.152303695678711, -9.535417556762695, 1.4985558986663818, 8.572714805603027, 10.348836898803711, 14.219606399536133, 13.880629539489746, 8.789732933044434, -2.061260938644409, 4.497042179107666, 4.170214653015137, -6.218533992767334, 24.763362884521484, -7.157947540283203, 19.21360969543457, -12.60221004486084, 8.610780715942383, 12.591864585876465, 16.191009521484375, -17.141475677490234, -8.2880220413208, 12.444710731506348, -9.808511734008789, -1.3831536769866943, -10.590986251831055, 7.950653553009033, -6.09437894821167, 9.610976219177246, 6.7657318115234375, 4.395709991455078, -12.094847679138184, -16.190221786499023, -1.955511212348938, -11.698472023010254, 13.179564476013184, -4.270273685455322, 9.438666343688965, -13.889473915100098, 7.515087127685547, 9.556282043457031, -7.831430912017822, 3.7241549491882324, 16.859758377075195, -16.929338455200195, 0.7682688236236572, -10.308487892150879, 4.582181453704834, 9.218057632446289]",0
17,9606.ENSP00000364210,"[11.394343376159668, 4.628645420074463, 5.778343677520752, 3.4642434120178223, -3.441049814224243, -2.294124126434326, -4.707710266113281, 5.9465203285217285, 5.2618608474731445, -5.473697185516357, 5.627607345581055, -0.7974464893341064, -7.46659517288208, 0.37495067715644836, 1.109215497970581, -3.6926193237304688, -9.014931678771973, -2.9986867904663086, 1.7236841917037964, 6.3773956298828125, 4.15555477142334, -3.5086514949798584, -5.408632278442383, -0.19559864699840546, 2.733173370361328, -12.54401969909668, -6.42775821685791, 7.73392915725708, -4.73159122467041, -5.736051559448242, 4.155052661895752, -5.049440383911133, -5.823944568634033, 4.595371723175049, 6.400686264038086, -0.029742777347564697, -5.554662704467773, 2.890367031097412, -8.651406288146973, -2.3531558513641357, -3.5769107341766357, -9.333124160766602, -4.901658535003662, 3.2899832725524902, 0.8380458950996399, -1.6709634065628052, 7.022088527679443, -8.569199562072754, -0.9265223145484924, 5.243640899658203, -1.6177647113800049, 10.06742000579834, 4.098511695861816, 2.779318332672119, -3.856999635696411, -6.796576499938965, 7.71541166305542, -0.6862561702728271, 2.01719069480896, -3.518995761871338, -5.348893165588379, -1.4642553329467773, 1.5943890810012817, 5.285458564758301, -7.461946487426758, -4.467700481414795, 6.019548416137695, -12.725400924682617, -9.759451866149902, 1.6817612648010254, -0.14597223699092865, -7.460509777069092, 1.8641057014465332, -0.5231000185012817, -3.2890145778656006, 11.68989372253418, -4.607065200805664, 4.179500102996826, -2.8173978328704834, 1.1142640113830566, 3.6912662982940674, -1.2945730686187744, -7.6321587562561035, -4.509452819824219, 0.2053108811378479, 1.7216062545776367, -2.6450555324554443, -9.977386474609375, -1.2390398979187012, 6.147938251495361, -5.288712501525879, 6.78287410736084, 0.02589547634124756, 2.5178682804107666, -3.697082996368408, 6.793391227722168, -1.8502366542816162, -7.117366313934326, 5.157835483551025, 9.349481582641602, 10.517444610595703, 9.013919830322266, -5.743383407592773, 7.290066242218018, -0.9409800171852112, -1.313515067100525, 1.526243805885315, -1.7118099927902222, 7.782934188842773, 5.2868828773498535, -6.602599143981934, -3.9183120727539062, 9.173551559448242, -6.275096893310547, -0.798232913017273, -3.160165548324585, -1.4022352695465088, -8.419102668762207, -4.032392501831055, 7.638526916503906, 4.917289733886719, -5.263804912567139, 0.611417829990387, -3.3669848442077637, 8.663494110107422, 0.9353490471839905, -3.8944640159606934, -0.810067355632782, 3.540515184402466, -0.5288556814193726, 6.790336608886719, 2.6320626735687256, -1.2805142402648926, 5.799168586730957, -5.320115089416504, -1.7388781309127808, 1.0392532348632812, -0.7228661775588989, -2.0969133377075195, -1.338570237159729, 7.657218933105469, -4.264662742614746, -1.546783447265625, -7.47977876663208, 7.2985615730285645, 2.591718912124634, -10.441788673400879, -6.007715225219727, 6.362905979156494, 6.93696403503418, 1.1674354076385498, 1.1383957862854004, -10.137737274169922, 2.314530849456787, -4.161795139312744, 1.049600601196289, 0.7527264356613159, 0.5168138742446899, 7.75718879699707, 5.012485504150391, -5.967077255249023, 5.83209228515625, -2.4792044162750244, -3.418900489807129, 9.057377815246582, 1.6002814769744873, 9.619674682617188, -2.222475051879883, 3.050034523010254, 7.201192855834961, 8.290665626525879, -5.679651260375977, -2.189814805984497, 1.3116235733032227, -7.0577192306518555, -3.316577434539795, 0.297601580619812, 5.284331798553467, -0.7106009721755981, 3.042128086090088, 5.725294589996338, 3.126695156097412, -2.0749266147613525, -11.059318542480469, -2.1876654624938965, -3.096438407897949, 1.7729241847991943, -3.1861608028411865, 4.691971302032471, -5.749384880065918, 2.744011878967285, 2.989013671875, -6.183328151702881, 2.354147434234619, 10.306586265563965, -9.468120574951172, -4.976396083831787, -9.078973770141602, 5.771812915802002, 0.18950676918029785]",0
18,9606.ENSP00000399376,"[6.828519821166992, -0.8383105397224426, 7.070791244506836, 7.867768287658691, -5.73520040512085, 6.674625396728516, -4.0266337394714355, 4.859393119812012, -2.3341169357299805, -2.597160816192627, 4.231086730957031, -3.3667733669281006, -5.047186851501465, -3.9103238582611084, -1.9539802074432373, 2.9583733081817627, -0.7397326231002808, 2.3223371505737305, 2.965085983276367, -0.22195205092430115, 0.4243040382862091, -9.082984924316406, -4.627420425415039, 0.6820914149284363, -2.5673828125, -8.805071830749512, -0.53226238489151, 3.013558864593506, 3.051185369491577, -3.8622524738311768, 1.8215606212615967, -5.724212646484375, -6.878385543823242, 7.450573921203613, 2.673938274383545, -2.6629528999328613, -11.1434326171875, -2.5251710414886475, -2.991051435470581, -5.812151908874512, -3.450651168823242, -4.600407123565674, -6.871546745300293, 1.5797736644744873, 4.903873920440674, -6.531686305999756, 4.955075263977051, -8.590754508972168, -8.838671684265137, 0.7115378975868225, 1.973001480102539, 6.541728496551514, 6.218760967254639, 2.5545241832733154, 2.4298815727233887, -5.242513179779053, 2.0685927867889404, -6.790837287902832, -3.554842948913574, -2.688802719116211, -7.084548473358154, 1.4918410778045654, 4.121845245361328, 4.4338812828063965, -1.5888943672180176, 1.807999610900879, 6.253439426422119, -7.683948993682861, -6.408143520355225, 2.5346007347106934, 2.806281328201294, -3.3928847312927246, 3.001936197280884, -7.825129508972168, -6.172914028167725, 11.171062469482422, 4.686957359313965, 3.1307787895202637, -5.5943684577941895, 6.685156345367432, 5.12779426574707, 4.500396728515625, -3.987678289413452, -5.412521839141846, 6.674077987670898, -1.1509455442428589, -3.201765537261963, 1.479249119758606, -6.681790351867676, 2.734341621398926, -5.772022724151611, 4.833621025085449, 8.25479793548584, -2.7479138374328613, -2.4233791828155518, 2.465789318084717, -1.810255527496338, -1.8707845211029053, 2.9535863399505615, 0.43014830350875854, 5.9472150802612305, 5.860960960388184, -6.0839715003967285, 6.281064510345459, 5.732536792755127, -1.0781805515289307, -6.5325026512146, 1.5218368768692017, 0.10176661610603333, 2.943878650665283, 0.8073965311050415, 0.4102281332015991, -2.343630075454712, 0.40401947498321533, 0.4123722016811371, 3.3063416481018066, 0.5046022534370422, -5.7388834953308105, 1.2028549909591675, 5.685389995574951, 6.3529767990112305, -1.64605712890625, -2.9354588985443115, -3.33925199508667, 2.997873544692993, 4.381058216094971, -4.721258163452148, -3.0397982597351074, 4.194011688232422, 0.5251340270042419, 4.326422214508057, 1.808390736579895, 1.7400248050689697, 5.771100044250488, -5.34846305847168, 4.9840006828308105, 1.6482253074645996, -4.1067795753479, -0.6793566942214966, 4.577469825744629, 8.035364151000977, 0.025600090622901917, 3.7098336219787598, -5.519997596740723, 4.098166465759277, 4.477533340454102, -3.3952693939208984, -6.429964542388916, 8.562323570251465, -2.9883358478546143, 4.027345180511475, -3.37770676612854, -5.487852573394775, 3.0853748321533203, -4.156598091125488, -2.9164607524871826, -1.3114726543426514, 1.6401996612548828, 2.7439253330230713, 5.017279148101807, 0.44531548023223877, 2.1165411472320557, 1.5172576904296875, -5.059630870819092, 9.864795684814453, 4.348202705383301, 5.258196830749512, -2.2002639770507812, 1.3804166316986084, -0.3874199688434601, 4.50459098815918, -11.475369453430176, 1.3349909782409668, -2.207165479660034, -5.015079021453857, 3.6322062015533447, 1.5537713766098022, 9.631331443786621, 2.327479839324951, -4.057126045227051, 9.984110832214355, 4.1778435707092285, -1.9504514932632446, -6.614094257354736, -5.756654739379883, -1.2874276638031006, 3.4408116340637207, -5.067496299743652, 8.671722412109375, -5.346041202545166, -0.4144207835197449, -0.0672813281416893, -2.471120595932007, 1.5542229413986206, 4.672033786773682, 0.6811707019805908, 0.04826706647872925, -2.6943552494049072, 6.279404640197754, -5.332542419433594]",0
19,9606.ENSP00000272317,"[6.289222240447998, -3.140925407409668, 6.230508804321289, 5.638920783996582, 0.8241862654685974, 4.856034278869629, 0.38584500551223755, 4.526717185974121, -6.158975124359131, 5.146984577178955, 3.1112887859344482, -8.168492317199707, 1.8172322511672974, 0.17878961563110352, -5.399813652038574, -2.3045401573181152, 2.5687665939331055, 6.25367546081543, 6.286125183105469, 1.0251092910766602, -2.963083267211914, -5.657681465148926, 0.5744019150733948, 4.051432132720947, -7.327198028564453, -1.3687870502471924, 1.9556688070297241, 2.0871634483337402, 5.352439880371094, -6.145751476287842, -3.9119064807891846, -5.289447784423828, -2.2561898231506348, -0.8229569792747498, 3.98483943939209, -4.717006683349609, 1.2912864685058594, -4.656144142150879, -3.7135536670684814, -4.689435005187988, -5.209344863891602, 2.197929859161377, -7.919851303100586, 0.1909656822681427, -1.2901253700256348, 0.13887213170528412, 3.2820849418640137, -1.9786573648452759, -4.0920000076293945, -4.998847961425781, 5.905131816864014, 6.169657230377197, -0.6531639099121094, 1.012585997581482, 5.428274631500244, -5.635318756103516, 4.493697643280029, -5.52269172668457, 5.1113810539245605, -6.022636413574219, -5.727980136871338, 5.309698104858398, 7.101317882537842, -1.9165267944335938, 0.9539296627044678, 3.1987078189849854, 5.952678680419922, -4.4554667472839355, 2.1138594150543213, 1.2207229137420654, 5.73276948928833, 3.922323226928711, -1.455288290977478, -1.6638143062591553, -5.218502521514893, 4.259406089782715, 5.225701808929443, -4.609928131103516, -3.100508451461792, 4.325101375579834, -0.87352055311203, 5.524810791015625, -3.743563652038574, 2.9561545848846436, -1.2866579294204712, 3.146512031555176, -7.100210189819336, 3.152427911758423, -6.222742557525635, -1.6197460889816284, -2.107489585876465, 6.438539505004883, 3.144164800643921, -5.677250385284424, -1.744106411933899, 4.046379089355469, -4.107992649078369, 0.5448482036590576, 2.6048762798309326, -4.311962604522705, 2.88430118560791, 4.100247383117676, -4.957711219787598, 4.682097434997559, 5.702080249786377, 5.1626105308532715, -6.224978446960449, -2.5414719581604004, -0.6762802600860596, -3.784728765487671, 3.546032190322876, 4.064507007598877, -5.625895023345947, -0.7179516553878784, -5.504511833190918, 3.069239377975464, -1.1466212272644043, -1.8803844451904297, -3.6727561950683594, 3.0377471446990967, 4.383337497711182, 3.535430669784546, 3.80013108253479, 2.892317295074463, -1.9642398357391357, 4.160001277923584, -3.770474433898926, -6.8821821212768555, 4.4131011962890625, -5.365625858306885, 6.546281814575195, 5.678659915924072, -3.9768128395080566, 5.035989284515381, 0.3126598298549652, 8.870620727539062, -4.432578086853027, -7.080783367156982, -2.1317803859710693, 5.669816017150879, 2.1609652042388916, 0.5458106994628906, 4.466218948364258, -4.469415187835693, 4.024465084075928, 7.161384105682373, -4.44149923324585, -1.1526625156402588, 2.0569136142730713, -0.7954186797142029, 4.479639053344727, -5.708468914031982, -1.575020670890808, 6.468901634216309, -3.790086507797241, -1.2103242874145508, -4.087006568908691, -5.850229740142822, -2.3987064361572266, 0.03876596689224243, 1.1695703268051147, -0.8264508843421936, -2.821627378463745, -6.371041774749756, -2.7784643173217773, 3.792860269546509, -0.6122738122940063, 2.213489055633545, -2.5097246170043945, -2.339526891708374, 6.269604682922363, 0.5235590934753418, 5.448220252990723, -2.655910015106201, 3.2529666423797607, 2.166243076324463, 5.834059715270996, 5.705548286437988, 4.282794952392578, -6.57468843460083, 5.16108512878418, 6.437014579772949, -0.3516078591346741, -1.5324312448501587, -6.238969326019287, 0.5130491852760315, -6.383017063140869, -2.7885515689849854, 4.731687068939209, -0.24457602202892303, 2.433192491531372, -3.3350088596343994, -3.8041586875915527, 1.9854754209518433, 1.4996070861816406, 0.654262900352478, 0.6924813985824585, -2.469479560852051, 6.7075300216674805, -6.058600425720215]",0
20,9606.ENSP00000326366,"[26.547279357910156, 4.773929595947266, 6.680944442749023, -1.7476168870925903, -8.106606483459473, -0.786327600479126, -13.62744140625, 13.252923965454102, 5.023057460784912, -6.457714080810547, 16.546756744384766, 0.788526177406311, 0.2617988884449005, 5.459808826446533, -0.07695131003856659, -14.035228729248047, -9.019877433776855, 3.2052462100982666, 4.329695701599121, 5.744702339172363, -1.1533514261245728, -2.295971632003784, -7.374444961547852, -0.9567182660102844, 1.7998325824737549, -13.96458911895752, 5.825904846191406, 8.234136581420898, 1.9337581396102905, -20.00337028503418, 7.006669521331787, -16.34678077697754, -2.7714686393737793, 3.3414676189422607, 12.238622665405273, 2.4284727573394775, -1.5141364336013794, 2.2022056579589844, -15.316080093383789, 1.3949700593948364, -15.02690601348877, 1.5793187618255615, -3.7810773849487305, 3.5201332569122314, -1.5846821069717407, -12.187803268432617, 16.55072593688965, -22.445789337158203, -9.380627632141113, 3.346829414367676, -0.8580158352851868, 21.278881072998047, 8.769001007080078, 4.6587910652160645, -2.111760377883911, -17.1953067779541, 19.536897659301758, -4.294585704803467, -3.0074377059936523, -14.803719520568848, -21.025020599365234, -2.351567268371582, 1.136022925376892, 5.687905311584473, -4.1458210945129395, -2.879908323287964, 3.809239625930786, -19.51954460144043, -5.7751264572143555, 6.579012393951416, -1.7436517477035522, -2.7156379222869873, 5.992609024047852, -15.140419960021973, 0.3092806339263916, 20.535717010498047, 0.7501224279403687, -4.748237133026123, -20.564048767089844, -4.803706169128418, 4.811091423034668, 23.262392044067383, -18.362823486328125, -5.643148422241211, 2.2916722297668457, 8.120681762695312, 3.395587682723999, -9.932579040527344, -4.574048042297363, 4.270784378051758, -16.513442993164062, 18.43136215209961, 17.952495574951172, 5.046763896942139, -0.09308348596096039, 14.823283195495605, 0.45517998933792114, -12.1891508102417, 21.955612182617188, 3.6007471084594727, 14.11126708984375, 17.684072494506836, -15.381917953491211, 10.112476348876953, -2.3641717433929443, -3.8280446529388428, -3.7404446601867676, 5.586668491363525, 16.37403678894043, 1.896103858947754, -6.122757434844971, -1.0485637187957764, -1.3165972232818604, -11.701430320739746, -7.5624589920043945, -3.2838168144226074, 10.157563209533691, -10.383661270141602, -11.335350036621094, 18.188291549682617, 21.2542724609375, 4.863114356994629, 18.109325408935547, -4.190118789672852, 5.33940315246582, 2.9795427322387695, -16.515356063842773, -5.534084796905518, 15.49530029296875, 0.142006978392601, 20.505830764770508, 3.451355457305908, -4.687304973602295, 4.6999335289001465, -12.451902389526367, 2.810511589050293, -0.05890437215566635, -0.383650541305542, -2.000396966934204, 2.7208635807037354, 12.906195640563965, -4.757659912109375, 6.290254592895508, -23.636653900146484, 16.57802391052246, 2.370863676071167, -15.55742359161377, -19.396202087402344, 17.449844360351562, -3.1774752140045166, -1.8598757982254028, -3.966285228729248, -2.1129398345947266, 1.2404168844223022, 0.3163520097732544, 0.021865487098693848, 7.170842170715332, 2.812572956085205, -5.734452247619629, 6.061923980712891, -3.6264705657958984, -4.965935230255127, -6.758500576019287, -18.628711700439453, 6.868894100189209, 0.11459899693727493, 6.961765289306641, -6.715299606323242, 5.5971598625183105, 1.8966439962387085, 12.038185119628906, -4.394157409667969, 3.2547731399536133, -4.637209415435791, -10.239277839660645, 4.448153018951416, -1.5283355712890625, 18.230945587158203, -4.495224475860596, -3.2065558433532715, 21.40564727783203, 22.0952091217041, -1.9504797458648682, -10.708244323730469, 0.3492847681045532, -3.637327194213867, -10.295857429504395, -21.584392547607422, 21.64919662475586, -5.868560791015625, 10.731108665466309, 6.192570209503174, -21.653099060058594, 15.852005004882812, 10.944258689880371, -15.252309799194336, -6.967019081115723, -19.05487632751465, 15.43384075164795, -1.5759714841842651]",0
21,9606.ENSP00000441543,"[3.178011655807495, -0.30064958333969116, 3.879086971282959, 3.756655216217041, 0.995953381061554, 2.5443525314331055, 0.10672470927238464, 2.334235668182373, -3.950544595718384, 3.455488443374634, 1.1903027296066284, -5.220715522766113, 1.32909095287323, -0.49890682101249695, -2.592129945755005, -0.6124669313430786, 1.092232584953308, 3.8102619647979736, 3.7878267765045166, 1.459624171257019, -2.2819747924804688, -4.0179762840271, 0.9852976202964783, 3.4505932331085205, -3.644374132156372, -1.2916392087936401, 0.6850705146789551, 0.37360644340515137, 3.3247523307800293, -4.08896541595459, -4.483972072601318, -3.971297025680542, -1.4324902296066284, 0.12535037100315094, 1.5918976068496704, -2.2894468307495117, 0.7385571002960205, -3.384359121322632, -3.957592725753784, -2.332813262939453, -4.028620719909668, 2.801041603088379, -4.428194046020508, -0.7358952760696411, -0.8047083020210266, -0.25776243209838867, 2.237881660461426, -1.9974373579025269, -3.1318576335906982, -2.2255806922912598, 5.078658580780029, 3.7385671138763428, 0.33167919516563416, 0.4867139756679535, 2.103408098220825, -2.7184271812438965, 2.5823891162872314, -3.7427852153778076, 3.0880095958709717, -3.3282814025878906, -2.7908380031585693, 3.4931914806365967, 4.863295555114746, -1.2690285444259644, 0.6693774461746216, 0.6639057993888855, 3.761741876602173, -2.6782145500183105, 2.3061628341674805, 2.835183620452881, 3.779585361480713, 2.0005807876586914, -0.3294261693954468, -0.6428666114807129, -3.149003028869629, 1.8803865909576416, 3.611576795578003, -2.5023202896118164, -2.518993616104126, 2.3634145259857178, -0.37951451539993286, 3.240797281265259, -1.0063589811325073, 2.1262214183807373, 0.27064332365989685, 0.8981542587280273, -4.734013080596924, 2.181108236312866, -3.8294105529785156, -1.423696517944336, -1.285003423690796, 4.0179243087768555, 2.1306679248809814, -4.019796848297119, -1.4006778001785278, 3.0371172428131104, -2.2764034271240234, -0.9281008243560791, 2.126976728439331, -2.049811363220215, 2.6419947147369385, 2.565695285797119, -2.5501325130462646, 3.344440460205078, 3.9181017875671387, 4.074624061584473, -4.019013404846191, -1.7258005142211914, -0.44541892409324646, -2.554454803466797, 2.102743148803711, 1.9817705154418945, -4.383718967437744, 0.1127040684223175, -3.4994044303894043, 2.0912044048309326, -1.2736785411834717, -0.9096617698669434, -2.389765739440918, 0.4905835688114166, 3.026664972305298, 1.2206497192382812, 1.2076184749603271, 0.8492939472198486, -2.0257251262664795, 3.609201431274414, -2.7240962982177734, -4.848712921142578, 2.8226375579833984, -3.0508675575256348, 3.3903801441192627, 3.0704617500305176, -3.3197691440582275, 2.536722183227539, -0.3116476237773895, 5.460943222045898, -2.3677730560302734, -4.233506679534912, 0.01280975341796875, 3.268768072128296, 1.1565876007080078, 0.2751930356025696, 3.128777265548706, -3.5814266204833984, 3.1364622116088867, 3.4702486991882324, -2.9192934036254883, -0.2983275055885315, 1.1714295148849487, -0.13379265367984772, 2.729806423187256, -2.811272621154785, -0.6495110392570496, 4.101315975189209, -1.879826545715332, -1.587489366531372, -1.8773690462112427, -2.8657376766204834, -0.7588462829589844, -1.281313180923462, 0.4150828421115875, -0.04554908722639084, -1.880618691444397, -3.4837236404418945, -1.6878856420516968, 1.5062073469161987, -0.27847182750701904, 1.6341052055358887, -0.7754911780357361, -2.1465251445770264, 4.015982627868652, 0.02259957790374756, 4.943239688873291, -2.9828715324401855, 2.3595495223999023, 1.5607469081878662, 3.166644811630249, 2.986945152282715, 2.605988025665283, -4.520813941955566, 3.299278736114502, 4.3057332038879395, 0.38727015256881714, -2.363715171813965, -4.2637786865234375, -0.6548154354095459, -3.7230069637298584, -0.515227735042572, 3.3535220623016357, 0.2594106197357178, 0.4132160246372223, -0.40163224935531616, -3.134632110595703, 1.5284191370010376, 0.10642998665571213, 1.3586962223052979, -0.06884489953517914, -1.924522876739502, 3.701291561126709, -4.104822158813477]",0
22,9606.ENSP00000295225,"[1.2334926128387451, 0.6801995635032654, 2.785215377807617, -0.5661678910255432, -0.9478038549423218, 0.3135458827018738, 0.4661341607570648, 2.3607587814331055, 0.21340060234069824, 0.9818001985549927, 2.4538626670837402, -1.5883690118789673, -0.9644087553024292, -0.454111248254776, 1.7041183710098267, 0.6194385290145874, 0.5021998882293701, 3.125223398208618, 1.1880379915237427, 0.707327127456665, 0.3152521252632141, -2.0321567058563232, -1.630774974822998, -0.6709399223327637, -1.3282668590545654, -0.899093747138977, 1.5790514945983887, 4.56518030166626, -1.7323585748672485, -1.379531979560852, 0.22479358315467834, -1.885268211364746, -2.4505579471588135, 2.250070333480835, 2.667991876602173, -0.905544102191925, -1.7853388786315918, -0.6727569103240967, 0.008237630128860474, 0.2234480232000351, -2.4322943687438965, -1.293107509613037, 0.3859724700450897, 0.22791537642478943, 0.17263326048851013, -2.2508604526519775, 1.738202691078186, -1.4940720796585083, -2.1397335529327393, 0.0881001353263855, 1.2989152669906616, 2.5832550525665283, 2.240600824356079, 0.3154045343399048, -0.9391932487487793, -4.560713768005371, 2.350031614303589, -1.8048454523086548, 1.1969916820526123, -4.885493278503418, -1.549713373184204, -0.42896386981010437, 1.5746299028396606, 0.2624845802783966, -0.10527995228767395, 3.0549509525299072, 1.1908934116363525, -0.12223096191883087, -0.5344806909561157, -0.02030821144580841, -0.6434966325759888, -0.2241511344909668, 1.444708228111267, -1.6031663417816162, -0.17477762699127197, 2.621244192123413, 1.4616080522537231, 0.39520955085754395, -2.447612762451172, 0.9060935378074646, 0.7654255628585815, 3.444931745529175, -0.48512956500053406, 0.5650656223297119, 1.037219524383545, 1.2562291622161865, -0.9519393444061279, 0.14331097900867462, -1.752478003501892, -0.06271320581436157, -1.7197109460830688, 3.1030426025390625, 2.014317274093628, 0.4935688376426697, -1.4982810020446777, 4.22387170791626, -0.07080915570259094, 1.3538823127746582, 2.1688570976257324, 0.7724140882492065, 2.004091262817383, 2.63326096534729, -2.7093472480773926, 4.404231071472168, -1.2122080326080322, 0.8011012077331543, -3.078793525695801, 0.07843461632728577, 1.3671236038208008, 1.3464598655700684, -0.8756737112998962, 1.9010576009750366, -1.4029747247695923, -0.8962494134902954, -3.6882009506225586, 0.618121325969696, -0.7898186445236206, -1.5933364629745483, -1.30792236328125, 4.081595420837402, 1.8979804515838623, -0.033308178186416626, -0.23062294721603394, -1.063949704170227, -0.8842127919197083, -0.06343856453895569, -1.2032966613769531, -2.0999817848205566, 2.7067205905914307, -1.2414557933807373, 2.437554121017456, 0.9991115927696228, 0.6558034420013428, 2.4348342418670654, -0.7715760469436646, 2.1077702045440674, -1.630232572555542, -2.0967421531677246, 1.1423836946487427, -0.3013837933540344, 1.519627332687378, -1.593489646911621, 1.5389419794082642, -4.399031162261963, 3.0325746536254883, 1.8528233766555786, -1.7267892360687256, 2.245147228240967, 0.36472684144973755, 1.1657007932662964, 1.5193698406219482, 0.043223440647125244, -0.1676407754421234, 0.4209142327308655, -0.8560277223587036, -0.9955436587333679, 0.1234760582447052, -0.4830951690673828, -0.015314579010009766, 1.623897671699524, -0.7260431051254272, 0.7998121380805969, 1.1156833171844482, -3.5323164463043213, 2.5564675331115723, 0.46264490485191345, 0.2866910696029663, 1.5818572044372559, -0.9277117848396301, 1.973320484161377, -0.11887209117412567, -2.9356002807617188, 1.779758334159851, -0.6772148609161377, 0.4570925831794739, 2.019031286239624, 1.663203239440918, 2.4328644275665283, 2.1293458938598633, -1.1253182888031006, 1.5631341934204102, 2.976288080215454, -1.307166337966919, -1.063802719116211, -1.3140544891357422, -0.646342933177948, -0.728467583656311, -2.221066951751709, 2.930044174194336, -0.5542057156562805, 1.456686019897461, 1.2553515434265137, -4.148117542266846, 0.8811916708946228, 1.4086397886276245, -0.23541469871997833, -0.5685219764709473, -2.5335066318511963, 2.3382091522216797, -1.2098393440246582]",0
23,9606.ENSP00000241014,"[3.5823540687561035, -1.7770848274230957, 4.572475433349609, 4.40510368347168, -0.6306276321411133, 2.8605685234069824, -1.2658512592315674, 4.888626575469971, -2.6624293327331543, 2.7736289501190186, 5.34701681137085, -4.625558376312256, 0.16611002385616302, -2.1601052284240723, -0.6850854158401489, 1.2036027908325195, -3.036885976791382, 1.5470049381256104, 4.658390998840332, 2.1160850524902344, -1.3205890655517578, -2.9458658695220947, -1.9616260528564453, 0.3887932002544403, -4.017000675201416, -3.3676869869232178, 1.0011186599731445, 1.5300147533416748, 1.8603121042251587, -3.8853960037231445, -1.188463807106018, -2.445012092590332, 0.5620956420898438, -0.2905377745628357, 5.771562099456787, -1.345640778541565, -2.7625105381011963, -1.6701381206512451, -5.121944904327393, -2.54824161529541, -2.6907503604888916, -0.35216954350471497, -5.237837314605713, -1.8719725608825684, -0.3984526991844177, 0.565652072429657, 3.8893163204193115, 1.119734764099121, -3.685034990310669, -2.0871453285217285, 2.2511022090911865, 3.256532907485962, 2.09200119972229, 0.9782386422157288, 0.13021673262119293, -3.9875094890594482, 4.171965599060059, -2.966803789138794, 3.1788926124572754, -4.983761787414551, -4.216986179351807, 2.6259963512420654, 3.9896323680877686, -0.39683568477630615, 1.1223269701004028, 1.0251497030258179, 2.3561830520629883, -2.6841602325439453, -1.3859825134277344, 4.649997234344482, 2.093942642211914, 0.1431790590286255, -0.1504172682762146, -5.094950199127197, -3.3370063304901123, 4.900160789489746, 1.2944564819335938, 0.6166965365409851, -6.1626458168029785, 1.6477258205413818, 1.852433204650879, 1.0741852521896362, -2.2601892948150635, -2.5834288597106934, 0.4961059093475342, -0.05122038722038269, -3.7004330158233643, -2.015676259994507, -3.384077310562134, 0.4585890769958496, -4.128010272979736, 3.059647560119629, 5.431696891784668, -1.1467338800430298, -4.7315802574157715, 4.251767635345459, -4.170714378356934, -0.21548204123973846, 1.2408539056777954, 0.10244858264923096, 1.537180781364441, 4.390941619873047, -4.726632118225098, 3.720430374145508, 3.6957244873046875, 1.7606536149978638, -4.621294021606445, -0.40375468134880066, 0.24936607480049133, -3.0707359313964844, 0.41360968351364136, 3.030856132507324, -3.074326276779175, -4.534096717834473, -4.509806156158447, 1.843282699584961, 0.7923206686973572, -4.8696818351745605, -2.279390335083008, 6.75046968460083, 4.088205814361572, 0.16730737686157227, 2.4995498657226562, 0.031135685741901398, 2.6847493648529053, 0.9282829761505127, -4.2119975090026855, -4.700231552124023, 3.3583853244781494, -1.6059091091156006, 4.850697994232178, 0.241797536611557, -4.132511615753174, 3.1120479106903076, -4.144819259643555, 4.116208553314209, -3.271040678024292, -4.873897552490234, -1.7141810655593872, 2.56486439704895, 3.374704122543335, 1.02499520778656, 2.1828274726867676, -5.2273664474487305, 5.7457475662231445, 2.3598992824554443, -4.16071891784668, -0.5487087965011597, 2.1646974086761475, -0.5704470872879028, 0.7751393914222717, -2.726844549179077, -2.651193618774414, 5.95946741104126, -1.49174964427948, -2.1838672161102295, -1.5084552764892578, -3.5038156509399414, 0.04809993505477905, 1.652553915977478, 0.9452852010726929, 0.04034647345542908, -0.16905677318572998, -2.4128000736236572, 0.15489184856414795, 3.6815149784088135, 0.24374476075172424, 3.7729995250701904, -2.3483474254608154, -0.9090386629104614, 6.071275234222412, -3.935051679611206, 4.577120304107666, 0.5583546757698059, 0.5477354526519775, 2.944394588470459, 3.3214519023895264, 2.666118860244751, 2.5691776275634766, -1.255807876586914, 1.0087730884552002, 5.319318771362305, 2.0541253089904785, -1.393128514289856, -1.1421778202056885, -0.017430096864700317, -1.1244233846664429, -1.2734878063201904, 1.524039626121521, 0.8495378494262695, 1.817625641822815, -1.5701801776885986, -5.390780925750732, 2.2439467906951904, 3.890547275543213, 1.1108583211898804, -1.2538145780563354, -4.353158473968506, 5.94284200668335, -3.151332378387451]",0
24,9606.ENSP00000284440,"[4.104921340942383, -1.319674015045166, 2.421982765197754, 4.071019649505615, -3.15631365776062, 1.444058895111084, 0.592927098274231, -0.5205667018890381, 1.1011849641799927, 1.7494920492172241, 3.571051836013794, -1.8564192056655884, -2.5306406021118164, 2.58406662940979, -2.145568609237671, -0.3350011110305786, -0.8382543325424194, -2.184760808944702, 1.5247793197631836, 1.3192042112350464, 1.9588185548782349, -0.4724806845188141, 2.4804139137268066, 1.0576907396316528, 0.21986714005470276, -1.6926978826522827, -0.7259461283683777, 1.1953219175338745, 0.7249077558517456, -2.757052421569824, 2.125274419784546, -4.749386310577393, -1.7887945175170898, 2.1712262630462646, 0.7634531259536743, -0.5166594386100769, 0.6102399826049805, -2.5280230045318604, -4.465920448303223, -0.6458433866500854, -0.7549166083335876, -0.08418658375740051, -2.3989431858062744, 0.8086814284324646, 2.6542091369628906, -2.0694401264190674, 2.8391129970550537, -4.913030624389648, -2.5122551918029785, -0.0070972442626953125, 1.433318853378296, 2.818826675415039, 1.6184674501419067, 3.0252327919006348, 1.0944982767105103, -1.015336036682129, 1.8535075187683105, -0.6082751750946045, 1.127497911453247, -1.3015267848968506, -3.6276395320892334, -1.4767558574676514, 5.7085466384887695, 0.3607948422431946, 0.48905521631240845, -2.840228796005249, 0.8403549194335938, -2.174180507659912, -2.0803427696228027, 1.750087857246399, 2.7318732738494873, 0.4614545702934265, 4.65706205368042, -2.1020612716674805, -0.405426561832428, 2.5217695236206055, -0.4619694650173187, 2.0700933933258057, -2.12097430229187, 0.4227903485298157, 0.6165110468864441, 3.8439555168151855, -1.8356151580810547, -2.5897037982940674, -3.810636281967163, 0.4043499827384949, -2.9426157474517822, -1.930751085281372, -2.9816572666168213, 1.76085364818573, -1.203359603881836, 4.128813743591309, 2.9844603538513184, -1.718428373336792, -2.4037981033325195, 2.8321104049682617, -2.8034040927886963, -1.5557756423950195, 2.5758070945739746, 2.8464746475219727, 0.9792580604553223, 1.401898980140686, -3.6490395069122314, 3.6245357990264893, 2.881542444229126, 0.04116928577423096, -4.681742191314697, 1.9954512119293213, 2.2904345989227295, -3.7632088661193848, -5.567122459411621, -0.5004364848136902, -0.4136008024215698, 0.2835308313369751, 1.0464500188827515, 2.854276180267334, 1.8040708303451538, -3.3458497524261475, -2.5470266342163086, 2.4930217266082764, 3.4631965160369873, 1.076361060142517, 2.2195093631744385, -2.21260142326355, -2.0102500915527344, -0.0296737402677536, -3.9082601070404053, -1.3432008028030396, 1.940109372138977, -0.06961283087730408, 3.7767350673675537, -0.2404954582452774, -1.5664491653442383, 1.8800939321517944, -5.08695650100708, 0.6834599375724792, -1.1892987489700317, -0.18761077523231506, -0.3229255676269531, 4.053354740142822, 0.651878833770752, -2.187492609024048, 0.9750322103500366, -2.64499831199646, 3.3484928607940674, 2.6478142738342285, -3.838184118270874, -0.5086883306503296, -0.9254983067512512, 0.03873084485530853, 0.7733980417251587, -0.6908887624740601, 0.6501772403717041, 3.1176300048828125, 0.22808237373828888, 0.5167903900146484, 1.0537992715835571, -1.9668878316879272, 1.2881898880004883, 2.1573128700256348, -0.5031931400299072, 1.624131441116333, 1.028566837310791, -2.3268299102783203, 0.24366384744644165, 1.551635980606079, 3.602576732635498, 0.04347473382949829, 0.44810327887535095, 1.6404491662979126, 2.1604490280151367, -2.817779779434204, 2.129439115524292, -0.397599995136261, -0.43041038513183594, 1.9014778137207031, 4.283660411834717, 1.7843228578567505, -0.3517465889453888, -1.5313911437988281, 4.5047760009765625, 5.616539001464844, -3.711951732635498, -4.045259952545166, -2.4129319190979004, -3.5904016494750977, -4.243424415588379, -2.117291212081909, 2.83492374420166, -2.2384331226348877, 1.5117709636688232, 0.14799892902374268, -5.2388410568237305, 0.3637617230415344, 3.9011220932006836, -1.1011419296264648, -1.7714487314224243, -3.4221420288085938, 3.1717886924743652, -1.6769835948944092]",0
25,9606.ENSP00000355747,"[7.237363815307617, -1.145901083946228, 4.3417439460754395, -0.00035262107849121094, 1.026423692703247, 0.9345654845237732, -3.191077947616577, 4.113162994384766, -0.23803310096263885, 1.7164745330810547, 3.55159592628479, -1.356453537940979, 1.1728452444076538, -1.8042497634887695, -1.302069902420044, -3.728954792022705, -0.04739375412464142, 2.5548410415649414, 2.1446220874786377, 0.015954285860061646, -1.8936536312103271, -1.4603815078735352, -0.7552041411399841, -0.7701971530914307, -4.769683837890625, -2.979384422302246, 2.8442177772521973, 3.0670557022094727, 3.5038793087005615, -4.409170627593994, 0.22632652521133423, -2.484886884689331, 0.06424286961555481, 0.4950720965862274, 1.6336089372634888, -2.8875608444213867, -0.4812880754470825, -2.6927719116210938, -4.8572492599487305, -4.272247791290283, -4.09750509262085, 2.9247794151306152, -4.296080112457275, -0.3544361889362335, -0.9619293212890625, -0.7830559015274048, 6.4346394538879395, -5.8430938720703125, -3.053912401199341, -0.5719336271286011, 2.933377981185913, 6.637115478515625, 3.2842752933502197, -1.4873712062835693, 2.200723648071289, -4.432706356048584, 6.2153472900390625, -4.450827598571777, 3.703653335571289, -5.676023483276367, -5.039796829223633, 3.0325188636779785, 3.1467995643615723, 0.058103591203689575, 1.3139394521713257, 2.183335781097412, 2.535609483718872, -5.4727325439453125, -0.5156011581420898, 3.8106515407562256, 0.7779712677001953, 1.0358304977416992, -1.5692229270935059, -1.6541228294372559, -3.4402883052825928, 4.725118160247803, 3.0869457721710205, -1.8112027645111084, -2.478742837905884, 3.6768226623535156, 2.3272783756256104, 6.598783016204834, -2.7835958003997803, 0.23270031809806824, 0.6867531538009644, 3.366903305053711, -0.5394916534423828, -0.017233043909072876, -1.4534118175506592, -1.4667516946792603, -1.5414661169052124, 4.214616775512695, 2.517340660095215, -1.0580639839172363, -3.45149564743042, 5.058980941772461, -3.8563573360443115, 2.3119795322418213, 4.2289228439331055, -0.9133819341659546, -0.8831851482391357, 5.644331455230713, -1.1433361768722534, 3.245161533355713, 5.039287090301514, 2.2752890586853027, -4.81326961517334, -0.7782750129699707, 3.392890453338623, -1.7166944742202759, -0.4294593334197998, 2.6204025745391846, -1.8072620630264282, -0.5946214199066162, -1.7825976610183716, 1.8033857345581055, 4.550529479980469, -3.175264596939087, -0.8639588356018066, 3.858544111251831, 6.548703670501709, 3.0180325508117676, 5.810086727142334, 0.04989171028137207, -1.2585996389389038, 0.49515435099601746, -5.659011363983154, -4.208079814910889, 2.4509806632995605, -3.2783117294311523, 3.09032940864563, 3.3310794830322266, -1.8337419033050537, 3.716994047164917, -3.633133888244629, 3.6370887756347656, -0.46769213676452637, -2.6332504749298096, -1.843171238899231, 2.314537286758423, 4.8331732749938965, -0.6681900024414062, 1.7910906076431274, -5.212701797485352, 4.645468711853027, 2.8194804191589355, -2.6650946140289307, -2.514638662338257, 2.8355016708374023, -1.204306721687317, 3.341451406478882, -4.561955451965332, 1.4946305751800537, 2.559465169906616, -1.1256409883499146, -1.0976980924606323, 1.5934209823608398, -1.8530564308166504, -2.0192670822143555, -0.7150534391403198, -0.8394024968147278, -1.2092573642730713, -0.1335887610912323, -5.661618709564209, -0.3775498569011688, 3.510911464691162, -1.3242377042770386, 1.7184326648712158, -1.0216566324234009, -0.4641630947589874, 4.84666633605957, 1.916522741317749, 4.2320756912231445, -1.9244697093963623, -0.7554603219032288, 2.484727144241333, 2.9788832664489746, 2.902907609939575, 0.39774441719055176, -3.4993185997009277, 6.288480281829834, 6.772939205169678, 1.0301812887191772, -1.0279676914215088, -2.6848442554473877, -0.8820182085037231, -4.700541973114014, -5.573677062988281, 4.641782283782959, 0.5363051891326904, 0.8340460062026978, -0.23520123958587646, -4.2114458084106445, 4.823849678039551, -0.6509730219841003, -3.0967559814453125, -0.1363779604434967, -3.9720802307128906, -0.1828024685382843, -2.1995856761932373]",0
26,9606.ENSP00000263233,"[4.206411838531494, -0.5619217157363892, 2.8333187103271484, 1.5716304779052734, -0.2849883437156677, 2.0148510932922363, -3.213430643081665, 3.476940631866455, -1.4793555736541748, 1.5484788417816162, 3.1928646564483643, -1.925593376159668, 0.7857365608215332, -3.644436836242676, -3.8423447608947754, -0.01626581698656082, -3.374082088470459, 4.052186489105225, 3.361764907836914, 1.9264053106307983, 2.461228847503662, -5.775607585906982, 1.8572964668273926, -3.0156350135803223, -4.2125067710876465, 1.1790151596069336, 1.6919487714767456, 0.9376315474510193, 2.319147825241089, -1.4947831630706787, -2.055217742919922, -2.127809762954712, 0.18093615770339966, -2.0928919315338135, 1.126419186592102, 0.9020322561264038, -2.573439598083496, -0.9158364534378052, -5.074753761291504, -0.7596726417541504, -3.1164350509643555, 0.8076612949371338, -1.5611859560012817, 1.8265904188156128, -2.2262327671051025, 0.37695324420928955, 4.245842456817627, -1.453777551651001, -3.087127208709717, -3.7985410690307617, 3.879754066467285, 4.41919469833374, -0.302742600440979, 1.379287600517273, 2.408961057662964, -1.6971572637557983, 3.5460054874420166, -2.9278154373168945, -5.92088508605957, -3.91597056388855, -4.708136081695557, 2.302483081817627, 2.3383147716522217, -0.9623730182647705, -1.5636811256408691, 1.0645121335983276, 2.764559507369995, -6.582263469696045, 0.05726504325866699, 2.052976608276367, 2.9710583686828613, 2.958517074584961, -0.8955051898956299, -3.7119007110595703, -2.0862367153167725, 6.079902648925781, 0.7608850002288818, 1.390641450881958, -3.854708194732666, 2.220998525619507, 1.4432826042175293, 4.705610752105713, -2.1869664192199707, -0.8456581830978394, 2.9245543479919434, -0.7863889932632446, -2.803403854370117, -2.703540802001953, -3.626387119293213, -1.1157375574111938, -4.100639820098877, 1.6402126550674438, 4.573208808898926, -3.1718087196350098, 0.9702361822128296, 1.1246272325515747, -1.1047145128250122, 0.276118665933609, 2.677312135696411, -2.180363178253174, -2.054018974304199, 1.9655110836029053, -3.199215888977051, 4.666902542114258, 5.112546920776367, 3.2980892658233643, -3.853039503097534, -1.7418510913848877, 3.158308982849121, -0.07222834974527359, 1.7054239511489868, 1.4806166887283325, -3.222946882247925, -1.942482352256775, 3.618710994720459, 1.9184843301773071, -0.14990240335464478, -0.7200393676757812, -0.8739096522331238, 2.8764889240264893, 2.5336661338806152, 2.5635294914245605, 3.5244979858398438, 2.3414993286132812, 3.2569844722747803, 1.559180736541748, -5.011082649230957, -4.464080333709717, 1.603637456893921, -0.9833254814147949, 4.276154041290283, 2.5769412517547607, -1.4459151029586792, 3.7330470085144043, -5.874304294586182, 3.186840772628784, -1.8665745258331299, -1.1677402257919312, -1.8541208505630493, 0.1819002479314804, 2.590578556060791, 2.595519781112671, -4.95800256729126, -2.0131523609161377, 3.953183174133301, 4.465912818908691, 1.0398409366607666, -3.515225410461426, 3.389909267425537, -3.3090670108795166, 4.221658706665039, -1.9525206089019775, -5.473293304443359, 1.1714662313461304, -1.8366777896881104, 2.477752447128296, 0.5426509380340576, -1.9847017526626587, -4.0869927406311035, 2.134563446044922, 0.7277591228485107, 0.8064712285995483, -4.022815227508545, 2.6539294719696045, 1.9028029441833496, 1.5409002304077148, 0.08175309002399445, 1.030517816543579, -1.9978711605072021, -2.0643725395202637, 3.731748104095459, -2.4640414714813232, -1.2119693756103516, 0.1469535082578659, 1.0529409646987915, 3.2954466342926025, 1.7264466285705566, 2.5100042819976807, 1.865496039390564, -3.5409748554229736, 3.7255821228027344, 3.238520622253418, 0.37018561363220215, 0.5169699788093567, -1.928930401802063, -0.8910214900970459, 1.9487030506134033, -4.992997646331787, 4.6944684982299805, 0.4778446555137634, 2.3041343688964844, -2.3712124824523926, -2.308042287826538, 1.8558045625686646, 0.9704395532608032, -0.5846930742263794, -0.2111252248287201, -2.6136856079101562, 2.8908514976501465, -4.092278480529785]",0
27,9606.ENSP00000327694,"[4.013339042663574, -0.13902676105499268, 4.611667156219482, 4.847978591918945, -1.167345643043518, 3.016515016555786, -1.146540880203247, 0.5032554268836975, -2.664041042327881, 2.3185741901397705, 3.339768171310425, -3.6849582195281982, 1.8699979782104492, -0.46831637620925903, -6.35590934753418, -0.5302660465240479, 1.143567681312561, 3.6786675453186035, 4.176973342895508, 1.1813271045684814, -5.191617488861084, -4.745372772216797, -1.7741148471832275, 1.3542571067810059, 0.439637154340744, 0.7843480706214905, 0.29452037811279297, 0.4719657599925995, 2.9687893390655518, -1.6250888109207153, -3.2992446422576904, -4.556054592132568, 0.3672606945037842, 0.19245848059654236, -0.061251506209373474, 3.0434231758117676, -0.7289295792579651, -1.7277717590332031, -3.008617401123047, -4.2160844802856445, -0.6369814872741699, 0.31803277134895325, -3.985091209411621, 0.750027596950531, -2.1805307865142822, 0.5546342730522156, 3.5694968700408936, -0.17521223425865173, -4.7566351890563965, -4.711368083953857, 4.1996917724609375, 3.0318174362182617, 1.203910231590271, -2.0690226554870605, -1.3861438035964966, -3.682511806488037, 3.719136953353882, -4.879491806030273, 0.288932740688324, -0.6837255954742432, -4.94575834274292, 5.908828258514404, 6.10888147354126, -0.5229365229606628, 0.18578821420669556, 2.8050239086151123, 3.499715566635132, -3.0926566123962402, -1.75493323802948, 5.409456729888916, 4.446722984313965, 1.4626290798187256, 1.1105928421020508, -3.4586691856384277, -2.660879611968994, 5.915942192077637, 5.099309921264648, -2.297217845916748, -2.0332019329071045, 4.809590816497803, -0.8585138320922852, 4.7198166847229, -2.4826676845550537, 0.050073206424713135, 4.530860424041748, -0.009886115789413452, -5.972280979156494, 1.029510498046875, -5.710352897644043, 1.072548508644104, -1.1463849544525146, 2.1561269760131836, 3.942634105682373, -4.47041654586792, -1.4718694686889648, -0.562555193901062, -6.009774208068848, 3.920274257659912, 3.889559507369995, -2.4541516304016113, 2.690810203552246, 5.195742607116699, -2.7914702892303467, 3.2456562519073486, 6.08887243270874, 5.979025840759277, -2.9265897274017334, -1.7426093816757202, -0.5581097602844238, 1.0236610174179077, 0.9908450841903687, 4.470926284790039, -4.197084426879883, 1.629629135131836, -1.6094732284545898, 1.5498404502868652, -1.365805745124817, -0.9772223234176636, -0.8329359292984009, 2.3113231658935547, 3.4332008361816406, 2.5619707107543945, 3.977193832397461, 3.2174301147460938, -0.1665891855955124, 5.419065952301025, -6.05586051940918, -5.732478618621826, 4.500534534454346, -4.021181583404541, 2.935332775115967, 3.939566135406494, -0.852581262588501, 2.6806132793426514, -3.067838668823242, 2.9070892333984375, -3.943925142288208, -4.53912353515625, 0.08379867672920227, 4.398041248321533, 4.668544292449951, 1.4656050205230713, 2.7688915729522705, -5.006176471710205, 3.441879987716675, 4.900488376617432, -3.1613333225250244, 2.501574993133545, 4.811751365661621, -1.2980443239212036, 2.229663848876953, -6.184512615203857, -1.763261318206787, 6.425967216491699, -3.8350276947021484, -0.8426828384399414, -1.0727156400680542, -3.054318428039551, -4.557422637939453, -0.17248205840587616, 0.7837754487991333, 0.2289033979177475, -0.8939778208732605, -1.3768008947372437, 1.854083776473999, 3.4199061393737793, -4.43913459777832, 1.238863229751587, 0.20186877250671387, -2.9043631553649902, 5.38470458984375, -1.9251197576522827, 3.3767213821411133, -0.8606058359146118, 1.266141414642334, 6.061417579650879, 3.6334011554718018, 4.000316619873047, 5.099725723266602, -5.530998229980469, 7.081177711486816, 3.696096420288086, -0.3453134298324585, 0.29707205295562744, -6.341136455535889, 0.637198269367218, 0.1478622853755951, -1.4509726762771606, 3.6898765563964844, -1.3590985536575317, -0.822571873664856, 1.2751314640045166, -3.757072925567627, 2.7258100509643555, 1.1398714780807495, 0.7261239290237427, 1.035475254058838, -4.296173095703125, 3.4169936180114746, -4.524580478668213]",0
28,9606.ENSP00000262629,"[5.980116367340088, 2.310581922531128, -1.5478016138076782, -3.4083445072174072, -2.858438014984131, -3.44864559173584, -4.602059841156006, 1.7502766847610474, 2.844104051589966, -4.6107497215271, 5.135324001312256, 2.379812479019165, -4.617887496948242, 0.42442676424980164, 1.1131558418273926, -0.8336036205291748, -4.894590377807617, -1.3558146953582764, 0.4214063882827759, 6.633659362792969, 0.023547440767288208, -0.14183220267295837, -1.0490785837173462, 1.5061509609222412, 7.042885780334473, -6.623945713043213, -1.2508869171142578, 2.2806382179260254, -2.485116958618164, -4.844311714172363, 4.1149067878723145, -1.9426828622817993, -1.8428764343261719, 3.123008966445923, 4.192473411560059, 2.2077836990356445, -1.3639219999313354, 3.7193262577056885, -3.9498178958892822, 2.382359266281128, -2.4451377391815186, -6.103363037109375, -2.1496665477752686, 5.682577610015869, 2.39143967628479, -5.050565242767334, 3.938659191131592, -6.862183094024658, -4.2105512619018555, 3.0189435482025146, -2.209886312484741, 5.6476311683654785, 2.8642637729644775, -1.6899807453155518, -3.1551058292388916, 0.4447757601737976, 4.822336196899414, 1.255226969718933, 3.093832015991211, -0.33025145530700684, 0.3793666958808899, -2.648279905319214, -2.5801095962524414, 3.6686854362487793, -2.40156626701355, -3.2683212757110596, 1.4450714588165283, -4.109567165374756, -8.514103889465332, -1.0879945755004883, 3.031423568725586, -5.848598480224609, 1.3694053888320923, -3.3458495140075684, -0.10947422683238983, 7.409943580627441, -6.318977355957031, 1.074934959411621, 2.489471435546875, -3.9511916637420654, 2.1975531578063965, 5.356470108032227, -7.9454522132873535, -1.886741280555725, 3.7844767570495605, 4.117249011993408, 0.6015381813049316, -7.486333847045898, 0.06537723541259766, 2.3781559467315674, -0.026615120470523834, 3.150599718093872, -1.292598843574524, 0.8375653624534607, -2.203616142272949, 1.4012595415115356, 2.1911673545837402, -5.170752048492432, 3.44024395942688, 6.830158233642578, 6.857873439788818, 3.2460575103759766, -2.6184234619140625, 6.002885341644287, -1.2315292358398438, -5.840617656707764, -0.3519274592399597, 1.6667718887329102, 5.406193256378174, 8.896556854248047, 0.09441325068473816, -6.397304058074951, 7.550318717956543, -3.9397668838500977, -2.6279964447021484, -2.861743450164795, -1.2033579349517822, -1.621840238571167, -2.764843702316284, -0.9233913421630859, 5.614614009857178, -4.717185020446777, 1.166945219039917, -5.3563337326049805, 6.060657024383545, -0.3653865456581116, -1.6043169498443604, 4.009241580963135, 5.082046031951904, 4.917149543762207, 4.839622497558594, -2.8632216453552246, 1.0071160793304443, 0.08957281708717346, 2.473182201385498, -0.13538074493408203, 1.2292661666870117, 1.64515221118927, 3.6963255405426025, -1.652506947517395, 5.222990036010742, -4.65443229675293, -1.0523427724838257, -4.539569854736328, 2.8133769035339355, -0.18563833832740784, -4.110803127288818, -3.6694793701171875, 3.5001320838928223, 0.3767632246017456, -1.6384353637695312, 2.159243583679199, -2.75783371925354, -2.1310245990753174, -1.0715242624282837, 0.430372416973114, 2.809006452560425, 4.510989189147949, 1.7712849378585815, 2.8755180835723877, -0.7451674938201904, 2.6178975105285645, 1.1980795860290527, -2.7286887168884277, 9.620802879333496, -1.478097915649414, 7.388892650604248, -3.0201148986816406, 2.8048903942108154, 4.990311145782471, 5.191375255584717, -2.100857734680176, 0.4053910970687866, -0.15748092532157898, -2.020822763442993, -4.631653785705566, -2.2904882431030273, 3.418741226196289, -3.522972345352173, 1.3653054237365723, 5.259103775024414, 1.8625574111938477, -3.124723434448242, -8.11366081237793, 0.9657850861549377, -3.0297040939331055, -0.0012222528457641602, -2.392024517059326, 4.252260684967041, -5.728914737701416, 4.0842180252075195, 3.3235723972320557, -4.501314640045166, 4.88739013671875, 6.0617451667785645, -3.156820058822632, -3.679678440093994, -7.0025200843811035, 2.88474178314209, 0.7533556222915649]",0
29,9606.ENSP00000318585,"[9.877959251403809, 0.9298458099365234, 6.647768020629883, 3.0359888076782227, -1.8668293952941895, 2.309542417526245, -4.430383205413818, 1.929937481880188, 0.017857074737548828, 4.79200553894043, 7.631343841552734, -3.4705188274383545, 0.7139257192611694, -1.0275113582611084, -5.726701259613037, -4.214592933654785, -2.1326794624328613, 0.8384279012680054, 5.596453666687012, 0.3721187710762024, -0.5373321771621704, -4.069311141967773, -0.3679080307483673, -0.6487255096435547, -3.080230236053467, -3.020742654800415, 1.4495718479156494, -0.8514999151229858, 3.6534926891326904, -5.728583335876465, -2.4441232681274414, -4.861988067626953, 1.0738165378570557, 1.4580965042114258, 3.4608821868896484, -3.071610927581787, 1.282665491104126, -5.951904773712158, -5.90780782699585, -6.148698806762695, -2.374500274658203, -0.3262428045272827, -8.655089378356934, -4.281423091888428, -1.166215181350708, -0.715724527835846, 8.342954635620117, -8.017487525939941, -4.677306175231934, 0.10167399048805237, 3.528740644454956, 7.181612968444824, 4.966730117797852, 0.4081183075904846, 2.479940891265869, -5.4186506271362305, 7.668176174163818, -4.506393909454346, 5.189735412597656, -3.8432159423828125, -7.590881824493408, 1.8519604206085205, 3.2661516666412354, 0.8243330121040344, 0.898762047290802, 0.06927907466888428, 4.520675182342529, -4.876817226409912, -1.3722739219665527, 3.5505130290985107, 4.168241024017334, 3.3778738975524902, 1.3320095539093018, -2.442829132080078, -5.111636161804199, 6.67359733581543, 7.068769931793213, -1.5677045583724976, -5.753915786743164, 3.2347404956817627, -0.5999829769134521, 6.4985761642456055, -1.9960510730743408, -0.49456551671028137, -0.6731178164482117, 4.040043830871582, -2.940455436706543, -3.165020227432251, -4.493328094482422, -0.38033971190452576, -3.5509071350097656, 4.879934310913086, 4.134961128234863, -3.5601511001586914, -1.9798003435134888, 2.986114025115967, -4.986888408660889, 0.14388516545295715, 5.295586585998535, -0.14923901855945587, 4.0548882484436035, 4.148080825805664, -4.709351539611816, 4.339633941650391, 7.550726890563965, 0.15391424298286438, -6.163593292236328, -2.500092029571533, 6.664213180541992, -6.973104953765869, 2.073385238647461, 1.7636817693710327, -2.2302141189575195, -1.15294349193573, -0.7030051946640015, -0.2925373315811157, 5.84180212020874, 0.888687789440155, -3.943903684616089, 2.089099168777466, 7.3400092124938965, 1.2343122959136963, 6.616744041442871, 0.8405524492263794, -4.607762813568115, 2.4279558658599854, -5.5511908531188965, -5.088064193725586, 1.215643048286438, -4.770797252655029, 4.910634517669678, 5.5740156173706055, -5.776324272155762, 6.368412017822266, -9.346627235412598, 5.624989986419678, 0.5459853410720825, -2.0869393348693848, -7.367164611816406, 3.8628642559051514, 4.379275798797607, -1.857854962348938, 4.97230339050293, -6.098678112030029, 1.828783631324768, 7.138149261474609, -0.36519184708595276, -2.03791880607605, 4.096626281738281, -1.890426516532898, 3.9166555404663086, -8.295015335083008, 2.2327229976654053, 2.8230433464050293, -5.320822715759277, 0.6668567061424255, -3.013974905014038, -2.8730852603912354, 0.7004567384719849, -4.550631523132324, 0.6046836376190186, -2.587839126586914, -0.5804252624511719, -6.120880126953125, 2.621042013168335, 2.7586071491241455, -4.961237907409668, 2.370842695236206, -2.8634285926818848, -0.3374241590499878, 8.799023628234863, 0.6203798055648804, 7.377191543579102, -0.7108503580093384, -1.480058193206787, 6.156472682952881, 2.806504487991333, 7.214503288269043, 0.8442482948303223, -3.489060640335083, 6.6590962409973145, 8.514813423156738, 4.866168022155762, -2.9687016010284424, -3.475635051727295, -0.7197754979133606, -4.863997459411621, -4.244535446166992, 6.949363708496094, -0.22449234127998352, -0.6944390535354614, -2.5607872009277344, -4.636291027069092, 5.299196720123291, -2.0333492755889893, -4.297703266143799, 0.09019473195075989, -5.233708381652832, 2.959124803543091, -2.8330368995666504]",0
30,9606.ENSP00000252486,"[22.23055076599121, -1.960808277130127, 4.157597064971924, -5.445581436157227, -9.391396522521973, -0.8508484959602356, -6.242086887359619, 14.418356895446777, 8.32483196258545, -7.168683052062988, 13.864713668823242, -3.999722480773926, -0.06606663763523102, 1.8404275178909302, -0.3602433502674103, -2.4723167419433594, 0.42848342657089233, 2.118917226791382, 3.3872337341308594, 10.105195045471191, 0.683751106262207, -12.370338439941406, -2.222554922103882, 6.018487453460693, 3.378474473953247, -19.95793914794922, -12.254243850708008, 4.3334832191467285, -0.23167650401592255, -15.501199722290039, 5.45780611038208, -18.332822799682617, -18.436500549316406, 6.048161506652832, 3.8782591819763184, 8.53249740600586, -10.608565330505371, 3.052736520767212, -14.64711856842041, -3.237494468688965, -9.233908653259277, -14.655715942382812, -9.55899715423584, 5.36652135848999, 0.23526281118392944, -3.2517340183258057, 25.47402000427246, -16.660871505737305, -15.582598686218262, 4.9281792640686035, -2.570749521255493, 19.177261352539062, 16.678485870361328, 14.403450965881348, -1.4853050708770752, -17.44133949279785, 18.06488609313965, -4.655867099761963, -3.8773646354675293, -9.036051750183105, -18.24043083190918, -1.3266175985336304, 1.9825520515441895, 7.726747035980225, -7.371428489685059, -9.427382469177246, 2.0224335193634033, -19.181795120239258, -10.706042289733887, -4.2123026847839355, 3.6475205421447754, -0.4484042823314667, 10.827298164367676, -8.138739585876465, 3.8096024990081787, 25.527070999145508, -6.0574517250061035, -1.0007507801055908, -15.704041481018066, -0.5213296413421631, 4.155399799346924, 13.668347358703613, -14.139760971069336, -9.149907112121582, 8.470866203308105, 0.9592461585998535, 6.174108028411865, -5.861601829528809, 5.677396297454834, 1.1667739152908325, -2.988257884979248, 13.797026634216309, 18.245288848876953, -0.339472234249115, -2.068504571914673, 10.994260787963867, -1.4364644289016724, -15.414628982543945, 12.008411407470703, 6.672087669372559, 11.932284355163574, 15.532760620117188, -18.596385955810547, 12.398494720458984, 1.090243935585022, -5.635809898376465, -7.4798502922058105, 2.5371973514556885, 6.811796188354492, 6.219470500946045, -4.247138500213623, -7.490171432495117, -2.80330753326416, -6.640902519226074, 2.9906842708587646, 1.4072599411010742, 4.6501851081848145, -21.29638671875, -6.347043037414551, 18.149627685546875, 13.486428260803223, 3.168029546737671, 0.141312375664711, -5.165800094604492, 7.829599380493164, -1.3442392349243164, -22.14669418334961, -0.16339415311813354, 1.8311082124710083, 6.6080780029296875, 11.256021499633789, -2.1833553314208984, -2.1956593990325928, 4.267045974731445, -0.03852930665016174, -0.6429661512374878, 4.094385147094727, 0.17982950806617737, 1.8579421043395996, 7.056298732757568, 20.86620330810547, -3.0389695167541504, -7.116830348968506, -18.420175552368164, 11.626779556274414, 1.2480168342590332, -11.76736831665039, -4.603835105895996, 11.51663589477539, 8.052565574645996, -4.914351463317871, 7.061328887939453, -14.10499095916748, -3.4066977500915527, -1.2940188646316528, 2.518536329269409, 4.482633113861084, 3.0116889476776123, -4.779172897338867, 1.3767609596252441, -11.040946006774902, 3.3042232990264893, 0.5540907382965088, -13.280000686645508, 16.32335662841797, -2.69563889503479, 9.344772338867188, -5.448372840881348, 7.659254550933838, 5.230030536651611, 20.331966400146484, -13.398073196411133, 3.6877288818359375, 1.115753173828125, -10.748605728149414, 0.3835253417491913, 0.2086789309978485, 11.630548477172852, -3.9551572799682617, -2.53981351852417, 12.21777057647705, 18.975828170776367, -5.751939296722412, -11.138467788696289, -2.8523154258728027, -9.661237716674805, -1.8317456245422363, -15.25105094909668, 11.811479568481445, -12.73390007019043, 14.209456443786621, 2.8087806701660156, -3.854214668273926, 4.211418628692627, 16.849933624267578, -13.138489723205566, -4.653905391693115, -12.132116317749023, 10.343680381774902, -1.9789798259735107]",0
31,9606.ENSP00000260197,"[11.717850685119629, -0.4322374761104584, 7.746847629547119, 4.205056190490723, -1.4421826601028442, 7.032447814941406, 1.0957646369934082, 7.4613776206970215, -1.5534629821777344, 0.24375155568122864, 8.401354789733887, -5.855640888214111, -0.12138739228248596, -2.289994239807129, -6.553528308868408, -7.61414098739624, -2.650047540664673, 4.6287922859191895, 6.734585762023926, 4.526456832885742, -3.3452818393707275, -8.086125373840332, 2.5795905590057373, 1.0406700372695923, -4.117849349975586, -3.7665693759918213, -1.2508738040924072, 3.6099584102630615, 3.133208990097046, -5.467962741851807, -0.20241820812225342, -6.652690410614014, 0.2501389980316162, -0.5644946694374084, 4.985525608062744, 2.2015774250030518, -5.4857869148254395, -7.027644634246826, -7.833592891693115, -8.283156394958496, -10.208553314208984, -2.9215786457061768, -7.134187698364258, -3.320997476577759, -4.384263515472412, 1.5282868146896362, 11.193605422973633, -4.099529266357422, -8.031729698181152, -1.1790406703948975, 4.28665828704834, 9.555853843688965, 10.470149040222168, 0.26342013478279114, 1.6190028190612793, -5.582329750061035, 9.551325798034668, -8.386476516723633, 3.4441349506378174, -10.659418106079102, -7.544309616088867, 2.934735059738159, 3.2589778900146484, 2.52791166305542, -3.1413307189941406, -1.2083839178085327, 4.734687805175781, -3.0464441776275635, -0.7347435355186462, 1.0704478025436401, 8.05859375, 3.6109142303466797, 0.1993045210838318, -7.575554847717285, -3.899857997894287, 11.56989860534668, 8.298336029052734, -5.198712348937988, -8.216083526611328, 6.231779098510742, -1.906029224395752, 9.833236694335938, -6.20926570892334, -0.45793092250823975, 8.246967315673828, 6.6034650802612305, -6.531745433807373, -1.823655128479004, -2.8958816528320312, 0.7133923172950745, -2.3637967109680176, 10.927868843078613, 7.798267841339111, -3.9638447761535645, -7.390393257141113, 13.521222114562988, -3.4350905418395996, 5.060140132904053, 7.3108954429626465, -0.4420267939567566, 10.115571022033691, 9.616214752197266, -10.888687133789062, 7.321442127227783, 1.7993766069412231, 2.7813291549682617, -7.5694169998168945, -4.97354793548584, 7.986342906951904, 1.5304983854293823, -0.9520547389984131, 2.3256282806396484, -1.4907634258270264, -2.953118324279785, -8.578500747680664, 5.470030784606934, 1.9416204690933228, -4.461338043212891, -0.4104251563549042, 7.304181098937988, 12.838066101074219, 3.3199045658111572, 5.4324164390563965, -1.2957249879837036, 0.478036105632782, 3.913341522216797, -10.348769187927246, -3.3852312564849854, 13.53393268585205, -3.15940523147583, 6.943979263305664, 3.8136589527130127, 2.9512362480163574, 5.204727649688721, -3.872690439224243, 5.281002044677734, -0.010565325617790222, -2.927208185195923, 1.3992433547973633, 1.5609276294708252, 7.5553202629089355, -1.5164021253585815, 6.219573020935059, -5.866541385650635, 9.410531997680664, 5.600721836090088, -7.088754177093506, -1.5594606399536133, 8.3253173828125, -2.330432891845703, 2.3946800231933594, -6.245609283447266, -2.743027687072754, 3.7534825801849365, -4.28990364074707, -5.4091386795043945, 0.9230726361274719, -3.1762235164642334, -5.875507831573486, -0.7299426794052124, -0.9606044292449951, -2.7163641452789307, -7.599267959594727, -3.6665027141571045, 4.610415458679199, 6.708843231201172, -0.44566017389297485, -0.7860315442085266, -3.3803553581237793, -1.9701004028320312, 9.111376762390137, -4.203181266784668, 7.344043254852295, 1.0712753534317017, -1.0458606481552124, 3.9001083374023438, 6.406167030334473, 11.127058029174805, 3.3361127376556396, -3.7125749588012695, 7.888499736785889, 10.951041221618652, -1.695998191833496, -3.6565170288085938, -4.151981830596924, 0.3233945667743683, -5.237841606140137, -10.756949424743652, 12.684881210327148, -3.721933603286743, 1.821861982345581, 0.7562859058380127, -8.942195892333984, 4.917236804962158, 0.7663145065307617, 0.6084051132202148, 1.0498383045196533, -9.138456344604492, 6.095383644104004, -2.547152280807495]",0
32,9606.ENSP00000366047,"[6.071564197540283, -2.084630012512207, 3.697176933288574, 0.18101997673511505, -0.07414278388023376, 0.9121828079223633, -1.4604721069335938, 2.226396083831787, -0.9111539721488953, -0.3370925188064575, 4.448774814605713, -0.5314285755157471, 0.23444560170173645, 0.011366009712219238, -0.8187618255615234, -0.5956441164016724, -0.9567679762840271, 0.6871159672737122, 0.9659597873687744, 3.0702877044677734, -0.8183777928352356, 1.8829066753387451, 0.1703406274318695, 1.5567944049835205, -2.271881341934204, -5.391845226287842, 0.08781108260154724, 0.6954327821731567, 3.4195797443389893, -5.427295684814453, -0.8370332717895508, -3.3183772563934326, -0.5296911597251892, -2.0892887115478516, 2.4671976566314697, -1.615936279296875, -1.5716843605041504, 0.7350021004676819, -4.728061676025391, -0.3715030550956726, -4.02195405960083, 0.296796053647995, -3.5047261714935303, 1.1276590824127197, 1.0749424695968628, -1.4757511615753174, 4.563319683074951, -2.706611394882202, -1.9857677221298218, 0.144273042678833, 0.8136899471282959, 5.607545375823975, 1.5755105018615723, 1.7295796871185303, 1.50654935836792, -1.7532340288162231, 3.740173101425171, -1.5027601718902588, 4.477055549621582, -3.8668372631073, -4.5413947105407715, -1.0044456720352173, 1.848942756652832, 0.9845926761627197, -0.46921560168266296, -0.8445097804069519, 2.1934125423431396, -5.640495300292969, 0.76511549949646, -0.33940863609313965, 1.9007984399795532, 1.2356712818145752, 2.4740302562713623, -0.8475946187973022, -1.1330076456069946, 3.500145196914673, 2.190932035446167, -3.7091031074523926, -3.9716379642486572, 0.18953868746757507, 1.2588375806808472, 2.7801401615142822, -5.339963436126709, 1.161342740058899, -0.7341179847717285, 0.44492900371551514, 0.9202712774276733, 1.5468298196792603, -0.2778159976005554, -0.2273019254207611, 0.06333035230636597, 4.3705220222473145, 1.2685431241989136, 0.49472567439079285, -0.056866854429244995, 3.8170979022979736, -0.6392025351524353, -2.9273149967193604, 4.318282127380371, 0.262919157743454, 4.72963809967041, 5.166182518005371, -3.676140785217285, 3.9224836826324463, 2.526336431503296, -0.38736197352409363, -1.0418401956558228, 0.3934410810470581, 1.4909567832946777, -2.44740891456604, -1.761042833328247, 0.939665675163269, -3.1303534507751465, -2.0510404109954834, -1.8496865034103394, 1.2027089595794678, 0.62080979347229, -3.345242977142334, -4.61583948135376, 3.321875810623169, 6.489257335662842, 3.892378807067871, 3.81197452545166, 0.24731163680553436, -1.9612001180648804, 1.3789315223693848, -3.807408094406128, -1.3779759407043457, 2.1904375553131104, -2.0865137577056885, 3.616722583770752, 2.3343286514282227, -6.087259769439697, 1.4289807081222534, -0.46781909465789795, 0.553249716758728, -1.7662454843521118, -0.9380002021789551, -2.4191396236419678, 0.9331984519958496, 2.5371434688568115, 0.12788844108581543, 1.9006903171539307, -3.7887258529663086, 4.247715473175049, 1.8692526817321777, -4.790679454803467, -3.318399667739868, 4.051520347595215, 0.5218164920806885, -0.12056617438793182, -1.0209438800811768, 0.8022077679634094, -0.4196040630340576, -1.4434502124786377, 0.37907469272613525, -1.1118444204330444, -1.5412765741348267, -0.21164479851722717, 1.2890574932098389, -0.6505858898162842, -3.4080092906951904, -0.4429595470428467, -5.247684478759766, 0.17167940735816956, 0.21368998289108276, 1.4174120426177979, 0.5594477653503418, -0.27104252576828003, 0.05621768534183502, 4.490997791290283, -0.0888439416885376, 3.3650972843170166, -1.9527426958084106, 1.7582941055297852, 0.20822298526763916, 1.4676660299301147, 3.3043160438537598, -1.0346453189849854, -1.2051714658737183, 6.859821319580078, 4.539414405822754, -2.059515953063965, -0.7754073739051819, -0.31040504574775696, 1.2650091648101807, -4.801121234893799, -2.846353769302368, 3.9805901050567627, -1.45713210105896, 0.7559373378753662, -1.2935142517089844, -1.5398540496826172, 3.4757049083709717, 0.44509077072143555, -1.8997043371200562, -2.9471421241760254, -4.387455463409424, 5.456555366516113, -0.7623467445373535]",0
33,9606.ENSP00000381531,"[8.512408256530762, -1.6433621644973755, -1.1107147932052612, -0.9240794777870178, -9.06942367553711, -1.1397095918655396, 4.698073387145996, 5.791670322418213, -1.5290179252624512, 5.997950077056885, 7.257621765136719, -1.8423599004745483, -6.358196258544922, 7.35183572769165, 0.17209191620349884, -0.4658084809780121, 2.0797605514526367, -3.9970521926879883, -1.5998426675796509, 0.975369930267334, 7.672035217285156, 0.6117953658103943, -7.591536998748779, 3.070648193359375, -0.04557111859321594, 1.5042223930358887, -3.771749258041382, 3.098296880722046, 2.955906629562378, 2.4158942699432373, -1.149219036102295, -2.9980034828186035, -0.85512375831604, 5.2430620193481445, 4.9104838371276855, -6.7815632820129395, 2.9341416358947754, -1.2162697315216064, -0.35312116146087646, -4.22536563873291, -1.202966332435608, -2.702300786972046, -4.416769027709961, 6.860130310058594, 7.603686809539795, -10.172323226928711, -0.5737165808677673, 0.2665121853351593, -4.211594104766846, 1.9451954364776611, 4.254681587219238, 6.231538772583008, 8.597436904907227, 4.779443740844727, 0.4067049026489258, -7.695465087890625, 14.50062084197998, -2.212686777114868, 12.151176452636719, -3.0120067596435547, -2.6351609230041504, -0.49908876419067383, 0.31351953744888306, 4.946837425231934, -3.9555604457855225, 1.8565495014190674, 1.5283104181289673, -2.478025436401367, -7.543767929077148, 3.0574963092803955, 0.15255014598369598, -1.6988716125488281, 6.981307029724121, -3.6194441318511963, -1.2872413396835327, -0.1559167057275772, -1.6672987937927246, 1.7923336029052734, -11.942645072937012, 0.5736445784568787, 6.772879123687744, 4.7740678787231445, -5.09210729598999, -3.183669328689575, -7.236324787139893, 5.304461479187012, -5.74753475189209, -5.083903789520264, -2.194498062133789, 6.013429164886475, -2.3681509494781494, 12.239020347595215, 5.785195350646973, 0.1313292682170868, 2.549391269683838, 3.3481411933898926, -0.9699403047561646, -3.051279306411743, 4.9325079917907715, 2.282728910446167, 0.7932357788085938, 1.6652820110321045, -4.399703502655029, 0.6758124232292175, 1.9494662284851074, 5.556055068969727, -6.172930717468262, 3.2472057342529297, 5.533091068267822, -7.212075233459473, -6.449885845184326, 4.377187252044678, -0.5462427735328674, -2.9739866256713867, -11.6466064453125, -1.1055047512054443, 4.138681888580322, -1.1522859334945679, 2.452303647994995, 3.752913475036621, 4.61653995513916, -4.730798244476318, -1.0384142398834229, -9.628849029541016, 3.7581541538238525, -5.410634994506836, -1.8747811317443848, -3.879434108734131, 2.4043445587158203, 0.6565684676170349, 1.2821788787841797, 3.1107776165008545, 2.896824359893799, -4.190760612487793, -12.90965461730957, 6.326984882354736, -0.04763472080230713, 4.500792026519775, 3.0741522312164307, -4.453001499176025, -1.9636199474334717, 4.102684020996094, 6.349247932434082, -6.066195011138916, 7.526972770690918, 6.150245189666748, -3.5256309509277344, -1.8922805786132812, -1.245398759841919, 5.686241149902344, -0.9239681959152222, -1.6870310306549072, 4.603139400482178, 2.4509332180023193, -3.0885202884674072, 3.560229778289795, 0.9691605567932129, -2.0722670555114746, -4.271637439727783, 5.6458740234375, -5.1070942878723145, 5.13013219833374, 1.3968592882156372, 2.0198333263397217, 9.618827819824219, 2.6137478351593018, -1.7924190759658813, -3.6320009231567383, 5.904412269592285, 5.641833305358887, 3.3946146965026855, -4.679035186767578, -1.8681024312973022, 4.295285224914551, 2.130571126937866, -9.294100761413574, 4.031802654266357, 1.2244499921798706, 6.10605525970459, 5.828355312347412, 3.831186294555664, 5.503632545471191, -1.993841290473938, -5.454161643981934, -6.249602794647217, -7.543764114379883, -2.1863794326782227, -0.7778363227844238, -1.6169110536575317, -4.701756477355957, 8.810277938842773, 5.759207248687744, -1.6976808309555054, 1.9960312843322754, 9.692444801330566, -7.909814834594727, -6.743481159210205, -6.682952880859375, 2.545232057571411, 2.90273380279541]",0
34,9606.ENSP00000497691,"[1.326279878616333, 0.33584901690483093, 2.225205659866333, 1.5712614059448242, -0.7546668648719788, 0.780368983745575, -1.013460397720337, 1.0585070848464966, -1.823028326034546, 0.8049094080924988, 2.007598638534546, -2.7093429565429688, -0.003746233880519867, -0.2936249375343323, -2.1304988861083984, -0.8490442633628845, 1.3125543594360352, 2.751461982727051, 2.4231932163238525, -0.159022718667984, -3.13716459274292, -2.7219696044921875, 0.5248972177505493, 0.3189389109611511, -1.36564040184021, -1.0328706502914429, -0.08276471495628357, 0.176212340593338, 2.3996963500976562, -0.5537484884262085, -3.3217272758483887, -2.7133333683013916, 0.29907771944999695, 0.9825888276100159, 2.2306299209594727, -0.5185716152191162, -1.7473262548446655, -0.5559518337249756, -1.9269770383834839, -1.6349725723266602, -2.1706559658050537, 0.20258104801177979, -1.49180006980896, 0.5385792255401611, -0.30535465478897095, -3.1861908435821533, 0.8379923105239868, -2.630990743637085, -0.5213806629180908, -1.1084492206573486, 2.340562105178833, 1.1214104890823364, -1.0337703227996826, -0.34913215041160583, 1.3680720329284668, -0.6861296892166138, 0.5586516857147217, -2.4418275356292725, 0.005663156509399414, 0.29217904806137085, -1.8415775299072266, 2.9416379928588867, 1.3604698181152344, 1.7503869533538818, -0.59574955701828, 2.071683406829834, 3.0456364154815674, 0.13496258854866028, -1.15315842628479, 1.4569206237792969, 0.24284674227237701, -0.6028777360916138, -0.29632121324539185, 0.12574315071105957, -1.6075786352157593, -0.3097332715988159, 1.6925220489501953, -1.5629045963287354, -0.3526441156864166, 2.098726749420166, 1.189931869506836, 2.4428277015686035, 0.09579157829284668, -0.5650821328163147, 1.0412039756774902, 0.8387436866760254, -2.4598097801208496, -0.02904471755027771, -1.5587377548217773, 0.4090052843093872, -1.115143895149231, 3.771357297897339, 1.8371250629425049, -0.9934163689613342, -0.6009476184844971, 1.7996742725372314, -0.8292683362960815, 0.8918582201004028, 1.3806959390640259, -2.736997127532959, 1.211881160736084, 1.1990669965744019, -1.3567521572113037, 1.3893406391143799, 1.234104871749878, 0.6362334489822388, -2.721611499786377, 0.1483669877052307, -0.8718726634979248, 1.2561804056167603, -0.48975294828414917, 0.9175793528556824, -1.3448175191879272, 0.4239077866077423, -1.1106607913970947, 1.2281709909439087, -0.3421448767185211, -0.031934529542922974, -1.5233060121536255, 1.493538737297058, 1.551940679550171, 0.9075576066970825, -0.3012953996658325, 1.9556934833526611, -0.5485308170318604, 0.22875118255615234, -0.5863903760910034, -2.3800697326660156, 0.33642637729644775, -1.2336233854293823, 0.5502669215202332, 2.865017890930176, 1.170243740081787, 1.9428398609161377, -1.5250680446624756, 2.8107986450195312, -2.2595131397247314, -2.251905918121338, -0.6046967506408691, 2.214898109436035, 0.23840978741645813, 0.17045530676841736, 1.568052887916565, -3.1095635890960693, 1.6405309438705444, 1.5985751152038574, -0.7307270765304565, 2.6479036808013916, -0.18673887848854065, 1.8318607807159424, 2.8082683086395264, -1.424232840538025, 0.7324219942092896, 1.6038480997085571, -1.195726752281189, -0.4819388687610626, -1.4881230592727661, -0.37352967262268066, 0.5350103378295898, 1.0929616689682007, -0.7082840204238892, 0.12029235810041428, -0.8341721296310425, -0.6664268970489502, 1.7908421754837036, 1.0473101139068604, 0.5350428819656372, -0.30078622698783875, 0.9212297797203064, 2.804950714111328, -0.620132327079773, -0.6227060556411743, 2.16525936126709, 0.5842640399932861, -1.6241824626922607, 0.2935329079627991, 0.9565588235855103, 2.0786356925964355, 1.7968294620513916, -1.80271577835083, 2.519899368286133, 1.2104365825653076, -0.16117340326309204, -0.21281377971172333, -2.28277587890625, 0.14869439601898193, -0.48061099648475647, -1.3726439476013184, 2.442552089691162, -0.6915004849433899, 0.5065510272979736, -0.9923835396766663, -1.1898013353347778, -0.3259083032608032, 2.6626999378204346, -0.13323062658309937, -0.7481692433357239, 0.0448119193315506, 0.5848637819290161, -1.817728877067566]",0
35,9606.ENSP00000168216,"[2.9671337604522705, -2.155226469039917, 0.5407525300979614, 4.539700508117676, -4.011396884918213, 3.303053140640259, 6.0463337898254395, 1.960191011428833, -4.694179534912109, 0.3308728337287903, 1.9686017036437988, -1.7927205562591553, -4.730666160583496, 4.231005668640137, -0.9916909337043762, -0.7405827641487122, 4.579226970672607, 2.4663383960723877, 0.9171711206436157, 5.569362640380859, -4.312868118286133, 4.088151931762695, -2.627880096435547, -1.465474247932434, -7.084358215332031, -2.154144287109375, 2.8893091678619385, 4.11492395401001, 2.3559377193450928, -0.36793360114097595, -2.1066460609436035, -1.1479767560958862, -3.8737974166870117, 3.822056293487549, 5.610546588897705, -7.120921611785889, 6.3530120849609375, -3.235908269882202, -0.41845637559890747, -2.29654860496521, -0.4188030958175659, -3.711712598800659, -3.896571159362793, 0.912581205368042, 5.526000022888184, -5.036582946777344, 4.693647861480713, -4.043244361877441, -1.9190597534179688, -1.4836417436599731, 0.3420950174331665, -0.3714604079723358, 5.7329020500183105, 3.7172343730926514, -0.3570249080657959, 3.382558822631836, 4.362154960632324, -1.930527687072754, 7.186750411987305, 1.1620204448699951, -1.3951023817062378, 3.8144218921661377, 4.756619453430176, 2.5262486934661865, -2.0929462909698486, 0.5320082902908325, 1.4410178661346436, -5.5644941329956055, -3.048279047012329, 2.780090093612671, 2.2029027938842773, 2.556523561477661, 7.032203197479248, -0.801089346408844, -1.1060208082199097, 0.13499946892261505, -4.068452835083008, -4.306084156036377, -1.5523065328598022, -4.561862468719482, 4.317898273468018, 1.0425810813903809, -5.167627811431885, -2.7446937561035156, 4.712722301483154, 1.4934544563293457, -1.9415034055709839, 3.590545654296875, -1.8708189725875854, 3.744875907897949, 1.8304455280303955, 0.33562636375427246, 0.8963221311569214, -1.6221833229064941, 6.606891632080078, 1.7908252477645874, -4.261290550231934, 0.7099140882492065, 6.260346412658691, 4.162963390350342, 1.4996963739395142, 1.9549351930618286, -2.2137460708618164, 1.6474510431289673, 2.505092144012451, -0.47931787371635437, -0.9635887145996094, -3.724092721939087, 1.8389019966125488, -2.577195644378662, -5.760456085205078, 2.130502939224243, -2.4676008224487305, 0.4801710247993469, -1.9770163297653198, -3.2238805294036865, 2.892491102218628, -3.3037681579589844, -4.540283203125, -1.1252198219299316, -1.544325590133667, 3.0996453762054443, 1.374372959136963, -2.5124502182006836, 3.4886350631713867, 3.334317445755005, -1.5626025199890137, -5.761205196380615, -0.4605284333229065, -3.048710823059082, 6.0068206787109375, -3.1300034523010254, -4.102546691894531, 0.900299608707428, 0.2613191306591034, -3.008327007293701, -1.4496127367019653, -5.567324161529541, 1.83475661277771, 5.417222023010254, -0.9445232152938843, -3.676905870437622, -1.744189739227295, -3.3132879734039307, 1.0647389888763428, 1.014489769935608, 1.4067327976226807, -1.3400590419769287, 3.9188392162323, 1.5070029497146606, -1.549622893333435, -2.2005536556243896, 6.720192909240723, 5.328045845031738, -2.208167791366577, 3.9053821563720703, -2.7802209854125977, -2.9005093574523926, 3.21366548538208, 2.664327621459961, -3.016477108001709, 5.101063251495361, -0.6799426674842834, -5.094086170196533, 1.598682165145874, -1.0767462253570557, -4.665192604064941, -0.46769624948501587, 4.928946495056152, -0.4285762310028076, 4.594155311584473, -4.421860694885254, 5.3873515129089355, -0.9835839867591858, -2.8897593021392822, -4.168306350708008, 0.7218314409255981, 1.8494679927825928, 1.7983516454696655, -6.064543724060059, 5.905947208404541, 1.3761188983917236, -4.6778178215026855, -4.3989129066467285, 1.0569255352020264, -3.863640069961548, -6.147819995880127, -1.5142420530319214, 0.6734036207199097, -5.764081001281738, 1.145106315612793, -2.020717144012451, -4.550075054168701, 1.1562068462371826, 1.6004630327224731, -2.2166025638580322, -5.308716773986816, -1.8660731315612793, -0.6664547920227051, -0.6947054862976074]",0
36,9606.ENSP00000365576,"[3.81980299949646, -1.3352360725402832, 1.8920798301696777, 3.3969476222991943, 2.172877550125122, 3.1469740867614746, 2.462066411972046, 1.9178025722503662, 0.6861135959625244, 1.097703218460083, 3.027756690979004, -3.4988038539886475, -0.35218411684036255, -1.6223241090774536, 2.542440176010132, -1.5832823514938354, -2.4281821250915527, -0.6940865516662598, -0.27322137355804443, 1.479635238647461, -0.6011435389518738, -2.229599952697754, 0.19770188629627228, 1.0322191715240479, -1.2568957805633545, -4.821239948272705, -0.31048330664634705, 3.1276931762695312, 0.665172278881073, -3.578535795211792, -0.022198379039764404, -0.8068216443061829, 2.6116456985473633, 0.643459677696228, 3.734257698059082, -3.9769606590270996, 0.2470618486404419, -0.9753042459487915, -3.2815582752227783, -0.0005950033664703369, -2.9324936866760254, -2.2085344791412354, -3.8131210803985596, 1.4032974243164062, 1.4193607568740845, -0.7430891990661621, 4.232310771942139, -2.5975818634033203, -5.367600440979004, -2.691326379776001, 3.3344268798828125, 3.2449121475219727, -1.2797092199325562, -0.9388560056686401, -0.1455283761024475, -3.209101438522339, 3.9234681129455566, -3.2320549488067627, 6.000256061553955, -5.226429462432861, -7.944870471954346, 1.3875261545181274, 4.27899694442749, 2.4312658309936523, 2.643705129623413, 1.3164279460906982, 5.117541313171387, -3.424250602722168, 1.537987232208252, 1.1306157112121582, 2.9636354446411133, 0.8105335235595703, -0.44214674830436707, -1.2518846988677979, 0.0865858942270279, 1.9258421659469604, -0.5865828990936279, 0.6585425138473511, -2.8939602375030518, 1.0593304634094238, 0.6569468379020691, 4.660987854003906, -2.2445240020751953, -0.7954877018928528, 1.6487559080123901, 2.1579086780548096, -2.6493208408355713, -1.5874035358428955, -0.29200610518455505, 0.009382694959640503, -3.009982109069824, 8.12630844116211, 4.641615867614746, -1.6237045526504517, -4.916842460632324, 6.198996543884277, -0.23483186960220337, 0.7916867733001709, 5.4956278800964355, 1.9089854955673218, 1.5855354070663452, 3.512092351913452, -4.732037544250488, 4.8413166999816895, -1.6726620197296143, 3.714073419570923, -3.6832003593444824, 1.4473340511322021, 2.7203168869018555, -6.064833641052246, 0.5199334025382996, -1.5090302228927612, -3.8744218349456787, -2.7438676357269287, -2.271422863006592, 2.2269835472106934, 1.2498090267181396, -4.616827964782715, -0.6159242987632751, 3.429232358932495, 7.345149517059326, -1.8539012670516968, 1.775075912475586, 1.8512498140335083, -1.1455988883972168, 0.8480262160301208, -1.659002423286438, 0.8907516002655029, 2.926452159881592, -0.5825216770172119, 4.1611247062683105, 1.5149481296539307, -3.3871517181396484, 2.231671094894409, -5.09522008895874, 4.383607387542725, -0.8940117359161377, -3.634770631790161, -0.2817479372024536, -0.3629915118217468, 4.133496284484863, 1.0440914630889893, 2.508024215698242, -4.713868618011475, 4.729222297668457, 3.317293882369995, -5.929816722869873, -1.3865842819213867, 3.0885837078094482, -3.9501044750213623, -1.6428580284118652, -3.648609161376953, 0.3199782967567444, 1.5265288352966309, 0.5975590944290161, -4.191500186920166, -1.9562299251556396, -0.1270585060119629, 3.3022658824920654, 3.239199161529541, -0.5053145885467529, 0.026045871898531914, -2.0538136959075928, -4.628046035766602, -0.02106909453868866, 1.194933295249939, 2.1494317054748535, -0.5354407429695129, 0.408120334148407, 1.577602505683899, 5.556589126586914, -2.9867424964904785, 3.170515537261963, 0.4529297947883606, 1.525678038597107, 2.4218602180480957, -1.7071787118911743, 4.371901988983154, 2.774049997329712, -2.2207589149475098, 6.167758464813232, 4.835524082183838, -1.9190526008605957, -1.7385896444320679, 0.5447498559951782, 2.215482711791992, -1.2532881498336792, -2.6153695583343506, 3.613436698913574, 0.9781564474105835, 3.701007843017578, -1.64340078830719, -5.798356056213379, 3.691664457321167, 1.349487066268921, -1.3472198247909546, -0.09533262252807617, -4.31775426864624, 2.016537666320801, -2.1706814765930176]",0
37,9606.ENSP00000478771,"[4.308413028717041, -0.9110679030418396, 3.617032051086426, 1.009792447090149, -1.293429970741272, 2.93322491645813, -2.643268346786499, 2.8842339515686035, -1.8842459917068481, 2.589780807495117, 3.8877086639404297, -4.756231784820557, 0.9057376980781555, -1.4078713655471802, -2.187112808227539, -3.314821720123291, -0.40662285685539246, 0.8879271745681763, 0.9189268946647644, 4.818364143371582, -1.4634757041931152, -2.9591193199157715, 0.9575927257537842, 4.801032543182373, -1.3418781757354736, -3.352473258972168, 1.7391655445098877, 4.154900550842285, 0.7873682975769043, -9.10698413848877, -3.656125783920288, -6.2534685134887695, -0.841502845287323, 1.3206963539123535, 4.254423141479492, -0.07654611766338348, 0.11454560607671738, 0.8447208404541016, -6.4449310302734375, -1.2069979906082153, -5.0275983810424805, 3.0751407146453857, -3.2189338207244873, -1.6465023756027222, -0.8353208303451538, -1.1868559122085571, 5.577943325042725, -4.240960121154785, -5.072591304779053, -1.524410605430603, 5.16215181350708, 5.202824592590332, 0.9978034496307373, 0.8960574865341187, 0.5040909051895142, -7.225687026977539, 6.4394330978393555, -3.3191609382629395, 2.5804359912872314, -5.523470401763916, -7.365156173706055, 1.5552681684494019, 5.801089286804199, -1.0720998048782349, -0.42969512939453125, -0.48256170749664307, 1.561540961265564, -4.962034702301025, 2.174774169921875, 1.8271433115005493, 2.1611928939819336, 3.9182846546173096, 2.4050240516662598, -1.4744089841842651, -1.286017656326294, 5.53206729888916, 2.1211321353912354, -2.405705451965332, -6.382017612457275, -0.01928350329399109, -1.0628259181976318, 8.056276321411133, -2.3468077182769775, 1.943479061126709, 0.2830430269241333, 1.6812273263931274, -3.479077100753784, -1.9127429723739624, -3.530808687210083, -1.4146575927734375, -4.431023597717285, 6.463340759277344, 3.6258602142333984, -2.804610013961792, -1.0526459217071533, 6.326601028442383, -1.4754867553710938, -4.028615951538086, 6.0412917137146, 0.17117616534233093, 5.813403129577637, 6.327895641326904, -4.878751277923584, 6.544677734375, 2.588564395904541, 1.1739674806594849, -0.37782973051071167, -0.055650562047958374, 2.438417673110962, -5.174198627471924, 0.8230860829353333, -0.041642725467681885, -3.884145498275757, -3.9018919467926025, -8.02055549621582, 0.4448777139186859, 2.887089967727661, -5.216468334197998, -3.8023502826690674, 3.2337536811828613, 5.988314628601074, 1.818709135055542, 3.3268051147460938, 0.28257259726524353, -1.7096161842346191, 2.8042378425598145, -4.407122611999512, -4.055517673492432, 2.8252596855163574, -2.139188528060913, 6.997326850891113, 1.4056954383850098, -2.4408578872680664, 1.6204980611801147, -1.8547682762145996, 3.504807949066162, 0.16188649833202362, -2.3617448806762695, -0.18395130336284637, 2.0382766723632812, 1.4330278635025024, -1.2216079235076904, 2.656301259994507, -7.110073566436768, 6.3723835945129395, 2.565563917160034, -5.764883995056152, -2.118030309677124, 3.770141363143921, -1.2087740898132324, 1.3908488750457764, -1.065144658088684, 1.6915086507797241, 1.0996789932250977, -1.0192961692810059, -0.36102235317230225, -0.8955467939376831, -2.9866509437561035, -3.2128634452819824, 0.3277704119682312, -2.0786097049713135, -0.37956762313842773, -2.203618049621582, -6.149277687072754, -1.738095998764038, 0.8149349689483643, 3.4381773471832275, 1.090708613395691, -0.04522743821144104, -1.6150871515274048, 3.7938458919525146, 1.5830614566802979, 5.768381118774414, -0.8232846856117249, 2.6824100017547607, 2.6239891052246094, 1.3138599395751953, 6.875004291534424, 1.635398030281067, -3.0249006748199463, 5.697244644165039, 7.667245864868164, -0.855526328086853, -3.1477620601654053, -2.3208982944488525, 0.010017350316047668, -5.732161045074463, -2.8459157943725586, 6.7203593254089355, 0.4556514620780945, 1.112754464149475, 1.18004310131073, -5.116674423217773, 2.6007471084594727, 4.343226432800293, -0.5964857935905457, -3.4038658142089844, -5.188823223114014, 6.82804536819458, -3.7124078273773193]",0
38,9606.ENSP00000257626,"[0.49755966663360596, -0.6445807218551636, 0.770215630531311, 0.686536967754364, -0.1468580961227417, -0.7885783910751343, 0.22040989995002747, 0.6328026056289673, 0.8262098431587219, 1.0780353546142578, 0.8662476539611816, -0.43610987067222595, -0.24258530139923096, -0.661406397819519, 0.10776366293430328, -1.118575096130371, 0.3040899932384491, -0.8793076872825623, -0.08226385712623596, -0.05775672197341919, 0.6364641189575195, -0.38685885071754456, -0.18162661790847778, 0.2935716509819031, -0.3632144331932068, 0.601620078086853, -0.5849321484565735, 0.7761634588241577, 0.09495964646339417, -0.4731902480125427, 0.15156763792037964, -0.08365540206432343, -0.7102756500244141, 0.07544872164726257, 0.44234874844551086, -0.34387585520744324, 0.4565734267234802, -0.7536149024963379, -0.2730156183242798, -0.7952948212623596, -0.7580287456512451, -0.4691951870918274, -0.8525357842445374, -0.13016054034233093, 0.48257920145988464, 0.6203035116195679, 0.9656177759170532, -1.125441312789917, 0.43826115131378174, 0.7497645616531372, 0.42422133684158325, 0.17263451218605042, 0.5871438384056091, 0.029805004596710205, 0.15396785736083984, -1.2560369968414307, 1.030395746231079, -0.9853194355964661, 0.6053939461708069, -0.11086484789848328, 0.03277195990085602, 0.1612880527973175, 0.12910105288028717, 0.9910637140274048, 0.37463539838790894, 1.4033111333847046, 0.6613577604293823, -0.8291298151016235, 0.0752740204334259, -0.5645349025726318, -0.2013244926929474, -0.687208354473114, -0.4181816279888153, 0.5127474665641785, -0.4227854907512665, 0.3909839391708374, 0.19540932774543762, 0.7531912326812744, 0.26174771785736084, 0.05451543629169464, -0.37517550587654114, 0.16136044263839722, -0.24637073278427124, 0.23139706254005432, -0.7913721799850464, 0.8119476437568665, -0.4412110149860382, 0.3262222409248352, 0.2943219542503357, 0.8135111331939697, 0.8655350208282471, -0.012295126914978027, -0.23191960155963898, 0.44844257831573486, -0.29566654562950134, 0.7601075768470764, -0.12954670190811157, 0.14669126272201538, -0.4718037247657776, -0.2669386565685272, -0.4031134247779846, 1.064862847328186, -0.5072844624519348, -0.2200564444065094, -0.30281588435173035, -1.171413540840149, -0.039138972759246826, 0.24491438269615173, 0.36610522866249084, -0.39092889428138733, 0.3511454164981842, 0.06116858124732971, -0.7327393293380737, 0.626213550567627, -0.16124066710472107, 0.5701488256454468, 0.2532268762588501, 0.5706706047058105, 0.0679013654589653, 0.10267841815948486, -0.3255494236946106, -0.6674668192863464, 0.08736130595207214, -1.0123522281646729, 0.338079571723938, 0.13991627097129822, -0.7260198593139648, 0.023389488458633423, 0.6288119554519653, -0.03536079823970795, -0.39140498638153076, -0.04572206735610962, -0.08945515751838684, 0.5369231700897217, -0.005476027727127075, -0.34358125925064087, 1.3887429237365723, -0.046645790338516235, -0.2058373987674713, -0.6200352907180786, 0.5688937902450562, -0.01669245958328247, 1.3532215356826782, 0.5811752080917358, 0.6471771001815796, 0.6674362421035767, -1.2887756824493408, 0.263927698135376, 0.5164451599121094, -0.19716674089431763, -0.5001641511917114, -0.1807706356048584, -0.03623258322477341, 0.23454299569129944, -0.12899446487426758, 0.29543250799179077, -0.029337048530578613, 0.1662258505821228, 0.7608301043510437, 0.3399137854576111, 0.2641391456127167, -0.09375929832458496, -1.1623077392578125, -1.715582251548767, -0.2564888596534729, -0.867010772228241, -0.9994591474533081, 0.050563909113407135, 0.24058657884597778, -0.2964843213558197, -0.22917799651622772, 0.1269885003566742, 1.5346757173538208, 0.17890647053718567, -0.40558141469955444, 0.8598514795303345, 0.04925212264060974, 0.23456992208957672, 0.42000454664230347, -0.3207929730415344, -0.6717551946640015, -0.5680539608001709, -0.07187992334365845, -0.5422500371932983, 0.012807965278625488, -0.41712692379951477, -0.1810915470123291, 0.6097478270530701, -0.5349358320236206, -0.6425905227661133, -0.4085029363632202, -0.47549962997436523, -0.43940800428390503, -0.4165817201137543, 0.5968129634857178, -0.11264915019273758, 0.19491542875766754, 0.4803277254104614, 0.4252863824367523, -0.08787500858306885]",0
39,9606.ENSP00000374455,"[12.019428253173828, -5.333774566650391, 6.329563140869141, 0.9156062602996826, -0.14491039514541626, 7.018937110900879, 4.938582420349121, 5.814817428588867, -2.4230968952178955, 1.6996822357177734, 4.634284496307373, -9.189629554748535, 0.8914446830749512, -0.3964987099170685, -3.7158093452453613, -4.920253276824951, 2.237647533416748, 9.662174224853516, 2.196187973022461, 4.6248273849487305, -5.787009239196777, -9.396354675292969, 2.2720859050750732, 2.318082094192505, -2.270146369934082, -7.82393217086792, -3.361743927001953, 9.19969654083252, 0.7986266016960144, -6.17031192779541, -0.7660377025604248, -9.846086502075195, -2.2442009449005127, 1.0958740711212158, 2.9744391441345215, -3.1725611686706543, 2.5048887729644775, -3.3211357593536377, -5.582446575164795, -2.369290828704834, -6.083499908447266, -4.222421169281006, -7.099878311157227, -1.3242374658584595, 4.9577717781066895, -4.599564075469971, 6.057913303375244, -0.7940284013748169, -12.025406837463379, -8.534717559814453, 5.406237602233887, 5.9171905517578125, 3.128770351409912, 2.7500200271606445, 2.7268788814544678, -6.6794257164001465, 6.345832824707031, -6.436172008514404, 0.48005062341690063, -6.4656982421875, -10.454304695129395, 6.783042907714844, 7.076355457305908, -0.49189293384552, -0.6493867635726929, 5.238561630249023, 7.4313063621521, -9.535386085510254, 0.23418381810188293, 4.332545280456543, 4.533714294433594, -6.772008895874023, -0.44834938645362854, -2.6860198974609375, -2.293030023574829, 11.308842658996582, 1.6457390785217285, 3.544496774673462, -5.355885982513428, 5.979630470275879, 4.225047588348389, 8.20517349243164, -3.7334232330322266, -7.993198871612549, 4.610501766204834, 0.9514073729515076, -2.1050848960876465, 2.9617621898651123, -2.4161455631256104, 1.1474924087524414, -8.736124992370605, 10.043730735778809, 8.067220687866211, -0.5602420568466187, -3.394883632659912, 6.446617126464844, -1.2118467092514038, -2.563978433609009, 10.861638069152832, -0.5422956347465515, 7.132154941558838, 7.717763900756836, -7.020138740539551, 8.731396675109863, 8.833244323730469, 5.838799953460693, -4.554283618927002, -0.7721645832061768, 4.5909552574157715, -2.1421806812286377, -4.0742645263671875, 2.1057634353637695, -4.728803634643555, -2.02602481842041, -4.963131427764893, 3.729644536972046, 0.4581480026245117, -4.543783187866211, -1.2527132034301758, 5.196432113647461, 7.496678352355957, 0.48556312918663025, 1.4062060117721558, 0.2662104368209839, 6.545688629150391, 7.731983661651611, -4.871002674102783, -3.9951961040496826, 8.32248306274414, -0.8201112151145935, 10.019267082214355, 4.911642074584961, -2.263498067855835, 4.618099689483643, -8.948392868041992, 9.94303035736084, -3.1945738792419434, -3.7348268032073975, 0.6802735328674316, 1.8935343027114868, 5.930659770965576, 5.65746545791626, 6.869575500488281, -7.131649494171143, 8.751267433166504, 2.142378807067871, -9.160140991210938, -8.539453506469727, 4.9545979499816895, -0.974929928779602, -0.46111321449279785, -3.631321668624878, -1.273746371269226, 2.8942177295684814, -4.526418685913086, 2.5314760208129883, -7.950900077819824, -0.2544794976711273, 2.824747323989868, 4.252313613891602, -2.9978463649749756, 6.475235462188721, -0.1120252013206482, -5.537703037261963, 2.119443655014038, 2.5258629322052, 2.609657049179077, -1.999349594116211, -0.8504644632339478, 0.3102356493473053, 10.19294261932373, -10.078296661376953, 3.3264007568359375, -0.33006078004837036, 0.32759085297584534, 6.72263240814209, 7.182973861694336, 6.700624465942383, 4.346163272857666, -6.426086902618408, 12.410839080810547, 8.43458366394043, -4.430596828460693, -3.1797707080841064, -3.37044620513916, 0.9607059955596924, -1.7589551210403442, -8.194787979125977, 7.07893180847168, -3.2274038791656494, 5.437380790710449, -4.35467004776001, -5.693385124206543, 1.426484227180481, 3.7960000038146973, -8.504401206970215, -3.451831817626953, -8.684768676757812, 6.01250696182251, -9.713430404663086]",0
40,9606.ENSP00000249647,"[7.149740695953369, -1.922119140625, 3.025256872177124, 3.836892604827881, -0.38535916805267334, 2.629699945449829, -3.1703011989593506, 2.0994458198547363, -3.469783306121826, 0.7202937006950378, 3.870988368988037, -3.974033832550049, 0.4124710261821747, -3.6713783740997314, -3.3669066429138184, -0.6085690855979919, 1.1204352378845215, 4.766199111938477, 6.222208499908447, 4.313145637512207, -2.0065929889678955, -7.682527542114258, 0.07504171133041382, -0.9889885783195496, -1.5785671472549438, -2.788377046585083, 0.3051493763923645, 0.17539173364639282, 4.899342060089111, -2.3692986965179443, -3.7378077507019043, -4.249129772186279, 3.4221925735473633, -3.4727392196655273, 0.8444029092788696, 2.3929049968719482, -2.294935464859009, -4.664919376373291, -4.685403823852539, -2.7889208793640137, -5.4262189865112305, 2.4999992847442627, -1.9844552278518677, 1.1784038543701172, -0.8484471440315247, 0.5473417043685913, 4.070888519287109, 0.3414135277271271, -4.6905107498168945, -4.56680154800415, 4.879885196685791, 6.33870792388916, -0.13198614120483398, -0.2526664733886719, 1.8137993812561035, -5.679971694946289, 3.755324363708496, -2.3873801231384277, 1.825537919998169, -3.8274598121643066, -6.795614719390869, 1.79086434841156, 5.2385125160217285, -0.9767296314239502, -0.1969987452030182, 1.510361671447754, 3.503648042678833, -2.107311725616455, 1.3068642616271973, 4.978131294250488, 2.5716073513031006, 4.502871036529541, -2.975606679916382, -3.5194013118743896, -2.0003910064697266, 7.276845455169678, 4.738749027252197, -5.590573787689209, -2.1199193000793457, 3.1086015701293945, -0.47270411252975464, 7.543634414672852, -4.676891803741455, 1.683614730834961, 2.43369722366333, 2.1034018993377686, -1.118011236190796, 0.4138110876083374, -2.875239133834839, 0.23927351832389832, -1.9584304094314575, 6.824479103088379, 4.502459526062012, -4.023296356201172, -0.5484462380409241, 2.4767651557922363, -3.5528221130371094, 0.5194255113601685, 6.60288143157959, -3.6155312061309814, 6.15112829208374, 3.780153751373291, -6.96975040435791, 5.542891025543213, 5.449017524719238, 6.19836950302124, -2.4238014221191406, -1.218996524810791, 0.16952268779277802, -1.5596545934677124, -0.033274173736572266, 4.775251388549805, -3.020618438720703, -2.0414912700653076, -1.9113259315490723, 2.3166322708129883, 0.3500826954841614, -1.893602967262268, -3.7772130966186523, 3.2476658821105957, 5.0487961769104, 4.244963645935059, 8.11907958984375, -0.09207931160926819, -2.254150152206421, 3.9533796310424805, -6.524816513061523, -6.3138885498046875, 5.9821038246154785, -3.759866714477539, 6.396853446960449, 2.5139336585998535, 0.19448675215244293, 3.6747019290924072, -0.17608726024627686, 5.066179275512695, -3.962907552719116, -0.009670436382293701, -1.5711792707443237, 6.047698497772217, 5.523904800415039, 1.5438438653945923, 1.2234598398208618, -6.709087371826172, 5.520747184753418, 4.301939010620117, -3.715674638748169, -4.301074028015137, 5.916749477386475, -2.8097710609436035, 2.7220208644866943, -5.8339362144470215, -3.106745481491089, 4.695003509521484, -0.7135380506515503, 1.5252761840820312, -1.8795316219329834, -3.7521021366119385, -4.695213317871094, 0.4894513785839081, 3.2619266510009766, 0.21184393763542175, -1.2825779914855957, -0.9103610515594482, 1.9258545637130737, 0.5724487900733948, -1.5786402225494385, 1.2267016172409058, -1.9794602394104004, 0.672703742980957, 8.717388153076172, -1.643805742263794, 5.103729248046875, -1.8044942617416382, 0.915095329284668, 2.3320794105529785, 1.771983027458191, 7.329770565032959, 2.085899829864502, -4.157412052154541, 8.661413192749023, 3.3079545497894287, 0.5745437145233154, 1.271419882774353, -2.1777966022491455, 1.3189277648925781, -3.6559417247772217, -3.2948195934295654, 5.690817356109619, 0.6165639162063599, 1.5237642526626587, 0.17104792594909668, -4.218491077423096, 4.259945869445801, 0.39637047052383423, 0.6679022312164307, 0.34055036306381226, -3.6551640033721924, 4.4913716316223145, -5.948305130004883]",1
41,9606.ENSP00000461784,"[4.392323017120361, -0.7316040992736816, 3.6038215160369873, 1.6421667337417603, -0.5649043321609497, 2.936964511871338, -1.1170819997787476, 3.7938461303710938, -3.6598880290985107, -0.25930577516555786, 3.4294960498809814, -4.333246231079102, 1.7102904319763184, -0.020716816186904907, -3.137059211730957, -1.4922606945037842, 1.4013720750808716, 1.302234172821045, 4.175676345825195, -1.5236151218414307, -1.845041275024414, -3.4146957397460938, 0.7634062767028809, -0.6359405517578125, -2.109266996383667, -0.6510192155838013, 1.4726719856262207, 0.8805286884307861, 2.298539638519287, -0.5579124689102173, -2.0380070209503174, -3.36232328414917, 0.7065615057945251, -1.6402655839920044, 0.5524362325668335, 0.6304373741149902, -1.8926916122436523, -4.47944450378418, -2.075582265853882, -2.9969472885131836, -2.518104076385498, 1.7674036026000977, -1.951547384262085, 0.35212215781211853, -1.0012129545211792, -0.36346036195755005, 1.4420279264450073, -0.3079466223716736, -2.276909351348877, -3.4145870208740234, 2.4706788063049316, 2.219280481338501, 1.1393249034881592, -1.9531656503677368, 3.3904788494110107, -1.781639575958252, 3.2191100120544434, -0.8037991523742676, 2.6034491062164307, -3.03751277923584, -3.5238797664642334, 2.722383975982666, 2.1978492736816406, 0.34556663036346436, 1.5208616256713867, 2.3502426147460938, 2.8352720737457275, -0.8962855935096741, 1.0150129795074463, 4.284570693969727, 1.872210144996643, -0.13066481053829193, -0.020817935466766357, -0.8888506889343262, -2.8559937477111816, 3.294130325317383, 2.5445656776428223, -4.355972766876221, -2.948298454284668, 2.93996000289917, -2.6038477420806885, 4.019279956817627, -3.1302175521850586, 0.31801897287368774, 1.6172587871551514, 1.3487517833709717, -2.6961629390716553, -1.9867713451385498, -2.201477527618408, -0.8367923498153687, -0.13720759749412537, 3.4910120964050293, 2.7485337257385254, -1.5084209442138672, -2.8880720138549805, 3.529085397720337, -1.5122969150543213, 2.6206886768341064, 2.542726993560791, -2.75394868850708, 1.9143474102020264, 2.7745580673217773, -3.402994155883789, 2.5289313793182373, 3.7701447010040283, 3.6209282875061035, -3.5351057052612305, -0.5520107746124268, 1.8746531009674072, -1.5658305883407593, -1.0876867771148682, 3.8130483627319336, -2.3804588317871094, -0.5136857032775879, -3.187819242477417, 3.2861976623535156, 0.8483465909957886, 0.11952871084213257, -1.728743553161621, 0.37495940923690796, 1.7788058519363403, 2.918487310409546, 3.9194977283477783, -1.5629147291183472, -0.137531578540802, 1.7509417533874512, -3.104872703552246, -2.9299702644348145, 1.1185081005096436, -3.4725942611694336, 2.8871941566467285, 3.0242371559143066, 0.23552900552749634, 2.044247627258301, -0.5539456605911255, 2.860687017440796, -0.9794864058494568, -1.0729871988296509, 1.0776723623275757, 2.660693645477295, 1.746227741241455, 1.699472427368164, 1.7275141477584839, -3.758296012878418, 1.9925386905670166, 2.224595785140991, -1.7353806495666504, 0.27698057889938354, 0.44150230288505554, -0.9572373628616333, 3.25262451171875, -3.8016433715820312, 0.22329068183898926, 4.890526294708252, -2.022146224975586, -0.5856215357780457, 1.934655785560608, -1.2700010538101196, -2.438314437866211, -0.21102061867713928, 1.3062520027160645, -0.6400381326675415, -1.9356741905212402, -3.459876537322998, 0.07162567973136902, 1.8667192459106445, -1.4857652187347412, 0.15780237317085266, -1.5013759136199951, -0.7672526836395264, 3.504153251647949, -0.42170003056526184, 3.4337472915649414, -0.7741287350654602, 0.6208745837211609, 3.1455321311950684, 2.905353546142578, 3.3123300075531006, 2.889108180999756, -3.435781240463257, 4.312455654144287, 3.3349812030792236, 0.4075121581554413, 0.19126209616661072, -1.676088809967041, 2.0166430473327637, -2.1216015815734863, -3.902547836303711, 3.117216110229492, 0.32896944880485535, 0.9666675329208374, 2.408907413482666, -3.418921947479248, 1.9998115301132202, -0.40361282229423523, -0.8388785123825073, 1.714708924293518, -3.5606186389923096, 1.7045915126800537, -1.2009003162384033]",1
42,9606.ENSP00000360183,"[6.501339912414551, -1.7556288242340088, 4.3395915031433105, 4.596821308135986, -0.8711538314819336, 3.133812427520752, -1.4037249088287354, 3.438750743865967, -2.9778621196746826, 1.344804286956787, 4.679172992706299, -3.2235190868377686, 1.8122767210006714, -2.129404067993164, -2.879744291305542, -2.4670629501342773, 1.5769016742706299, 1.4270145893096924, 6.380255222320557, 0.0210421085357666, -0.7419939041137695, -7.103971481323242, 2.4134082794189453, 0.10393062233924866, -2.969212293624878, -0.19649046659469604, 2.6475210189819336, 2.062692165374756, 3.5386667251586914, -2.4844987392425537, -0.8540292978286743, -4.426638603210449, 0.8592766523361206, -0.5564931631088257, 3.8434085845947266, 0.7217251062393188, -4.723844051361084, -6.466995716094971, -3.4302115440368652, -4.292546272277832, -3.0028247833251953, 1.5498909950256348, -3.6572065353393555, -0.7617244124412537, -0.10011070966720581, -1.2212580442428589, 2.6603360176086426, 1.1796927452087402, -4.420109272003174, -4.168798446655273, 3.095708131790161, 4.145132064819336, 3.047163963317871, -1.693786382675171, 3.28686785697937, -4.975362777709961, 4.106691837310791, -2.8729424476623535, 2.0058000087738037, -4.536745548248291, -6.006773471832275, 2.230334997177124, 2.5100412368774414, -0.9539315700531006, 2.2082223892211914, 3.9484941959381104, 3.061142921447754, -0.3674638867378235, 1.105167031288147, 4.4325690269470215, 3.9134678840637207, 2.5492055416107178, -1.9875768423080444, -4.449795722961426, -2.978830099105835, 6.021745681762695, 2.150252342224121, -4.9564008712768555, -3.1049487590789795, 4.706585884094238, -1.5628706216812134, 6.0878801345825195, -4.908137798309326, 0.7555897831916809, 0.864313006401062, 1.3870296478271484, -2.1400673389434814, -1.1740155220031738, -4.517011642456055, -0.9372401237487793, -1.4063293933868408, 5.268372058868408, 5.084167003631592, -0.6944534182548523, -4.256958961486816, 6.7514824867248535, -2.7539708614349365, 2.472646713256836, 3.569202184677124, -2.9112234115600586, 4.5412797927856445, 5.042144298553467, -3.0843920707702637, 4.824194431304932, 5.580554485321045, 4.976964473724365, -4.312868118286133, -2.9047975540161133, 2.1583409309387207, -1.9049181938171387, 0.9271312952041626, 5.2498602867126465, -2.6916046142578125, -1.8440030813217163, -4.665836811065674, 3.297968626022339, -0.2720601558685303, -1.5095922946929932, -2.9020707607269287, 2.3889272212982178, 3.4777820110321045, 5.198185443878174, 6.3099541664123535, -0.5329297780990601, -0.19104431569576263, 3.8775954246520996, -6.457575798034668, -5.397740364074707, 4.342316627502441, -3.3621678352355957, 4.888662338256836, 4.527407169342041, 0.5752593278884888, 4.70132303237915, -1.0668938159942627, 4.737452983856201, -2.429166555404663, -1.336449384689331, -2.46640682220459, 3.0876145362854004, 2.8703739643096924, 2.1304526329040527, 2.3803389072418213, -3.429267168045044, 4.778561115264893, 5.012985706329346, -5.102935791015625, -2.194774866104126, 2.4891021251678467, -2.4232921600341797, 2.554401397705078, -4.845383167266846, -1.872121810913086, 5.470350742340088, -3.4567413330078125, -0.5425207614898682, 1.769486665725708, -3.994048833847046, -2.663372278213501, -0.2440357804298401, 3.107471466064453, -0.9657180309295654, -3.6735591888427734, -3.0871262550354004, 0.0955483615398407, 2.372485637664795, -1.181890845298767, -0.06411528587341309, -1.0026195049285889, -2.026822805404663, 6.494538307189941, -0.01298077404499054, 6.095305442810059, -2.9384007453918457, 0.9171845316886902, 4.564392566680908, 4.520604133605957, 4.848617076873779, 4.091354846954346, -5.064619541168213, 6.63266134262085, 2.9532809257507324, -0.7582049369812012, 0.5033173561096191, 0.6903778314590454, 0.8063246011734009, -4.698548316955566, -4.688901901245117, 6.621953010559082, 1.3683784008026123, 0.32337844371795654, 1.1310911178588867, -2.9043402671813965, 3.2821221351623535, -1.0299618244171143, 0.7508300542831421, 2.883100986480713, -5.125252723693848, 3.8038926124572754, -1.5027129650115967]",1
43,9606.ENSP00000222547,"[3.673008441925049, -1.080414891242981, 2.201997756958008, 1.7230838537216187, 1.0210926532745361, 2.3424389362335205, -0.9593493938446045, 3.9163131713867188, -3.2572133541107178, -0.7219345569610596, 2.481339931488037, -2.8953895568847656, 0.42317476868629456, -0.7396196126937866, -2.032007932662964, -2.992631673812866, 1.09837007522583, 3.0339996814727783, 2.562854528427124, -1.419880747795105, -1.4535061120986938, -3.0411245822906494, 0.044576629996299744, 0.159591406583786, -2.30356764793396, -0.1444857120513916, 1.942840814590454, 1.7718530893325806, 1.0891318321228027, -1.2272766828536987, -2.453744888305664, -2.098029136657715, 1.8509700298309326, -1.1825590133666992, 1.5506876707077026, 0.7841846942901611, -2.587602376937866, -3.666461229324341, -2.2582802772521973, -2.622892379760742, -2.48237943649292, 1.4898967742919922, -2.478635787963867, -0.4501524269580841, -0.8221485018730164, 0.7101516127586365, 0.7879459857940674, 0.11035579442977905, -1.7427929639816284, -1.0324984788894653, 1.1659998893737793, 2.5521974563598633, 0.9479991793632507, -0.6351906657218933, 1.6552772521972656, -1.883985996246338, 2.8390743732452393, -0.15752115845680237, 2.2104296684265137, -2.4370861053466797, -3.793524980545044, 2.1227622032165527, 1.691767692565918, 1.2405589818954468, 1.026964783668518, 2.2430360317230225, 2.3520870208740234, -0.9398249387741089, 0.4559415876865387, 2.0963521003723145, 2.3626668453216553, 0.05834008753299713, -0.21768838167190552, -1.5861848592758179, -1.4113672971725464, 3.9091408252716064, 1.991518497467041, -3.2774007320404053, -1.1837565898895264, 2.564114570617676, -1.2062668800354004, 3.3049981594085693, -3.4362964630126953, 0.5227373838424683, 1.2707412242889404, 2.080563545227051, -0.7001571655273438, -2.286195755004883, -0.904350996017456, -0.694226861000061, 1.1640537977218628, 3.9365501403808594, 2.04719877243042, -0.9772816896438599, -3.117291212081909, 3.5741288661956787, -0.4971907138824463, 2.32905912399292, 1.4244277477264404, -1.8044425249099731, 1.4864728450775146, 2.0510294437408447, -3.110736846923828, 2.207792282104492, 1.4726814031600952, 2.2291901111602783, -2.456031560897827, -0.20113813877105713, 2.2963860034942627, -0.10222828388214111, -0.6012938618659973, 3.416924476623535, -1.8359655141830444, 0.8040401935577393, -4.033229351043701, 1.3330157995224, 0.45272743701934814, -0.2980087697505951, -2.51900053024292, -0.14415162801742554, 1.159250020980835, 2.769160270690918, 2.8519859313964844, -0.6826492547988892, -0.583109974861145, 0.3673717975616455, -3.4516632556915283, -1.4259403944015503, 2.5425093173980713, -3.0736982822418213, 2.2841873168945312, 2.3167669773101807, -0.10961806774139404, 2.6155548095703125, -1.5776482820510864, 2.84749174118042, -1.4967535734176636, -1.7300111055374146, 0.7832473516464233, 2.7759721279144287, 1.9414499998092651, 0.6734902858734131, 1.4204800128936768, -2.9002203941345215, 1.5478390455245972, 2.4547839164733887, -1.8240649700164795, -2.0223309993743896, 1.512392520904541, -0.9432828426361084, 2.527892827987671, -3.55973482131958, 0.30057573318481445, 2.894167423248291, -0.6713223457336426, -0.5007952451705933, 0.7748098373413086, -0.3892242908477783, -1.847473382949829, 0.6165508031845093, -0.11719265580177307, -0.7085177302360535, -1.3598220348358154, -2.3250064849853516, -0.25835120677948, 1.4151420593261719, -0.11752262711524963, 1.3912633657455444, -2.3208630084991455, -0.6275265216827393, 4.092824459075928, 0.8524956107139587, 3.950129508972168, -1.2052373886108398, 0.5060336589813232, 2.877359390258789, 1.8106918334960938, 3.639967203140259, 2.3866968154907227, -2.271944999694824, 3.2852942943573, 1.5646599531173706, 0.5946263074874878, 0.8794772028923035, -0.061213284730911255, 1.5823265314102173, -3.188288688659668, -3.3346080780029297, 3.1259820461273193, 1.2336660623550415, 0.8306203484535217, 1.2240145206451416, -1.4391369819641113, 2.9497828483581543, -0.8841037154197693, -1.6848838329315186, 1.2305855751037598, -3.305708408355713, 2.4835219383239746, -0.14730827510356903]",1
44,9606.ENSP00000356918,"[6.099010944366455, 0.5814636945724487, 3.8697755336761475, 2.314924955368042, 1.3367347717285156, 3.3838462829589844, 0.3302063047885895, 2.9782309532165527, -5.644581317901611, 0.3936005234718323, 4.326471328735352, -3.8523385524749756, 1.6889374256134033, -0.703091025352478, -4.099708080291748, -5.739447116851807, 0.36659330129623413, 3.8461873531341553, 4.806772708892822, 1.8794177770614624, -4.688717365264893, -9.400367736816406, 2.8624112606048584, 1.8981907367706299, -3.4525907039642334, -3.6564290523529053, 0.30318552255630493, 1.6804702281951904, 4.944812774658203, -1.2022556066513062, -4.527606010437012, -9.077856063842773, 1.5412670373916626, -0.659684956073761, -0.25447118282318115, 3.726001262664795, -0.2850595712661743, -6.306032657623291, -7.2929768562316895, -3.532365322113037, -5.52714204788208, 1.1650004386901855, -4.597180366516113, -0.9533336758613586, -2.138733148574829, 1.4962173700332642, 4.607226371765137, 0.6417982578277588, -3.66025447845459, -2.0816433429718018, 5.411211013793945, 3.686047077178955, 2.037781238555908, 0.2920852303504944, 5.99495792388916, -5.216125965118408, 5.753491401672363, -3.5298643112182617, 0.5981979370117188, -4.801543235778809, -6.784040451049805, 4.96610164642334, 2.990755319595337, -0.9905362129211426, 0.10745753347873688, 0.0575474351644516, 3.546689033508301, -1.7205462455749512, 1.7593296766281128, 5.045635223388672, 4.024087429046631, 4.684926509857178, -2.0711772441864014, -5.519568920135498, -4.180007457733154, 6.843183517456055, 1.851752758026123, -5.7297515869140625, -5.84301233291626, 5.515742301940918, -2.3574960231781006, 6.7860612869262695, -7.984441757202148, 3.2898294925689697, 5.067323207855225, 3.4271318912506104, -2.084066152572632, 2.129141330718994, 0.9275839328765869, -1.4549956321716309, -3.314397096633911, 7.694945335388184, 5.0738959312438965, -5.041666507720947, -3.526515245437622, 3.8934171199798584, -1.6995899677276611, 2.4965908527374268, 2.914926052093506, -3.8742964267730713, 4.680403709411621, 3.7745704650878906, -4.009609699249268, 4.99729585647583, 5.928226947784424, 4.133629322052002, -4.513716220855713, -2.7234010696411133, 3.7403006553649902, -2.047858238220215, 2.437819004058838, 4.101071834564209, -4.181169509887695, -0.522889256477356, -0.5172545313835144, 3.450711727142334, 0.9478088021278381, 0.22901847958564758, -3.33382511138916, 1.2112252712249756, 7.613259315490723, 3.3387467861175537, 5.263556957244873, 1.362971544265747, -3.8989756107330322, 1.9368577003479004, -4.130894184112549, -6.872223377227783, 6.059412002563477, -2.4673266410827637, 6.778112888336182, 5.314466953277588, 0.6878108978271484, 5.970940113067627, -2.2174360752105713, 4.317412853240967, -2.1251978874206543, -1.9368106126785278, -2.455113172531128, 4.145672798156738, 4.3191304206848145, 1.1216471195220947, 2.9740242958068848, -7.294410228729248, 4.913680076599121, 4.278476238250732, -2.1469573974609375, -1.550243616104126, 3.110548496246338, -4.766377925872803, 0.5664815306663513, -4.001100540161133, -1.0714994668960571, 4.589633464813232, -2.7283520698547363, -2.2965893745422363, -0.923995316028595, -2.639301300048828, -1.2323672771453857, -0.47224223613739014, 2.1601181030273438, -1.1708811521530151, -4.349365234375, -0.8616147041320801, 2.1084797382354736, 3.9596810340881348, -4.782394886016846, 1.0258047580718994, 0.12063081562519073, -2.6589362621307373, 8.357016563415527, 1.9925639629364014, 5.657920837402344, -1.7735702991485596, -0.08978548645973206, 4.5954694747924805, 2.4023988246917725, 6.383162498474121, 4.8182759284973145, -2.8182413578033447, 9.008179664611816, 5.9818501472473145, 1.8106142282485962, 0.7626849412918091, -4.022047996520996, 1.025816798210144, -5.03084135055542, -5.724625110626221, 5.165681838989258, 1.1670118570327759, -1.5691428184509277, -3.534144401550293, -4.289116859436035, 4.315352916717529, -2.031341791152954, 1.3202630281448364, 2.107830762863159, -5.870964050292969, 4.17952299118042, -0.9483540654182434]",1
45,9606.ENSP00000223369,"[7.09814453125, -2.0665581226348877, 5.090383529663086, 4.578279495239258, -0.5588200092315674, 4.919576168060303, -1.4504971504211426, 3.380401134490967, -2.739305257797241, 1.6467727422714233, 4.956170558929443, -3.696226119995117, 2.5900497436523438, -3.0912892818450928, -3.261504650115967, -1.5193229913711548, 1.7592912912368774, 4.466910362243652, 5.251339435577393, 2.2754030227661133, -2.153449296951294, -6.530077934265137, 0.3064471483230591, -0.21879452466964722, -2.472334146499634, -0.22374820709228516, 3.6774933338165283, 1.3374065160751343, 2.1702075004577637, -2.4266536235809326, -3.181354522705078, -5.3930792808532715, 2.431276321411133, -0.2028084099292755, 3.388343095779419, 1.7948325872421265, -2.1801815032958984, -6.426370143890381, -3.939058780670166, -3.6314258575439453, -2.7923007011413574, 2.132274627685547, -3.8344473838806152, -1.3031305074691772, -2.5384128093719482, -0.6504645347595215, 3.1668477058410645, 2.7826333045959473, -4.6020355224609375, -3.4383938312530518, 3.8049886226654053, 5.784269332885742, 1.4496511220932007, -1.5195286273956299, 2.385305166244507, -5.906877517700195, 5.3871684074401855, -2.2867963314056396, 2.922367811203003, -4.168074607849121, -6.291785717010498, 2.122771739959717, 3.991199016571045, -0.23182560503482819, 3.5879499912261963, 2.6683402061462402, 3.2256126403808594, -1.0584473609924316, 2.3622488975524902, 4.192193031311035, 3.410642623901367, 2.754861354827881, -1.435250163078308, -3.027529239654541, -1.992936372756958, 7.6334309577941895, 3.5921876430511475, -5.34212589263916, -2.9663121700286865, 4.218066215515137, -1.966176986694336, 6.04951286315918, -2.9438445568084717, 0.5791640281677246, 0.7433768510818481, 1.731477975845337, -2.0007500648498535, -2.4979963302612305, -4.163737773895264, -1.198723554611206, -1.984357237815857, 4.8428568840026855, 4.086792469024658, -2.6375608444213867, -4.777837753295898, 4.3037309646606445, -3.0474534034729004, 2.1600780487060547, 4.200275421142578, -1.685029149055481, 4.2126145362854, 3.109032392501831, -5.076267242431641, 3.3133668899536133, 3.4020750522613525, 3.077683448791504, -2.8268649578094482, -1.1760811805725098, 1.6434415578842163, -3.939769744873047, -0.006985500454902649, 6.41564416885376, -2.9380545616149902, -1.4992141723632812, -4.05393648147583, 3.359308958053589, 0.38705751299858093, -2.6426544189453125, -3.4723052978515625, 2.9885828495025635, 4.246694564819336, 4.1900153160095215, 5.94061803817749, -0.3766228258609772, -2.198209047317505, 2.6783885955810547, -4.246051788330078, -5.2062506675720215, 4.162478446960449, -3.227900505065918, 6.1277971267700195, 2.1191909313201904, -0.5714795589447021, 3.6870369911193848, -2.8116257190704346, 5.389730930328369, -4.239917755126953, -2.9633023738861084, -0.3866947293281555, 4.6670756340026855, 3.585726261138916, 1.4741981029510498, 3.0266289710998535, -4.961700439453125, 3.511476516723633, 3.9058475494384766, -1.1999064683914185, -1.5948081016540527, 3.8058319091796875, -3.046053886413574, 2.5879714488983154, -6.143418312072754, -0.806273341178894, 4.269397258758545, -2.2053592205047607, -3.209115743637085, -0.4402899444103241, -4.875871181488037, -3.205540657043457, -1.537327766418457, 1.134373664855957, -1.412527322769165, -1.811295747756958, -3.3547887802124023, -0.6905916929244995, 3.5430803298950195, -2.049292802810669, 2.9964280128479004, -2.431375026702881, -2.760317802429199, 6.870466232299805, -1.4718610048294067, 6.346989631652832, -3.1209349632263184, 2.404682159423828, 4.951375961303711, 2.8183035850524902, 4.835885047912598, 4.7462873458862305, -5.163363456726074, 5.782144069671631, 3.882160186767578, 0.8528208136558533, 0.7300488948822021, -1.6548874378204346, 3.1858887672424316, -5.701111793518066, -2.7813639640808105, 5.743895053863525, 1.3660188913345337, 1.245910882949829, -0.32461872696876526, -2.753124237060547, 3.150803327560425, 0.1919955015182495, -0.06939321756362915, 1.2277255058288574, -5.877209186553955, 4.0473432540893555, -3.6392786502838135]",1
46,9606.ENSP00000258301,"[7.696985244750977, 0.6357957124710083, 3.2922871112823486, 3.7123465538024902, 0.006897337734699249, 3.0839223861694336, -0.0746537446975708, 5.141673564910889, -3.8470194339752197, 0.5919487476348877, 5.736328601837158, -4.933169364929199, 1.9051777124404907, -2.019935369491577, -3.7027790546417236, -4.2885541915893555, 1.08298921585083, 1.4790376424789429, 5.408132076263428, 0.1315397322177887, -1.9650471210479736, -7.736461162567139, 1.9162578582763672, -0.09852451086044312, -3.213132381439209, -0.055766761302948, 0.4636338949203491, 2.7036986351013184, 4.0193681716918945, -3.1101956367492676, -2.1204793453216553, -6.94359827041626, 1.020108699798584, -0.6681550741195679, 1.0923694372177124, 3.4771742820739746, -4.009156227111816, -7.259651184082031, -4.181915283203125, -5.207062721252441, -4.714526176452637, 0.09935382008552551, -3.6088383197784424, -1.180902361869812, -1.3850799798965454, -1.6280051469802856, 4.4547247886657715, 1.2334929704666138, -4.89858341217041, -4.076144218444824, 5.172492027282715, 4.8152852058410645, 2.1905837059020996, -1.6138280630111694, 3.4964985847473145, -4.511955738067627, 5.063381671905518, -3.6857717037200928, 2.80892276763916, -5.934643745422363, -6.530366897583008, 4.40793514251709, 2.3126730918884277, -1.2750478982925415, 1.5036169290542603, 3.4101290702819824, 3.23013973236084, -1.543171763420105, 0.5628941059112549, 6.054096221923828, 3.545929431915283, 3.842118978500366, -1.5605344772338867, -3.3023228645324707, -3.089019298553467, 8.020732879638672, 3.2227323055267334, -7.3833842277526855, -5.454631328582764, 4.871817588806152, -2.0308194160461426, 7.0424370765686035, -6.363764762878418, 2.5400829315185547, 3.7557802200317383, 1.8717985153198242, -2.9759724140167236, -0.97531658411026, -3.8628451824188232, -2.0984621047973633, -2.124495506286621, 6.640366554260254, 7.204860210418701, -1.57486891746521, -3.5888733863830566, 7.566946506500244, -2.9120423793792725, 3.9973559379577637, 4.2237677574157715, -3.1948132514953613, 3.460857629776001, 5.594656467437744, -5.58822774887085, 4.50666618347168, 7.124536514282227, 4.01527214050293, -3.866018295288086, -4.352328300476074, 4.243505954742432, -3.46304988861084, -0.6882064342498779, 5.784035682678223, -4.224961280822754, -1.2146470546722412, -2.8633882999420166, 2.176692247390747, -0.4023866057395935, -0.0164622962474823, -2.7951855659484863, 3.28291392326355, 5.225618839263916, 3.2873148918151855, 7.563708305358887, -0.4445827007293701, -0.707057535648346, 4.788387775421143, -6.1115336418151855, -4.654383182525635, 5.872674465179443, -3.810947895050049, 4.334152698516846, 4.214605808258057, 0.4723244607448578, 5.8263115882873535, -2.230550527572632, 5.859606742858887, -1.8837215900421143, -2.2101240158081055, -2.628288507461548, 2.693626880645752, 3.6135592460632324, 2.9350717067718506, 4.5327935218811035, -4.043542861938477, 5.865959167480469, 5.540866851806641, -2.883884906768799, -0.5961458683013916, 3.4989142417907715, -3.259883165359497, 2.341705560684204, -6.124150276184082, -2.2715182304382324, 5.4544878005981445, -3.782799482345581, -1.0455472469329834, 0.4507560729980469, -4.323060989379883, -2.783886432647705, 0.9296711683273315, 2.2345499992370605, -3.256434917449951, -5.976177215576172, -3.67228102684021, 1.2426742315292358, 5.012566566467285, -4.681392669677734, 0.3634795546531677, -2.1144044399261475, -1.6449010372161865, 7.060353755950928, 0.17473997175693512, 6.024449348449707, -2.0018341541290283, 1.18332839012146, 4.8415117263793945, 4.572885513305664, 4.468708515167236, 6.081599235534668, -4.603636741638184, 7.841607570648193, 4.3349456787109375, 0.9679247140884399, -0.18383395671844482, -0.8436959981918335, 1.2612707614898682, -5.961844444274902, -5.323658466339111, 7.593971252441406, 0.3751162886619568, 0.9386641979217529, 1.1358407735824585, -4.82438325881958, 5.020188331604004, -0.5228484272956848, 1.1632890701293945, 1.883918046951294, -6.502092361450195, 4.143016338348389, -2.2751169204711914]",1
47,9606.ENSP00000466298,"[4.725701808929443, -1.0648682117462158, 2.2431910037994385, 2.3617894649505615, -0.010667562484741211, 0.8611234426498413, 1.1964267492294312, 2.1451163291931152, -2.0136146545410156, -0.08612728118896484, 2.354219913482666, -3.521108627319336, 0.6231330037117004, -0.896536111831665, -1.7888941764831543, -2.3527708053588867, 0.2144472599029541, 1.1874136924743652, 3.3743276596069336, 0.25755074620246887, -0.13793861865997314, -5.590196132659912, 1.4309555292129517, -1.1878528594970703, -1.2422231435775757, 1.7273385524749756, 0.5755329132080078, 1.9245951175689697, 2.1380410194396973, -1.2159419059753418, -1.240654468536377, -3.698702096939087, 0.3388548195362091, -0.3168446123600006, 1.4722877740859985, 2.467254161834717, -3.0867295265197754, -5.051249980926514, -2.3413381576538086, -2.984480142593384, -2.8877744674682617, 0.14591027796268463, -2.600177764892578, 0.6255638003349304, -0.6765813231468201, -2.060795545578003, 1.7578165531158447, 0.48474693298339844, -2.619454860687256, -2.6240394115448, 2.7190325260162354, 2.482062578201294, 3.0483438968658447, 0.7754673361778259, 1.7379803657531738, -2.6744799613952637, 2.2175700664520264, -1.794882893562317, 0.5659850835800171, -3.0420193672180176, -4.1897454261779785, 1.9162858724594116, 0.8614469766616821, -0.9061022996902466, 0.2747015953063965, 1.8266898393630981, 1.4063961505889893, -0.9068784713745117, 0.05878797173500061, 3.3342695236206055, 2.217348098754883, 2.0327513217926025, -1.4828011989593506, -3.667865037918091, -0.8254348635673523, 5.587241172790527, 1.0651535987854004, -4.236854553222656, -2.3744919300079346, 3.510938882827759, -1.1681840419769287, 5.1371612548828125, -3.578184127807617, 2.0384185314178467, 2.326084613800049, 0.06435102224349976, -1.7606987953186035, -0.7459942698478699, -1.659118413925171, -1.2958660125732422, -0.50938481092453, 4.371715068817139, 5.005887508392334, -0.7996143102645874, -1.9785302877426147, 5.616507053375244, -1.439694881439209, 1.0229418277740479, 2.666074752807617, -1.508752703666687, 2.577202320098877, 3.510523796081543, -2.962484359741211, 2.8026435375213623, 4.322472095489502, 2.1323673725128174, -2.019340991973877, -2.3863003253936768, 2.4238791465759277, 0.20842638611793518, 0.4634120464324951, 3.6707797050476074, -2.1125802993774414, 0.12349840998649597, -2.6120378971099854, 1.3362452983856201, -0.7804709672927856, -0.6259457468986511, -0.8975487947463989, 1.9998650550842285, 2.5566229820251465, 2.962195873260498, 4.456942558288574, -2.112877607345581, -0.39793306589126587, 3.2014079093933105, -5.11037540435791, -3.357269048690796, 1.91944420337677, -2.0877928733825684, 3.6007583141326904, 2.5289690494537354, 1.3218895196914673, 4.439874649047852, 0.09835577011108398, 3.4698352813720703, -0.5979882478713989, -0.5635877251625061, -1.5149779319763184, 1.6988794803619385, 1.7160589694976807, 1.4321683645248413, 2.089644432067871, -2.114854574203491, 3.8815829753875732, 3.315366744995117, -3.3371706008911133, -0.04854077100753784, 1.8327341079711914, -2.6264381408691406, 1.5007920265197754, -3.214992046356201, -1.660358190536499, 3.8499138355255127, -1.2425837516784668, 0.6092454195022583, 1.0418059825897217, -1.2505738735198975, -1.5301322937011719, 1.7648026943206787, 0.45711344480514526, -0.39395415782928467, -3.042182683944702, -1.419287919998169, 1.1023480892181396, 3.0084619522094727, -2.5117390155792236, -0.36831605434417725, 0.2207220494747162, -0.9599936604499817, 5.040492534637451, -0.5794103741645813, 3.420076370239258, -0.6372507810592651, 0.6814969182014465, 3.8250017166137695, 2.726590156555176, 3.870612382888794, 3.3362607955932617, -3.1795241832733154, 4.791210651397705, 2.0145184993743896, -0.5700515508651733, -0.42342498898506165, 0.07439105212688446, 0.48674270510673523, -3.4044694900512695, -2.6740386486053467, 5.24575138092041, -0.06274834275245667, 0.02369934320449829, 0.8906987309455872, -2.4094295501708984, 2.0763721466064453, 1.3069349527359009, 0.029318928718566895, 1.5120772123336792, -3.6962711811065674, 2.7185399532318115, -0.3521829843521118]",1
48,9606.ENSP00000463393,"[4.479234218597412, 0.5494809746742249, 2.4624392986297607, 1.1743083000183105, 0.7711132168769836, 2.099193572998047, -1.1814186573028564, 2.848846912384033, -1.4126429557800293, -0.12674155831336975, 4.170064926147461, -3.126173734664917, 0.6379622220993042, 0.48252230882644653, -2.2707982063293457, -3.2237303256988525, 2.8781726360321045, 2.1181249618530273, 2.2095556259155273, -1.2582393884658813, -1.9578535556793213, -1.993515968322754, 0.773420512676239, 0.5624961853027344, -1.6073678731918335, -1.1927152872085571, 0.446944922208786, 1.5342211723327637, 0.7035636901855469, -1.0863982439041138, -2.4683268070220947, -2.8090803623199463, 0.20167025923728943, 0.4229452908039093, 0.051942259073257446, 1.2662913799285889, 0.7759753465652466, -2.745434045791626, -1.9479304552078247, -2.8517515659332275, -3.129910945892334, 0.2686220109462738, -2.3194286823272705, -0.2565533220767975, -0.4089580476284027, 1.1986494064331055, 1.836972713470459, 0.12433865666389465, -0.7860879302024841, -0.45165368914604187, 2.176358222961426, 3.666658878326416, 2.195350170135498, 0.5234180688858032, 0.013307154178619385, -2.7968504428863525, 2.608295202255249, -0.5523454546928406, 2.20582914352417, -1.321457862854004, -4.5888495445251465, 1.757399082183838, 1.3677271604537964, 0.33187124133110046, 0.8330113291740417, 2.529080867767334, 1.090516209602356, -1.6911952495574951, 1.3244414329528809, 1.7675609588623047, 1.6296947002410889, -0.32009822130203247, -0.43465131521224976, -2.1029205322265625, -2.1253926753997803, 3.124932289123535, 1.4726710319519043, -2.236480236053467, -2.639838933944702, 2.0864145755767822, -1.2621525526046753, 2.8681492805480957, -2.264028549194336, 0.4408378005027771, 2.692678451538086, 2.2537012100219727, -1.0642982721328735, -2.423457145690918, -1.0651570558547974, -0.552841305732727, -0.3938496708869934, 3.5263915061950684, 0.6478037238121033, -2.0261974334716797, -2.151644706726074, 2.478732109069824, 0.16564978659152985, 1.3404483795166016, 3.2464983463287354, -2.3728692531585693, 2.467695713043213, 2.7080771923065186, -2.3688526153564453, 1.5453864336013794, 1.490990400314331, 3.711306571960449, -1.5654231309890747, -1.125967264175415, 3.53316330909729, -1.4367763996124268, -0.1690453588962555, 2.8081588745117188, -3.297790050506592, -0.2544746398925781, -2.87424898147583, 2.7913248538970947, 0.8866980671882629, -2.3501758575439453, -1.8757556676864624, 1.0635937452316284, 1.3906645774841309, 1.3573932647705078, 2.964020252227783, -1.0068492889404297, 1.5728113651275635, 2.2480106353759766, -4.243790626525879, -2.2019524574279785, 1.6175949573516846, -2.026594638824463, 3.218649387359619, 1.915089726448059, -0.3763170838356018, 1.216686487197876, -2.0461931228637695, 2.589226245880127, -0.4134313464164734, -1.402255654335022, 0.5604274272918701, 0.0703907310962677, 1.7191129922866821, 1.0540142059326172, 1.443779468536377, -2.4113564491271973, 3.0075020790100098, 0.7628480195999146, -1.9021053314208984, -1.912651538848877, 3.0027453899383545, -0.454142302274704, 1.7948033809661865, -2.8057010173797607, 0.4361632168292999, 2.4528989791870117, -1.1736884117126465, -0.8632529973983765, 0.2833942174911499, 0.016963064670562744, -2.740706443786621, -0.26426392793655396, -1.5512199401855469, -0.3776211142539978, -0.6440255045890808, -1.4154859781265259, -1.161358118057251, 0.7410032153129578, -0.2510596513748169, 0.0787929892539978, -1.3520524501800537, -1.377817988395691, 4.858464241027832, -1.227113962173462, 3.7343404293060303, -0.5233399868011475, 0.86988765001297, 3.490048885345459, -0.09680050611495972, 3.489089012145996, 0.9336115121841431, -1.698135256767273, 2.4204790592193604, 1.1671135425567627, 1.18398916721344, 0.7416386604309082, -0.33396071195602417, 2.766799211502075, -2.626347303390503, -3.6989505290985107, 4.585773468017578, 1.0321478843688965, 0.9178075194358826, 0.4670598804950714, -0.9331625699996948, 2.317934989929199, 0.11310091614723206, -0.6322360038757324, 0.016296565532684326, -1.7709635496139526, 3.5263736248016357, -0.12230363488197327]",1
49,9606.ENSP00000356540,"[3.9548487663269043, -0.6991555094718933, 1.1720930337905884, 1.105454683303833, -0.9721204042434692, 0.21653395891189575, 0.07094147801399231, 2.087367534637451, -1.6475841999053955, -1.1979111433029175, 3.4065310955047607, -1.54193115234375, 0.5253013968467712, -0.6654837727546692, -0.042171597480773926, -1.9097126722335815, -0.9559248089790344, 1.751874327659607, 2.8057618141174316, 1.0078741312026978, -0.4509553015232086, -3.5013022422790527, -0.29361486434936523, -1.8554542064666748, -0.4711771011352539, 0.4633958339691162, -0.3117864727973938, 1.7602616548538208, 2.192410945892334, -0.1454576998949051, -0.02388952672481537, -2.066002368927002, 0.14279544353485107, 0.6559985876083374, 1.6969419717788696, 0.6064460277557373, -2.638753652572632, -2.20691180229187, -0.9338078498840332, -0.8595894575119019, -2.358487606048584, -0.05858182907104492, -0.1576465368270874, -0.15504178404808044, 0.3245944082736969, -0.7533307075500488, 1.8831804990768433, -1.433313250541687, -2.5935258865356445, -2.264315128326416, 0.6488121747970581, 1.196449875831604, -0.4167526960372925, 1.2973109483718872, 1.4461216926574707, -2.9483566284179688, 2.058389663696289, -0.8602076768875122, 0.5629690289497375, -1.9170769453048706, -2.528653621673584, -0.16457244753837585, 0.3935807943344116, 0.3004325032234192, -0.44041791558265686, 0.8631677627563477, 1.6426727771759033, 0.34984710812568665, 0.3392273783683777, 2.1070990562438965, 0.7745944261550903, 1.1674774885177612, -1.3147681951522827, -0.987911581993103, -0.3463882505893707, 3.500561475753784, 0.6248842477798462, -2.187248706817627, -1.8774473667144775, 2.2310914993286133, -0.19537577033042908, 3.5572385787963867, -1.1492518186569214, -0.23142851889133453, 1.7124159336090088, -0.5184844136238098, -0.5292717218399048, -2.0384912490844727, -1.1553032398223877, -0.065358966588974, 0.8238334655761719, 3.3302159309387207, 2.0219743251800537, -1.212173342704773, -0.45445284247398376, 3.0404162406921387, -2.364572525024414, 1.644497036933899, 1.504908561706543, -1.6060458421707153, 1.4672316312789917, 1.0459516048431396, -0.5632328391075134, 2.566072940826416, 3.1176462173461914, 1.7883532047271729, -2.127782106399536, -0.5898372530937195, -0.1788896918296814, -0.41794949769973755, -0.9404959678649902, 1.7629117965698242, 0.11559389531612396, -1.2683284282684326, -0.6981397867202759, 1.1898753643035889, 0.8214554786682129, 0.5849707126617432, -1.0769392251968384, 0.8584870100021362, 1.586508870124817, 2.2933411598205566, 3.228217363357544, -0.409750372171402, -0.512947678565979, 1.448725938796997, -2.8428916931152344, -2.9388489723205566, 0.414547324180603, -1.0046648979187012, 2.080624580383301, 2.8827879428863525, 0.5713343620300293, 2.2747137546539307, -2.3569531440734863, 1.1707608699798584, -3.198056697845459, 0.6120226979255676, -1.3859713077545166, 2.5204920768737793, 1.7681653499603271, 0.8378189206123352, 0.4269634783267975, -2.327353000640869, 1.4591128826141357, 2.2320663928985596, -0.7976038455963135, -0.1882866621017456, 1.61830472946167, -0.4173475503921509, 0.47822993993759155, -2.301097869873047, 0.24853825569152832, 2.3872852325439453, 0.010198533535003662, 1.5363178253173828, 2.509493827819824, -0.5835173726081848, -1.5625331401824951, 1.1941792964935303, 0.6801241636276245, 1.0609790086746216, -2.238206386566162, -0.297157347202301, 2.3096020221710205, 0.7319648861885071, -0.18327555060386658, -0.5032540559768677, -0.3139555752277374, 1.1298041343688965, 2.9205679893493652, -1.5348433256149292, 1.1823804378509521, 0.9144451022148132, 0.06944634765386581, 1.88563072681427, 1.1337770223617554, 2.873856544494629, 1.1286770105361938, -1.001823902130127, 3.5565834045410156, 1.941681981086731, -0.783147931098938, 0.21302665770053864, -0.8077360391616821, -0.07616795599460602, -2.5943264961242676, -3.0794198513031006, 2.904432535171509, 0.40595003962516785, 0.17280879616737366, 1.1978627443313599, -1.3906458616256714, 2.4481427669525146, 1.8681745529174805, -1.2649943828582764, -0.3193370997905731, -2.616964340209961, 0.17323307693004608, -0.5581170916557312]",1
50,9606.ENSP00000225724,"[5.03037166595459, -1.18478262424469, 2.1510608196258545, 2.1273815631866455, -0.1618196666240692, 1.7314362525939941, -1.0927356481552124, 4.903285503387451, -1.6639589071273804, -1.458547830581665, 2.773756265640259, -2.667431354522705, 0.25780075788497925, 0.11296232044696808, -2.457118511199951, -2.6084117889404297, 1.8664417266845703, 1.3614251613616943, 3.251497745513916, 0.20548570156097412, -0.19054582715034485, -4.040838241577148, 0.30646324157714844, -0.7101680040359497, -1.3701924085617065, 1.0736128091812134, 1.3689959049224854, 2.7874608039855957, 0.1621834933757782, -0.8204306960105896, -0.18529212474822998, -3.653333902359009, 1.207714319229126, -0.2690030634403229, 2.060641288757324, 0.5834857225418091, -2.4534060955047607, -3.9156627655029297, -2.110823154449463, -1.8204596042633057, -2.0089125633239746, 1.9657824039459229, -1.0756617784500122, 0.4080330431461334, -0.8716987371444702, 0.3228129744529724, 1.3106673955917358, -0.08204860985279083, -3.5045368671417236, -1.9100298881530762, 1.1377915143966675, 3.6073477268218994, 2.656294345855713, -0.08724361658096313, 2.5967390537261963, -1.371264100074768, 3.353850841522217, 0.5114133954048157, 1.8125689029693604, -2.8052802085876465, -4.729143142700195, 1.849926471710205, 0.9412873387336731, 1.846394419670105, 1.8674732446670532, 0.982381284236908, 0.704392671585083, 0.11286383867263794, 0.2783794403076172, 2.891092300415039, 2.337663173675537, 0.6098968982696533, 0.13480237126350403, -3.4505372047424316, -0.5927391052246094, 5.670633792877197, 2.619452953338623, -5.299869060516357, -2.9379868507385254, 2.159451961517334, -2.3807804584503174, 4.930509567260742, -2.2894539833068848, -0.03818890079855919, 1.2625513076782227, 1.68782639503479, -1.5936988592147827, -1.7625763416290283, -0.8948396444320679, 0.7805560827255249, 0.6530532836914062, 4.087742805480957, 3.555143356323242, 0.8362592458724976, -2.4076032638549805, 4.397643566131592, -0.8588570356369019, 2.350165367126465, 2.552072048187256, -1.462064266204834, 2.758073091506958, 2.986630916595459, -3.8111841678619385, 3.621826410293579, 3.0968949794769287, 2.7193756103515625, -3.1391239166259766, -0.06170135736465454, 2.9816908836364746, -1.4333531856536865, -1.922792911529541, 3.7920007705688477, -1.2624950408935547, -0.5610749125480652, -4.3381571769714355, 0.9894903898239136, 0.5577182769775391, -1.3983385562896729, -2.2667131423950195, 1.1854863166809082, 1.0855331420898438, 2.6494216918945312, 5.026372909545898, -1.0255329608917236, -0.7190583944320679, 1.038050889968872, -3.80143404006958, -0.5817527770996094, 3.5864202976226807, -3.037191152572632, 3.165931463241577, 1.047597050666809, 0.8006333112716675, 2.839755058288574, -0.10616576671600342, 1.5653777122497559, -0.21650570631027222, -0.30175483226776123, 0.09336437284946442, 0.4593019485473633, 2.5594258308410645, 0.38491562008857727, 1.737558126449585, -3.3460004329681396, 2.8096160888671875, 2.1231720447540283, -1.86419677734375, -1.0583561658859253, 2.2662057876586914, -0.6587568521499634, 1.8337875604629517, -4.0676960945129395, -1.1825534105300903, 3.0150046348571777, -1.4697935581207275, 0.2587170898914337, 2.452306032180786, -1.8911477327346802, -2.373506784439087, 0.5359369516372681, 0.6890972256660461, 0.22115838527679443, -2.828995943069458, -2.859714984893799, 0.44712477922439575, 2.4134397506713867, -1.6939852237701416, 0.7586129307746887, -1.5397826433181763, -0.36557537317276, 4.786857604980469, 0.3673565685749054, 3.3075993061065674, -1.3606102466583252, 0.6517740488052368, 3.3190865516662598, 2.2337470054626465, 3.645454168319702, 2.9969496726989746, -2.1138923168182373, 5.054550647735596, 2.5494728088378906, 0.932809054851532, -0.2649715542793274, 0.5089028477668762, 1.4117841720581055, -4.028015613555908, -4.228673458099365, 4.133492946624756, 0.3198428452014923, 1.4905246496200562, 3.0507559776306152, -3.100515127182007, 2.6982834339141846, 1.1520788669586182, -1.850590467453003, 2.453714609146118, -4.349996089935303, 1.7768737077713013, 0.3227366507053375]",1
51,9606.ENSP00000215730,"[3.1711010932922363, -1.6457951068878174, 1.938422441482544, 2.650442600250244, -0.8387510180473328, 2.712719440460205, 0.3391089141368866, 2.717700242996216, -3.8188300132751465, 0.5924320816993713, 3.619842529296875, -3.4922122955322266, 1.2062455415725708, -1.899348258972168, -0.7332625985145569, -0.7371799349784851, 0.5224311947822571, 3.4071044921875, 3.9498724937438965, 2.7093138694763184, -0.7232816219329834, -5.155664443969727, -1.1591880321502686, -1.623126745223999, -0.9477946758270264, -0.1513703167438507, 1.0038917064666748, 1.3787052631378174, 3.2257533073425293, 1.7233659029006958, -1.553288221359253, -3.166998863220215, 2.543306827545166, -1.6666992902755737, 3.8615567684173584, 0.6787676811218262, -0.005533188581466675, -2.799675703048706, -3.4077765941619873, -3.038668394088745, -6.147288799285889, 1.562387466430664, -1.1395143270492554, 1.2175205945968628, 1.330033779144287, -0.9705738425254822, 4.683318614959717, -0.4152633547782898, -4.96013879776001, -3.1845173835754395, 3.7843194007873535, 4.992776393890381, 1.6647272109985352, 1.961030125617981, 0.18238070607185364, -3.162153482437134, 4.002366065979004, -1.9682310819625854, 2.9992048740386963, -3.705634593963623, -6.0197577476501465, 1.2056212425231934, 4.21580171585083, -1.0819928646087646, -0.40397343039512634, 1.0224127769470215, 3.484910249710083, -3.875337600708008, 1.0595624446868896, 2.91282320022583, 0.39604347944259644, 1.4761799573898315, -2.12424898147583, -2.89123272895813, -2.1019582748413086, 4.514846324920654, 3.0244061946868896, -5.487642288208008, -1.1142501831054688, 1.5024585723876953, -0.8078449964523315, 7.037864685058594, -4.400198936462402, 0.9456990957260132, 1.9973597526550293, 0.9257634878158569, -1.7165467739105225, 0.8235456943511963, -0.4843701124191284, -0.4417019486427307, -1.028151273727417, 6.840273857116699, 3.9071621894836426, -2.0792489051818848, -1.305734634399414, 5.063620090484619, -1.9058785438537598, 0.462484210729599, 5.296712875366211, -0.5872949957847595, 3.3453316688537598, 4.441110134124756, -3.6462552547454834, 2.4622302055358887, 4.5637078285217285, 3.908492088317871, -1.8564993143081665, 2.227203130722046, 0.8531825542449951, -2.190830707550049, -1.1509921550750732, 3.008521556854248, -3.0599827766418457, -1.071533203125, -4.063746929168701, 2.428661346435547, 0.5934866070747375, -1.769465446472168, -2.527583122253418, 3.871523141860962, 3.2994749546051025, 5.667608737945557, 5.578253269195557, -2.6480793952941895, -0.37924498319625854, 3.3001906871795654, -5.5240583419799805, -4.241039276123047, 3.601297616958618, -3.081545829772949, 4.541524410247803, 1.024214506149292, 2.040336847305298, 3.1955158710479736, -1.8984816074371338, 4.090969562530518, -4.273819446563721, 0.9907861351966858, 1.3725157976150513, 5.020035743713379, 4.255478858947754, 1.711639165878296, 0.9259592294692993, -5.147542953491211, 4.730045795440674, 1.5354573726654053, -3.8159961700439453, -2.422557830810547, 5.481645107269287, -2.580625295639038, -0.023757174611091614, -4.82373571395874, 1.2056734561920166, 3.221043109893799, 0.4422282576560974, 0.7523354291915894, 2.2769615650177, -1.3769023418426514, -3.4795148372650146, 1.2596702575683594, 1.7757142782211304, 1.628849983215332, -2.389639377593994, -2.8574538230895996, 1.6512197256088257, 1.5561091899871826, 0.2884976863861084, 1.8474653959274292, -0.22901564836502075, 0.3835695683956146, 8.448846817016602, -3.2867183685302734, 2.319209575653076, -1.1152430772781372, 2.402895212173462, 2.7491908073425293, 0.055846139788627625, 5.639432907104492, 2.3258514404296875, -3.997063398361206, 6.517180919647217, 4.066190719604492, -0.0690067708492279, 0.02394382655620575, -0.04926547408103943, 1.1961746215820312, -5.486298561096191, -2.9311892986297607, 5.643054008483887, 0.9028085470199585, 5.364413261413574, 0.9098787307739258, -4.6341047286987305, 3.8390135765075684, 0.48122745752334595, -2.2114293575286865, -1.0967791080474854, -5.530082702636719, 3.566840410232544, -2.0865490436553955]",1
52,9606.ENSP00000379602,"[2.0848581790924072, 0.425808846950531, 0.8447549343109131, 2.1226179599761963, 0.03488007187843323, 0.19527468085289001, -0.6076043844223022, 1.5663553476333618, -2.447061061859131, 0.9646894335746765, 2.7767181396484375, -2.291966438293457, 0.8308243155479431, -1.8886616230010986, -2.809750556945801, -1.1408225297927856, -0.3901277780532837, 1.5601961612701416, 3.078714370727539, 0.6694802045822144, -1.970606803894043, -3.4467172622680664, 0.6498041749000549, 0.0048857033252716064, -1.5922170877456665, 0.2111368179321289, 1.2156347036361694, -1.1521128416061401, 2.4759886264801025, -1.321547508239746, -1.8019412755966187, -1.8732938766479492, 1.325797200202942, -1.9153850078582764, 0.7913588285446167, 1.9433135986328125, -1.5986124277114868, -3.3087897300720215, -2.3398470878601074, -1.7152856588363647, -2.371861696243286, 0.911087691783905, -2.8517024517059326, -0.7662452459335327, 0.7283482551574707, -1.437669277191162, 0.8924574255943298, 0.2514190077781677, -2.730578660964966, -3.1658618450164795, 2.8968892097473145, 3.1627607345581055, 1.2782882452011108, -1.8727867603302002, 2.2789716720581055, -2.1137213706970215, 1.622274398803711, -1.8396661281585693, 1.372118353843689, -2.2716078758239746, -2.833275556564331, 2.776031494140625, 2.732024908065796, -0.856083869934082, 0.24951115250587463, 1.5854589939117432, 0.7114277482032776, -1.1920936107635498, 0.4553205966949463, 3.37408447265625, 1.4924068450927734, 1.0244115591049194, -0.21994426846504211, -0.2879306972026825, -1.4268910884857178, 4.04066801071167, 2.6092002391815186, -1.5583280324935913, -1.552645206451416, 2.1255545616149902, -1.2071647644042969, 3.9340970516204834, -1.6403132677078247, 2.498692750930786, 1.5229603052139282, -1.688342809677124, -1.1741087436676025, 0.5952625870704651, -1.6799180507659912, -0.030802756547927856, 0.08522051572799683, 3.90423846244812, 2.628636121749878, -2.833268404006958, -1.5652580261230469, 2.214172601699829, -1.97664475440979, 0.29037150740623474, 1.4030916690826416, -1.3384504318237305, 0.8306044340133667, 0.518940269947052, -2.5171520709991455, 3.1235198974609375, 2.5670745372772217, 2.059227705001831, -2.480506658554077, -0.795685887336731, -0.6497088670730591, -1.7604540586471558, 0.3819156885147095, 3.0606753826141357, -2.1598236560821533, -1.5018460750579834, -1.550126314163208, 1.0686302185058594, -0.27071794867515564, -0.10223367810249329, -1.4769258499145508, 1.4161880016326904, 1.0203640460968018, 2.982081413269043, 2.9718289375305176, -0.42982959747314453, -0.8764236569404602, 2.264674663543701, -3.2675089836120605, -3.3139073848724365, 1.7755389213562012, -2.306670665740967, 0.22821617126464844, 1.7549513578414917, 0.7213507294654846, 2.310572862625122, -0.7859797477722168, 2.7290210723876953, -2.5715279579162598, 0.5974504351615906, -0.1368388533592224, 2.393465995788574, 0.5900176167488098, 2.0756747722625732, -0.31390130519866943, -2.535419225692749, 0.9409099221229553, 2.3380138874053955, -1.8847250938415527, 1.333103895187378, 2.3172848224639893, -1.5200690031051636, 1.1448965072631836, -1.92562997341156, -1.355391502380371, 4.088872909545898, -1.1963118314743042, -0.8002513647079468, 1.399113416671753, -1.8994060754776, -1.411821961402893, 0.6934187412261963, 0.6267989277839661, -0.703058660030365, -0.5497469902038574, -2.03224778175354, 0.6164605617523193, 0.5212121605873108, -1.2323743104934692, 1.4867886304855347, -0.3240048289299011, -0.5849738717079163, 4.113182544708252, 0.27108266949653625, 3.5357775688171387, -2.539090156555176, 2.1674773693084717, 2.406665802001953, 1.7014645338058472, 3.322829008102417, 2.0443904399871826, -2.490259885787964, 3.371141195297241, 2.824284076690674, 0.05567607283592224, 0.9684568643569946, -1.1864285469055176, 1.9795564413070679, -2.3442695140838623, -0.8759503364562988, 2.943268299102783, 0.61052006483078, 0.33519700169563293, 2.2821767330169678, -1.3185161352157593, 0.2995682954788208, -0.14616629481315613, 1.3576802015304565, 0.41201263666152954, -2.412961959838867, 1.4921973943710327, -3.109006643295288]",1
53,9606.ENSP00000376178,"[3.4295406341552734, -2.8575077056884766, 1.873836874961853, 2.334153652191162, 1.4916868209838867, 1.0925472974777222, -1.9768338203430176, 2.516373872756958, -3.046782970428467, -3.5028817653656006, 4.0132904052734375, -2.5408222675323486, 1.7475953102111816, -1.0501667261123657, -2.8004298210144043, -1.7564526796340942, -1.5882424116134644, 2.6425375938415527, 2.2419872283935547, 2.626577377319336, -2.613654136657715, -3.1713356971740723, -0.7383027672767639, -3.2272300720214844, -2.2423837184906006, -1.697361707687378, 2.443610429763794, 1.0450981855392456, 4.073383808135986, -1.0973541736602783, -1.3721632957458496, -3.3531174659729004, 0.6982765197753906, 0.977458119392395, 3.2598721981048584, -0.8566381335258484, -5.992010116577148, -1.670281171798706, -2.7258920669555664, -1.1584116220474243, -3.641019105911255, 1.233272910118103, -1.2590601444244385, -0.3727269768714905, 0.003197908401489258, -3.073202610015869, 2.6658685207366943, -1.1768709421157837, -4.412119388580322, -2.931370973587036, 2.5497639179229736, 1.7471455335617065, -0.2820090353488922, 2.4932668209075928, 1.5116313695907593, -2.17547869682312, 4.140314102172852, -2.8027420043945312, 0.3372909724712372, -4.44513463973999, -3.8956191539764404, 3.337594509124756, 1.4479429721832275, 1.8257529735565186, -1.1225860118865967, -0.16638316214084625, 2.2158291339874268, -2.261843204498291, -0.03402601182460785, 2.511263370513916, 2.254300117492676, -0.3696975111961365, -1.1402955055236816, -3.1689095497131348, -1.7156970500946045, 5.429727077484131, -0.697023868560791, -4.509288311004639, -2.9536666870117188, 4.032355308532715, 0.6153331995010376, 4.982593059539795, 0.17468127608299255, 0.703766942024231, 2.8474762439727783, -1.2358827590942383, -3.011152744293213, -1.931884527206421, -1.6055083274841309, -0.5484789609909058, 0.07671841979026794, 5.37028169631958, 3.8410592079162598, -3.791102170944214, -1.435872197151184, 4.307900905609131, -4.0898356437683105, 1.2419193983078003, 2.2272799015045166, -2.473644495010376, 0.5243493318557739, 0.19984377920627594, -1.0073564052581787, 4.11318302154541, 4.558015823364258, 3.6051790714263916, -4.066329002380371, -4.143362045288086, -2.2985665798187256, 0.23859959840774536, -0.35269010066986084, 0.3040783107280731, -1.0901139974594116, -1.4883098602294922, -0.4281068444252014, 2.0269479751586914, 1.0092735290527344, -0.06067141890525818, -0.8320402503013611, 1.8358794450759888, 3.820657730102539, 2.9220035076141357, 2.910616397857666, 1.7141005992889404, 0.029466912150382996, 2.66837215423584, -3.7158522605895996, -3.8078973293304443, -1.5494680404663086, 0.05239933729171753, 2.546962261199951, 5.05550479888916, -0.03886851295828819, 4.6565632820129395, -2.2226672172546387, 3.999655246734619, -2.715116262435913, -1.6726725101470947, 0.12573906779289246, 1.0128204822540283, 2.592048168182373, 1.7219051122665405, -0.49685901403427124, -3.0638210773468018, 2.808110237121582, 2.610396385192871, -3.437342882156372, -2.6662583351135254, 1.411980390548706, -1.4766063690185547, 1.2173734903335571, -0.9813677072525024, -0.8684197664260864, 2.4528768062591553, -1.8300477266311646, 1.2023556232452393, 2.3946380615234375, -0.7015781402587891, -1.6272052526474, 1.4147307872772217, -0.7549121379852295, 1.0506947040557861, -3.0633108615875244, -1.2602711915969849, 2.968698263168335, 0.6208742260932922, 2.152432441711426, -1.938218593597412, 0.8356223702430725, 2.529630661010742, 4.1728668212890625, -3.348367214202881, 1.592836618423462, 0.18091906607151031, 0.052830517292022705, 2.514922618865967, 1.1322871446609497, 4.478830814361572, 2.4301834106445312, -2.608057975769043, 7.301628589630127, 4.846229076385498, -2.1426262855529785, 0.4677671492099762, -1.8478392362594604, -0.5520973205566406, -2.652115821838379, -4.9809417724609375, 4.871683120727539, -0.16944019496440887, 1.8334705829620361, 0.29673850536346436, -2.331224203109741, 2.9315903186798096, 2.1295790672302246, -0.4516638219356537, -0.3724710941314697, -4.069004058837891, 1.5965499877929688, -1.9376533031463623]",1
54,9606.ENSP00000262640,"[9.324153900146484, -2.39406418800354, 8.119158744812012, 4.678177833557129, -1.1039915084838867, 3.6411943435668945, -6.681979179382324, 1.9057140350341797, -6.123422622680664, -1.0800275802612305, 9.420666694641113, -5.1500444412231445, 1.7739078998565674, -2.671025037765503, -5.627205848693848, -6.790650367736816, 4.269227504730225, 7.347141265869141, 6.468454360961914, 1.5602853298187256, -4.585239410400391, -9.639549255371094, 0.6539563536643982, -1.7974390983581543, -1.389173984527588, -2.6126139163970947, 2.385721445083618, 1.4563027620315552, 6.514408111572266, -2.4244728088378906, -3.0329248905181885, -8.790596961975098, 3.9245731830596924, -1.4870408773422241, 4.331480979919434, 4.863892555236816, -3.37729811668396, -5.939182758331299, -5.748177528381348, -5.349431037902832, -9.156953811645508, 3.3169004917144775, -5.813292980194092, 0.4690888524055481, -2.1558449268341064, 0.5785551071166992, 6.765039443969727, 0.6310625076293945, -10.903410911560059, -5.989637851715088, 4.794308185577393, 6.404621124267578, 0.9941682815551758, -0.6890469789505005, 2.5253710746765137, -3.2191476821899414, 6.403187274932861, -4.073294162750244, 3.849989175796509, -6.089681148529053, -8.41351318359375, 2.8534088134765625, 3.5151376724243164, 0.6565571427345276, 2.4018747806549072, 1.4689923524856567, 6.276003837585449, -2.182015895843506, 0.7866235971450806, 4.798101425170898, 4.110340595245361, 5.157569408416748, -2.7142748832702637, -6.54648494720459, -2.437211751937866, 7.875217437744141, 3.9271538257598877, -8.812753677368164, -6.197175979614258, 7.824711799621582, 0.6073774695396423, 8.463761329650879, -6.150407791137695, 2.968773603439331, 6.351950168609619, 3.889212131500244, -3.493237257003784, -3.6974613666534424, -3.8954355716705322, 0.5386032462120056, -4.201014995574951, 8.229187965393066, 7.350358963012695, -5.203794002532959, -5.37507963180542, 5.02984094619751, -5.68048095703125, 5.040801525115967, 9.875701904296875, -2.8866631984710693, 4.512094020843506, 6.694127559661865, -8.14827823638916, 8.562115669250488, 7.060733795166016, 8.382740020751953, -3.279428482055664, -2.8953704833984375, 0.20001637935638428, -3.9549498558044434, 1.4576358795166016, 6.437014579772949, -5.504491806030273, -2.708146333694458, -7.253195762634277, 0.40259262919425964, 1.8320744037628174, 0.29898232221603394, -7.716675281524658, 2.5988781452178955, 7.171449184417725, 5.294258117675781, 10.09674072265625, -0.1723107397556305, -2.5219290256500244, 5.413747787475586, -6.770957946777344, -6.2498955726623535, 5.424257278442383, -5.026094913482666, 5.72600793838501, 3.8997421264648438, 1.0345510244369507, 5.200283050537109, -3.6180953979492188, 7.1721320152282715, -4.106213569641113, -1.1596606969833374, -2.599715232849121, 1.7173540592193604, 6.437560558319092, 0.12305611371994019, 0.19885209202766418, -7.740826606750488, 8.856527328491211, 5.80653190612793, -5.099381446838379, -0.8268706202507019, 3.789963722229004, -3.1812524795532227, 3.74078369140625, -5.900908946990967, -1.454172134399414, 7.169079780578613, -4.454537391662598, -0.19807595014572144, 0.2789798974990845, -4.872718811035156, -4.65283727645874, 0.13939601182937622, 3.61892032623291, -1.1915740966796875, -3.322993516921997, -3.7388200759887695, 3.3951709270477295, 2.91029691696167, -4.082393646240234, 1.4323211908340454, -2.469503164291382, -2.1873984336853027, 12.572519302368164, 0.16238443553447723, 8.456952095031738, -2.843363046646118, 1.5958830118179321, 5.533621788024902, 3.9495437145233154, 9.125997543334961, 4.105303764343262, -6.343707084655762, 12.146393775939941, 5.597482681274414, -1.0184829235076904, 0.5855841040611267, -1.6662390232086182, 4.687389373779297, -3.956780433654785, -5.617830753326416, 9.234870910644531, 0.37548738718032837, 1.103169322013855, 1.8922392129898071, -7.894490718841553, 7.293948650360107, 0.7285491824150085, 1.969480037689209, 0.526299774646759, -9.244278907775879, 6.771658420562744, -7.285992622375488]",1
55,9606.ENSP00000259400,"[5.621018886566162, -1.275543212890625, 4.507785797119141, 2.432567596435547, -0.7456885576248169, 3.6904594898223877, 1.2337679862976074, 3.055725574493408, -4.493338108062744, 0.5869200229644775, 4.500212669372559, -4.992307186126709, 1.0765223503112793, 1.048387050628662, -2.8988029956817627, -2.7560834884643555, 4.117395401000977, 4.9189605712890625, 5.002073764801025, 0.8625280857086182, -3.287897825241089, -6.271274566650391, 1.0512055158615112, 0.19771957397460938, -1.2652298212051392, -0.34513625502586365, 2.0914487838745117, 2.049565553665161, 3.3489058017730713, -0.7111542820930481, -1.5042836666107178, -5.0047760009765625, -0.9070540070533752, -1.896989107131958, 4.5579400062561035, -2.6177024841308594, 0.750980794429779, -5.180211544036865, -2.026897430419922, -4.311339855194092, -4.534275054931641, 0.7275934219360352, -3.8143527507781982, -0.14798079431056976, 1.0904382467269897, -1.4627432823181152, 3.96234393119812, 1.568816065788269, -5.152069568634033, -2.4605677127838135, 5.092583656311035, 4.894088268280029, 1.0449546575546265, 1.1294283866882324, 1.627766728401184, -3.9308435916900635, 2.590770959854126, -2.6210358142852783, 3.852079153060913, -3.299569606781006, -6.8186445236206055, -0.13707751035690308, 3.075850009918213, 0.26500165462493896, 2.8168864250183105, 4.2677812576293945, 3.7800378799438477, -2.818830728530884, 2.1809072494506836, 5.04564905166626, 3.7215330600738525, 1.1990139484405518, 0.9502531290054321, -2.3108911514282227, -3.4170732498168945, 5.876583576202393, 1.2532919645309448, -4.397046089172363, -3.250791072845459, 3.2770214080810547, -0.4148034453392029, 7.285114765167236, -3.6157641410827637, 1.3545141220092773, 5.114658832550049, 1.9620943069458008, -3.9596104621887207, -2.0435094833374023, -2.4019622802734375, -0.5647096633911133, -1.1290770769119263, 6.45077657699585, 4.641775131225586, -3.5253801345825195, -3.658360481262207, 7.073690891265869, -2.4882824420928955, 2.521846294403076, 4.817934513092041, -2.9116735458374023, 2.386721134185791, 5.489083766937256, -3.2712583541870117, 3.040398597717285, 6.079590797424316, 5.438026428222656, -4.52704381942749, -1.1421513557434082, 1.7116187810897827, -2.8313443660736084, -0.2612972557544708, 5.2512078285217285, -5.006730556488037, -2.434967517852783, -5.671112060546875, 3.1558332443237305, 1.4115350246429443, -1.0710684061050415, -1.7041139602661133, 3.4723522663116455, 2.4122798442840576, 4.552309036254883, 3.3516550064086914, -2.0933141708374023, 1.625341773033142, 3.0373175144195557, -7.459350109100342, -5.125901699066162, 1.119062900543213, -4.56598424911499, 4.207873821258545, 3.4386584758758545, -0.13567493855953217, 4.886981964111328, -5.1726837158203125, 3.8873634338378906, -3.935337781906128, -1.9290720224380493, 1.7586767673492432, 1.9525123834609985, 1.9171708822250366, 2.5073697566986084, 1.7202824354171753, -5.4487152099609375, 4.6018781661987305, 3.5992212295532227, -4.711615085601807, -2.0967721939086914, 4.652677059173584, -2.4033877849578857, 1.0920292139053345, -5.169030666351318, 3.396718740463257, 4.5666961669921875, -1.8779023885726929, 0.4391760230064392, 2.0098178386688232, 0.5573340654373169, -3.4437777996063232, 2.159965753555298, 0.36515140533447266, -0.3105975091457367, -1.701871633529663, -3.352120876312256, 1.2587478160858154, 2.7350640296936035, -0.390638530254364, 1.8464362621307373, -1.1664482355117798, -1.8784099817276, 7.8652777671813965, -1.959684133529663, 2.6496329307556152, -0.17811009287834167, 2.8668267726898193, 5.298551082611084, 1.9490638971328735, 5.014726638793945, 2.634575128555298, -3.7352888584136963, 7.978921890258789, 5.311479568481445, -0.6776348948478699, 1.9082269668579102, -1.130155324935913, 1.224295735359192, -5.9435529708862305, -2.555488348007202, 8.477860450744629, 2.4929757118225098, 2.461028575897217, 1.6609899997711182, -3.9301469326019287, 3.034907102584839, 0.39378201961517334, -1.7135343551635742, -0.7059301137924194, -5.170390605926514, 4.343278408050537, -0.4188690781593323]",1
56,9606.ENSP00000254976,"[10.323397636413574, -2.850249767303467, 8.221312522888184, 7.252462387084961, 0.3217904567718506, 6.602707862854004, -8.350893020629883, 5.949483394622803, -6.658353328704834, 3.999929189682007, 8.140170097351074, -4.38004732131958, 4.506853103637695, -9.273662567138672, -7.097194671630859, -0.3741455674171448, -6.175227165222168, 5.789867401123047, 8.627453804016113, 4.771275520324707, -1.1540426015853882, -15.93460750579834, 0.005190432071685791, -1.1397510766983032, -3.956623077392578, -0.6655715703964233, 2.6258022785186768, 3.3528335094451904, 7.960892677307129, -1.2954316139221191, -3.672555446624756, -5.95555305480957, 5.453639030456543, -2.4621617794036865, 5.822134494781494, 4.619054317474365, -8.446483612060547, -5.9493184089660645, -8.223342895507812, -5.755326271057129, -7.69982385635376, 2.708129644393921, -5.7158026695251465, -1.5870990753173828, -2.701158285140991, -2.1981544494628906, 8.192837715148926, -3.42734956741333, -8.637459754943848, -11.029303550720215, 10.08967399597168, 8.650272369384766, 1.9221234321594238, -0.6637805700302124, 3.7058262825012207, -7.2596354484558105, 7.0209455490112305, -6.346648693084717, -0.529498279094696, -5.460909366607666, -13.466153144836426, 5.348207950592041, 9.5107421875, -1.1391980648040771, -0.3848978877067566, 2.5002880096435547, 11.470866203308105, -7.297108173370361, 1.2399096488952637, 7.802449703216553, 6.784632682800293, 7.502712726593018, -2.822857618331909, -6.797998905181885, -8.698692321777344, 14.115317344665527, 4.101357936859131, -7.632488250732422, -5.660562515258789, 5.581919193267822, -4.550504207611084, 13.277481079101562, -5.155145645141602, 1.7535349130630493, 6.6068267822265625, -1.7008912563323975, -4.897222995758057, -3.403299570083618, -7.9756951332092285, -5.63566780090332, -5.043894290924072, 9.70456600189209, 10.611268997192383, -10.52674388885498, -2.947312116622925, 10.63618278503418, -7.404468536376953, 0.6687532067298889, 10.650513648986816, -4.374669551849365, 3.284024715423584, 6.226086616516113, -8.38088321685791, 9.760766983032227, 8.365276336669922, 4.635914325714111, -10.009974479675293, -4.851803302764893, -1.4915151596069336, -3.1737630367279053, 4.174900054931641, 5.490715026855469, -7.6727752685546875, -6.3300251960754395, 1.224767804145813, 2.882117986679077, 0.20219123363494873, -1.019675612449646, -10.479491233825684, 10.179488182067871, 8.67981243133545, 11.13244342803955, 11.556625366210938, 3.904426097869873, -1.3974286317825317, 8.41546630859375, -9.971210479736328, -9.434700965881348, 3.9310708045959473, -4.815832138061523, 6.674901008605957, 2.807091236114502, -0.7065882086753845, 11.327677726745605, -5.557187080383301, 6.132636070251465, -9.654759407043457, -3.6535565853118896, -1.574285626411438, 8.541956901550293, 8.328246116638184, 4.4063215255737305, -3.958695888519287, -12.656600952148438, 8.79405689239502, 7.849232196807861, -9.2858247756958, -3.048356771469116, 7.48850679397583, -5.5445685386657715, 6.083709716796875, -9.546528816223145, -8.883893013000488, 6.570550918579102, -7.647806167602539, 0.24625545740127563, 0.9909169673919678, -5.419348239898682, -7.353663444519043, 0.5104438662528992, 4.2615180015563965, -1.349473237991333, -3.743152141571045, -4.455571174621582, 3.534780263900757, 4.041819095611572, 3.4217958450317383, 2.187073230743408, -6.000000476837158, -1.5118778944015503, 11.319031715393066, -2.844168186187744, 4.69556999206543, -5.680774211883545, -1.4036333560943604, 7.995024681091309, 7.932939529418945, 10.783387184143066, 8.52846908569336, -5.8738274574279785, 10.729667663574219, 8.583582878112793, 1.2546576261520386, 3.5429868698120117, -6.693717002868652, 1.2901111841201782, -4.271233558654785, -11.901896476745605, 10.71900749206543, 0.7252306938171387, 7.022736072540283, -2.8596677780151367, -11.004578590393066, 6.542179107666016, -0.7530862092971802, -0.3100360929965973, 1.471697211265564, -9.236700057983398, 8.043320655822754, -7.676760196685791]",1
57,9606.ENSP00000215095,"[8.584288597106934, -3.178666353225708, 4.3943257331848145, 4.229065418243408, -2.4807686805725098, 3.207998275756836, -4.648538589477539, 7.557960033416748, -3.8326756954193115, 1.4988396167755127, 9.606417655944824, -4.213259220123291, 0.41422247886657715, -2.822355031967163, -2.586010456085205, -2.9572877883911133, -2.25040864944458, 6.518752574920654, 6.529512405395508, 4.7572760581970215, 0.8203427791595459, -8.430696487426758, -0.7270277142524719, -2.8782360553741455, -3.6204512119293213, -0.5328512191772461, -2.1446962356567383, 4.137115478515625, 4.69098424911499, -1.132272720336914, 0.03954499959945679, -3.049060821533203, 0.8249915838241577, -0.9764780402183533, 7.643035888671875, -0.4228310286998749, -2.6010122299194336, -3.343827962875366, -7.824718475341797, -2.2126636505126953, -7.145199298858643, -1.2516664266586304, -1.4885162115097046, 0.6688615679740906, -2.6351001262664795, -2.0900990962982178, 6.768550872802734, -3.7795674800872803, -7.558828830718994, -4.31561803817749, 5.426687240600586, 6.020639419555664, 1.1094015836715698, 4.147466659545898, 2.108269453048706, -5.42387580871582, 5.886002540588379, -3.548227071762085, 0.008661076426506042, -6.324033737182617, -8.671286582946777, 1.3964897394180298, 2.6920487880706787, 1.2362655401229858, -1.882095456123352, 1.0471621751785278, 6.009511947631836, -6.634879112243652, -1.4664989709854126, 4.736547470092773, 3.2389259338378906, 4.764750003814697, -2.3540143966674805, -3.935767650604248, -6.013912200927734, 9.286882400512695, 3.483687162399292, -4.412431240081787, -4.433495998382568, 2.9830214977264404, 0.1319608837366104, 9.53752613067627, -0.15170535445213318, 0.17933189868927002, 5.37610387802124, -0.4877447187900543, -3.0167150497436523, -3.6989598274230957, -4.446162700653076, -0.7832003235816956, -6.147012710571289, 6.826492786407471, 7.689044952392578, -2.0846333503723145, -3.0082950592041016, 8.851981163024902, -6.554136276245117, 3.970574378967285, 5.454503059387207, -3.640881061553955, 3.6346356868743896, 5.989943981170654, -5.260288238525391, 8.257101058959961, 6.295000076293945, 5.015186309814453, -4.672453880310059, -1.0565545558929443, 2.3099420070648193, 0.5268580913543701, 1.8212002515792847, 1.5467743873596191, -1.946526288986206, -6.173186302185059, -2.509605884552002, -0.14889712631702423, 1.7884958982467651, -1.0632843971252441, -0.6695005893707275, 4.669532299041748, 7.091125011444092, 1.6501628160476685, 7.512665748596191, -0.9970530867576599, 1.0205984115600586, 5.434205532073975, -5.008102893829346, -6.39934778213501, 4.1258955001831055, -3.387640953063965, 6.787169933319092, 3.2510855197906494, 1.1067063808441162, 5.649177551269531, -4.693109035491943, 4.896094799041748, -6.0054497718811035, -2.042088508605957, -1.9897675514221191, 4.930899620056152, 5.77241849899292, 1.3965106010437012, -4.56447172164917, -9.131540298461914, 6.481942176818848, 4.665759086608887, -6.13271951675415, -3.195014476776123, 5.94783353805542, -0.7155689001083374, 1.8409408330917358, -3.5940794944763184, -4.093739032745361, 3.4988958835601807, -3.148087501525879, 2.612619400024414, 3.62796688079834, -3.530980348587036, -4.153575897216797, 2.2514472007751465, 1.7683022022247314, 3.093698740005493, -5.0475873947143555, -2.112398862838745, 5.602724552154541, 0.7933391332626343, 5.427835464477539, -2.278162956237793, -1.1782258749008179, -0.960198700428009, 7.5560102462768555, -3.3150758743286133, 0.07445681095123291, 1.030594825744629, -1.370229721069336, 3.0988945960998535, 1.6710158586502075, 7.801323890686035, 1.3921735286712646, -3.15037202835083, 7.599722862243652, 8.187332153320312, -0.7139908075332642, -3.369753122329712, -5.399464130401611, -1.9604201316833496, -3.112273693084717, -8.153292655944824, 9.22249698638916, 1.4387999773025513, 4.659153938293457, -2.413848400115967, -4.566939353942871, 5.594083309173584, 2.4769134521484375, -3.375649929046631, -2.3053624629974365, -7.304274559020996, 5.19872522354126, -3.116051435470581]",1
58,9606.ENSP00000418572,"[9.49735164642334, 0.7844138145446777, 6.541622638702393, 5.4238080978393555, -1.126728892326355, 5.713954925537109, -3.877748489379883, 4.329792499542236, -6.061139106750488, 0.5809969902038574, 8.145264625549316, -4.955066680908203, 4.268853664398193, -5.112513065338135, -6.4376301765441895, -6.343836307525635, -0.407816618680954, 5.632987976074219, 6.028994560241699, -0.2741616368293762, -5.415990352630615, -10.520109176635742, 0.8016930818557739, -1.7057729959487915, -0.643156886100769, -2.3381199836730957, -0.525040864944458, 1.891725778579712, 9.441056251525879, -2.728255033493042, -4.943192481994629, -7.297882556915283, 3.94830322265625, -2.4873526096343994, 1.9113423824310303, 5.498386383056641, -6.37953519821167, -6.833454608917236, -6.828139305114746, -4.5287184715271, -5.264535427093506, -0.3699985146522522, -8.158276557922363, -0.6465164422988892, -2.283460855484009, -1.3434007167816162, 7.303412914276123, 0.21430763602256775, -10.400158882141113, -9.436967849731445, 8.816094398498535, 7.998630046844482, 3.561880588531494, 1.5110573768615723, 4.859581470489502, -7.788806915283203, 8.606257438659668, -3.6244983673095703, 1.2719610929489136, -5.602565765380859, -11.356613159179688, 5.987537860870361, 9.654948234558105, 2.685424566268921, -0.27280735969543457, 1.3705593347549438, 7.556530952453613, -2.0943570137023926, -1.4698834419250488, 8.136075973510742, 5.002524375915527, 3.6440978050231934, -2.7861812114715576, -10.290483474731445, -3.659200429916382, 13.038468360900879, 5.301168918609619, -6.701898097991943, -5.324598789215088, 8.126791954040527, -2.3436989784240723, 9.450872421264648, -6.6925554275512695, 1.3123875856399536, 10.055230140686035, 1.7602654695510864, -4.108558654785156, -6.0032639503479, -5.401537895202637, 1.1686700582504272, -2.0438239574432373, 10.070629119873047, 10.120722770690918, -7.234630107879639, -7.388683795928955, 10.056909561157227, -7.492674350738525, 5.800501823425293, 9.327914237976074, -2.4589128494262695, 4.37830114364624, 6.610276222229004, -7.3320441246032715, 9.486735343933105, 6.232745170593262, 5.667908191680908, -4.769376754760742, -4.221493721008301, -0.4638054072856903, -0.3045898675918579, 1.7777600288391113, 7.5727715492248535, -5.0980095863342285, -1.2666081190109253, -3.297934055328369, 2.1583895683288574, 0.6787124276161194, -0.8800930976867676, -5.553401947021484, 5.868641376495361, 9.63520336151123, 9.00093936920166, 10.242820739746094, 0.6562912464141846, -1.879899501800537, 5.680211067199707, -10.58018684387207, -7.7373247146606445, 5.434302806854248, -5.074015140533447, 6.103357791900635, 5.326578617095947, 4.126362323760986, 6.235793113708496, -4.853095054626465, 3.7747695446014404, -5.471036434173584, -0.2105545997619629, -3.883336067199707, 5.748394012451172, 7.902948379516602, 2.9387948513031006, -0.30980396270751953, -7.648585796356201, 10.793861389160156, 8.015945434570312, -3.510406017303467, 1.2510554790496826, 7.275667667388916, -4.434171199798584, 5.036164283752441, -8.495067596435547, -3.278648853302002, 10.058162689208984, -5.884338855743408, 2.8404173851013184, 0.85017991065979, -3.395855665206909, -4.5905938148498535, 2.594104051589966, 2.6963465213775635, -2.499281644821167, -4.837152004241943, -2.3479485511779785, 5.045245170593262, 3.512155771255493, -3.7878305912017822, -0.0682547390460968, -1.2765089273452759, -1.8191022872924805, 11.801745414733887, -1.4072808027267456, 7.949915409088135, -4.026162624359131, 3.229755163192749, 7.876758575439453, 6.653943061828613, 8.871816635131836, 5.866692543029785, -6.506689548492432, 12.760732650756836, 6.081876277923584, -1.553713321685791, 0.9386990666389465, -3.9378292560577393, 3.584275960922241, -0.9030847549438477, -8.417609214782715, 7.89892578125, 1.5791836977005005, 1.750241994857788, 2.2164671421051025, -12.078911781311035, 6.539364337921143, 2.340813159942627, 2.9522178173065186, 1.9054145812988281, -10.208202362060547, 9.50383186340332, -8.663866996765137]",1
59,9606.ENSP00000317714,"[10.292718887329102, -5.528885364532471, 5.426628112792969, 4.136565685272217, 0.31568706035614014, 4.711189270019531, -5.7475504875183105, 5.970118522644043, -4.047037601470947, -2.746748924255371, 7.17032527923584, -4.267787456512451, 5.033904552459717, -4.508279800415039, -5.006780624389648, -0.8278940916061401, -4.564247131347656, 5.610099792480469, 5.316365718841553, 8.935193061828613, -1.8830442428588867, -13.304511070251465, 1.6023974418640137, -3.0025076866149902, 0.38047194480895996, -3.957937479019165, 0.1212068498134613, 1.577430248260498, 5.149413108825684, -1.4059863090515137, -3.387424945831299, -5.447964191436768, 2.738213062286377, -1.7804927825927734, 10.869322776794434, 3.2862603664398193, -8.694899559020996, -1.7136614322662354, -7.4293012619018555, -4.859353542327881, -9.544576644897461, 1.4532057046890259, -5.232962608337402, -3.281492233276367, -5.348878860473633, 1.3353116512298584, 7.25599479675293, -1.2488603591918945, -9.93391227722168, -5.144726753234863, 3.6647133827209473, 10.235478401184082, 1.5849300622940063, 2.6241371631622314, 3.327460765838623, -6.227945327758789, 8.52143669128418, -4.670229911804199, 2.5572171211242676, -12.204585075378418, -13.11275577545166, 2.18668532371521, 1.8692338466644287, -0.3794071674346924, -0.7377013564109802, -2.220564603805542, 2.6803793907165527, -2.323453187942505, 2.998337507247925, 7.2110595703125, 1.615080714225769, 9.000112533569336, -2.2862205505371094, -11.654184341430664, 0.6023021936416626, 15.187691688537598, 1.6271594762802124, -5.667682647705078, -9.076048851013184, 6.115845203399658, -1.5993916988372803, 10.153613090515137, -6.481914043426514, 0.5389689207077026, 8.209651947021484, -0.9971492886543274, -4.431055545806885, -2.3862552642822266, -1.8637663125991821, -1.591133713722229, -7.218203067779541, 9.592632293701172, 7.754637718200684, -4.6216349601745605, -1.8657073974609375, 6.559971809387207, -5.356688976287842, -4.176314830780029, 12.711908340454102, -1.1795121431350708, 11.779648780822754, 6.6083760261535645, -7.459090232849121, 12.247685432434082, 7.911829948425293, 3.3795409202575684, -6.471260070800781, -1.52610445022583, 2.9966607093811035, -1.553408145904541, 0.2753742039203644, 1.7927813529968262, -2.776116371154785, -6.224045753479004, -7.382192611694336, -3.640218734741211, 1.0734151601791382, -5.302563190460205, -7.026091575622559, 5.500543594360352, 8.708487510681152, 5.598090648651123, 10.37470531463623, 0.8586019277572632, -2.0874176025390625, 5.149226665496826, -8.884846687316895, -4.205989360809326, 8.038334846496582, 0.5276663303375244, 11.332682609558105, 4.773749351501465, 1.0994404554367065, 5.468666076660156, -1.5923227071762085, 4.118453502655029, -4.128916263580322, -3.0058224201202393, -2.9759843349456787, 5.050665378570557, 8.6121826171875, 2.535612106323242, 0.5952782034873962, -11.806300163269043, 10.85603141784668, 5.438276767730713, -10.139151573181152, -5.987637519836426, 6.876448631286621, -4.036303520202637, 2.998589038848877, -3.9813647270202637, -5.573040962219238, 1.5220571756362915, -4.972867488861084, 2.180880069732666, 0.8481810092926025, -1.5776948928833008, -4.247539043426514, -1.697786808013916, 2.6281790733337402, 1.6124475002288818, -1.9080923795700073, -6.211580753326416, 5.100074768066406, 2.926970958709717, 4.148250102996826, -1.04840087890625, -2.015793800354004, -0.42581290006637573, 12.146687507629395, -3.9208462238311768, 1.6443744897842407, -2.5535545349121094, 1.6473406553268433, 3.7035412788391113, 0.8042131066322327, 10.98780345916748, 1.9798941612243652, -3.1729187965393066, 13.153766632080078, 7.4356770515441895, 0.3208742141723633, 0.29645344614982605, -3.879450798034668, 2.1544976234436035, -4.303727149963379, -9.987517356872559, 12.400612831115723, -0.17440661787986755, 10.258600234985352, -3.4769511222839355, -10.219521522521973, 5.068108081817627, 0.42177125811576843, -0.13440288603305817, -0.20910687744617462, -11.498550415039062, 7.946176052093506, -2.1223342418670654]",1
60,9606.ENSP00000231668,"[4.635773181915283, -2.349195718765259, 3.8381762504577637, 2.046679735183716, 0.2288321852684021, 1.1056013107299805, -1.203328251838684, 2.690009355545044, -2.65144944190979, 0.014643281698226929, 4.242557048797607, -1.9919660091400146, 0.47845518589019775, -1.3475587368011475, -2.3086352348327637, -3.5818238258361816, 1.79277503490448, 0.9106897115707397, 2.719975471496582, -0.20095795392990112, -0.8003202676773071, -0.9074562191963196, -0.16461125016212463, 1.1826279163360596, 0.47860977053642273, -2.499699592590332, 2.2245914936065674, 3.566328287124634, 2.1377806663513184, -3.144148826599121, -1.4573988914489746, -2.2570712566375732, -0.1469336748123169, -0.2420881986618042, 0.6238530874252319, 0.38599681854248047, 0.4267367422580719, -3.4653160572052, -2.201592445373535, -2.4256558418273926, -2.7579832077026367, 0.08944110572338104, -1.0573914051055908, -1.883858323097229, 2.5734710693359375, -0.2401638627052307, 1.6575267314910889, 0.8680035471916199, -5.041509628295898, -0.4691401422023773, 0.7929728031158447, 2.1567349433898926, 2.2286436557769775, 1.1606017351150513, 1.3840975761413574, -2.1669106483459473, 4.321053504943848, -1.2029162645339966, 1.4076288938522339, -3.349102735519409, -2.9543075561523438, -0.8984703421592712, 0.8433132171630859, -0.38881903886795044, 0.8413962721824646, 1.7730231285095215, 1.1749931573867798, -2.4906256198883057, 0.8511778712272644, 0.8769773244857788, 2.9681572914123535, 0.8252221345901489, 0.8058054447174072, -1.1279199123382568, -0.9399751424789429, 4.179595470428467, 0.7398712635040283, -1.6409614086151123, -2.6591506004333496, 0.6884615421295166, -0.7710516452789307, 6.0630621910095215, -4.031005382537842, 0.8680223226547241, 2.2849626541137695, -0.4216945469379425, 0.012899741530418396, -1.6591116189956665, -1.5785105228424072, 1.4131826162338257, -0.05368587374687195, 3.08323073387146, 4.536731243133545, -0.9642269611358643, -2.6623423099517822, 4.788015365600586, -0.8823203444480896, -0.763164758682251, 3.7038307189941406, -1.6449562311172485, -0.5992938876152039, 3.088190793991089, -5.1156697273254395, 1.9382538795471191, 1.1392461061477661, 0.23307442665100098, -2.0075225830078125, 0.5888341665267944, 1.675249457359314, -3.4445931911468506, -1.5347752571105957, 2.4751603603363037, -2.3370652198791504, -3.36079478263855, -4.8114166259765625, 1.883270502090454, 0.8130730390548706, -0.5846198797225952, -2.578540802001953, 2.639312267303467, 2.9344100952148438, 2.507464647293091, 1.0898021459579468, -1.1871165037155151, 1.3886802196502686, 0.3645850419998169, -0.8796030282974243, -1.7612760066986084, 2.8091375827789307, -2.268282890319824, 1.580939531326294, 2.220025062561035, 0.11942681670188904, -1.5644861459732056, -3.418731212615967, 1.120086908340454, -1.883540153503418, 0.2816377878189087, -0.2952640652656555, -0.0057569146156311035, 4.174882888793945, 0.7405883073806763, 0.8870934844017029, -1.6342430114746094, 1.6334588527679443, 0.8700544834136963, -3.841181755065918, -2.4189817905426025, -0.41317451000213623, -1.5534359216690063, 0.30618757009506226, -0.9457648992538452, 1.5848486423492432, 2.790311813354492, 1.052571177482605, -0.502839982509613, 1.829054832458496, -0.9677607417106628, -2.2156217098236084, 0.5406331419944763, -0.25142785906791687, 0.42544496059417725, 1.0308787822723389, -5.405489444732666, 0.5907752513885498, -0.10775786638259888, 0.13853533565998077, 1.133212685585022, 0.6480024456977844, -1.2808825969696045, 2.9274046421051025, -1.7472281455993652, 1.0793122053146362, 0.22594892978668213, 1.0585373640060425, 1.732422947883606, 2.342745542526245, 3.6157350540161133, 1.246556282043457, -1.562030553817749, 3.612441062927246, 2.4423017501831055, 0.7142922878265381, 0.7285569906234741, 0.4021608233451843, 1.1410526037216187, -0.2750009298324585, -2.0402159690856934, 2.5044844150543213, 1.3434550762176514, 0.3815186321735382, 3.9190635681152344, -4.471705436706543, 3.6857056617736816, -2.102524518966675, -0.3933730721473694, -0.94957435131073, -5.488378047943115, 3.1237330436706543, -0.7608506679534912]",1
61,9606.ENSP00000294179,"[5.998469829559326, -0.40778788924217224, 3.9421021938323975, 2.4731147289276123, -0.7855834364891052, 0.6217048168182373, 1.6354533433914185, 3.2549126148223877, -2.135298728942871, -1.862982988357544, 5.342559337615967, -4.142587184906006, 0.9568183422088623, -0.14052893221378326, -3.4724087715148926, -3.7308671474456787, 2.1667237281799316, 0.3359934985637665, 4.545629978179932, 0.6170653104782104, -0.488036572933197, -5.075335502624512, 0.07360318303108215, -0.8577964305877686, -0.45293471217155457, 1.6646714210510254, -0.4635124206542969, 2.9553780555725098, 0.9813026189804077, -2.16157865524292, -0.6408356428146362, -4.868148326873779, -0.6249845027923584, 1.8211957216262817, 2.4206783771514893, 1.107496976852417, -3.2317047119140625, -5.643509387969971, -2.624437093734741, -4.285204887390137, -1.9039812088012695, 0.2948283851146698, -0.6899182796478271, -0.41811901330947876, -0.35926371812820435, -0.8526386022567749, 2.600404977798462, -1.1513633728027344, -4.0981125831604, -1.9535319805145264, 3.1629767417907715, 2.9089138507843018, 2.4323320388793945, 0.6771640777587891, 2.3510873317718506, -3.398327350616455, 4.256175518035889, -1.1324782371520996, 1.6382088661193848, -3.629955768585205, -5.310008525848389, 0.543700098991394, 0.502082109451294, -0.6720505952835083, -0.299809068441391, 2.0081238746643066, 0.7812378406524658, -2.2438337802886963, 0.36030107736587524, 2.1371867656707764, 2.2994019985198975, 0.1444539576768875, -0.16061915457248688, -3.123641014099121, -1.610028624534607, 6.779987335205078, -0.14534887671470642, -4.668567180633545, -4.459900379180908, 3.6429240703582764, -2.0178329944610596, 5.670145511627197, -3.721543073654175, -0.02166888117790222, 2.652614116668701, 1.4157400131225586, -3.6112773418426514, -3.556253433227539, -2.282850980758667, -0.44352996349334717, 0.6698620915412903, 4.650777339935303, 5.311805725097656, 0.2885577976703644, -2.2197465896606445, 4.869473457336426, -0.1370200216770172, 2.2801990509033203, 3.9149203300476074, -2.7014315128326416, 4.219944953918457, 4.483279705047607, -3.2885444164276123, 3.331221580505371, 3.0565497875213623, 4.464951992034912, -3.2325961589813232, -1.583998680114746, 4.03136682510376, -2.3044378757476807, -1.0618863105773926, 4.329206466674805, -2.5654876232147217, -0.7092307806015015, -3.40861177444458, 2.6755497455596924, 1.7362983226776123, -2.73681640625, -2.3372461795806885, 3.0945773124694824, 2.91921067237854, 2.4848458766937256, 3.6996912956237793, -2.558434009552002, 0.42298775911331177, 2.6982274055480957, -6.370943546295166, -2.4324727058410645, 1.580496072769165, -3.4132533073425293, 5.3488993644714355, 3.4665448665618896, 1.3342547416687012, 2.896923303604126, -2.039522647857666, 3.6692681312561035, -0.44873708486557007, -0.5963524580001831, 0.2665596306324005, 2.05218243598938, 1.6704766750335693, 2.043651819229126, 2.4362308979034424, -2.887582302093506, 2.960252523422241, 3.587662935256958, -4.622653484344482, -1.7379831075668335, 3.4021780490875244, -0.9807935953140259, 0.022518247365951538, -2.9246771335601807, -0.7813877463340759, 3.5734848976135254, -0.22610899806022644, 1.0686976909637451, 2.4559874534606934, 0.758824348449707, -3.2740137577056885, 1.8743311166763306, 0.44860631227493286, 1.4433954954147339, -4.297755241394043, -2.6292216777801514, 0.8382627964019775, 2.346574544906616, -1.6833879947662354, -0.4960622787475586, 0.07912935316562653, -2.0695722103118896, 6.510183334350586, -2.1136865615844727, 3.6276609897613525, 0.1719488799571991, 0.1324559599161148, 3.4297518730163574, 2.643474578857422, 4.243135929107666, 1.7751048803329468, -2.2934014797210693, 6.166702747344971, 4.6792731285095215, 0.12325960397720337, 1.303713321685791, -0.2294987440109253, 0.19556055963039398, -3.978754758834839, -4.79812479019165, 6.739621162414551, 0.488974004983902, -0.008331269025802612, 3.419189691543579, -2.2963953018188477, 2.6588501930236816, 2.6776316165924072, -1.948830246925354, 1.076547622680664, -5.218443870544434, 2.861215353012085, 0.7587273120880127]",1
62,9606.ENSP00000338562,"[9.837757110595703, -0.3992883265018463, 5.905367851257324, 3.87719464302063, 1.3855464458465576, 4.2589111328125, -3.676558494567871, 3.581284999847412, -5.017569065093994, 0.8591221570968628, 5.6227922439575195, -6.088033676147461, 3.39713716506958, -2.7467312812805176, -4.676693916320801, -2.712345600128174, -6.125510215759277, 4.5279669761657715, 6.659085750579834, 7.454902648925781, -6.080851078033447, -11.658453941345215, 0.70843505859375, -1.8536739349365234, -1.0406501293182373, -2.6318764686584473, -1.2273597717285156, 2.1876137256622314, 4.542346477508545, -3.4773688316345215, -2.3123252391815186, -5.450611591339111, 0.5112402439117432, -2.592833995819092, 7.526938438415527, 1.5693913698196411, -4.104669094085693, -3.328674554824829, -6.469224452972412, -3.01092529296875, -6.071430683135986, 2.6948158740997314, -2.2975478172302246, -3.7150940895080566, -3.721733808517456, 0.3385273814201355, 4.576765060424805, -0.6265884637832642, -5.754521369934082, -3.9035370349884033, 4.306270599365234, 7.890830993652344, -0.7913804054260254, 1.4958882331848145, 3.6108784675598145, -8.223841667175293, 7.882594585418701, -3.198320150375366, -0.16682133078575134, -6.7108564376831055, -10.339359283447266, 2.617727041244507, 1.9615721702575684, -1.6523953676223755, 1.2147111892700195, 1.688286304473877, 2.1805760860443115, -3.4056928157806396, 1.6817225217819214, 5.661040782928467, 3.280750036239624, 7.391263008117676, -4.498715400695801, -8.462075233459473, -3.860776662826538, 9.16539478302002, 1.2079740762710571, -4.500282287597656, -7.2824554443359375, 2.940786600112915, -0.8125692009925842, 10.173237800598145, -4.7989068031311035, 1.5955504179000854, 3.7249953746795654, -3.277721881866455, -2.720412492752075, -0.8458095192909241, -2.884983539581299, -2.3803634643554688, -5.941712379455566, 6.348283767700195, 5.660439491271973, -4.726010322570801, -0.5337235331535339, 4.52857780456543, -4.95173978805542, -2.1005897521972656, 7.4323906898498535, -3.78741192817688, 7.401791572570801, 5.99365758895874, -4.80338716506958, 8.173996925354004, 7.16117000579834, 5.686041355133057, -5.390739440917969, -3.100468635559082, 3.5354716777801514, -1.4452173709869385, 2.4589555263519287, 4.463793754577637, -5.644456386566162, -3.448617935180664, -3.8797943592071533, -0.41103631258010864, 0.6910988092422485, -4.948424816131592, -5.014864444732666, 5.25493049621582, 6.412173271179199, 5.9752583503723145, 7.8720903396606445, 2.104020357131958, -2.102161407470703, 6.137027740478516, -7.187460422515869, -6.1298017501831055, 5.8089752197265625, -1.2690207958221436, 10.138749122619629, 6.325567722320557, 1.041585087776184, 5.456153869628906, -6.736435413360596, 5.1043524742126465, -5.8690056800842285, -0.9897781610488892, -2.576376438140869, 4.365273475646973, 6.465697765350342, 2.122331380844116, 0.5496863126754761, -10.262568473815918, 9.018074989318848, 7.47804594039917, -7.4278082847595215, -1.8868993520736694, 6.683537483215332, -2.905470371246338, 2.4193620681762695, -3.3700106143951416, -4.622684478759766, 1.346266269683838, -3.7850253582000732, 0.26586443185806274, -1.3827028274536133, -1.9168000221252441, -6.268560409545898, -0.9148728251457214, 1.6111586093902588, -0.43241047859191895, -2.594127893447876, -3.748610019683838, 1.3559832572937012, 2.6401894092559814, 0.39072075486183167, 2.6826210021972656, -0.16928885877132416, -1.62824547290802, 10.480001449584961, 0.7019347548484802, 5.459680080413818, -3.952260732650757, -1.0365387201309204, 3.7483344078063965, 1.4411263465881348, 5.848191261291504, 2.49169921875, -2.4063940048217773, 7.7431840896606445, 8.79098129272461, 0.8953145742416382, 2.411391019821167, -4.943507194519043, 0.46538594365119934, -4.739773273468018, -7.243600845336914, 8.487543106079102, 2.792198419570923, 5.511943817138672, -2.9957287311553955, -5.023263454437256, 3.4105825424194336, 1.3680064678192139, 0.8617066740989685, 1.397710919380188, -6.985221862792969, 5.081075668334961, -4.026845455169678]",1
63,9606.ENSP00000054666,"[6.534895420074463, -0.20284679532051086, 5.375777721405029, 5.359292984008789, -1.1046963930130005, 3.4236788749694824, -3.8277857303619385, 2.697058916091919, -2.9580490589141846, -1.9510557651519775, 5.662398338317871, -2.3738203048706055, 3.7727649211883545, -3.1450657844543457, -4.712817192077637, -4.455743789672852, 1.3994128704071045, 5.643137454986572, 5.06024694442749, 0.2470199316740036, -0.8842380046844482, -7.232090473175049, 3.0493736267089844, -0.3445105254650116, -0.9481178522109985, -1.3921364545822144, 1.4644393920898438, 0.3714738190174103, 5.203661918640137, -1.4549751281738281, -3.0291881561279297, -4.511305332183838, 3.803128242492676, -1.6009215116500854, 2.2805426120758057, 2.4955623149871826, -3.7328994274139404, -6.57036828994751, -5.5110931396484375, -3.2562942504882812, -5.816439628601074, 0.9094045162200928, -4.67107629776001, -1.0380362272262573, 0.03814852237701416, -0.6132285594940186, 7.212762355804443, -0.907410740852356, -8.3850679397583, -3.1118617057800293, 4.2796831130981445, 5.821290969848633, 1.4264814853668213, -0.4499802887439728, 3.9550583362579346, -4.566994667053223, 5.921651363372803, -1.2721946239471436, 3.1078779697418213, -6.168026447296143, -9.776886940002441, 2.2228622436523438, 2.452660322189331, 1.7250847816467285, -0.02925451099872589, 0.19597333669662476, 2.743736505508423, -1.8545035123825073, 0.1335921585559845, 3.58351993560791, 2.6945557594299316, 4.220649719238281, -2.1866953372955322, -7.0477213859558105, -2.4578657150268555, 9.03860092163086, 3.8053386211395264, -7.169856071472168, -5.568800449371338, 4.030076026916504, -2.2221922874450684, 6.812049865722656, -6.722196102142334, 3.2993826866149902, 4.943713665008545, 2.242178440093994, -3.4693870544433594, -3.9022765159606934, -2.485212564468384, 0.5150995850563049, -3.370821237564087, 9.37622356414795, 7.3079352378845215, -4.6713762283325195, -2.9626171588897705, 4.85567569732666, -4.094966411590576, 3.4580769538879395, 8.217873573303223, -1.7812178134918213, 6.665054798126221, 4.113526344299316, -5.647481441497803, 7.321676731109619, 6.203668594360352, 5.427743911743164, -3.359614133834839, -1.963646650314331, 2.93548321723938, -3.5503413677215576, -1.0225493907928467, 3.5389158725738525, -3.0190935134887695, -6.100910663604736, -5.98435640335083, 1.176321029663086, 1.991365909576416, -1.9816988706588745, -5.653189182281494, 2.383009195327759, 5.603895664215088, 4.392091751098633, 8.619669914245605, -0.8167781829833984, -0.0059500038623809814, 3.407496929168701, -9.392189979553223, -5.705960273742676, 6.561540603637695, -3.2718241214752197, 4.573774337768555, 2.5717661380767822, 1.5569570064544678, 3.5063607692718506, -2.3630142211914062, 1.841153621673584, -3.2470507621765137, -0.23307093977928162, -2.0441534519195557, 3.2122089862823486, 4.14348840713501, 1.1628941297531128, -0.03785321116447449, -4.831962585449219, 7.457326889038086, 2.8042359352111816, -0.9285712242126465, 0.13409245014190674, 7.214982986450195, -1.177732229232788, 1.694854974746704, -5.012899398803711, -2.162954568862915, 5.405911445617676, -2.781826972961426, 0.10653525590896606, 1.0815415382385254, -5.090097904205322, -4.798893928527832, 0.23112450540065765, 2.579315662384033, -1.913421869277954, -4.299223899841309, -1.831766128540039, 1.5289806127548218, 1.4202065467834473, -2.1092822551727295, 1.4714275598526, -2.433905601501465, -2.1393768787384033, 9.947245597839355, -0.6422522664070129, 5.194447040557861, -4.072994232177734, 1.0171633958816528, 7.371428966522217, 3.162761926651001, 7.48230504989624, 3.820298194885254, -4.578492164611816, 7.314284324645996, 2.916825771331787, 0.3816152811050415, 2.8426015377044678, -1.1876869201660156, 3.314746618270874, -6.327818393707275, -8.18657398223877, 10.571803092956543, 1.2879812717437744, 3.1381144523620605, 2.562060832977295, -8.276900291442871, 6.666872024536133, -0.9682273864746094, 0.2946024537086487, 1.7750049829483032, -8.967008590698242, 5.868654251098633, -5.827700138092041]",1
64,9606.ENSP00000222812,"[4.676705837249756, 0.2592824399471283, 0.9426708817481995, 2.123230218887329, -2.6378982067108154, -0.4285261332988739, -3.0712571144104004, 2.9245309829711914, 0.4661126136779785, -1.3593268394470215, 3.3795628547668457, -2.1192402839660645, -1.9166799783706665, -2.297323703765869, -1.4899286031723022, -2.9195680618286133, -0.9422919154167175, 4.069945812225342, 2.620358467102051, 5.056318759918213, 0.5911865234375, -8.27598762512207, -2.273346185684204, -3.9067955017089844, -0.8261866569519043, 2.820293664932251, -4.327521324157715, 2.8980631828308105, 3.2315306663513184, 0.39915162324905396, 0.9451675415039062, -0.9798234701156616, 1.7871533632278442, -0.8972280621528625, 1.8537482023239136, 4.9257636070251465, -2.495701789855957, -2.4942550659179688, -3.923938274383545, -1.0155309438705444, -5.029944896697998, -3.4275927543640137, 0.016982821747660637, 0.46014833450317383, -1.6274875402450562, -2.6808838844299316, 5.927020072937012, -3.6702914237976074, -6.845727920532227, -2.8390750885009766, 4.460094451904297, 6.9680256843566895, 2.666583776473999, 3.057593822479248, 0.8550370931625366, -6.993583679199219, 2.728715658187866, -0.3436444103717804, -1.8044458627700806, -3.90212082862854, -4.7588090896606445, 0.15360835194587708, 3.6410610675811768, 2.862056255340576, -0.793610155582428, -1.3363126516342163, 1.6914052963256836, -3.3377699851989746, -1.5013606548309326, 2.9346044063568115, 0.7971571683883667, 2.617657423019409, -0.9818811416625977, -3.3306503295898438, -2.873399257659912, 8.537983894348145, 0.4955767095088959, -5.455283164978027, -1.3533693552017212, 2.291485548019409, 0.8087893128395081, 8.699222564697266, -0.3064331114292145, 0.019020333886146545, 5.466869831085205, -3.8568201065063477, 0.48226940631866455, -3.1971254348754883, -1.6478451490402222, 0.4129999279975891, -3.0551040172576904, 4.012638568878174, 3.693204879760742, -3.3885345458984375, -2.4387261867523193, 7.669581890106201, -3.9710259437561035, 2.060452461242676, 5.048061370849609, -1.6661193370819092, 2.7806994915008545, 3.4353091716766357, -5.394692420959473, 6.660459995269775, 4.993667125701904, 4.896944522857666, -0.4933699369430542, -1.4494388103485107, 1.1264334917068481, 2.8170487880706787, 0.1351529061794281, 3.4920616149902344, -2.137859344482422, -3.5142664909362793, -2.7178006172180176, -0.6675461530685425, 0.7268468141555786, -2.6102960109710693, -1.238072156906128, 2.7309763431549072, 7.485786437988281, 1.9603374004364014, 6.839102745056152, -4.237647533416748, 1.5352270603179932, 2.7494876384735107, -6.814265727996826, -4.430331230163574, 2.0799148082733154, 0.25522580742836, 2.316556453704834, 1.446204423904419, 2.6453707218170166, 6.660709381103516, -3.347850799560547, 1.2524080276489258, -1.9520275592803955, -1.0097745656967163, -1.3322618007659912, 2.0360608100891113, 3.2823758125305176, -0.773185133934021, -1.9260859489440918, -5.871665954589844, 4.440074920654297, 5.550325870513916, -6.756655216217041, -0.29483848810195923, 3.968534469604492, -1.2114320993423462, 0.8262606263160706, -2.3216588497161865, -5.477051734924316, 4.005606174468994, -1.594491958618164, 2.429964065551758, 5.681029319763184, -1.4637463092803955, -4.167949676513672, 4.224173069000244, 0.9619529247283936, 3.6102044582366943, -0.9988834857940674, -1.1723719835281372, 4.796765327453613, 0.40300923585891724, -0.9371839165687561, -2.811136484146118, 1.455635905265808, 0.6316953301429749, 6.44251823425293, -5.165538787841797, 1.2304096221923828, 0.7854758501052856, 0.764506995677948, 2.6993024349212646, 1.5534652471542358, 7.242694854736328, 1.5133557319641113, -1.143676996231079, 6.71848201751709, 2.1117165088653564, -2.593183994293213, -2.97298264503479, -3.0393497943878174, -2.089968204498291, 0.607761561870575, -6.350316047668457, 6.26639986038208, -1.6983013153076172, 1.8403193950653076, 0.19836947321891785, -5.350393772125244, 3.3317694664001465, 4.350558280944824, -2.0667407512664795, -2.8504486083984375, -6.360719680786133, 5.45212984085083, -2.4801738262176514]",1
65,9606.ENSP00000314157,"[1.9567053318023682, -0.8968483209609985, 0.9240174293518066, 1.9441548585891724, -0.18734222650527954, -0.30993854999542236, -0.8166409134864807, 1.7534617185592651, -1.6983095407485962, 1.1490671634674072, 1.4537409543991089, -1.6342350244522095, 0.268960565328598, -2.336604595184326, -1.0185327529907227, 0.4850614070892334, -1.9200942516326904, 1.4431002140045166, 2.6427645683288574, 0.8628219962120056, -0.34614017605781555, -3.2942588329315186, -0.504077672958374, -0.999955952167511, -1.906304955482483, 0.8687006235122681, -0.32797855138778687, 1.4532573223114014, 2.2297444343566895, 0.4300549328327179, -1.7327454090118408, -0.5172280073165894, 1.5801630020141602, -1.1250224113464355, 1.6825380325317383, 0.6238898634910583, -2.9273250102996826, -2.134819746017456, -1.758922815322876, -1.6193287372589111, -1.71498703956604, 0.09926944971084595, -0.7948969602584839, 0.4756271541118622, -0.49104103446006775, -0.46170490980148315, 0.8893183469772339, -1.838545560836792, -0.6783281564712524, -1.9813990592956543, 1.9432976245880127, 1.5836725234985352, -0.2981841266155243, 1.3298753499984741, 0.6996257305145264, -1.4875818490982056, 1.9369399547576904, -1.3660024404525757, -0.12037971615791321, -1.3872007131576538, -2.4723944664001465, 0.582231342792511, 1.2344622611999512, -0.8073375821113586, -0.8489840030670166, 0.42801666259765625, 2.461146116256714, -0.3357436954975128, -0.35589399933815, 1.6459115743637085, 1.341806411743164, 1.1389497518539429, -1.6178299188613892, -1.6507065296173096, -0.8674752712249756, 3.10111141204834, 0.06977522373199463, -1.1229424476623535, -0.3150745630264282, 2.135209321975708, -0.8944313526153564, 3.227931261062622, -1.9164057970046997, -0.39510107040405273, 0.42423734068870544, -1.8840872049331665, -0.15741035342216492, -0.0072311460971832275, -0.574892520904541, -1.1258505582809448, 0.11954677104949951, 2.525454521179199, 0.9523890018463135, -2.4212424755096436, -0.3933866620063782, 2.885436534881592, -1.7510135173797607, -0.09233841300010681, 1.0569422245025635, -1.3365085124969482, 1.298570990562439, -0.31726551055908203, -1.5896140336990356, 2.8933897018432617, 2.908036947250366, 1.8839622735977173, -1.6402673721313477, -0.7789139151573181, -0.5460509657859802, -0.2083078920841217, -0.24023979902267456, 2.210420846939087, -1.0987825393676758, -1.0763417482376099, -0.6242210865020752, 1.232071042060852, -0.0945507287979126, 0.13337019085884094, -1.129638433456421, 1.3525887727737427, 1.1244378089904785, 2.598926305770874, 2.418309211730957, 0.21829363703727722, -0.4550737738609314, 1.43575918674469, -2.688947916030884, -2.797201633453369, 1.423893928527832, -1.4971901178359985, 1.7390389442443848, 1.4413431882858276, 0.6018853187561035, 2.2563846111297607, -1.2811918258666992, 1.9496808052062988, -2.7482290267944336, 0.5981012582778931, -1.7394919395446777, 2.845228672027588, 1.803153157234192, 1.5057587623596191, -0.6205950975418091, -1.13680100440979, 1.2350733280181885, 1.5469151735305786, -1.6398053169250488, -1.9914973974227905, 1.7237403392791748, -0.6535215377807617, -0.01703423261642456, -2.1797966957092285, -1.221506118774414, 1.3243235349655151, -0.8972734212875366, 0.8031461238861084, 0.9658799171447754, -1.7107709646224976, -0.9935358166694641, 0.8419036865234375, 0.4115232527256012, 0.6021968126296997, -1.6066616773605347, -0.05193713307380676, 1.3743444681167603, 0.276203453540802, -0.29710426926612854, 0.18332606554031372, -0.7785667777061462, 0.9913792610168457, 3.193525791168213, -0.8940122127532959, 1.3351799249649048, 0.08678591251373291, -0.05206085741519928, 1.1638730764389038, 0.1584569364786148, 2.48753023147583, 1.2026716470718384, -2.203617572784424, 3.1582729816436768, 1.7085063457489014, -0.3033407926559448, 0.026866599917411804, -0.8970611095428467, -0.6074854135513306, -1.288745403289795, -2.349142551422119, 2.4924020767211914, 0.5128313302993774, 1.0652313232421875, 0.14552146196365356, -1.6576886177062988, 3.110116481781006, -0.3842601180076599, -0.030419260263442993, -0.17748641967773438, -1.7837393283843994, 0.4925498366355896, -1.2468351125717163]",1
66,9606.ENSP00000363054,"[7.839271545410156, 0.9882972836494446, 4.272988796234131, 2.2212307453155518, -0.19906288385391235, 4.231202602386475, -2.349046468734741, 2.4537124633789062, -3.9933173656463623, -0.13367053866386414, 5.996767044067383, -3.6573731899261475, 2.7950708866119385, -1.7461066246032715, -2.5209150314331055, -4.229686260223389, 1.535691499710083, 3.658257007598877, 4.065540790557861, 0.8711216449737549, -2.2120180130004883, -6.237859725952148, 2.463432788848877, 1.4383305311203003, -2.993293285369873, -1.5771236419677734, 2.4860551357269287, 2.3328471183776855, 4.273072719573975, -1.277877926826477, -2.064723253250122, -4.7870073318481445, 0.3191261291503906, 0.21408137679100037, 0.7565211057662964, 0.6791191697120667, -0.9511244893074036, -7.062563419342041, -4.049982070922852, -4.63173770904541, -5.510279178619385, 1.441426157951355, -3.063267230987549, -2.018280029296875, -2.412202835083008, 0.22860750555992126, 3.3111672401428223, -0.18875177204608917, -4.709216594696045, -3.5328919887542725, 2.9789395332336426, 5.567902565002441, 1.9839823246002197, -2.191887617111206, 3.527987480163574, -3.168172597885132, 4.264471530914307, -4.240181922912598, 1.4147213697433472, -5.121664524078369, -6.73024845123291, 3.0738413333892822, 3.8987083435058594, -1.8815683126449585, 2.1248726844787598, 2.712239980697632, 3.0167899131774902, -3.2310171127319336, 1.5475155115127563, 4.703364372253418, 5.670784950256348, 3.8324029445648193, -2.684798002243042, -3.163492202758789, -3.205454111099243, 4.752861976623535, 3.210120677947998, -6.918594837188721, -4.304144859313965, 4.215778350830078, -0.7358409762382507, 5.682712078094482, -6.729058265686035, 0.08196878433227539, 4.720064163208008, 2.6995091438293457, -1.957425832748413, 0.15614694356918335, -3.337717294692993, -2.6211018562316895, -1.369400978088379, 5.422940254211426, 5.12083101272583, -2.215287208557129, -2.754357099533081, 5.91559362411499, -4.470691204071045, 2.5399653911590576, 2.950464963912964, -2.551636219024658, 4.652222633361816, 5.399020195007324, -4.743988990783691, 5.327887535095215, 5.809983253479004, 6.795506000518799, -5.041697025299072, -4.85690975189209, 5.3497724533081055, -2.443742513656616, 1.108660340309143, 5.22936487197876, -5.762965679168701, -3.0776312351226807, -1.018741250038147, 1.6528887748718262, 0.6139390468597412, 1.1038212776184082, -3.8690414428710938, 2.5708730220794678, 4.742032051086426, 4.193580627441406, 5.048579216003418, 1.2007646560668945, 1.2258431911468506, 5.1606316566467285, -4.714570999145508, -5.625172138214111, 4.8541717529296875, -4.93034553527832, 5.108160972595215, 5.087215423583984, 0.0727064311504364, 4.599916458129883, -2.6943247318267822, 5.154404640197754, -2.188781261444092, -0.4572291970252991, -1.9281232357025146, 2.3506689071655273, 3.3431975841522217, 2.0759878158569336, 1.1953831911087036, -5.906307697296143, 5.596301555633545, 5.074559688568115, -2.210646152496338, -2.49830961227417, 3.270444393157959, -2.8218510150909424, 3.032291889190674, -3.460029125213623, -0.740531861782074, 5.235020637512207, -4.071602821350098, 0.37486472725868225, -0.5458407998085022, -3.6510848999023438, -3.275034189224243, 0.2577919065952301, 0.8354108929634094, -1.4037327766418457, -4.683576583862305, -2.2043635845184326, 1.2057371139526367, 2.7019600868225098, -3.3991358280181885, -0.532804012298584, -1.986215591430664, -2.669461727142334, 6.094255447387695, 1.3117204904556274, 3.629232406616211, -2.2391064167022705, 0.09204380214214325, 4.847941875457764, 4.246506214141846, 5.021520137786865, 4.196103096008301, -3.066706418991089, 8.346880912780762, 5.0354156494140625, 1.633538842201233, 1.7210090160369873, -2.38862943649292, 0.61724853515625, -5.6560378074646, -5.456916332244873, 6.277587890625, 2.13926362991333, 0.6355013251304626, 0.5853933095932007, -2.5318827629089355, 2.703328847885132, -1.400016188621521, 1.4746856689453125, 1.7751991748809814, -5.920514106750488, 3.6800622940063477, -1.8001914024353027]",1
67,9606.ENSP00000320679,"[3.1430726051330566, -1.179699420928955, 1.1929998397827148, 1.2033729553222656, -0.3510740399360657, 0.10505002737045288, -0.05464068055152893, 1.1016424894332886, -1.6640597581863403, -1.21170175075531, 3.154620885848999, -1.8289841413497925, -0.059974417090415955, -0.6404894590377808, -0.6926395893096924, -1.2517879009246826, -1.4767115116119385, 1.767393946647644, 2.362028121948242, 0.9881270527839661, -0.924622118473053, -2.9382312297821045, -0.780735969543457, -1.9451417922973633, -0.6673747897148132, 0.6132396459579468, -0.3826420307159424, 1.1368992328643799, 2.152592182159424, -0.022623062133789062, -0.16879701614379883, -1.4996612071990967, 0.49851691722869873, 0.08558274805545807, 1.6120562553405762, 0.5826991200447083, -2.013545036315918, -1.5973191261291504, -1.5453388690948486, -0.9011807441711426, -2.2319114208221436, -0.03463393449783325, -0.5096837878227234, -0.13023659586906433, -0.014207988977432251, -1.5105042457580566, 1.124807357788086, -0.9524427056312561, -1.9501157999038696, -1.9183878898620605, 0.7056081891059875, 1.1522951126098633, -0.49407875537872314, 1.8158104419708252, 0.9303209185600281, -2.2423856258392334, 1.391587734222412, -1.0288805961608887, -0.10131581127643585, -1.2436038255691528, -2.376199722290039, 0.43898284435272217, 0.559898853302002, 0.03160104155540466, -0.3962186574935913, 0.7737451791763306, 1.5208659172058105, -0.10704943537712097, 0.4923134744167328, 1.96194589138031, 0.8998569250106812, 1.0717476606369019, -0.842357873916626, -1.0298596620559692, -0.9282695055007935, 2.8607470989227295, 0.014884918928146362, -1.5118112564086914, -1.1784591674804688, 1.7921874523162842, -0.06836947798728943, 2.9777426719665527, -0.5515553951263428, -0.23220182955265045, 1.712329626083374, -1.2205824851989746, -0.5079070329666138, -1.4426026344299316, -0.8534561395645142, -0.19771137833595276, 0.20860156416893005, 2.6368138790130615, 1.3992063999176025, -1.8898499011993408, -0.35230278968811035, 3.407318353652954, -2.352680206298828, 1.6054166555404663, 0.8905214667320251, -1.1156704425811768, 0.9602518081665039, 0.45374971628189087, -0.3924148976802826, 2.3425116539001465, 2.5760669708251953, 1.5889134407043457, -1.5231201648712158, -0.5281140804290771, -0.8205316662788391, 0.3257370591163635, -0.3387373983860016, 1.6897034645080566, 0.30439895391464233, -0.3685639500617981, -0.5878156423568726, 0.673722505569458, 0.8032837510108948, 0.676003098487854, -0.3531709909439087, 0.23907159268856049, 1.3586803674697876, 1.698115348815918, 2.6049323081970215, -0.5899134874343872, -0.07582077383995056, 2.108612060546875, -2.142896890640259, -2.875950813293457, -0.13737405836582184, -1.0855499505996704, 1.3395549058914185, 2.307033061981201, 0.6090127229690552, 2.0229785442352295, -1.7915465831756592, 1.194077968597412, -2.5681357383728027, 0.20482364296913147, -1.1789886951446533, 1.9857006072998047, 1.0979868173599243, 0.503919780254364, -0.13370297849178314, -1.690601110458374, 0.8737719058990479, 1.9754496812820435, -1.3512890338897705, -0.7904536128044128, 1.552657961845398, -1.037519097328186, 0.009509503841400146, -1.7507880926132202, -0.4021299481391907, 1.7649550437927246, -0.1626068353652954, 1.4455915689468384, 1.9316133260726929, -0.5911590456962585, -0.9547172784805298, 1.04363214969635, 0.07231193780899048, 0.9626261591911316, -1.488324761390686, -0.17990848422050476, 2.1618587970733643, 0.7329082489013672, -0.24685901403427124, -0.5520712733268738, 0.10666218400001526, 0.9228909611701965, 2.833423376083374, -1.6246905326843262, 1.1856443881988525, 1.0301655530929565, -0.32548102736473083, 1.73971688747406, 0.5816695690155029, 2.7110607624053955, 1.052040696144104, -0.8534600138664246, 2.862173318862915, 2.018782377243042, -1.2433382272720337, -0.2598338723182678, -1.343149185180664, -0.6255443096160889, -1.8650617599487305, -2.315277338027954, 2.1317524909973145, -0.06982497870922089, 0.23528170585632324, 0.5417771935462952, -0.7289295792579651, 2.2134485244750977, 1.5069799423217773, -0.6910362243652344, -0.7118499875068665, -2.6337838172912598, 0.06333574652671814, -0.5176417827606201]",1
68,9606.ENSP00000376792,"[8.662227630615234, -1.1919050216674805, 6.07454776763916, 4.106451988220215, 1.5299937725067139, 5.190759658813477, -1.3017528057098389, 3.581425666809082, -4.296723365783691, -0.31403297185897827, 5.0286335945129395, -5.532867431640625, 3.7445030212402344, -1.843119502067566, -3.4019665718078613, -4.449726581573486, -0.6176584362983704, 3.133608102798462, 5.8931050300598145, 0.16494613885879517, -1.9870986938476562, -6.2058868408203125, 1.9441269636154175, -1.5546152591705322, -3.1356563568115234, -0.9553126096725464, 2.762730121612549, 4.374522686004639, 3.0105326175689697, -3.1258294582366943, -0.33447739481925964, -6.122335910797119, 1.065000295639038, -2.5096354484558105, 1.3585069179534912, 2.6139330863952637, -1.7312636375427246, -8.14047622680664, -4.851335525512695, -4.606517791748047, -2.524127960205078, 2.0255801677703857, -4.049863338470459, -0.32712697982788086, -1.792601227760315, 2.074509859085083, 3.701803684234619, -0.23574858903884888, -6.276303291320801, -6.348849773406982, 3.3165171146392822, 4.176891803741455, 1.9426226615905762, -0.6402227878570557, 1.982774019241333, -2.4270050525665283, 6.553720474243164, -2.499545097351074, 2.002195358276367, -6.020963668823242, -7.7129292488098145, 4.321226596832275, 2.998079776763916, -0.7403164505958557, 3.014509439468384, 4.345287799835205, 4.130960941314697, -4.378049373626709, 1.8133718967437744, 6.417438983917236, 4.613656997680664, 4.2455058097839355, -0.5059643983840942, -4.08549690246582, -1.7903738021850586, 8.348402976989746, 3.3566436767578125, -5.4384846687316895, -4.95562744140625, 5.091158866882324, -2.417396306991577, 7.908791542053223, -6.59761905670166, -1.4179548025131226, 4.089755535125732, 4.650640964508057, -4.314789295196533, -7.0771260261535645, -2.721242666244507, -0.728703498840332, -2.809086322784424, 6.436341762542725, 8.87644100189209, -1.679431438446045, -5.974411487579346, 5.702026844024658, -2.8676352500915527, 5.209728717803955, 5.919870376586914, -2.164309501647949, 1.3478617668151855, 5.204585075378418, -6.554184913635254, 5.280142784118652, 4.317642688751221, 4.790101528167725, -5.058260917663574, -3.0328292846679688, 3.872107744216919, -4.917823791503906, -0.9555227160453796, 5.772709369659424, -4.61690616607666, -3.5330440998077393, -2.6770477294921875, 4.085859298706055, 1.2242562770843506, -1.5369340181350708, -4.687071800231934, 3.588001251220703, 4.186713218688965, 5.3073577880859375, 8.162571907043457, -0.17432746291160583, 0.39268070459365845, 4.907594203948975, -6.804305553436279, -3.144622325897217, 4.531261920928955, -3.6547906398773193, 6.146384239196777, 2.9818925857543945, -0.2281416952610016, 5.950535297393799, -5.516934871673584, 5.756474494934082, -2.740386724472046, -1.5020945072174072, -0.9112129211425781, 3.9328041076660156, 5.083503723144531, 2.545703649520874, 1.6493332386016846, -6.559103488922119, 5.491209983825684, 3.2969462871551514, -4.149021148681641, -1.092860221862793, 4.376104831695557, -0.932780385017395, 1.4358216524124146, -6.915099620819092, -0.47742268443107605, 4.890340328216553, -3.8560802936553955, -0.9339070320129395, 1.6249786615371704, -4.220569610595703, -4.53123140335083, 1.4427776336669922, 1.525322437286377, -2.049832344055176, -5.226433277130127, -5.77044677734375, -0.13992032408714294, 5.58754301071167, -2.185481548309326, 0.4100654423236847, -2.008782386779785, -3.6118228435516357, 7.110990524291992, -3.4903922080993652, 4.50883674621582, -2.3191628456115723, 3.072035074234009, 4.407894611358643, 5.43104887008667, 4.926966667175293, 7.369017601013184, -4.609045505523682, 8.432957649230957, 5.676690578460693, 0.9186928272247314, 0.3915804922580719, 0.00415375828742981, 1.6315807104110718, -5.784765243530273, -6.123651027679443, 8.535611152648926, 1.5430690050125122, 1.3038448095321655, 0.8845473527908325, -5.127936363220215, 7.329282283782959, 0.5492066144943237, -1.721808671951294, 0.6147501468658447, -7.8890604972839355, 6.964291572570801, -3.0910756587982178]",1
69,9606.ENSP00000310521,"[1.0547767877578735, -1.0041626691818237, 0.4588039815425873, 0.2698020935058594, -0.5443989038467407, 0.7039616107940674, 0.29252004623413086, 1.256461501121521, -0.8802897930145264, -0.7022315263748169, 1.2828248739242554, -1.0272271633148193, -0.7227036952972412, 0.7924070954322815, -0.12781581282615662, -1.3531972169876099, 0.6912129521369934, 0.8382488489151001, 0.8331884145736694, -0.2103271484375, -0.6544873118400574, -0.8878818154335022, -0.46384280920028687, -0.2782527804374695, -0.2367449700832367, 0.23940519988536835, -0.06789833307266235, 0.743638277053833, 0.4114808440208435, -0.37759071588516235, -0.13907626271247864, -0.8465709686279297, 0.08208145201206207, 0.046066030859947205, -0.1634325534105301, 0.6054778099060059, -0.697928786277771, -0.8177382946014404, -0.09648013114929199, -0.42317473888397217, -0.747791588306427, -0.7580486536026001, 0.016083449125289917, 0.22863322496414185, -0.3431699573993683, -0.3940342962741852, -0.27547165751457214, -0.5588778853416443, -0.7721043825149536, 0.3049529790878296, 0.13006117939949036, 0.44682157039642334, 0.8400850892066956, 0.7638598680496216, -0.4030325710773468, 0.3760225772857666, -0.06387171149253845, 0.1420266330242157, -0.2282937467098236, -0.1713915914297104, -0.7411601543426514, -0.23586145043373108, 0.11277949810028076, 0.5137907266616821, -0.08732475340366364, 1.010682463645935, 0.471899151802063, -0.5965893268585205, -0.48372191190719604, 0.7454397678375244, 0.1210935115814209, -0.7662224769592285, 0.4014345407485962, -0.049311697483062744, 0.1320139616727829, 1.5264604091644287, 0.12265171855688095, -0.45737552642822266, -0.2772793173789978, 0.438040554523468, -0.23050083220005035, 1.0634711980819702, -0.9171269536018372, -0.6465518474578857, 0.7435479164123535, 0.09259721636772156, 0.24680164456367493, -1.3485914468765259, 0.051858097314834595, -0.04364682361483574, 0.010663270950317383, 0.7191883325576782, 0.3496212363243103, -0.6636004447937012, -0.34400075674057007, 1.4042553901672363, 0.3283640742301941, 0.5822387337684631, 0.28461363911628723, 0.05928170680999756, -0.0881480872631073, 0.7173373699188232, -0.17408592998981476, 0.05864629149436951, 0.314349502325058, 0.990458071231842, -0.15532928705215454, 0.5147168636322021, 1.3794474601745605, 0.04604491591453552, -1.3633357286453247, 1.0854908227920532, -0.667351484298706, -0.26968249678611755, -1.2211925983428955, 0.35020095109939575, 0.9092610478401184, 0.3298135995864868, 0.059205204248428345, 0.05534125864505768, 0.9281269311904907, 1.0029282569885254, 1.2095671892166138, -1.0700777769088745, 0.5935621857643127, 0.2769312858581543, -0.6205332279205322, -0.18426677584648132, 0.7549168467521667, -0.45347315073013306, 0.1128888726234436, 0.18578693270683289, 0.4960987865924835, 0.5882415175437927, -0.549210786819458, 0.9673066139221191, -0.23259785771369934, -0.027597591280937195, 1.2908798456192017, 0.7019534111022949, 0.7308327555656433, -0.1667952835559845, 0.27755245566368103, -0.645395040512085, 0.744977593421936, 0.0044078826904296875, -0.45279043912887573, -0.7223455905914307, 0.04461047053337097, 0.518848180770874, 0.4847543239593506, -1.187609076499939, -0.22741472721099854, 0.5953130722045898, -0.2825617492198944, 0.17499084770679474, 0.37969037890434265, 0.5990058183670044, -0.4736076593399048, 1.2347363233566284, -0.2921946048736572, 0.35678303241729736, 0.31517738103866577, -0.7902612686157227, 0.647742509841919, -0.00023323297500610352, -0.6081345081329346, -0.5170404314994812, 0.19990170001983643, 0.39914262294769287, 1.4610989093780518, -0.6989139914512634, 1.257085919380188, 0.7728828191757202, 0.02189699560403824, 0.5898470878601074, -0.03938281536102295, 0.7297625541687012, 0.4573656916618347, -0.3551905155181885, 0.5744658708572388, 0.1785525381565094, -0.42857056856155396, 0.13036173582077026, -0.23243731260299683, 0.29169341921806335, -0.3538004755973816, -1.2196338176727295, 0.5009394884109497, -0.6530064344406128, 0.2317911982536316, 0.6949763298034668, -0.8309162855148315, 0.6802120208740234, 0.25706756114959717, -1.4496748447418213, -0.6680099964141846, -0.6892607808113098, 0.7255731821060181, 0.40390950441360474]",1
70,9606.ENSP00000303437,"[2.2967283725738525, 0.23482702672481537, 0.9627617001533508, 0.5622619390487671, -0.30592790246009827, -0.008349895477294922, 1.2337545156478882, 0.42646080255508423, -1.5381507873535156, -0.946614146232605, 2.462648868560791, -1.7200151681900024, 0.37468117475509644, 0.2402862310409546, -0.5441063642501831, -1.0055675506591797, -0.9246638417243958, 0.544552206993103, 1.7638252973556519, -0.2805488705635071, -0.17772451043128967, -2.3342111110687256, 0.048712655901908875, -0.4456320106983185, -0.36503517627716064, 0.8659659624099731, -0.3422243595123291, 0.41208207607269287, 1.9056882858276367, 0.5224968194961548, 0.10448557138442993, -1.2205902338027954, 0.8507528901100159, -0.6578342318534851, 0.4530634880065918, 0.5747865438461304, -1.0352680683135986, -2.212578058242798, -0.963306188583374, 0.0047401487827301025, -1.5000886917114258, -0.5911098122596741, -0.4526897370815277, -0.1356353759765625, 0.043884143233299255, -1.4612078666687012, 0.3763779401779175, -0.19753164052963257, -1.2212424278259277, -1.5369318723678589, 0.8333024382591248, 0.9758650064468384, 0.26223522424697876, 0.6582943797111511, 1.2940350770950317, -0.9557605385780334, 1.1781573295593262, -0.12151119858026505, -0.5125319957733154, -0.9270565509796143, -1.9657413959503174, 0.37206247448921204, 0.02119767665863037, -0.1678856760263443, -0.6570091843605042, 0.9785687327384949, 0.19344723224639893, 0.444120854139328, -0.04727752506732941, 2.1376919746398926, 0.6863522529602051, 0.5679798722267151, 0.22179171442985535, -1.631474494934082, -0.8020814061164856, 1.7674107551574707, -0.11173880100250244, -1.9072924852371216, -1.0445847511291504, 1.399403691291809, -0.44874095916748047, 2.0566208362579346, -1.7268593311309814, -0.17043039202690125, 1.3990802764892578, -0.7935085892677307, 0.16397708654403687, -1.0512549877166748, -0.8299626708030701, 0.11792358756065369, 0.05000586807727814, 1.4635580778121948, 1.24735426902771, -1.2845145463943481, -0.5624025464057922, 3.0826640129089355, -1.5439934730529785, 0.7765728831291199, -0.3239465653896332, -0.37981560826301575, 0.9466283321380615, 0.9909029006958008, -0.86408531665802, 1.6409636735916138, 1.744452953338623, 1.2109298706054688, -1.4612724781036377, -0.9904187321662903, 0.8853168487548828, 0.04576963186264038, 0.00981321930885315, 1.1618551015853882, -0.27688872814178467, -0.4685460329055786, -0.8551448583602905, 0.8899631500244141, 0.4500886797904968, 1.3178505897521973, -0.22112223505973816, 0.11173726618289948, 1.2678148746490479, 1.5235084295272827, 1.973755121231079, -0.8902879953384399, 0.2634698748588562, 1.039133906364441, -1.715013027191162, -1.9696621894836426, 0.8655339479446411, -0.7537075281143188, 1.8049306869506836, 2.0511326789855957, 0.6806837320327759, 1.4526515007019043, -1.3604023456573486, 0.80913245677948, -0.9210659265518188, 0.21541744470596313, -0.33143505454063416, 0.9950848817825317, 0.06242206692695618, 0.8589277267456055, -0.5281352996826172, -1.2894141674041748, 1.3419828414916992, 1.8867210149765015, -0.9804288148880005, -0.6144866943359375, 0.3351290822029114, -1.02724027633667, -0.21387740969657898, -0.5797411203384399, -0.7464242577552795, 1.8111094236373901, -0.3417305052280426, 1.2139763832092285, 0.4877883195877075, -0.48602035641670227, -0.6785175204277039, 1.0591241121292114, -0.4122313857078552, 0.29336148500442505, -1.152549147605896, -0.41263264417648315, 0.8983660340309143, 0.808184027671814, -1.9127120971679688, -0.423938512802124, 0.27513763308525085, 0.3389160633087158, 1.8321603536605835, -0.06184747815132141, 1.1769623756408691, 0.1754736602306366, -0.38661062717437744, 1.538474678993225, 0.9356077909469604, 1.7656173706054688, 0.8406295776367188, -0.30470386147499084, 2.33195424079895, 1.6338926553726196, -0.5337053537368774, 0.7501882314682007, -0.5358262658119202, -0.8917062282562256, -1.162680745124817, -2.4338836669921875, 1.2030518054962158, -0.22113774716854095, -0.1352943331003189, -0.062344640493392944, -0.4605945348739624, 0.5480639934539795, 0.7739704847335815, -0.5734927654266357, 0.6567568182945251, -1.6709450483322144, 0.44442498683929443, 0.30810245871543884]",1
71,9606.ENSP00000263864,"[6.983791351318359, 2.9304862022399902, 4.974334716796875, 5.527510643005371, -0.3229799270629883, 4.149352073669434, -1.7189245223999023, 3.380723476409912, -6.597259998321533, 1.2150750160217285, 4.626192569732666, -3.674741268157959, 1.1800509691238403, -2.5613107681274414, -5.192747592926025, -6.221381187438965, 2.1881513595581055, 5.558452606201172, 5.631388187408447, -0.21471358835697174, -4.80615234375, -10.21729850769043, 0.3618762493133545, 1.5061320066452026, -1.429668664932251, -4.296546936035156, -0.7014636993408203, -0.8955814242362976, 3.640974998474121, -2.993335247039795, -6.669036388397217, -8.224098205566406, 2.810847282409668, -2.1288723945617676, 0.5963134169578552, 4.811498641967773, 1.6494132280349731, -6.328760147094727, -6.3343000411987305, -3.8121085166931152, -7.136495113372803, 2.6226084232330322, -5.5913519859313965, 0.7490679025650024, -1.7024973630905151, 1.246660828590393, 5.302649021148682, -0.1543605625629425, -7.344967842102051, -2.0366194248199463, 7.023059844970703, 5.734066486358643, 3.7714998722076416, -1.6276887655258179, 5.673414707183838, -4.0043792724609375, 5.672276496887207, -3.917658805847168, 4.482066631317139, -5.474069118499756, -9.660804748535156, 5.974983215332031, 3.811213254928589, -0.6811030507087708, -1.222512125968933, -1.4082353115081787, 6.136082649230957, -3.864917039871216, 2.6328063011169434, 4.707992076873779, 3.3890380859375, 5.230969429016113, -2.05942964553833, -6.020902633666992, -5.35901403427124, 8.442152976989746, 3.7716903686523438, -8.567869186401367, -6.8105034828186035, 3.3817763328552246, -0.899872899055481, 8.291238784790039, -9.073238372802734, 4.623945236206055, 7.102443218231201, 6.4537811279296875, -2.4375874996185303, -0.8379637598991394, 0.018331408500671387, -0.18313324451446533, -2.263692617416382, 10.60169506072998, 6.836087226867676, -6.061925411224365, -6.706495761871338, 3.812282085418701, -2.24621844291687, 2.5270497798919678, 5.975827693939209, -3.129425525665283, 7.133726596832275, 4.976444244384766, -8.982606887817383, 5.094210147857666, 5.687573432922363, 6.607051849365234, -4.479450225830078, -2.822144031524658, 1.3799140453338623, -3.5078353881835938, 0.6377464532852173, 6.277580261230469, -6.531512260437012, -0.3965334892272949, -5.864293575286865, 1.5958669185638428, -0.45105352997779846, -0.6977640390396118, -4.93981409072876, 3.782238483428955, 6.285232067108154, 5.291990756988525, 7.300838947296143, 1.2707792520523071, -2.0108144283294678, 5.8876166343688965, -7.052273750305176, -6.750936508178711, 6.105468273162842, -3.35933780670166, 5.6873779296875, 4.856419086456299, 1.0427331924438477, 5.612553596496582, 0.6363592147827148, 6.3788652420043945, -4.830392837524414, -3.3525748252868652, -0.034271836280822754, 5.901497840881348, 5.979744911193848, 0.9179304838180542, 1.2663577795028687, -6.507956504821777, 4.648923873901367, 1.9933441877365112, -0.8713403940200806, 1.5582754611968994, 7.495980739593506, -4.771521091461182, 1.5060718059539795, -6.416334629058838, 0.15228977799415588, 6.341673851013184, -2.0968542098999023, -4.795073509216309, -2.0074894428253174, -3.6609795093536377, -3.802371025085449, -2.855159044265747, 2.8211851119995117, -2.876499652862549, -2.8396408557891846, -1.8144112825393677, 1.807607650756836, 4.257388114929199, -3.4519994258880615, 1.865490198135376, -0.8048563003540039, -2.6980984210968018, 12.197029113769531, -0.8195700645446777, 7.040404319763184, -2.334897756576538, 1.9796565771102905, 7.407383918762207, 3.0115857124328613, 8.060083389282227, 3.814155340194702, -5.2024827003479, 11.029135704040527, 6.047976970672607, 2.7260875701904297, 1.1101961135864258, -3.7133584022521973, 2.4517219066619873, -6.962235450744629, -5.912770748138428, 9.668060302734375, 1.3992054462432861, 0.4513188898563385, 1.154487133026123, -7.19148063659668, 3.9206020832061768, -1.6201571226119995, 2.180972099304199, 2.1095688343048096, -7.487043380737305, 4.796230792999268, -4.636490821838379]",1
72,9606.ENSP00000372210,"[3.306643486022949, -0.31288373470306396, 2.583717107772827, 1.7105093002319336, -0.8043258786201477, 2.01611590385437, -0.42099201679229736, 2.784897804260254, -1.6620445251464844, 0.3198043704032898, 2.093519449234009, -1.7219417095184326, 1.1878578662872314, -1.169390320777893, -1.2229466438293457, -1.8004424571990967, 0.9222804307937622, 1.0707101821899414, 2.542243480682373, 1.6993355751037598, -0.8640645146369934, -2.9818623065948486, -0.11084389686584473, 0.09055918455123901, -1.3184208869934082, 0.4696628451347351, 1.2485285997390747, 1.1975429058074951, 0.7398504018783569, -0.6114251613616943, 0.07044089585542679, -1.8811372518539429, -0.14439770579338074, -0.7204840779304504, 0.8856374025344849, 1.0571467876434326, -1.9344573020935059, -2.8240742683410645, -1.4596571922302246, -2.6415677070617676, -0.5200871825218201, 0.5400716066360474, -0.7841496467590332, -0.7509424686431885, -1.7382001876831055, -0.5361774563789368, 1.3975731134414673, -0.8459003567695618, -2.5770740509033203, -1.471543788909912, 1.3304530382156372, 1.8066320419311523, 1.6285088062286377, -0.7255740165710449, 2.100717544555664, -1.2258491516113281, 2.5761468410491943, -1.1363964080810547, 1.881866216659546, -1.6765400171279907, -3.1794257164001465, 1.0735540390014648, 1.7316561937332153, 0.49623769521713257, 0.8054027557373047, 1.944915771484375, 1.4819730520248413, -0.2261626124382019, 0.12582609057426453, 2.060976028442383, 1.419881820678711, 0.5601123571395874, -0.7703630328178406, -1.4845685958862305, -0.8063588738441467, 3.3902790546417236, 1.611665964126587, -3.3432512283325195, -1.9437072277069092, 1.8859953880310059, -2.002732276916504, 3.3694300651550293, -2.0540571212768555, 0.416736900806427, 0.6386804580688477, 0.1861242949962616, -1.5835286378860474, -3.0795798301696777, -1.007894515991211, 0.34061476588249207, -0.3395158052444458, 2.8348453044891357, 1.691630244255066, -0.222917377948761, -2.2819271087646484, 3.397557497024536, -0.1981700360774994, 1.3903310298919678, 1.6604059934616089, -0.8128370046615601, 2.108271360397339, 1.726616621017456, -2.9180099964141846, 1.7374160289764404, 1.0338326692581177, 1.2407751083374023, -2.816418409347534, 0.8998047709465027, 2.136359930038452, -1.241206169128418, -0.6359432935714722, 2.9985079765319824, -0.18218404054641724, -0.8021348118782043, -2.95839524269104, 1.8048269748687744, 0.388511061668396, -1.0432627201080322, -1.5549063682556152, 0.4447416067123413, 1.8223767280578613, 2.1909661293029785, 3.469099521636963, -0.13693949580192566, -0.29600435495376587, 1.5798170566558838, -1.361710786819458, -1.3609298467636108, 2.4252004623413086, -1.6081167459487915, 2.0331668853759766, 0.3269616663455963, 0.11419197916984558, 2.3602075576782227, 0.22081324458122253, 1.6866060495376587, -0.5194149613380432, -0.6732504367828369, 0.2121305614709854, 1.7791179418563843, 2.5575850009918213, -0.48705315589904785, 1.4298137426376343, -2.5062661170959473, 1.1357017755508423, 1.8157371282577515, -1.3325530290603638, 0.28525376319885254, 1.3209574222564697, -0.3088221848011017, 1.5636812448501587, -3.0673484802246094, -0.17021788656711578, 1.7027225494384766, -1.3160738945007324, -1.1095315217971802, 1.2588869333267212, -2.0232152938842773, -1.6121554374694824, 0.1692546159029007, 0.40067943930625916, -0.35010063648223877, -1.716598629951477, -2.2515180110931396, 0.20773446559906006, 1.6003811359405518, -0.5624138712882996, 0.18342699110507965, -1.50885808467865, 0.3165321350097656, 2.6640443801879883, -0.007436126470565796, 2.4914660453796387, 0.12206833064556122, -0.0004439055919647217, 2.0246469974517822, 2.1752512454986572, 2.186680555343628, 2.279569625854492, -1.7445825338363647, 3.079768180847168, 1.8455909490585327, 0.021682828664779663, -0.07794293761253357, 0.19453705847263336, 0.8433260917663574, -2.643190860748291, -3.1698408126831055, 2.313431739807129, 0.19890697300434113, 1.1504673957824707, 1.075011968612671, -1.4317737817764282, 1.8395057916641235, -0.32794129848480225, -0.4374977946281433, 2.2394373416900635, -2.739673614501953, 1.2558332681655884, -0.10644000768661499]",1
73,9606.ENSP00000263897,"[2.8127222061157227, -1.8011562824249268, 1.9231523275375366, -0.2951495945453644, -0.8021456003189087, 1.5650566816329956, 1.0380322933197021, 1.1866122484207153, -0.25510668754577637, 0.3005691468715668, 1.967228889465332, -1.7260334491729736, 0.28320246934890747, 0.8412783145904541, 0.111072838306427, -1.615262508392334, 0.025775637477636337, -0.5069929361343384, 0.7400993704795837, 0.18525436520576477, -1.1600639820098877, -0.5753462910652161, -0.43635332584381104, -0.29544389247894287, -0.5145544409751892, 0.5938078761100769, 0.17502517998218536, 2.2850098609924316, 1.7638945579528809, -0.6491833329200745, -1.201844334602356, -1.8499929904937744, 1.5021827220916748, -1.13894522190094, -0.337552934885025, 1.1563621759414673, -0.904497504234314, -1.7549548149108887, -0.03764800727367401, -0.8973122835159302, -0.8084606528282166, -0.5935753583908081, -0.0881088376045227, -0.7305492162704468, -0.6764635443687439, -1.475141167640686, 1.016973853111267, -0.802708625793457, -2.2105231285095215, 1.7377084493637085, 0.15131863951683044, 0.9033071994781494, 2.292067050933838, 1.494767665863037, -0.1653503179550171, 0.3964412808418274, 2.1002132892608643, -0.24408283829689026, 1.0168217420578003, -0.17184048891067505, -2.3226912021636963, -0.25974708795547485, 1.293797254562378, 0.4993041157722473, 0.8240119814872742, 0.15730583667755127, 0.7589550614356995, -0.8723387122154236, 0.496396005153656, 1.2390365600585938, 0.8641448616981506, 0.1540006697177887, 0.09352779388427734, -1.2866250276565552, -0.7394313812255859, 2.2879345417022705, 0.7650418281555176, -0.9889065027236938, -0.8753789663314819, 1.4207348823547363, -0.8228213787078857, 3.4330785274505615, -1.9069052934646606, 0.5735996961593628, 0.2883979082107544, -0.39123672246932983, 1.2874693870544434, -2.2138850688934326, 0.9336010813713074, 1.0269094705581665, 0.8705167770385742, 1.1937047243118286, 1.6558589935302734, -2.1562721729278564, -0.6884077787399292, 2.343686580657959, -0.09769883751869202, 0.8149430155754089, 1.5547449588775635, -0.11827120184898376, -0.148685485124588, 0.9469066262245178, -1.1639080047607422, 0.14897535741329193, -0.4615914821624756, 0.0560273677110672, -1.7615336179733276, 1.073324203491211, 1.3358815908432007, -0.27726978063583374, -1.4180008172988892, 0.7809956669807434, -0.5503623485565186, 1.3578059673309326, -1.8434234857559204, 2.094660520553589, 0.5522060394287109, 0.30336102843284607, -1.8040366172790527, 1.0654785633087158, 2.4758260250091553, 0.6173824071884155, 3.2405147552490234, -1.6018487215042114, -0.39355897903442383, 1.372619867324829, -2.8684868812561035, -0.8465127944946289, 1.4748682975769043, -1.1727120876312256, 1.8411027193069458, 0.9886589050292969, -0.3237539529800415, 2.4162449836730957, -0.28881388902664185, 1.4523810148239136, -1.3174928426742554, 0.8636678457260132, -0.39006996154785156, 1.094858169555664, 2.0019071102142334, -0.096219003200531, 0.4131990969181061, -2.0212039947509766, -0.3594468832015991, 0.8518303036689758, -1.2937896251678467, -0.5935813188552856, 1.3312510251998901, -0.20537647604942322, -0.22048571705818176, -1.4523744583129883, 0.1133875846862793, 1.8496724367141724, -0.6926051378250122, 0.47750431299209595, 1.3622239828109741, 1.0673034191131592, -0.4481174051761627, 1.7104296684265137, 0.5556226372718811, 0.5639870166778564, 0.323131799697876, -1.224839210510254, 0.2266397476196289, 0.05685277283191681, -2.0189685821533203, 0.023242563009262085, 0.08600634336471558, 0.536871075630188, 3.2481653690338135, -0.8590203523635864, 1.4750534296035767, 0.5296634435653687, 0.6812952756881714, 1.2320337295532227, 1.190692663192749, 0.9027825593948364, 0.6089279651641846, -1.0666892528533936, 2.4567790031433105, 0.48799625039100647, -0.21571548283100128, -0.1065988540649414, 0.15982767939567566, 0.34508880972862244, -0.9670308828353882, -2.085580825805664, 2.160987138748169, -0.18924036622047424, 0.6173721551895142, 0.7755981683731079, -2.0897040367126465, 1.135302186012268, 0.43015366792678833, -1.4403375387191772, -0.38288235664367676, -3.0088984966278076, 1.5253232717514038, -0.02807404100894928]",1
74,9606.ENSP00000305810,"[2.1088271141052246, -1.316581130027771, 2.370462417602539, 0.904883086681366, 1.1631407737731934, 0.8870518207550049, 0.8198126554489136, 3.170466899871826, -1.5161635875701904, -0.833020031452179, 2.850541114807129, -2.4315261840820312, 0.4640425443649292, -0.2381485551595688, -1.0750764608383179, -3.5752782821655273, -0.08816548436880112, 1.3718278408050537, 1.9372930526733398, 0.05809128284454346, -0.6960488557815552, -1.8877224922180176, -0.42775893211364746, 0.1317804604768753, 0.05974343419075012, 1.5235559940338135, -0.40895766019821167, 2.9086406230926514, 0.7731281518936157, -2.1505722999572754, -1.0310282707214355, 0.1835748553276062, 0.36671212315559387, -1.2002469301223755, 0.9570227861404419, 1.4812525510787964, -3.482260227203369, -2.398167371749878, -1.7356102466583252, -2.117429494857788, -0.5405107736587524, 0.02563139796257019, -0.524749755859375, -1.036635398864746, 1.0671675205230713, -0.6025334596633911, 0.3637825846672058, -0.2537153363227844, -1.8256796598434448, -0.888401210308075, -0.01115424931049347, 1.8159980773925781, 1.4911394119262695, 0.32381150126457214, 0.19467990100383759, -0.3004857897758484, 2.6543450355529785, 0.10033160448074341, 1.6003789901733398, -1.1118029356002808, -2.076690673828125, 0.10901162028312683, 0.5757040977478027, 0.22578595578670502, -0.7178826928138733, 1.1751110553741455, 0.21715247631072998, -1.7767846584320068, 0.20650658011436462, 0.37722980976104736, 1.6751978397369385, -0.7643564343452454, -0.15564386546611786, -1.7619538307189941, -0.7913274765014648, 2.0435664653778076, 1.3808486461639404, -1.9056289196014404, -0.5310972929000854, 1.4155173301696777, -0.5951900482177734, 2.7692959308624268, -1.8458964824676514, 1.4772013425827026, 0.48749491572380066, 1.2364165782928467, -1.1344445943832397, -2.5939512252807617, -0.20701342821121216, -1.5943130254745483, 0.6956697702407837, 2.362795114517212, 1.7723065614700317, 0.11696517467498779, 0.45582011342048645, 1.9597049951553345, -0.5030472278594971, 0.7616385817527771, 1.8961658477783203, -0.875128984451294, 1.2263495922088623, 1.663830280303955, -2.2097527980804443, 1.1015384197235107, 0.32409265637397766, 0.3630428910255432, -3.4344940185546875, 0.4407601058483124, 1.6715909242630005, -0.2025802731513977, -0.5932719707489014, 1.8560476303100586, -1.0061661005020142, 1.1809512376785278, -3.1171011924743652, 0.7531315088272095, 0.671279788017273, -0.8167052268981934, -0.15001896023750305, 1.8820916414260864, 0.8580532073974609, 1.4142749309539795, 1.7539256811141968, -1.6834625005722046, 2.437668561935425, 1.5923857688903809, -2.693112373352051, -2.2478549480438232, 1.6081187725067139, 0.37025684118270874, 1.6129378080368042, 1.6734274625778198, 1.5106284618377686, 1.7364585399627686, -1.0825562477111816, 1.2314331531524658, -0.2620043158531189, -0.11898419260978699, 1.4352728128433228, 0.9205127358436584, 2.274712085723877, 1.9119281768798828, 1.0372273921966553, -0.5050959587097168, 1.1938600540161133, 1.326745629310608, -2.890697479248047, -1.301683783531189, 1.1361713409423828, -0.08900118619203568, 0.3303597569465637, -2.6449267864227295, 0.032173752784729004, 1.2055959701538086, 0.9024749994277954, 0.27717506885528564, 2.305725574493408, 0.34792008996009827, -1.203283667564392, 2.3564822673797607, -0.1460426151752472, 0.16506481170654297, -0.8541285991668701, -1.713836431503296, 0.36870232224464417, 0.725129246711731, -0.9739288091659546, 0.637883722782135, -0.12317942082881927, 1.882682204246521, 2.9352517127990723, -0.7470195889472961, 1.4598132371902466, 0.3767865300178528, 0.2972522974014282, 0.602236270904541, 1.6648353338241577, 1.8750057220458984, 1.8327361345291138, -0.5882788300514221, 1.5747528076171875, 1.5591964721679688, 0.049150243401527405, 0.9152276515960693, 0.29978570342063904, 1.0199782848358154, -0.375017374753952, -2.541118621826172, 2.181567907333374, -0.4821673333644867, 0.043441399931907654, 1.6830813884735107, -1.266809105873108, 1.2251328229904175, 0.2963617146015167, -2.3539743423461914, 0.8654242157936096, -2.432744026184082, 0.6245580911636353, 0.46677905321121216]",1
75,9606.ENSP00000450731,"[8.63487720489502, -0.9976077079772949, 5.967835903167725, 4.357847690582275, -0.9019361734390259, 3.8901925086975098, -1.1852409839630127, 4.915464401245117, -5.2673211097717285, -0.9233396053314209, 5.445154190063477, -6.750941753387451, 3.3392436504364014, -0.7145180106163025, -3.8175055980682373, -4.299336910247803, -1.0191417932510376, 5.042647838592529, 5.282573223114014, -1.1060768365859985, -3.0816895961761475, -8.267380714416504, 3.6073966026306152, -0.6223437190055847, -2.7246415615081787, -0.20145803689956665, 1.3873145580291748, 3.5055713653564453, 4.1784210205078125, -2.954860210418701, -1.2837508916854858, -6.940672397613525, 0.9199975728988647, -1.6672513484954834, 0.010221362113952637, 3.4857161045074463, -0.188730388879776, -7.746501445770264, -4.853435039520264, -2.148672580718994, -3.1567180156707764, 3.25034499168396, -3.686145782470703, -0.5127773880958557, -1.0988694429397583, 2.6152594089508057, 4.374880790710449, -0.3090813159942627, -7.1742119789123535, -2.5971720218658447, 3.1290249824523926, 3.264733076095581, 2.6721818447113037, 0.0405673086643219, 3.8699710369110107, -4.287847995758057, 7.184389591217041, -3.1853926181793213, 1.0039433240890503, -5.4952778816223145, -7.582769393920898, 3.905809164047241, 2.275402784347534, 0.28507551550865173, 0.7423536777496338, 0.5028055310249329, 2.547846555709839, -3.635080099105835, 0.5655535459518433, 4.972348690032959, 4.5269293785095215, 3.1395010948181152, -1.171085238456726, -6.048304557800293, -3.529214382171631, 7.906843662261963, 3.0006463527679443, -6.691433906555176, -6.1490068435668945, 4.976780891418457, -3.0157878398895264, 7.505970478057861, -7.015690803527832, 0.6288523077964783, 4.072967529296875, 5.260651588439941, -3.8247838020324707, -3.7203574180603027, -1.9223222732543945, -0.42016980051994324, -1.4800167083740234, 6.452930450439453, 8.058344841003418, -2.5822532176971436, -5.066738605499268, 4.733929634094238, -3.9218227863311768, 3.8833513259887695, 6.070001602172852, -2.7142302989959717, 3.958933115005493, 3.75553560256958, -7.092695713043213, 6.14320182800293, 5.434269428253174, 5.623617649078369, -5.183169841766357, -2.6865274906158447, 3.9889533519744873, -3.5469322204589844, -1.8005450963974, 7.29139518737793, -4.93954610824585, -6.264312267303467, -3.370169162750244, 4.2349090576171875, 0.29237285256385803, -0.7613190412521362, -3.524935245513916, 4.646008014678955, 4.511120319366455, 5.0007524490356445, 7.443736553192139, 0.855330765247345, 0.08084310591220856, 3.8632140159606934, -6.864243030548096, -5.476681709289551, 4.375732898712158, -4.238351345062256, 5.917712688446045, 5.628543376922607, -0.4997997581958771, 6.333398342132568, -2.654334783554077, 4.485283851623535, -3.6970643997192383, -1.5528658628463745, 0.18998518586158752, 3.9402313232421875, 5.564360618591309, 1.2007044553756714, 2.0662174224853516, -6.77199649810791, 6.058091640472412, 2.194769859313965, -1.520115852355957, 0.3045171797275543, 3.5060622692108154, -1.4600281715393066, 3.2709803581237793, -4.068684101104736, -1.9954397678375244, 6.698684215545654, -2.8530936241149902, -0.2839932143688202, 0.5000292062759399, -3.431586742401123, -4.808670520782471, -0.05172945559024811, 2.630683422088623, -1.851489782333374, -5.131927490234375, -2.803485870361328, 1.7093666791915894, 5.997527599334717, -3.8536550998687744, 2.7791028022766113, -0.9227159023284912, -3.46541428565979, 9.212382316589355, -1.6078813076019287, 4.7241387367248535, -1.8117046356201172, 0.30140960216522217, 5.917407512664795, 6.822873115539551, 5.959230422973633, 6.623764991760254, -4.194864273071289, 7.219301223754883, 4.211659908294678, 1.00989830493927, 1.962594747543335, -2.2044472694396973, 1.0424590110778809, -5.062803268432617, -7.2948899269104, 8.458056449890137, 1.4045196771621704, -0.38741636276245117, 2.2350404262542725, -5.437317848205566, 6.074939250946045, -1.8287619352340698, -0.9596823453903198, 1.8394345045089722, -6.107092380523682, 6.768454551696777, -4.191555976867676]",1
76,9606.ENSP00000305255,"[5.062388896942139, -0.2376740276813507, 2.79984974861145, 1.4407273530960083, 0.17252521216869354, 1.737416386604309, 1.5552586317062378, 2.8795254230499268, -4.042850017547607, 0.039946794509887695, 3.5397145748138428, -2.9623303413391113, 0.37864384055137634, -1.4646024703979492, -1.5702944993972778, -3.6886348724365234, 0.12752121686935425, 2.847944498062134, 2.7772178649902344, 0.6747316718101501, -1.0835645198822021, -7.373154163360596, 1.025607943534851, 0.2682466506958008, -2.599259614944458, -1.7939567565917969, 0.13636809587478638, 0.9491991996765137, 3.354884624481201, -1.5260378122329712, -3.61859393119812, -6.280250072479248, 0.43428584933280945, -0.6466624140739441, 1.1447361707687378, 3.063884735107422, -1.9255890846252441, -5.923112392425537, -3.581526517868042, -3.8234775066375732, -3.148519515991211, -0.2971423864364624, -4.101719379425049, -1.8770081996917725, -0.40159672498703003, -0.5715187788009644, 1.9552860260009766, 0.4986678957939148, -2.490440607070923, -2.0893328189849854, 3.7565994262695312, 1.8822110891342163, 1.2089245319366455, 0.81013023853302, 3.191318988800049, -4.863275527954102, 3.1930155754089355, -2.5925092697143555, 0.4252454340457916, -4.238250255584717, -5.091029644012451, 3.2016613483428955, 1.9453516006469727, -0.1963464915752411, 1.4942213296890259, 1.874512791633606, 3.214090347290039, -1.1123297214508057, 0.13452593982219696, 2.6135692596435547, 2.759392499923706, 1.6191884279251099, -0.7826830744743347, -2.9158754348754883, -3.9712626934051514, 6.457503795623779, 0.9642832279205322, -4.31789493560791, -2.992525339126587, 3.764235019683838, -1.8607138395309448, 5.220472812652588, -5.116844177246094, 1.6410245895385742, 3.9034698009490967, 1.590181827545166, -1.186077356338501, 0.5853521227836609, -2.329681396484375, -1.2038891315460205, -1.3723217248916626, 5.760761737823486, 4.000281810760498, -2.6775729656219482, -3.05957293510437, 4.903407573699951, -2.421128988265991, 2.188185930252075, 1.9056540727615356, -2.723541021347046, 3.351019859313965, 2.9561636447906494, -3.236347198486328, 4.312596797943115, 5.514981746673584, 2.184692621231079, -3.3641858100891113, -2.7873806953430176, 1.399412989616394, -1.1157150268554688, 0.6405998468399048, 3.992337465286255, -1.8527483940124512, 1.3029732704162598, -0.672831118106842, 1.5261090993881226, 0.9194589853286743, 1.9587979316711426, -1.9608715772628784, 1.6178144216537476, 5.454143047332764, 2.9091455936431885, 4.285623073577881, 0.8558180332183838, -2.4316368103027344, 1.9985402822494507, -2.986933469772339, -4.47683048248291, 3.9059135913848877, -2.123664617538452, 4.042052745819092, 6.133498191833496, -0.7343955039978027, 5.2085371017456055, -2.224125385284424, 4.414580821990967, -1.9147220849990845, -2.7107691764831543, -2.2412877082824707, 1.781628966331482, 3.0632827281951904, 2.855764389038086, 2.6436383724212646, -4.415034294128418, 2.1361067295074463, 3.05208683013916, -0.23071745038032532, 0.2204379141330719, 1.9412790536880493, -3.155346393585205, 1.6321028470993042, -4.078131198883057, -0.8659853339195251, 4.8557329177856445, -3.334794759750366, -1.109825611114502, -2.2276289463043213, -3.0146560668945312, -0.37053585052490234, 0.6218277812004089, 1.58784818649292, -2.1958436965942383, -3.226339340209961, -0.052127450704574585, 1.4108346700668335, 2.895764112472534, -4.055722713470459, 0.9584013819694519, -0.474096417427063, -1.2792001962661743, 5.560540199279785, 1.0549914836883545, 4.837228775024414, -1.6701470613479614, -0.364480584859848, 4.24415922164917, 3.2240753173828125, 4.627473831176758, 4.534521579742432, -2.467635154724121, 6.4549455642700195, 3.3060483932495117, 0.10062272846698761, -0.579259991645813, -1.487963318824768, -1.1498970985412598, -4.06427526473999, -3.986384391784668, 5.619190216064453, -0.635381817817688, -2.653724431991577, -1.8856737613677979, -4.639328479766846, 4.542076110839844, -1.6244457960128784, 2.4799928665161133, 1.287385106086731, -3.456799030303955, 2.6476941108703613, -0.7017039656639099]",1
