From	Entry	Gene Ontology (biological process)	Gene Ontology (cellular component)	Gene Ontology (molecular function)	Gene Ontology IDs	STRING	Entry Name	Organism
G5EEN8	G5EEN8	exocytosis [GO:0006887]; positive regulation of defecation [GO:2000294]; positive regulation of protein secretion [GO:0050714]; regulation of defecation [GO:2000292]; synaptic vesicle fusion to presynaptic active zone membrane [GO:0031629]; synaptic vesicle priming [GO:0016082]	plasma membrane [GO:0005886]; presynapse [GO:0098793]; SNARE complex [GO:0031201]	SNAP receptor activity [GO:0005484]; syntaxin binding [GO:0019905]	GO:0005484; GO:0005886; GO:0006887; GO:0016082; GO:0019905; GO:0031201; GO:0031629; GO:0050714; GO:0098793; GO:2000292; GO:2000294	6239.T14G12.2.1;	AEX4_CAEEL	Caenorhabditis elegans
O00499	O00499	cytoskeleton organization [GO:0007010]; endocytosis [GO:0006897]; endosome to lysosome transport [GO:0008333]; lipid tube assembly [GO:0060988]; negative regulation of amyloid-beta formation [GO:1902430]; negative regulation of aspartic-type endopeptidase activity involved in amyloid precursor protein catabolic process [GO:1902960]; negative regulation of calcium ion transmembrane transport via high voltage-gated calcium channel [GO:1904878]; negative regulation of potassium ion transmembrane transport [GO:1901380]; negative regulation of transcription by RNA polymerase II [GO:0000122]; negative regulation of ventricular cardiac muscle cell action potential [GO:1903946]; nucleus localization [GO:0051647]; nucleus organization [GO:0006997]; positive regulation of actin filament polymerization [GO:0030838]; positive regulation of apoptotic process [GO:0043065]; positive regulation of astrocyte differentiation [GO:0048711]; positive regulation of endocytosis [GO:0045807]; regulation of cell cycle process [GO:0010564]; regulation of heart rate by cardiac conduction [GO:0086091]; regulation of neuron differentiation [GO:0045664]; response to lipopolysaccharide [GO:0032496]; synaptic vesicle endocytosis [GO:0048488]; T-tubule organization [GO:0033292]	actin cytoskeleton [GO:0015629]; axon [GO:0030424]; axon initial segment [GO:0043194]; axon terminus [GO:0043679]; cerebellar mossy fiber [GO:0044300]; cytoplasm [GO:0005737]; cytosol [GO:0005829]; dendrite [GO:0030425]; endosome [GO:0005768]; extrinsic component of synaptic vesicle membrane [GO:0098850]; glutamatergic synapse [GO:0098978]; I band [GO:0031674]; lipid tube [GO:0060987]; membrane [GO:0016020]; node of Ranvier [GO:0033268]; nuclear envelope [GO:0005635]; nucleus [GO:0005634]; plasma membrane [GO:0005886]; postsynapse [GO:0098794]; RNA polymerase II transcription repressor complex [GO:0090571]; synaptic vesicle [GO:0008021]; T-tubule [GO:0030315]; varicosity [GO:0043196]; vesicle [GO:0031982]; Z disc [GO:0030018]	actin filament binding [GO:0051015]; aspartic-type endopeptidase inhibitor activity [GO:0019828]; clathrin binding [GO:0030276]; GTPase binding [GO:0051020]; identical protein binding [GO:0042802]; lipid binding [GO:0008289]; phospholipid binding [GO:0005543]; protease binding [GO:0002020]; protein-folding chaperone binding [GO:0051087]; RNA polymerase binding [GO:0070063]; signaling adaptor activity [GO:0035591]; tau protein binding [GO:0048156]	GO:0000122; GO:0002020; GO:0005543; GO:0005634; GO:0005635; GO:0005737; GO:0005768; GO:0005829; GO:0005886; GO:0006897; GO:0006997; GO:0007010; GO:0008021; GO:0008289; GO:0008333; GO:0010564; GO:0015629; GO:0016020; GO:0019828; GO:0030018; GO:0030276; GO:0030315; GO:0030424; GO:0030425; GO:0030838; GO:0031674; GO:0031982; GO:0032496; GO:0033268; GO:0033292; GO:0035591; GO:0042802; GO:0043065; GO:0043194; GO:0043196; GO:0043679; GO:0044300; GO:0045664; GO:0045807; GO:0048156; GO:0048488; GO:0048711; GO:0051015; GO:0051020; GO:0051087; GO:0051647; GO:0060987; GO:0060988; GO:0070063; GO:0086091; GO:0090571; GO:0098794; GO:0098850; GO:0098978; GO:1901380; GO:1902430; GO:1902960; GO:1903946; GO:1904878	9606.ENSP00000316779;	BIN1_HUMAN	Homo sapiens (Human)
O00571	O00571	cell differentiation [GO:0030154]; cellular response to arsenic-containing substance [GO:0071243]; cellular response to osmotic stress [GO:0071470]; cellular response to virus [GO:0098586]; chromosome segregation [GO:0007059]; cytosolic ribosome assembly [GO:0042256]; extrinsic apoptotic signaling pathway via death domain receptors [GO:0008625]; gamete generation [GO:0007276]; innate immune response [GO:0045087]; intracellular signal transduction [GO:0035556]; intrinsic apoptotic signaling pathway [GO:0097193]; lipid homeostasis [GO:0055088]; negative regulation of apoptotic process [GO:0043066]; negative regulation of cell growth [GO:0030308]; negative regulation of cysteine-type endopeptidase activity [GO:2000117]; negative regulation of extrinsic apoptotic signaling pathway via death domain receptors [GO:1902042]; negative regulation of gene expression [GO:0010629]; negative regulation of intrinsic apoptotic signaling pathway [GO:2001243]; negative regulation of non-canonical NF-kappaB signal transduction [GO:1901223]; negative regulation of protein-containing complex assembly [GO:0031333]; negative regulation of translation [GO:0017148]; positive regulation of apoptotic process [GO:0043065]; positive regulation of canonical Wnt signaling pathway [GO:0090263]; positive regulation of cell growth [GO:0030307]; positive regulation of chemokine (C-C motif) ligand 5 production [GO:0071651]; positive regulation of cysteine-type endopeptidase activity [GO:2001056]; positive regulation of G1/S transition of mitotic cell cycle [GO:1900087]; positive regulation of gene expression [GO:0010628]; positive regulation of interferon-alpha production [GO:0032727]; positive regulation of interferon-beta production [GO:0032728]; positive regulation of mitochondrial translation [GO:0070131]; positive regulation of NLRP3 inflammasome complex assembly [GO:1900227]; positive regulation of non-canonical NF-kappaB signal transduction [GO:1901224]; positive regulation of protein acetylation [GO:1901985]; positive regulation of protein autophosphorylation [GO:0031954]; positive regulation of protein K63-linked ubiquitination [GO:1902523]; positive regulation of protein serine/threonine kinase activity [GO:0071902]; positive regulation of toll-like receptor 7 signaling pathway [GO:0034157]; positive regulation of toll-like receptor 8 signaling pathway [GO:0034161]; positive regulation of transcription by RNA polymerase II [GO:0045944]; positive regulation of translation [GO:0045727]; positive regulation of translation in response to endoplasmic reticulum stress [GO:0036493]; positive regulation of translational initiation [GO:0045948]; positive regulation of type I interferon production [GO:0032481]; positive regulation of viral genome replication [GO:0045070]; protein localization to cytoplasmic stress granule [GO:1903608]; response to virus [GO:0009615]; RNA secondary structure unwinding [GO:0010501]; stress granule assembly [GO:0034063]; translational initiation [GO:0006413]; Wnt signaling pathway [GO:0016055]	cell leading edge [GO:0031252]; centrosome [GO:0005813]; cytoplasm [GO:0005737]; cytoplasmic stress granule [GO:0010494]; cytosol [GO:0005829]; extracellular exosome [GO:0070062]; extracellular region [GO:0005576]; ficolin-1-rich granule lumen [GO:1904813]; lamellipodium [GO:0030027]; mitochondrion [GO:0005739]; NLRP3 inflammasome complex [GO:0072559]; nucleoplasm [GO:0005654]; nucleus [GO:0005634]; P granule [GO:0043186]; plasma membrane [GO:0005886]; secretory granule lumen [GO:0034774]	ATP binding [GO:0005524]; ATP hydrolysis activity [GO:0016887]; ATP-dependent H2AZ histone chaperone activity [GO:0140849]; ATP-dependent H3-H4 histone complex chaperone activity [GO:0140665]; cadherin binding [GO:0045296]; chromatin extrusion motor activity [GO:0140584]; cohesin loader activity [GO:0061775]; CTPase activity [GO:0043273]; DNA binding [GO:0003677]; DNA clamp loader activity [GO:0003689]; DNA helicase activity [GO:0003678]; eukaryotic initiation factor 4E binding [GO:0008190]; gamma-tubulin binding [GO:0043015]; GTPase activity [GO:0003924]; mRNA 5'-UTR binding [GO:0048027]; mRNA binding [GO:0003729]; poly(A) binding [GO:0008143]; protein serine/threonine kinase activator activity [GO:0043539]; ribonucleoside triphosphate phosphatase activity [GO:0017111]; ribosomal small subunit binding [GO:0043024]; RNA binding [GO:0003723]; RNA helicase activity [GO:0003724]; RNA stem-loop binding [GO:0035613]; RNA strand annealing activity [GO:0033592]; signaling adaptor activity [GO:0035591]; transcription factor binding [GO:0008134]; translation initiation factor binding [GO:0031369]	GO:0003677; GO:0003678; GO:0003689; GO:0003723; GO:0003724; GO:0003729; GO:0003924; GO:0005524; GO:0005576; GO:0005634; GO:0005654; GO:0005737; GO:0005739; GO:0005813; GO:0005829; GO:0005886; GO:0006413; GO:0007059; GO:0007276; GO:0008134; GO:0008143; GO:0008190; GO:0008625; GO:0009615; GO:0010494; GO:0010501; GO:0010628; GO:0010629; GO:0016055; GO:0016887; GO:0017111; GO:0017148; GO:0030027; GO:0030154; GO:0030307; GO:0030308; GO:0031252; GO:0031333; GO:0031369; GO:0031954; GO:0032481; GO:0032727; GO:0032728; GO:0033592; GO:0034063; GO:0034157; GO:0034161; GO:0034774; GO:0035556; GO:0035591; GO:0035613; GO:0036493; GO:0042256; GO:0043015; GO:0043024; GO:0043065; GO:0043066; GO:0043186; GO:0043273; GO:0043539; GO:0045070; GO:0045087; GO:0045296; GO:0045727; GO:0045944; GO:0045948; GO:0048027; GO:0055088; GO:0061775; GO:0070062; GO:0070131; GO:0071243; GO:0071470; GO:0071651; GO:0071902; GO:0072559; GO:0090263; GO:0097193; GO:0098586; GO:0140584; GO:0140665; GO:0140849; GO:1900087; GO:1900227; GO:1901223; GO:1901224; GO:1901985; GO:1902042; GO:1902523; GO:1903608; GO:1904813; GO:2000117; GO:2001056; GO:2001243	9606.ENSP00000494040;	DDX3X_HUMAN	Homo sapiens (Human)
O00602	O00602	cell surface pattern recognition receptor signaling pathway [GO:0002752]; complement activation, lectin pathway [GO:0001867]; G protein-coupled receptor signaling pathway [GO:0007186]; negative regulation of viral entry into host cell [GO:0046597]; positive regulation of interleukin-8 production [GO:0032757]; positive regulation of opsonization [GO:1903028]; protein localization to cell surface [GO:0034394]; proteolysis [GO:0006508]; recognition of apoptotic cell [GO:0043654]	collagen trimer [GO:0005581]; collagen-containing extracellular matrix [GO:0062023]; external side of plasma membrane [GO:0009897]; extracellular region [GO:0005576]; extracellular space [GO:0005615]; ficolin-1-rich granule lumen [GO:1904813]; plasma membrane [GO:0005886]; secretory granule lumen [GO:0034774]; serine-type endopeptidase complex [GO:1905370]	antigen binding [GO:0003823]; carbohydrate binding [GO:0030246]; carbohydrate derivative binding [GO:0097367]; G protein-coupled receptor binding [GO:0001664]; metal ion binding [GO:0046872]; pattern recognition receptor activity [GO:0038187]; sialic acid binding [GO:0033691]; signaling receptor binding [GO:0005102]	GO:0001664; GO:0001867; GO:0002752; GO:0003823; GO:0005102; GO:0005576; GO:0005581; GO:0005615; GO:0005886; GO:0006508; GO:0007186; GO:0009897; GO:0030246; GO:0032757; GO:0033691; GO:0034394; GO:0034774; GO:0038187; GO:0043654; GO:0046597; GO:0046872; GO:0062023; GO:0097367; GO:1903028; GO:1904813; GO:1905370	9606.ENSP00000360871;	FCN1_HUMAN	Homo sapiens (Human)
O09044	O09044	exocytosis [GO:0006887]; protein transport [GO:0015031]	cytoplasmic vesicle [GO:0031410]; neuron projection [GO:0043005]; plasma membrane [GO:0005886]; SNARE complex [GO:0031201]; synapse [GO:0045202]		GO:0005886; GO:0006887; GO:0015031; GO:0031201; GO:0031410; GO:0043005; GO:0045202	10090.ENSMUSP00000112138;	SNP23_MOUSE	Mus musculus (Mouse)
O13785	O13785	intracellular protein transport [GO:0006886]; retrograde vesicle-mediated transport, Golgi to endoplasmic reticulum [GO:0006890]	endoplasmic reticulum [GO:0005783]; endoplasmic reticulum membrane [GO:0005789]; SNARE complex [GO:0031201]	SNAP receptor activity [GO:0005484]	GO:0005484; GO:0005783; GO:0005789; GO:0006886; GO:0006890; GO:0031201	284812.O13785;	USE1_SCHPO	Schizosaccharomyces pombe (strain 972 / ATCC 24843) (Fission yeast)
O13932	O13932	endoplasmic reticulum to Golgi vesicle-mediated transport [GO:0006888]; intracellular protein transport [GO:0006886]	endoplasmic reticulum [GO:0005783]; endoplasmic reticulum membrane [GO:0005789]; fungal-type vacuole membrane [GO:0000329]; Golgi apparatus [GO:0005794]; Golgi membrane [GO:0000139]	SNAP receptor activity [GO:0005484]	GO:0000139; GO:0000329; GO:0005484; GO:0005783; GO:0005789; GO:0005794; GO:0006886; GO:0006888	284812.O13932;	BET1_SCHPO	Schizosaccharomyces pombe (strain 972 / ATCC 24843) (Fission yeast)
O14222	O14222	endosomal vesicle fusion [GO:0034058]; Golgi to vacuole transport [GO:0006896]; intracellular protein transport [GO:0006886]; vacuole fusion [GO:0097576]; vesicle docking [GO:0048278]; vesicle fusion [GO:0006906]	endomembrane system [GO:0012505]; Golgi membrane [GO:0000139]; Golgi trans cisterna [GO:0000138]; late endosome [GO:0005770]; late endosome membrane [GO:0031902]; SNARE complex [GO:0031201]; trans-Golgi network [GO:0005802]	SNAP receptor activity [GO:0005484]; SNARE binding [GO:0000149]	GO:0000138; GO:0000139; GO:0000149; GO:0005484; GO:0005770; GO:0005802; GO:0006886; GO:0006896; GO:0006906; GO:0012505; GO:0031201; GO:0031902; GO:0034058; GO:0048278; GO:0097576	284812.O14222;	FSV1_SCHPO	Schizosaccharomyces pombe (strain 972 / ATCC 24843) (Fission yeast)
O14786	O14786	angiogenesis [GO:0001525]; angiogenesis involved in coronary vascular morphogenesis [GO:0060978]; animal organ morphogenesis [GO:0009887]; artery morphogenesis [GO:0048844]; axon extension involved in axon guidance [GO:0048846]; axon guidance [GO:0007411]; axonal fasciculation [GO:0007413]; axonogenesis involved in innervation [GO:0060385]; basal dendrite arborization [GO:0150020]; basal dendrite development [GO:0150018]; branching involved in blood vessel morphogenesis [GO:0001569]; branchiomotor neuron axon guidance [GO:0021785]; cell migration involved in sprouting angiogenesis [GO:0002042]; cell-cell signaling [GO:0007267]; cellular response to hepatocyte growth factor stimulus [GO:0035729]; cellular response to vascular endothelial growth factor stimulus [GO:0035924]; commissural neuron axon guidance [GO:0071679]; coronary artery morphogenesis [GO:0060982]; dichotomous subdivision of terminal units involved in salivary gland branching [GO:0060666]; dorsal root ganglion morphogenesis [GO:1904835]; endothelial cell chemotaxis [GO:0035767]; endothelial tip cell fate specification [GO:0097102]; facial nerve structural organization [GO:0021612]; facioacoustic ganglion development [GO:1903375]; gonadotrophin-releasing hormone neuronal migration to the hypothalamus [GO:0021828]; hepatocyte growth factor receptor signaling pathway [GO:0048012]; integrin-mediated signaling pathway [GO:0007229]; motor neuron axon guidance [GO:0008045]; motor neuron migration [GO:0097475]; negative regulation of axon extension involved in axon guidance [GO:0048843]; negative regulation of extrinsic apoptotic signaling pathway [GO:2001237]; negative regulation of neuron apoptotic process [GO:0043524]; neural crest cell migration [GO:0001755]; neural crest cell migration involved in autonomic nervous system development [GO:1901166]; neuron migration [GO:0001764]; neuropilin signaling pathway [GO:0038189]; otic placode development [GO:1905040]; outflow tract septum morphogenesis [GO:0003148]; platelet-derived growth factor receptor signaling pathway [GO:0048008]; positive chemotaxis [GO:0050918]; positive regulation of angiogenesis [GO:0045766]; positive regulation of axon extension involved in axon guidance [GO:0048842]; positive regulation of cell migration involved in sprouting angiogenesis [GO:0090050]; positive regulation of endothelial cell migration [GO:0010595]; positive regulation of endothelial cell proliferation [GO:0001938]; positive regulation of ERK1 and ERK2 cascade [GO:0070374]; positive regulation of filopodium assembly [GO:0051491]; positive regulation of focal adhesion assembly [GO:0051894]; positive regulation of peptidyl-tyrosine phosphorylation [GO:0050731]; positive regulation of smooth muscle cell migration [GO:0014911]; positive regulation of stress fiber assembly [GO:0051496]; positive regulation of substrate adhesion-dependent cell spreading [GO:1900026]; postsynapse organization [GO:0099173]; protein localization to early endosome [GO:1902946]; regulation of Cdc42 protein signal transduction [GO:0032489]; regulation of vascular endothelial growth factor receptor signaling pathway [GO:0030947]; regulation of vesicle-mediated transport [GO:0060627]; renal artery morphogenesis [GO:0061441]; response to wounding [GO:0009611]; retina vasculature morphogenesis in camera-type eye [GO:0061299]; retinal ganglion cell axon guidance [GO:0031290]; semaphorin-plexin signaling pathway [GO:0071526]; sensory neuron axon guidance [GO:0097374]; signal transduction [GO:0007165]; sprouting angiogenesis [GO:0002040]; substrate-dependent cell migration, cell extension [GO:0006930]; symbiont entry into host cell [GO:0046718]; sympathetic ganglion development [GO:0061549]; sympathetic neuron projection extension [GO:0097490]; sympathetic neuron projection guidance [GO:0097491]; trigeminal ganglion development [GO:0061551]; trigeminal nerve structural organization [GO:0021637]; vascular endothelial growth factor receptor signaling pathway [GO:0048010]; vasculogenesis [GO:0001570]; VEGF-activated neuropilin signaling pathway [GO:0038190]; ventral trunk neural crest cell migration [GO:0036486]; vestibulocochlear nerve structural organization [GO:0021649]	axon [GO:0030424]; cytoplasmic vesicle [GO:0031410]; cytosol [GO:0005829]; early endosome [GO:0005769]; extracellular space [GO:0005615]; focal adhesion [GO:0005925]; glutamatergic synapse [GO:0098978]; mitochondrial membrane [GO:0031966]; neurofilament [GO:0005883]; neuron projection [GO:0043005]; plasma membrane [GO:0005886]; postsynaptic membrane [GO:0045211]; receptor complex [GO:0043235]; semaphorin receptor complex [GO:0002116]; sorting endosome [GO:0097443]	coreceptor activity [GO:0015026]; cytokine binding [GO:0019955]; growth factor binding [GO:0019838]; GTPase activator activity [GO:0005096]; heparin binding [GO:0008201]; metal ion binding [GO:0046872]; protein kinase binding [GO:0019901]; semaphorin receptor activity [GO:0017154]; vascular endothelial growth factor binding [GO:0038085]; vascular endothelial growth factor receptor activity [GO:0005021]	GO:0001525; GO:0001569; GO:0001570; GO:0001755; GO:0001764; GO:0001938; GO:0002040; GO:0002042; GO:0002116; GO:0003148; GO:0005021; GO:0005096; GO:0005615; GO:0005769; GO:0005829; GO:0005883; GO:0005886; GO:0005925; GO:0006930; GO:0007165; GO:0007229; GO:0007267; GO:0007411; GO:0007413; GO:0008045; GO:0008201; GO:0009611; GO:0009887; GO:0010595; GO:0014911; GO:0015026; GO:0017154; GO:0019838; GO:0019901; GO:0019955; GO:0021612; GO:0021637; GO:0021649; GO:0021785; GO:0021828; GO:0030424; GO:0030947; GO:0031290; GO:0031410; GO:0031966; GO:0032489; GO:0035729; GO:0035767; GO:0035924; GO:0036486; GO:0038085; GO:0038189; GO:0038190; GO:0043005; GO:0043235; GO:0043524; GO:0045211; GO:0045766; GO:0046718; GO:0046872; GO:0048008; GO:0048010; GO:0048012; GO:0048842; GO:0048843; GO:0048844; GO:0048846; GO:0050731; GO:0050918; GO:0051491; GO:0051496; GO:0051894; GO:0060385; GO:0060627; GO:0060666; GO:0060978; GO:0060982; GO:0061299; GO:0061441; GO:0061549; GO:0061551; GO:0070374; GO:0071526; GO:0071679; GO:0090050; GO:0097102; GO:0097374; GO:0097443; GO:0097475; GO:0097490; GO:0097491; GO:0098978; GO:0099173; GO:0150018; GO:0150020; GO:1900026; GO:1901166; GO:1902946; GO:1903375; GO:1904835; GO:1905040; GO:2001237	9606.ENSP00000265371;	NRP1_HUMAN	Homo sapiens (Human)
O15155	O15155	endoplasmic reticulum to Golgi vesicle-mediated transport [GO:0006888]; protein transport [GO:0015031]; vesicle fusion with Golgi apparatus [GO:0048280]	cis-Golgi network [GO:0005801]; endoplasmic reticulum [GO:0005783]; endoplasmic reticulum membrane [GO:0005789]; endoplasmic reticulum-Golgi intermediate compartment membrane [GO:0033116]; Golgi membrane [GO:0000139]; membrane [GO:0016020]; SNARE complex [GO:0031201]; transport vesicle [GO:0030133]	SNAP receptor activity [GO:0005484]	GO:0000139; GO:0005484; GO:0005783; GO:0005789; GO:0005801; GO:0006888; GO:0015031; GO:0016020; GO:0030133; GO:0031201; GO:0033116; GO:0048280	9606.ENSP00000222547;	BET1_HUMAN	Homo sapiens (Human)
O15492	O15492	G protein-coupled receptor signaling pathway [GO:0007186]; negative regulation of signal transduction [GO:0009968]; positive regulation of GTPase activity [GO:0043547]; regulation of G protein-coupled receptor signaling pathway [GO:0008277]; visual perception [GO:0007601]	cytoplasm [GO:0005737]; membrane [GO:0016020]; plasma membrane [GO:0005886]	calmodulin binding [GO:0005516]; GTPase activator activity [GO:0005096]; GTPase activity [GO:0003924]	GO:0003924; GO:0005096; GO:0005516; GO:0005737; GO:0005886; GO:0007186; GO:0007601; GO:0008277; GO:0009968; GO:0016020; GO:0043547	9606.ENSP00000356529;	RGS16_HUMAN	Homo sapiens (Human)
O22151	O22151	endoplasmic reticulum to Golgi vesicle-mediated transport [GO:0006888]; protein transport [GO:0015031]	cis-Golgi network [GO:0005801]; endoplasmic reticulum membrane [GO:0005789]; endosome [GO:0005768]; Golgi apparatus [GO:0005794]; Golgi membrane [GO:0000139]; plant-type vacuole [GO:0000325]; trans-Golgi network [GO:0005802]		GO:0000139; GO:0000325; GO:0005768; GO:0005789; GO:0005794; GO:0005801; GO:0005802; GO:0006888; GO:0015031	3702.O22151;	GOS12_ARATH	Arabidopsis thaliana (Mouse-ear cress)
O35152	O35152	protein transport [GO:0015031]; regulation of retrograde vesicle-mediated transport, Golgi to ER [GO:2000156]; retrograde transport, endosome to Golgi [GO:0042147]	cytosol [GO:0005829]; endosome [GO:0005768]; Golgi apparatus [GO:0005794]; Golgi membrane [GO:0000139]; Golgi stack [GO:0005795]; Golgi-associated vesicle [GO:0005798]; SNARE complex [GO:0031201]; trans-Golgi network [GO:0005802]	SNAP receptor activity [GO:0005484]	GO:0000139; GO:0005484; GO:0005768; GO:0005794; GO:0005795; GO:0005798; GO:0005802; GO:0005829; GO:0015031; GO:0031201; GO:0042147; GO:2000156	10116.ENSRNOP00000017684;	BET1L_RAT	Rattus norvegicus (Rat)
O42852	O42852	intracellular protein transport [GO:0006886]; retrograde vesicle-mediated transport, Golgi to endoplasmic reticulum [GO:0006890]	cytoplasm [GO:0005737]; endoplasmic reticulum [GO:0005783]; endoplasmic reticulum membrane [GO:0005789]; Golgi apparatus [GO:0005794]; SNARE complex [GO:0031201]	SNAP receptor activity [GO:0005484]	GO:0005484; GO:0005737; GO:0005783; GO:0005789; GO:0005794; GO:0006886; GO:0006890; GO:0031201	284812.O42852;	SEC20_SCHPO	Schizosaccharomyces pombe (strain 972 / ATCC 24843) (Fission yeast)
O43924	O43924	visual perception [GO:0007601]	cilium [GO:0005929]; cytoplasm [GO:0005737]; cytoplasmic vesicle [GO:0031410]; cytoplasmic vesicle membrane [GO:0030659]; cytoskeleton [GO:0005856]; cytosol [GO:0005829]	GTPase inhibitor activity [GO:0005095]; small GTPase binding [GO:0031267]	GO:0005095; GO:0005737; GO:0005829; GO:0005856; GO:0005929; GO:0007601; GO:0030659; GO:0031267; GO:0031410	9606.ENSP00000287600;	PDE6D_HUMAN	Homo sapiens (Human)
O48850	O48850	protein transport [GO:0015031]; vesicle-mediated transport [GO:0016192]	early endosome membrane [GO:0031901]; endosome [GO:0005768]; plasma membrane [GO:0005886]		GO:0005768; GO:0005886; GO:0015031; GO:0016192; GO:0031901	3702.O48850;	VA725_ARATH	Arabidopsis thaliana (Mouse-ear cress)
O70404	O70404	autophagosome maturation [GO:0097352]; cellular response to type II interferon [GO:0071346]; defense response to virus [GO:0051607]; establishment of localization in cell [GO:0051649]; mucus secretion [GO:0070254]; positive regulation of pancreatic amylase secretion [GO:1902278]; protein transport [GO:0015031]; regulation of endocytosis [GO:0030100]; SNARE complex assembly [GO:0035493]; symbiont entry into host cell [GO:0046718]; vesicle fusion [GO:0006906]; zymogen granule exocytosis [GO:0070625]	basal part of cell [GO:0045178]; basolateral part of cell [GO:1990794]; basolateral plasma membrane [GO:0016323]; cell surface [GO:0009986]; cytosol [GO:0005829]; early endosome [GO:0005769]; early endosome membrane [GO:0031901]; late endosome membrane [GO:0031902]; lysosomal membrane [GO:0005765]; lysosome [GO:0005764]; mitochondrion [GO:0005739]; phagocytic vesicle [GO:0045335]; secretory granule [GO:0030141]; SNARE complex [GO:0031201]; zymogen granule [GO:0042588]; zymogen granule membrane [GO:0042589]		GO:0005739; GO:0005764; GO:0005765; GO:0005769; GO:0005829; GO:0006906; GO:0009986; GO:0015031; GO:0016323; GO:0030100; GO:0030141; GO:0031201; GO:0031901; GO:0031902; GO:0035493; GO:0042588; GO:0042589; GO:0045178; GO:0045335; GO:0046718; GO:0051607; GO:0051649; GO:0070254; GO:0070625; GO:0071346; GO:0097352; GO:1902278; GO:1990794	10090.ENSMUSP00000059501;	VAMP8_MOUSE	Mus musculus (Mouse)
O74509	O74509	exocytosis [GO:0006887]; Golgi to vacuole transport [GO:0006896]; intracellular protein transport [GO:0006886]; vacuole fusion [GO:0097576]; vesicle docking [GO:0048278]; vesicle fusion [GO:0006906]	endomembrane system [GO:0012505]; fungal-type vacuole [GO:0000324]; fungal-type vacuole membrane [GO:0000329]; late endosome [GO:0005770]; plasma membrane [GO:0005886]; SNARE complex [GO:0031201]	phosphatidylinositol binding [GO:0035091]; SNAP receptor activity [GO:0005484]; SNARE binding [GO:0000149]	GO:0000149; GO:0000324; GO:0000329; GO:0005484; GO:0005770; GO:0005886; GO:0006886; GO:0006887; GO:0006896; GO:0006906; GO:0012505; GO:0031201; GO:0035091; GO:0048278; GO:0097576	284812.O74509;	VAM7_SCHPO	Schizosaccharomyces pombe (strain 972 / ATCC 24843) (Fission yeast)
O75828	O75828	cognition [GO:0050890]; phylloquinone catabolic process [GO:0042376]; xenobiotic metabolic process [GO:0006805]	cytosol [GO:0005829]; extracellular space [GO:0005615]; nucleoplasm [GO:0005654]	3-keto sterol reductase activity [GO:0000253]; carbonyl reductase (NADPH) activity [GO:0004090]; NADPH binding [GO:0070402]; NADPH dehydrogenase (quinone) activity [GO:0008753]	GO:0000253; GO:0004090; GO:0005615; GO:0005654; GO:0005829; GO:0006805; GO:0008753; GO:0042376; GO:0050890; GO:0070402	9606.ENSP00000290354;	CBR3_HUMAN	Homo sapiens (Human)
O94531	O94531	protein transport [GO:0015031]; retrograde vesicle-mediated transport, Golgi to endoplasmic reticulum [GO:0006890]	endoplasmic reticulum [GO:0005783]; endoplasmic reticulum membrane [GO:0005789]; SNARE complex [GO:0031201]	SNAP receptor activity [GO:0005484]	GO:0005484; GO:0005783; GO:0005789; GO:0006890; GO:0015031; GO:0031201	284812.O94531;	UFE1_SCHPO	Schizosaccharomyces pombe (strain 972 / ATCC 24843) (Fission yeast)
O95183	O95183	cell differentiation [GO:0030154]; Golgi to plasma membrane protein transport [GO:0043001]; muscle organ development [GO:0007517]; skeletal muscle tissue development [GO:0007519]	cell surface [GO:0009986]; cytoplasmic vesicle membrane [GO:0030659]; extracellular exosome [GO:0070062]; Golgi apparatus [GO:0005794]; intercalated disc [GO:0014704]; late endosome [GO:0005770]; organelle membrane [GO:0031090]; perinuclear region of cytoplasm [GO:0048471]; plasma membrane [GO:0005886]		GO:0005770; GO:0005794; GO:0005886; GO:0007517; GO:0007519; GO:0009986; GO:0014704; GO:0030154; GO:0030659; GO:0031090; GO:0043001; GO:0048471; GO:0070062	9606.ENSP00000305647;	VAMP5_HUMAN	Homo sapiens (Human)
O95721	O95721	autophagosome maturation [GO:0097352]; autophagosome membrane docking [GO:0016240]; cilium assembly [GO:0060271]; exocytosis [GO:0006887]; membrane fusion [GO:0061025]; protein transport [GO:0015031]; synaptic vesicle fusion to presynaptic active zone membrane [GO:0031629]; synaptic vesicle priming [GO:0016082]; vesicle targeting [GO:0006903]	autophagosome [GO:0005776]; autophagosome membrane [GO:0000421]; azurophil granule membrane [GO:0035577]; centrosome [GO:0005813]; ciliary pocket membrane [GO:0020018]; cytoplasm [GO:0005737]; cytosol [GO:0005829]; Golgi membrane [GO:0000139]; mitochondrion [GO:0005739]; plasma membrane [GO:0005886]; presynapse [GO:0098793]; SNARE complex [GO:0031201]	SNAP receptor activity [GO:0005484]; syntaxin binding [GO:0019905]	GO:0000139; GO:0000421; GO:0005484; GO:0005737; GO:0005739; GO:0005776; GO:0005813; GO:0005829; GO:0005886; GO:0006887; GO:0006903; GO:0015031; GO:0016082; GO:0016240; GO:0019905; GO:0020018; GO:0031201; GO:0031629; GO:0035577; GO:0060271; GO:0061025; GO:0097352; GO:0098793	9606.ENSP00000215730;	SNP29_HUMAN	Homo sapiens (Human)
O95750	O95750	bile acid and bile salt transport [GO:0015721]; fibroblast growth factor receptor signaling pathway [GO:0008543]; heart development [GO:0007507]; negative regulation of bile acid biosynthetic process [GO:0070858]; negative regulation of gene expression [GO:0010629]; nervous system development [GO:0007399]; neural crest cell migration [GO:0001755]; neurogenesis [GO:0022008]; positive regulation of cell population proliferation [GO:0008284]; positive regulation of D-glucose import [GO:0046326]; positive regulation of ERK1 and ERK2 cascade [GO:0070374]; positive regulation of JNK cascade [GO:0046330]; positive regulation of MAPK cascade [GO:0043410]; positive regulation of protein phosphorylation [GO:0001934]; regulation of cell migration [GO:0030334]; response to bacterium [GO:0009617]; response to ethanol [GO:0045471]; response to organic cyclic compound [GO:0014070]	cytoplasm [GO:0005737]; extracellular region [GO:0005576]; extracellular space [GO:0005615]	fibroblast growth factor receptor binding [GO:0005104]; growth factor activity [GO:0008083]	GO:0001755; GO:0001934; GO:0005104; GO:0005576; GO:0005615; GO:0005737; GO:0007399; GO:0007507; GO:0008083; GO:0008284; GO:0008543; GO:0009617; GO:0010629; GO:0014070; GO:0015721; GO:0022008; GO:0030334; GO:0043410; GO:0045471; GO:0046326; GO:0046330; GO:0070374; GO:0070858	9606.ENSP00000294312;	FGF19_HUMAN	Homo sapiens (Human)
P00742	P00742	blood coagulation [GO:0007596]; positive regulation of cell migration [GO:0030335]; positive regulation of TOR signaling [GO:0032008]; proteolysis [GO:0006508]	endoplasmic reticulum lumen [GO:0005788]; external side of plasma membrane [GO:0009897]; extracellular region [GO:0005576]; extracellular space [GO:0005615]; Golgi lumen [GO:0005796]; plasma membrane [GO:0005886]	calcium ion binding [GO:0005509]; phospholipid binding [GO:0005543]; serine-type endopeptidase activity [GO:0004252]	GO:0004252; GO:0005509; GO:0005543; GO:0005576; GO:0005615; GO:0005788; GO:0005796; GO:0005886; GO:0006508; GO:0007596; GO:0009897; GO:0030335; GO:0032008	9606.ENSP00000364709;	FA10_HUMAN	Homo sapiens (Human)
P00749	P00749	blood coagulation [GO:0007596]; chemotaxis [GO:0006935]; fibrinolysis [GO:0042730]; negative regulation of fibrinolysis [GO:0051918]; negative regulation of plasminogen activation [GO:0010757]; plasminogen activation [GO:0031639]; positive regulation of cell migration [GO:0030335]; proteolysis [GO:0006508]; regulation of cell adhesion [GO:0030155]; regulation of cell adhesion mediated by integrin [GO:0033628]; regulation of cell population proliferation [GO:0042127]; regulation of fibrinolysis [GO:0051917]; regulation of plasminogen activation [GO:0010755]; regulation of signaling receptor activity [GO:0010469]; regulation of smooth muscle cell migration [GO:0014910]; regulation of smooth muscle cell-matrix adhesion [GO:2000097]; regulation of wound healing [GO:0061041]; response to hypoxia [GO:0001666]; signal transduction [GO:0007165]; smooth muscle cell migration [GO:0014909]; urokinase plasminogen activator signaling pathway [GO:0038195]	cell surface [GO:0009986]; external side of plasma membrane [GO:0009897]; extracellular exosome [GO:0070062]; extracellular region [GO:0005576]; extracellular space [GO:0005615]; focal adhesion [GO:0005925]; plasma membrane [GO:0005886]; protein complex involved in cell-matrix adhesion [GO:0098637]; serine protease inhibitor complex [GO:0097180]; serine-type endopeptidase complex [GO:1905370]; specific granule membrane [GO:0035579]; tertiary granule membrane [GO:0070821]	serine-type endopeptidase activity [GO:0004252]	GO:0001666; GO:0004252; GO:0005576; GO:0005615; GO:0005886; GO:0005925; GO:0006508; GO:0006935; GO:0007165; GO:0007596; GO:0009897; GO:0009986; GO:0010469; GO:0010755; GO:0010757; GO:0014909; GO:0014910; GO:0030155; GO:0030335; GO:0031639; GO:0033628; GO:0035579; GO:0038195; GO:0042127; GO:0042730; GO:0051917; GO:0051918; GO:0061041; GO:0070062; GO:0070821; GO:0097180; GO:0098637; GO:1905370; GO:2000097	9606.ENSP00000361850;	UROK_HUMAN	Homo sapiens (Human)
P00918	P00918	angiotensin-activated signaling pathway [GO:0038166]; carbon dioxide transport [GO:0015670]; morphogenesis of an epithelium [GO:0002009]; neuron cellular homeostasis [GO:0070050]; one-carbon metabolic process [GO:0006730]; positive regulation of cellular pH reduction [GO:0032849]; positive regulation of dipeptide transmembrane transport [GO:2001150]; positive regulation of synaptic transmission, GABAergic [GO:0032230]; regulation of chloride transport [GO:2001225]; regulation of intracellular pH [GO:0051453]; regulation of monoatomic anion transport [GO:0044070]; secretion [GO:0046903]	apical part of cell [GO:0045177]; cytoplasm [GO:0005737]; cytosol [GO:0005829]; extracellular exosome [GO:0070062]; myelin sheath [GO:0043209]; plasma membrane [GO:0005886]	arylesterase activity [GO:0004064]; carbonate dehydratase activity [GO:0004089]; cyanamide hydratase activity [GO:0018820]; zinc ion binding [GO:0008270]	GO:0002009; GO:0004064; GO:0004089; GO:0005737; GO:0005829; GO:0005886; GO:0006730; GO:0008270; GO:0015670; GO:0018820; GO:0032230; GO:0032849; GO:0038166; GO:0043209; GO:0044070; GO:0045177; GO:0046903; GO:0051453; GO:0070050; GO:0070062; GO:2001150; GO:2001225	9606.ENSP00000285379;	CAH2_HUMAN	Homo sapiens (Human)
P01130	P01130	amyloid-beta clearance [GO:0097242]; amyloid-beta clearance by cellular catabolic process [GO:0150094]; artery morphogenesis [GO:0048844]; cellular response to fatty acid [GO:0071398]; cellular response to low-density lipoprotein particle stimulus [GO:0071404]; cholesterol homeostasis [GO:0042632]; cholesterol import [GO:0070508]; cholesterol metabolic process [GO:0008203]; cholesterol transport [GO:0030301]; endocytosis [GO:0006897]; high-density lipoprotein particle clearance [GO:0034384]; intestinal cholesterol absorption [GO:0030299]; lipid metabolic process [GO:0006629]; lipoprotein catabolic process [GO:0042159]; long-term memory [GO:0007616]; low-density lipoprotein particle clearance [GO:0034383]; negative regulation of amyloid fibril formation [GO:1905907]; negative regulation of astrocyte activation [GO:0061889]; negative regulation of gene expression [GO:0010629]; negative regulation of low-density lipoprotein particle clearance [GO:0010989]; negative regulation of microglial cell activation [GO:1903979]; negative regulation of protein metabolic process [GO:0051248]; negative regulation of receptor recycling [GO:0001920]; phagocytosis [GO:0006909]; phospholipid transport [GO:0015914]; plasma lipoprotein particle clearance [GO:0034381]; positive regulation of gene expression [GO:0010628]; positive regulation of inflammatory response [GO:0050729]; positive regulation of lysosomal protein catabolic process [GO:1905167]; positive regulation of triglyceride biosynthetic process [GO:0010867]; receptor-mediated endocytosis [GO:0006898]; receptor-mediated endocytosis involved in cholesterol transport [GO:0090118]; regulation of cholesterol metabolic process [GO:0090181]; regulation of phosphatidylcholine catabolic process [GO:0010899]; regulation of protein metabolic process [GO:0051246]; response to caloric restriction [GO:0061771]	apical part of cell [GO:0045177]; basolateral plasma membrane [GO:0016323]; cell surface [GO:0009986]; clathrin-coated endocytic vesicle membrane [GO:0030669]; clathrin-coated pit [GO:0005905]; early endosome [GO:0005769]; endolysosome membrane [GO:0036020]; endosome membrane [GO:0010008]; external side of plasma membrane [GO:0009897]; Golgi apparatus [GO:0005794]; late endosome [GO:0005770]; low-density lipoprotein particle [GO:0034362]; lysosome [GO:0005764]; membrane [GO:0016020]; PCSK9-LDLR complex [GO:1990666]; plasma membrane [GO:0005886]; receptor complex [GO:0043235]; somatodendritic compartment [GO:0036477]; sorting endosome [GO:0097443]	amyloid-beta binding [GO:0001540]; calcium ion binding [GO:0005509]; clathrin heavy chain binding [GO:0032050]; identical protein binding [GO:0042802]; lipoprotein particle binding [GO:0071813]; low-density lipoprotein particle binding [GO:0030169]; low-density lipoprotein particle receptor activity [GO:0005041]; molecular adaptor activity [GO:0060090]; protease binding [GO:0002020]; very-low-density lipoprotein particle receptor activity [GO:0030229]; virus receptor activity [GO:0001618]	GO:0001540; GO:0001618; GO:0001920; GO:0002020; GO:0005041; GO:0005509; GO:0005764; GO:0005769; GO:0005770; GO:0005794; GO:0005886; GO:0005905; GO:0006629; GO:0006897; GO:0006898; GO:0006909; GO:0007616; GO:0008203; GO:0009897; GO:0009986; GO:0010008; GO:0010628; GO:0010629; GO:0010867; GO:0010899; GO:0010989; GO:0015914; GO:0016020; GO:0016323; GO:0030169; GO:0030229; GO:0030299; GO:0030301; GO:0030669; GO:0032050; GO:0034362; GO:0034381; GO:0034383; GO:0034384; GO:0036020; GO:0036477; GO:0042159; GO:0042632; GO:0042802; GO:0043235; GO:0045177; GO:0048844; GO:0050729; GO:0051246; GO:0051248; GO:0060090; GO:0061771; GO:0061889; GO:0070508; GO:0071398; GO:0071404; GO:0071813; GO:0090118; GO:0090181; GO:0097242; GO:0097443; GO:0150094; GO:1903979; GO:1905167; GO:1905907; GO:1990666	9606.ENSP00000454071;	LDLR_HUMAN	Homo sapiens (Human)
P02753	P02753	cardiac muscle tissue development [GO:0048738]; embryonic organ morphogenesis [GO:0048562]; embryonic retina morphogenesis in camera-type eye [GO:0060059]; embryonic skeletal system development [GO:0048706]; eye development [GO:0001654]; female genitalia morphogenesis [GO:0048807]; gluconeogenesis [GO:0006094]; glucose homeostasis [GO:0042593]; heart development [GO:0007507]; heart trabecula formation [GO:0060347]; lung development [GO:0030324]; maintenance of gastrointestinal epithelium [GO:0030277]; negative regulation of cardiac muscle cell proliferation [GO:0060044]; positive regulation of immunoglobulin production [GO:0002639]; positive regulation of insulin secretion [GO:0032024]; response to retinoic acid [GO:0032526]; retinol metabolic process [GO:0042572]; retinol transport [GO:0034633]; urinary bladder development [GO:0060157]; uterus development [GO:0060065]; vagina development [GO:0060068]; visual perception [GO:0007601]	extracellular exosome [GO:0070062]; extracellular region [GO:0005576]; extracellular space [GO:0005615]	retinal binding [GO:0016918]; retinol binding [GO:0019841]; retinol transmembrane transporter activity [GO:0034632]	GO:0001654; GO:0002639; GO:0005576; GO:0005615; GO:0006094; GO:0007507; GO:0007601; GO:0016918; GO:0019841; GO:0030277; GO:0030324; GO:0032024; GO:0032526; GO:0034632; GO:0034633; GO:0042572; GO:0042593; GO:0048562; GO:0048706; GO:0048738; GO:0048807; GO:0060044; GO:0060059; GO:0060065; GO:0060068; GO:0060157; GO:0060347; GO:0070062	9606.ENSP00000360522;	RET4_HUMAN	Homo sapiens (Human)
P02787	P02787	actin filament organization [GO:0007015]; antibacterial humoral response [GO:0019731]; cellular response to iron ion [GO:0071281]; ERK1 and ERK2 cascade [GO:0070371]; intracellular iron ion homeostasis [GO:0006879]; iron ion transport [GO:0006826]; multicellular organismal-level iron ion homeostasis [GO:0060586]; osteoclast differentiation [GO:0030316]; positive regulation of bone resorption [GO:0045780]; positive regulation of cell motility [GO:2000147]; positive regulation of DNA-templated transcription [GO:0045893]; positive regulation of phosphorylation [GO:0042327]; positive regulation of proteasomal ubiquitin-dependent protein catabolic process [GO:0032436]; positive regulation of receptor-mediated endocytosis [GO:0048260]; regulation of iron ion transport [GO:0034756]; regulation of protein stability [GO:0031647]	apical plasma membrane [GO:0016324]; basal part of cell [GO:0045178]; basal plasma membrane [GO:0009925]; blood microparticle [GO:0072562]; cell surface [GO:0009986]; clathrin-coated endocytic vesicle membrane [GO:0030669]; clathrin-coated pit [GO:0005905]; cytoplasmic vesicle [GO:0031410]; early endosome [GO:0005769]; endocytic vesicle [GO:0030139]; endoplasmic reticulum lumen [GO:0005788]; endosome membrane [GO:0010008]; extracellular exosome [GO:0070062]; extracellular region [GO:0005576]; extracellular space [GO:0005615]; HFE-transferrin receptor complex [GO:1990712]; late endosome [GO:0005770]; perinuclear region of cytoplasm [GO:0048471]; plasma membrane [GO:0005886]; recycling endosome [GO:0055037]; secretory granule lumen [GO:0034774]; vesicle [GO:0031982]	enzyme binding [GO:0019899]; ferric iron binding [GO:0008199]; ferrous iron binding [GO:0008198]; iron chaperone activity [GO:0034986]; transferrin receptor binding [GO:1990459]; transmembrane transporter binding [GO:0044325]	GO:0005576; GO:0005615; GO:0005769; GO:0005770; GO:0005788; GO:0005886; GO:0005905; GO:0006826; GO:0006879; GO:0007015; GO:0008198; GO:0008199; GO:0009925; GO:0009986; GO:0010008; GO:0016324; GO:0019731; GO:0019899; GO:0030139; GO:0030316; GO:0030669; GO:0031410; GO:0031647; GO:0031982; GO:0032436; GO:0034756; GO:0034774; GO:0034986; GO:0042327; GO:0044325; GO:0045178; GO:0045780; GO:0045893; GO:0048260; GO:0048471; GO:0055037; GO:0060586; GO:0070062; GO:0070371; GO:0071281; GO:0072562; GO:1990459; GO:1990712; GO:2000147	9606.ENSP00000385834;	TRFE_HUMAN	Homo sapiens (Human)
P04278	P04278		extracellular exosome [GO:0070062]; extracellular region [GO:0005576]	androgen binding [GO:0005497]; steroid binding [GO:0005496]	GO:0005496; GO:0005497; GO:0005576; GO:0070062	9606.ENSP00000369816;	SHBG_HUMAN	Homo sapiens (Human)
P05090	P05090	angiogenesis [GO:0001525]; brain development [GO:0007420]; glucose metabolic process [GO:0006006]; lipid metabolic process [GO:0006629]; negative regulation of cytokine production involved in inflammatory response [GO:1900016]; negative regulation of focal adhesion assembly [GO:0051895]; negative regulation of lipoprotein lipid oxidation [GO:0060588]; negative regulation of monocyte chemotactic protein-1 production [GO:0071638]; negative regulation of platelet-derived growth factor receptor signaling pathway [GO:0010642]; negative regulation of protein import into nucleus [GO:0042308]; negative regulation of smooth muscle cell proliferation [GO:0048662]; negative regulation of smooth muscle cell-matrix adhesion [GO:2000098]; negative regulation of T cell migration [GO:2000405]; peripheral nervous system axon regeneration [GO:0014012]; response to axon injury [GO:0048678]; response to reactive oxygen species [GO:0000302]; tissue regeneration [GO:0042246]	cytoplasm [GO:0005737]; cytosolic ribosome [GO:0022626]; dendrite [GO:0030425]; endoplasmic reticulum [GO:0005783]; extracellular exosome [GO:0070062]; extracellular region [GO:0005576]; extracellular space [GO:0005615]; neuronal cell body [GO:0043025]; perinuclear region of cytoplasm [GO:0048471]	cholesterol binding [GO:0015485]; lipid transporter activity [GO:0005319]	GO:0000302; GO:0001525; GO:0005319; GO:0005576; GO:0005615; GO:0005737; GO:0005783; GO:0006006; GO:0006629; GO:0007420; GO:0010642; GO:0014012; GO:0015485; GO:0022626; GO:0030425; GO:0042246; GO:0042308; GO:0043025; GO:0048471; GO:0048662; GO:0048678; GO:0051895; GO:0060588; GO:0070062; GO:0071638; GO:1900016; GO:2000098; GO:2000405	9606.ENSP00000345179;	APOD_HUMAN	Homo sapiens (Human)
P05107	P05107	amyloid-beta clearance [GO:0097242]; apoptotic process [GO:0006915]; cell adhesion [GO:0007155]; cell-cell adhesion [GO:0098609]; cell-cell adhesion via plasma-membrane adhesion molecules [GO:0098742]; cell-cell signaling [GO:0007267]; cell-matrix adhesion [GO:0007160]; cellular extravasation [GO:0045123]; cellular response to low-density lipoprotein particle stimulus [GO:0071404]; endodermal cell differentiation [GO:0035987]; endothelial cell migration [GO:0043542]; heterotypic cell-cell adhesion [GO:0034113]; inflammatory response [GO:0006954]; integrin-mediated signaling pathway [GO:0007229]; leukocyte cell-cell adhesion [GO:0007159]; leukocyte migration involved in inflammatory response [GO:0002523]; microglial cell activation [GO:0001774]; negative regulation of dopamine metabolic process [GO:0045963]; neutrophil chemotaxis [GO:0030593]; neutrophil migration [GO:1990266]; phagocytosis, engulfment [GO:0006911]; positive regulation of angiogenesis [GO:0045766]; positive regulation of leukocyte adhesion to vascular endothelial cell [GO:1904996]; positive regulation of neutrophil degranulation [GO:0043315]; positive regulation of nitric oxide biosynthetic process [GO:0045429]; positive regulation of prostaglandin-E synthase activity [GO:2000363]; positive regulation of protein targeting to membrane [GO:0090314]; positive regulation of superoxide anion generation [GO:0032930]; receptor clustering [GO:0043113]; receptor internalization [GO:0031623]; receptor-mediated endocytosis [GO:0006898]; regulation of cell shape [GO:0008360]; regulation of peptidyl-tyrosine phosphorylation [GO:0050730]	cell surface [GO:0009986]; external side of plasma membrane [GO:0009897]; extracellular exosome [GO:0070062]; extracellular vesicle [GO:1903561]; ficolin-1-rich granule membrane [GO:0101003]; focal adhesion [GO:0005925]; integrin alphaL-beta2 complex [GO:0034687]; integrin alphaM-beta2 complex [GO:0034688]; integrin alphaX-beta2 complex [GO:0034689]; integrin complex [GO:0008305]; membrane [GO:0016020]; plasma membrane [GO:0005886]; plasma membrane raft [GO:0044853]; receptor complex [GO:0043235]; specific granule membrane [GO:0035579]; tertiary granule membrane [GO:0070821]	amyloid-beta binding [GO:0001540]; cell adhesion molecule binding [GO:0050839]; complement component C3b binding [GO:0001851]; heat shock protein binding [GO:0031072]; ICAM-3 receptor activity [GO:0030369]; integrin binding [GO:0005178]; metal ion binding [GO:0046872]; protein kinase binding [GO:0019901]	GO:0001540; GO:0001774; GO:0001851; GO:0002523; GO:0005178; GO:0005886; GO:0005925; GO:0006898; GO:0006911; GO:0006915; GO:0006954; GO:0007155; GO:0007159; GO:0007160; GO:0007229; GO:0007267; GO:0008305; GO:0008360; GO:0009897; GO:0009986; GO:0016020; GO:0019901; GO:0030369; GO:0030593; GO:0031072; GO:0031623; GO:0032930; GO:0034113; GO:0034687; GO:0034688; GO:0034689; GO:0035579; GO:0035987; GO:0043113; GO:0043235; GO:0043315; GO:0043542; GO:0044853; GO:0045123; GO:0045429; GO:0045766; GO:0045963; GO:0046872; GO:0050730; GO:0050839; GO:0070062; GO:0070821; GO:0071404; GO:0090314; GO:0097242; GO:0098609; GO:0098742; GO:0101003; GO:1903561; GO:1904996; GO:1990266; GO:2000363	9606.ENSP00000380948;	ITB2_HUMAN	Homo sapiens (Human)
P05230	P05230	activation of protein kinase B activity [GO:0032148]; anatomical structure morphogenesis [GO:0009653]; angiogenesis [GO:0001525]; branch elongation involved in ureteric bud branching [GO:0060681]; cellular response to heat [GO:0034605]; epithelial cell proliferation [GO:0050673]; fibroblast growth factor receptor signaling pathway [GO:0008543]; lung development [GO:0030324]; mesonephric epithelium development [GO:0072163]; neurogenesis [GO:0022008]; organ induction [GO:0001759]; positive regulation of angiogenesis [GO:0045766]; positive regulation of cell division [GO:0051781]; positive regulation of cell migration [GO:0030335]; positive regulation of cell population proliferation [GO:0008284]; positive regulation of cholesterol biosynthetic process [GO:0045542]; positive regulation of endothelial cell migration [GO:0010595]; positive regulation of ERK1 and ERK2 cascade [GO:0070374]; positive regulation of hepatocyte proliferation [GO:2000347]; positive regulation of intracellular signal transduction [GO:1902533]; positive regulation of MAP kinase activity [GO:0043406]; positive regulation of MAPK cascade [GO:0043410]; positive regulation of sprouting angiogenesis [GO:1903672]; positive regulation of transcription by RNA polymerase II [GO:0045944]; regulation of cell migration [GO:0030334]; regulation of endothelial cell chemotaxis to fibroblast growth factor [GO:2000544]; regulation of endothelial tube morphogenesis [GO:1901509]; signal transduction [GO:0007165]; wound healing [GO:0042060]	cell cortex [GO:0005938]; cytoplasm [GO:0005737]; cytosol [GO:0005829]; extracellular matrix [GO:0031012]; extracellular region [GO:0005576]; extracellular space [GO:0005615]; nucleoplasm [GO:0005654]; nucleus [GO:0005634]	fibroblast growth factor receptor binding [GO:0005104]; growth factor activity [GO:0008083]; heparin binding [GO:0008201]; Hsp70 protein binding [GO:0030544]; integrin binding [GO:0005178]; S100 protein binding [GO:0044548]	GO:0001525; GO:0001759; GO:0005104; GO:0005178; GO:0005576; GO:0005615; GO:0005634; GO:0005654; GO:0005737; GO:0005829; GO:0005938; GO:0007165; GO:0008083; GO:0008201; GO:0008284; GO:0008543; GO:0009653; GO:0010595; GO:0022008; GO:0030324; GO:0030334; GO:0030335; GO:0030544; GO:0031012; GO:0032148; GO:0034605; GO:0042060; GO:0043406; GO:0043410; GO:0044548; GO:0045542; GO:0045766; GO:0045944; GO:0050673; GO:0051781; GO:0060681; GO:0070374; GO:0072163; GO:1901509; GO:1902533; GO:1903672; GO:2000347; GO:2000544	9606.ENSP00000480791;	FGF1_HUMAN	Homo sapiens (Human)
P05231	P05231	acute-phase response [GO:0006953]; cell surface receptor signaling pathway via JAK-STAT [GO:0007259]; cell surface receptor signaling pathway via STAT [GO:0097696]; cellular response to hydrogen peroxide [GO:0070301]; cellular response to lipopolysaccharide [GO:0071222]; cellular response to virus [GO:0098586]; cytokine-mediated signaling pathway [GO:0019221]; defense response to Gram-negative bacterium [GO:0050829]; defense response to Gram-positive bacterium [GO:0050830]; defense response to virus [GO:0051607]; endocrine pancreas development [GO:0031018]; germinal center B cell differentiation [GO:0002314]; glucagon secretion [GO:0070091]; glucose homeostasis [GO:0042593]; hepatic immune response [GO:0002384]; hepatocyte proliferation [GO:0072574]; humoral immune response [GO:0006959]; inflammatory response [GO:0006954]; inflammatory response to wounding [GO:0090594]; interleukin-6-mediated signaling pathway [GO:0070102]; liver regeneration [GO:0097421]; maintenance of blood-brain barrier [GO:0035633]; monocyte chemotaxis [GO:0002548]; negative regulation of apoptotic process [GO:0043066]; negative regulation of bone resorption [GO:0045779]; negative regulation of cell population proliferation [GO:0008285]; negative regulation of chemokine production [GO:0032682]; negative regulation of collagen biosynthetic process [GO:0032966]; negative regulation of fat cell differentiation [GO:0045599]; negative regulation of interleukin-1-mediated signaling pathway [GO:2000660]; negative regulation of lipid storage [GO:0010888]; negative regulation of neurogenesis [GO:0050768]; negative regulation of primary miRNA processing [GO:2000635]; neuron cellular homeostasis [GO:0070050]; neuron projection development [GO:0031175]; neutrophil apoptotic process [GO:0001781]; neutrophil mediated immunity [GO:0002446]; platelet activation [GO:0030168]; positive regulation of acute inflammatory response [GO:0002675]; positive regulation of apoptotic DNA fragmentation [GO:1902512]; positive regulation of apoptotic process [GO:0043065]; positive regulation of B cell activation [GO:0050871]; positive regulation of cell population proliferation [GO:0008284]; positive regulation of chemokine production [GO:0032722]; positive regulation of cytokine production involved in inflammatory response [GO:1900017]; positive regulation of DNA-binding transcription factor activity [GO:0051091]; positive regulation of DNA-templated transcription [GO:0045893]; positive regulation of epithelial to mesenchymal transition [GO:0010718]; positive regulation of extracellular matrix disassembly [GO:0090091]; positive regulation of gene expression [GO:0010628]; positive regulation of glial cell proliferation [GO:0060252]; positive regulation of immunoglobulin production [GO:0002639]; positive regulation of interleukin-1 beta production [GO:0032731]; positive regulation of interleukin-10 production [GO:0032733]; positive regulation of interleukin-17 production [GO:0032740]; positive regulation of interleukin-21 production [GO:0032745]; positive regulation of interleukin-6 production [GO:0032755]; positive regulation of interleukin-8 production [GO:0032757]; positive regulation of leukocyte adhesion to vascular endothelial cell [GO:1904996]; positive regulation of leukocyte chemotaxis [GO:0002690]; positive regulation of MAPK cascade [GO:0043410]; positive regulation of miRNA transcription [GO:1902895]; positive regulation of neuroinflammatory response [GO:0150078]; positive regulation of osteoblast differentiation [GO:0045669]; positive regulation of peptidyl-serine phosphorylation [GO:0033138]; positive regulation of peptidyl-tyrosine phosphorylation [GO:0050731]; positive regulation of platelet aggregation [GO:1901731]; positive regulation of receptor signaling pathway via JAK-STAT [GO:0046427]; positive regulation of receptor signaling pathway via STAT [GO:1904894]; positive regulation of smooth muscle cell proliferation [GO:0048661]; positive regulation of T cell proliferation [GO:0042102]; positive regulation of T-helper 2 cell cytokine production [GO:2000553]; positive regulation of transcription by RNA polymerase II [GO:0045944]; positive regulation of translation [GO:0045727]; positive regulation of tumor necrosis factor production [GO:0032760]; positive regulation of type B pancreatic cell apoptotic process [GO:2000676]; positive regulation of vascular endothelial growth factor production [GO:0010575]; regulation of angiogenesis [GO:0045765]; regulation of astrocyte activation [GO:0061888]; regulation of glucagon secretion [GO:0070092]; regulation of insulin secretion [GO:0050796]; regulation of microglial cell activation [GO:1903978]; regulation of neuroinflammatory response [GO:0150077]; regulation of vascular endothelial growth factor production [GO:0010574]; response to activity [GO:0014823]; response to glucocorticoid [GO:0051384]; response to peptidoglycan [GO:0032494]; T follicular helper cell differentiation [GO:0061470]; T-helper 17 cell lineage commitment [GO:0072540]; vascular endothelial growth factor production [GO:0010573]	endoplasmic reticulum lumen [GO:0005788]; extracellular region [GO:0005576]; extracellular space [GO:0005615]; interleukin-6 receptor complex [GO:0005896]	cytokine activity [GO:0005125]; growth factor activity [GO:0008083]; identical protein binding [GO:0042802]; interleukin-6 receptor binding [GO:0005138]	GO:0001781; GO:0002314; GO:0002384; GO:0002446; GO:0002548; GO:0002639; GO:0002675; GO:0002690; GO:0005125; GO:0005138; GO:0005576; GO:0005615; GO:0005788; GO:0005896; GO:0006953; GO:0006954; GO:0006959; GO:0007259; GO:0008083; GO:0008284; GO:0008285; GO:0010573; GO:0010574; GO:0010575; GO:0010628; GO:0010718; GO:0010888; GO:0014823; GO:0019221; GO:0030168; GO:0031018; GO:0031175; GO:0032494; GO:0032682; GO:0032722; GO:0032731; GO:0032733; GO:0032740; GO:0032745; GO:0032755; GO:0032757; GO:0032760; GO:0032966; GO:0033138; GO:0035633; GO:0042102; GO:0042593; GO:0042802; GO:0043065; GO:0043066; GO:0043410; GO:0045599; GO:0045669; GO:0045727; GO:0045765; GO:0045779; GO:0045893; GO:0045944; GO:0046427; GO:0048661; GO:0050731; GO:0050768; GO:0050796; GO:0050829; GO:0050830; GO:0050871; GO:0051091; GO:0051384; GO:0051607; GO:0060252; GO:0061470; GO:0061888; GO:0070050; GO:0070091; GO:0070092; GO:0070102; GO:0070301; GO:0071222; GO:0072540; GO:0072574; GO:0090091; GO:0090594; GO:0097421; GO:0097696; GO:0098586; GO:0150077; GO:0150078; GO:1900017; GO:1901731; GO:1902512; GO:1902895; GO:1903978; GO:1904894; GO:1904996; GO:2000553; GO:2000635; GO:2000660; GO:2000676	9606.ENSP00000385675;	IL6_HUMAN	Homo sapiens (Human)
P06400	P06400	aortic valve morphogenesis [GO:0003180]; cell differentiation [GO:0030154]; cell division [GO:0051301]; cell morphogenesis involved in neuron differentiation [GO:0048667]; cellular response to insulin stimulus [GO:0032869]; cellular response to xenobiotic stimulus [GO:0071466]; chondrocyte differentiation [GO:0002062]; chromatin remodeling [GO:0006338]; chromosome organization [GO:0051276]; digestive tract development [GO:0048565]; enucleate erythrocyte differentiation [GO:0043353]; epithelial cell proliferation [GO:0050673]; G1/S transition of mitotic cell cycle [GO:0000082]; glial cell apoptotic process [GO:0034349]; glial cell proliferation [GO:0014009]; hepatocyte apoptotic process [GO:0097284]; heterochromatin formation [GO:0031507]; maintenance of mitotic sister chromatid cohesion [GO:0034088]; myoblast differentiation [GO:0045445]; negative regulation of apoptotic signaling pathway [GO:2001234]; negative regulation of cell cycle [GO:0045786]; negative regulation of cell growth [GO:0030308]; negative regulation of cold-induced thermogenesis [GO:0120163]; negative regulation of DNA-binding transcription factor activity [GO:0043433]; negative regulation of DNA-templated transcription [GO:0045892]; negative regulation of epithelial cell proliferation [GO:0050680]; negative regulation of G1/S transition of mitotic cell cycle [GO:2000134]; negative regulation of gene expression [GO:0010629]; negative regulation of glial cell proliferation [GO:0060253]; negative regulation of hepatocyte apoptotic process [GO:1903944]; negative regulation of inflammatory response [GO:0050728]; negative regulation of myofibroblast differentiation [GO:1904761]; negative regulation of protein kinase activity [GO:0006469]; negative regulation of protein serine/threonine kinase activity [GO:0071901]; negative regulation of smoothened signaling pathway [GO:0045879]; negative regulation of tau-protein kinase activity [GO:1902948]; negative regulation of transcription by RNA polymerase II [GO:0000122]; neuron apoptotic process [GO:0051402]; neuron maturation [GO:0042551]; neuron projection development [GO:0031175]; positive regulation of collagen fibril organization [GO:1904028]; positive regulation of extracellular matrix organization [GO:1903055]; positive regulation of macrophage differentiation [GO:0045651]; positive regulation of mitotic metaphase/anaphase transition [GO:0045842]; positive regulation of transcription by RNA polymerase II [GO:0045944]; positive regulation of transcription regulatory region DNA binding [GO:2000679]; protein localization to chromosome, centromeric region [GO:0071459]; Ras protein signal transduction [GO:0007265]; regulation of cell cycle [GO:0051726]; regulation of centromere complex assembly [GO:0090230]; regulation of DNA-templated transcription [GO:0006355]; regulation of lipid kinase activity [GO:0043550]; regulation of mitotic cell cycle [GO:0007346]; sister chromatid biorientation [GO:0031134]; skeletal muscle cell differentiation [GO:0035914]; smoothened signaling pathway [GO:0007224]; spermatogenesis [GO:0007283]; striated muscle cell differentiation [GO:0051146]; tissue homeostasis [GO:0001894]; transcription by RNA polymerase II [GO:0006366]	chromatin [GO:0000785]; chromatin lock complex [GO:0061793]; cytoplasm [GO:0005737]; cytosol [GO:0005829]; nucleoplasm [GO:0005654]; nucleus [GO:0005634]; PML body [GO:0016605]; Rb-E2F complex [GO:0035189]; spindle [GO:0005819]; SWI/SNF complex [GO:0016514]	disordered domain specific binding [GO:0097718]; DNA-binding transcription factor binding [GO:0140297]; identical protein binding [GO:0042802]; importin-alpha family protein binding [GO:0061676]; kinase binding [GO:0019900]; molecular adaptor activity [GO:0060090]; phosphoprotein binding [GO:0051219]; RNA polymerase II transcription regulatory region sequence-specific DNA binding [GO:0000977]; RNA polymerase II-specific DNA-binding transcription factor binding [GO:0061629]; transcription corepressor activity [GO:0003714]; ubiquitin protein ligase binding [GO:0031625]	GO:0000082; GO:0000122; GO:0000785; GO:0000977; GO:0001894; GO:0002062; GO:0003180; GO:0003714; GO:0005634; GO:0005654; GO:0005737; GO:0005819; GO:0005829; GO:0006338; GO:0006355; GO:0006366; GO:0006469; GO:0007224; GO:0007265; GO:0007283; GO:0007346; GO:0010629; GO:0014009; GO:0016514; GO:0016605; GO:0019900; GO:0030154; GO:0030308; GO:0031134; GO:0031175; GO:0031507; GO:0031625; GO:0032869; GO:0034088; GO:0034349; GO:0035189; GO:0035914; GO:0042551; GO:0042802; GO:0043353; GO:0043433; GO:0043550; GO:0045445; GO:0045651; GO:0045786; GO:0045842; GO:0045879; GO:0045892; GO:0045944; GO:0048565; GO:0048667; GO:0050673; GO:0050680; GO:0050728; GO:0051146; GO:0051219; GO:0051276; GO:0051301; GO:0051402; GO:0051726; GO:0060090; GO:0060253; GO:0061629; GO:0061676; GO:0061793; GO:0071459; GO:0071466; GO:0071901; GO:0090230; GO:0097284; GO:0097718; GO:0120163; GO:0140297; GO:1902948; GO:1903055; GO:1903944; GO:1904028; GO:1904761; GO:2000134; GO:2000679; GO:2001234	9606.ENSP00000267163;	RB_HUMAN	Homo sapiens (Human)
P07360	P07360	complement activation, alternative pathway [GO:0006957]; complement activation, classical pathway [GO:0006958]; killing of cells of another organism [GO:0031640]; positive regulation of immune response [GO:0050778]	blood microparticle [GO:0072562]; extracellular exosome [GO:0070062]; extracellular region [GO:0005576]; membrane attack complex [GO:0005579]; plasma membrane [GO:0005886]	complement binding [GO:0001848]; protein-containing complex binding [GO:0044877]; retinol binding [GO:0019841]	GO:0001848; GO:0005576; GO:0005579; GO:0005886; GO:0006957; GO:0006958; GO:0019841; GO:0031640; GO:0044877; GO:0050778; GO:0070062; GO:0072562	9606.ENSP00000360697;	CO8G_HUMAN	Homo sapiens (Human)
P07711	P07711	adaptive immune response [GO:0002250]; antigen processing and presentation [GO:0019882]; antigen processing and presentation of exogenous peptide antigen via MHC class II [GO:0019886]; antigen processing and presentation of peptide antigen [GO:0048002]; CD4-positive, alpha-beta T cell lineage commitment [GO:0043373]; cellular response to thyroid hormone stimulus [GO:0097067]; collagen catabolic process [GO:0030574]; elastin catabolic process [GO:0060309]; enkephalin processing [GO:0034230]; fusion of virus membrane with host endosome membrane [GO:0039654]; fusion of virus membrane with host plasma membrane [GO:0019064]; immune response [GO:0006955]; macrophage apoptotic process [GO:0071888]; positive regulation of apoptotic signaling pathway [GO:2001235]; protein autoprocessing [GO:0016540]; proteolysis [GO:0006508]; proteolysis involved in protein catabolic process [GO:0051603]; receptor-mediated endocytosis of virus by host cell [GO:0019065]; symbiont entry into host cell [GO:0046718]; zymogen activation [GO:0031638]	apical plasma membrane [GO:0016324]; chromaffin granule [GO:0042583]; collagen-containing extracellular matrix [GO:0062023]; endocytic vesicle lumen [GO:0071682]; endolysosome lumen [GO:0036021]; extracellular exosome [GO:0070062]; extracellular region [GO:0005576]; extracellular space [GO:0005615]; Golgi apparatus [GO:0005794]; intracellular membrane-bounded organelle [GO:0043231]; lysosomal lumen [GO:0043202]; lysosome [GO:0005764]; multivesicular body [GO:0005771]; nucleus [GO:0005634]; plasma membrane [GO:0005886]	collagen binding [GO:0005518]; cysteine-type endopeptidase activator activity involved in apoptotic process [GO:0008656]; cysteine-type endopeptidase activity [GO:0004197]; cysteine-type peptidase activity [GO:0008234]; fibronectin binding [GO:0001968]; histone binding [GO:0042393]; proteoglycan binding [GO:0043394]; serpin family protein binding [GO:0097655]	GO:0001968; GO:0002250; GO:0004197; GO:0005518; GO:0005576; GO:0005615; GO:0005634; GO:0005764; GO:0005771; GO:0005794; GO:0005886; GO:0006508; GO:0006955; GO:0008234; GO:0008656; GO:0016324; GO:0016540; GO:0019064; GO:0019065; GO:0019882; GO:0019886; GO:0030574; GO:0031638; GO:0034230; GO:0036021; GO:0039654; GO:0042393; GO:0042583; GO:0043202; GO:0043231; GO:0043373; GO:0043394; GO:0046718; GO:0048002; GO:0051603; GO:0060309; GO:0062023; GO:0070062; GO:0071682; GO:0071888; GO:0097067; GO:0097655; GO:2001235	9606.ENSP00000345344;	CATL1_HUMAN	Homo sapiens (Human)
P07830	P07830	cell morphogenesis [GO:0000902]; chemotaxis [GO:0006935]; endocytosis [GO:0006897]; hyperosmotic response [GO:0006972]; mitotic cytokinesis [GO:0000281]; phagocytosis [GO:0006909]; phototaxis [GO:0042331]; plasma membrane repair [GO:0001778]; response to cAMP [GO:0051591]; vesicle-mediated transport [GO:0016192]	actin cytoskeleton [GO:0015629]; actin filament [GO:0005884]; cell cortex [GO:0005938]; cell leading edge [GO:0031252]; cell pole [GO:0060187]; cell-cell junction [GO:0005911]; cortical actin cytoskeleton [GO:0030864]; early phagosome [GO:0032009]; endocytic vesicle [GO:0030139]; intranuclear rod [GO:0061836]; lamellipodium [GO:0030027]; leading edge of lamellipodium [GO:0061851]; lipid droplet [GO:0005811]; macropinocytic cup [GO:0070685]; phagocytic cup [GO:0001891]; phagocytic vesicle [GO:0045335]; phagolysosome [GO:0032010]; pseudopodium [GO:0031143]	ATP binding [GO:0005524]; hydrolase activity [GO:0016787]; myosin binding [GO:0017022]; structural constituent of cytoskeleton [GO:0005200]	GO:0000281; GO:0000902; GO:0001778; GO:0001891; GO:0005200; GO:0005524; GO:0005811; GO:0005884; GO:0005911; GO:0005938; GO:0006897; GO:0006909; GO:0006935; GO:0006972; GO:0015629; GO:0016192; GO:0016787; GO:0017022; GO:0030027; GO:0030139; GO:0030864; GO:0031143; GO:0031252; GO:0032009; GO:0032010; GO:0042331; GO:0045335; GO:0051591; GO:0060187; GO:0061836; GO:0061851; GO:0070685	44689.P07830;	ACT1_DICDI	Dictyostelium discoideum (Social amoeba)
P09651	P09651	cellular response to glucose starvation [GO:0042149]; cellular response to sodium arsenite [GO:1903936]; import into nucleus [GO:0051170]; mRNA splicing, via spliceosome [GO:0000398]; mRNA transport [GO:0051028]; negative regulation of telomere maintenance via telomerase [GO:0032211]; nuclear export [GO:0051168]; positive regulation of telomere maintenance via telomerase [GO:0032212]; regulation of alternative mRNA splicing, via spliceosome [GO:0000381]; regulation of RNA splicing [GO:0043484]; RNA export from nucleus [GO:0006405]	catalytic step 2 spliceosome [GO:0071013]; cytoplasm [GO:0005737]; cytosol [GO:0005829]; extracellular exosome [GO:0070062]; membrane [GO:0016020]; nucleoplasm [GO:0005654]; nucleus [GO:0005634]; ribonucleoprotein complex [GO:1990904]; spliceosomal complex [GO:0005681]	DNA binding [GO:0003677]; G-rich strand telomeric DNA binding [GO:0098505]; identical protein binding [GO:0042802]; miRNA binding [GO:0035198]; mRNA 3'-UTR binding [GO:0003730]; pre-mRNA binding [GO:0036002]; protein domain specific binding [GO:0019904]; RNA binding [GO:0003723]; single-stranded DNA binding [GO:0003697]; single-stranded RNA binding [GO:0003727]; telomeric repeat-containing RNA binding [GO:0061752]	GO:0000381; GO:0000398; GO:0003677; GO:0003697; GO:0003723; GO:0003727; GO:0003730; GO:0005634; GO:0005654; GO:0005681; GO:0005737; GO:0005829; GO:0006405; GO:0016020; GO:0019904; GO:0032211; GO:0032212; GO:0035198; GO:0036002; GO:0042149; GO:0042802; GO:0043484; GO:0051028; GO:0051168; GO:0051170; GO:0061752; GO:0070062; GO:0071013; GO:0098505; GO:1903936; GO:1990904	9606.ENSP00000341826;	ROA1_HUMAN	Homo sapiens (Human)
P11717	P11717	animal organ regeneration [GO:0031100]; G protein-coupled receptor signaling pathway [GO:0007186]; liver development [GO:0001889]; lysosomal transport [GO:0007041]; positive regulation by host of viral process [GO:0044794]; positive regulation of apoptotic process [GO:0043065]; post-embryonic development [GO:0009791]; receptor-mediated endocytosis [GO:0006898]; response to retinoic acid [GO:0032526]; response to tetrachloromethane [GO:1904772]; signal transduction [GO:0007165]; spermatogenesis [GO:0007283]	cell surface [GO:0009986]; clathrin coat [GO:0030118]; clathrin-coated endocytic vesicle membrane [GO:0030669]; early endosome [GO:0005769]; endocytic vesicle [GO:0030139]; endosome [GO:0005768]; endosome membrane [GO:0010008]; extracellular exosome [GO:0070062]; focal adhesion [GO:0005925]; Golgi apparatus [GO:0005794]; Golgi membrane [GO:0000139]; late endosome [GO:0005770]; membrane [GO:0016020]; nuclear envelope lumen [GO:0005641]; perinuclear region of cytoplasm [GO:0048471]; plasma membrane [GO:0005886]; secretory granule membrane [GO:0030667]; trans-Golgi network [GO:0005802]; trans-Golgi network membrane [GO:0032588]; trans-Golgi network transport vesicle [GO:0030140]; transport vesicle [GO:0030133]	D-mannose binding [GO:0005537]; enzyme binding [GO:0019899]; G-protein alpha-subunit binding [GO:0001965]; identical protein binding [GO:0042802]; insulin-like growth factor binding [GO:0005520]; insulin-like growth factor II binding [GO:0031995]; insulin-like growth factor receptor activity [GO:0005010]; phosphoprotein binding [GO:0051219]; retinoic acid binding [GO:0001972]; retromer complex binding [GO:1905394]; signaling receptor activity [GO:0038023]	GO:0000139; GO:0001889; GO:0001965; GO:0001972; GO:0005010; GO:0005520; GO:0005537; GO:0005641; GO:0005768; GO:0005769; GO:0005770; GO:0005794; GO:0005802; GO:0005886; GO:0005925; GO:0006898; GO:0007041; GO:0007165; GO:0007186; GO:0007283; GO:0009791; GO:0009986; GO:0010008; GO:0016020; GO:0019899; GO:0030118; GO:0030133; GO:0030139; GO:0030140; GO:0030667; GO:0030669; GO:0031100; GO:0031995; GO:0032526; GO:0032588; GO:0038023; GO:0042802; GO:0043065; GO:0044794; GO:0048471; GO:0051219; GO:0070062; GO:1904772; GO:1905394	9606.ENSP00000349437;	MPRI_HUMAN	Homo sapiens (Human)
P12643	P12643	ameloblast differentiation [GO:0036305]; animal organ morphogenesis [GO:0009887]; aortic valve development [GO:0003176]; astrocyte differentiation [GO:0048708]; atrioventricular canal morphogenesis [GO:1905222]; atrioventricular valve morphogenesis [GO:0003181]; BMP signaling pathway [GO:0030509]; bone development [GO:0060348]; bone mineralization [GO:0030282]; branching involved in ureteric bud morphogenesis [GO:0001658]; cardiac atrium formation [GO:0003210]; cardiac epithelial to mesenchymal transition [GO:0060317]; cardiac jelly development [GO:1905072]; cardiac muscle cell differentiation [GO:0055007]; cardiac muscle tissue morphogenesis [GO:0055008]; cardiocyte differentiation [GO:0035051]; cell fate commitment [GO:0045165]; cell-cell signaling [GO:0007267]; cellular response to BMP stimulus [GO:0071773]; cellular response to organic cyclic compound [GO:0071407]; chondrocyte differentiation [GO:0002062]; corticotropin hormone secreting cell differentiation [GO:0060128]; embryonic heart tube anterior/posterior pattern specification [GO:0035054]; endocardial cushion formation [GO:0003272]; endocardial cushion morphogenesis [GO:0003203]; endodermal-mesodermal cell signaling [GO:0003133]; epithelial to mesenchymal transition [GO:0001837]; heart development [GO:0007507]; heart induction [GO:0003129]; in utero embryonic development [GO:0001701]; inflammatory response [GO:0006954]; inner ear development [GO:0048839]; lung vasculature development [GO:0060426]; mesenchymal cell differentiation [GO:0048762]; mesenchymal cell proliferation involved in ureteric bud development [GO:0072138]; mesenchyme development [GO:0060485]; negative regulation of aldosterone biosynthetic process [GO:0032348]; negative regulation of calcium-independent cell-cell adhesion [GO:0051042]; negative regulation of canonical Wnt signaling pathway [GO:0090090]; negative regulation of cardiac muscle cell differentiation [GO:2000726]; negative regulation of cell cycle [GO:0045786]; negative regulation of cell population proliferation [GO:0008285]; negative regulation of cortisol biosynthetic process [GO:2000065]; negative regulation of DNA-templated transcription [GO:0045892]; negative regulation of fat cell differentiation [GO:0045599]; negative regulation of gene expression [GO:0010629]; negative regulation of insulin-like growth factor receptor signaling pathway [GO:0043569]; negative regulation of smooth muscle cell proliferation [GO:0048662]; negative regulation of steroid biosynthetic process [GO:0010894]; negative regulation of transcription by RNA polymerase II [GO:0000122]; negative regulation of transforming growth factor beta receptor signaling pathway [GO:0030512]; Notch signaling pathway [GO:0007219]; odontogenesis of dentin-containing tooth [GO:0042475]; osteoblast differentiation [GO:0001649]; osteoclast differentiation [GO:0030316]; pericardium development [GO:0060039]; positive regulation of apoptotic process [GO:0043065]; positive regulation of astrocyte differentiation [GO:0048711]; positive regulation of bone mineralization [GO:0030501]; positive regulation of bone mineralization involved in bone maturation [GO:1900159]; positive regulation of cartilage development [GO:0061036]; positive regulation of cell migration [GO:0030335]; positive regulation of cell population proliferation [GO:0008284]; positive regulation of DNA-templated transcription [GO:0045893]; positive regulation of epithelial to mesenchymal transition [GO:0010718]; positive regulation of ERK1 and ERK2 cascade [GO:0070374]; positive regulation of extracellular matrix constituent secretion [GO:0003331]; positive regulation of fat cell differentiation [GO:0045600]; positive regulation of gene expression [GO:0010628]; positive regulation of MAPK cascade [GO:0043410]; positive regulation of miRNA transcription [GO:1902895]; positive regulation of neuron differentiation [GO:0045666]; positive regulation of odontoblast differentiation [GO:1901331]; positive regulation of odontogenesis [GO:0042482]; positive regulation of ossification [GO:0045778]; positive regulation of osteoblast differentiation [GO:0045669]; positive regulation of osteoblast proliferation [GO:0033690]; positive regulation of p38MAPK cascade [GO:1900745]; positive regulation of peroxisome proliferator activated receptor signaling pathway [GO:0035360]; positive regulation of phosphatase activity [GO:0010922]; positive regulation of protein phosphorylation [GO:0001934]; positive regulation of SMAD protein signal transduction [GO:0060391]; positive regulation of transcription by RNA polymerase II [GO:0045944]; positive regulation of Wnt signaling pathway [GO:0030177]; protein destabilization [GO:0031648]; proteoglycan metabolic process [GO:0006029]; regulation of DNA-templated transcription [GO:0006355]; regulation of odontogenesis of dentin-containing tooth [GO:0042487]; response to bacterium [GO:0009617]; response to hypoxia [GO:0001666]; skeletal system development [GO:0001501]; telencephalon development [GO:0021537]; telencephalon regionalization [GO:0021978]; thyroid-stimulating hormone-secreting cell differentiation [GO:0060129]; transcription by RNA polymerase II [GO:0006366]	BMP receptor complex [GO:0070724]; cell surface [GO:0009986]; extracellular region [GO:0005576]; extracellular space [GO:0005615]; intracellular membrane-bounded organelle [GO:0043231]	BMP receptor binding [GO:0070700]; co-receptor binding [GO:0039706]; cytokine activity [GO:0005125]; growth factor activity [GO:0008083]; phosphatase activator activity [GO:0019211]; protein serine/threonine kinase activator activity [GO:0043539]; signaling receptor binding [GO:0005102]	GO:0000122; GO:0001501; GO:0001649; GO:0001658; GO:0001666; GO:0001701; GO:0001837; GO:0001934; GO:0002062; GO:0003129; GO:0003133; GO:0003176; GO:0003181; GO:0003203; GO:0003210; GO:0003272; GO:0003331; GO:0005102; GO:0005125; GO:0005576; GO:0005615; GO:0006029; GO:0006355; GO:0006366; GO:0006954; GO:0007219; GO:0007267; GO:0007507; GO:0008083; GO:0008284; GO:0008285; GO:0009617; GO:0009887; GO:0009986; GO:0010628; GO:0010629; GO:0010718; GO:0010894; GO:0010922; GO:0019211; GO:0021537; GO:0021978; GO:0030177; GO:0030282; GO:0030316; GO:0030335; GO:0030501; GO:0030509; GO:0030512; GO:0031648; GO:0032348; GO:0033690; GO:0035051; GO:0035054; GO:0035360; GO:0036305; GO:0039706; GO:0042475; GO:0042482; GO:0042487; GO:0043065; GO:0043231; GO:0043410; GO:0043539; GO:0043569; GO:0045165; GO:0045599; GO:0045600; GO:0045666; GO:0045669; GO:0045778; GO:0045786; GO:0045892; GO:0045893; GO:0045944; GO:0048662; GO:0048708; GO:0048711; GO:0048762; GO:0048839; GO:0051042; GO:0055007; GO:0055008; GO:0060039; GO:0060128; GO:0060129; GO:0060317; GO:0060348; GO:0060391; GO:0060426; GO:0060485; GO:0061036; GO:0070374; GO:0070700; GO:0070724; GO:0071407; GO:0071773; GO:0072138; GO:0090090; GO:1900159; GO:1900745; GO:1901331; GO:1902895; GO:1905072; GO:1905222; GO:2000065; GO:2000726	9606.ENSP00000368104;	BMP2_HUMAN	Homo sapiens (Human)
P12931	P12931	adherens junction organization [GO:0034332]; angiotensin-activated signaling pathway [GO:0038166]; bone resorption [GO:0045453]; branching involved in mammary gland duct morphogenesis [GO:0060444]; cell adhesion [GO:0007155]; cell differentiation [GO:0030154]; cell-cell adhesion [GO:0098609]; cellular response to fatty acid [GO:0071398]; cellular response to fluid shear stress [GO:0071498]; cellular response to hydrogen peroxide [GO:0070301]; cellular response to hypoxia [GO:0071456]; cellular response to insulin stimulus [GO:0032869]; cellular response to lipopolysaccharide [GO:0071222]; cellular response to peptide hormone stimulus [GO:0071375]; cellular response to platelet-derived growth factor stimulus [GO:0036120]; cellular response to progesterone stimulus [GO:0071393]; cellular response to prolactin [GO:1990646]; cellular response to reactive oxygen species [GO:0034614]; DNA biosynthetic process [GO:0071897]; ephrin receptor signaling pathway [GO:0048013]; epidermal growth factor receptor signaling pathway [GO:0007173]; ERBB2 signaling pathway [GO:0038128]; Fc-gamma receptor signaling pathway involved in phagocytosis [GO:0038096]; focal adhesion assembly [GO:0048041]; forebrain development [GO:0030900]; innate immune response [GO:0045087]; integrin-mediated signaling pathway [GO:0007229]; interleukin-6-mediated signaling pathway [GO:0070102]; intestinal epithelial cell development [GO:0060576]; intracellular signal transduction [GO:0035556]; learning or memory [GO:0007611]; leukocyte migration [GO:0050900]; macroautophagy [GO:0016236]; myoblast proliferation [GO:0051450]; negative regulation of anoikis [GO:2000811]; negative regulation of apoptotic process [GO:0043066]; negative regulation of cysteine-type endopeptidase activity [GO:2000117]; negative regulation of extrinsic apoptotic signaling pathway [GO:2001237]; negative regulation of focal adhesion assembly [GO:0051895]; negative regulation of gene expression [GO:0010629]; negative regulation of hippo signaling [GO:0035331]; negative regulation of inflammatory response to antigenic stimulus [GO:0002862]; negative regulation of intrinsic apoptotic signaling pathway [GO:2001243]; negative regulation of mitochondrial depolarization [GO:0051902]; negative regulation of neutrophil activation [GO:1902564]; negative regulation of protein-containing complex assembly [GO:0031333]; negative regulation of telomere maintenance [GO:0032205]; negative regulation of transcription by RNA polymerase II [GO:0000122]; neurotrophin TRK receptor signaling pathway [GO:0048011]; odontogenesis [GO:0042476]; oogenesis [GO:0048477]; osteoclast development [GO:0036035]; peptidyl-tyrosine phosphorylation [GO:0018108]; platelet activation [GO:0030168]; platelet-derived growth factor receptor signaling pathway [GO:0048008]; positive regulation of apoptotic process [GO:0043065]; positive regulation of bone resorption [GO:0045780]; positive regulation of canonical Wnt signaling pathway [GO:0090263]; positive regulation of cytokine production [GO:0001819]; positive regulation of dephosphorylation [GO:0035306]; positive regulation of epithelial cell migration [GO:0010634]; positive regulation of ERK1 and ERK2 cascade [GO:0070374]; positive regulation of glucose metabolic process [GO:0010907]; positive regulation of glycolytic process [GO:0045821]; positive regulation of insulin receptor signaling pathway [GO:0046628]; positive regulation of integrin activation [GO:0033625]; positive regulation of lamellipodium morphogenesis [GO:2000394]; positive regulation of male germ cell proliferation [GO:2000256]; positive regulation of Notch signaling pathway [GO:0045747]; positive regulation of ovarian follicle development [GO:2000386]; positive regulation of peptidyl-tyrosine phosphorylation [GO:0050731]; positive regulation of phosphatidylinositol 3-kinase/protein kinase B signal transduction [GO:0051897]; positive regulation of platelet-derived growth factor receptor-beta signaling pathway [GO:2000588]; positive regulation of podosome assembly [GO:0071803]; positive regulation of protein localization to nucleus [GO:1900182]; positive regulation of protein processing [GO:0010954]; positive regulation of protein serine/threonine kinase activity [GO:0071902]; positive regulation of protein transport [GO:0051222]; positive regulation of Ras protein signal transduction [GO:0046579]; positive regulation of small GTPase mediated signal transduction [GO:0051057]; positive regulation of smooth muscle cell migration [GO:0014911]; positive regulation of TORC1 signaling [GO:1904263]; positive regulation of vascular associated smooth muscle cell proliferation [GO:1904707]; primary ovarian follicle growth [GO:0001545]; progesterone receptor signaling pathway [GO:0050847]; protein autophosphorylation [GO:0046777]; protein destabilization [GO:0031648]; regulation of bone resorption [GO:0045124]; regulation of caveolin-mediated endocytosis [GO:2001286]; regulation of cell projection assembly [GO:0060491]; regulation of cell-cell adhesion [GO:0022407]; regulation of early endosome to late endosome transport [GO:2000641]; regulation of epithelial cell migration [GO:0010632]; regulation of heart rate by cardiac conduction [GO:0086091]; regulation of intracellular estrogen receptor signaling pathway [GO:0033146]; regulation of toll-like receptor 3 signaling pathway [GO:0034139]; regulation of vascular permeability [GO:0043114]; response to acidic pH [GO:0010447]; response to electrical stimulus [GO:0051602]; response to interleukin-1 [GO:0070555]; response to mechanical stimulus [GO:0009612]; response to mineralocorticoid [GO:0051385]; response to nutrient levels [GO:0031667]; response to xenobiotic stimulus [GO:0009410]; signal complex assembly [GO:0007172]; signal transduction [GO:0007165]; skeletal muscle cell proliferation [GO:0014856]; spermatogenesis [GO:0007283]; stimulatory C-type lectin receptor signaling pathway [GO:0002223]; stress fiber assembly [GO:0043149]; substrate adhesion-dependent cell spreading [GO:0034446]; symbiont entry into host cell [GO:0046718]; T cell costimulation [GO:0031295]; transcytosis [GO:0045056]; transforming growth factor beta receptor signaling pathway [GO:0007179]; uterus development [GO:0060065]; vascular endothelial growth factor receptor signaling pathway [GO:0048010]	actin filament [GO:0005884]; caveola [GO:0005901]; cell junction [GO:0030054]; cell-cell junction [GO:0005911]; cytoplasm [GO:0005737]; cytosol [GO:0005829]; dendritic filopodium [GO:1902737]; dendritic growth cone [GO:0044294]; extracellular exosome [GO:0070062]; focal adhesion [GO:0005925]; glutamatergic synapse [GO:0098978]; late endosome [GO:0005770]; lysosome [GO:0005764]; membrane raft [GO:0045121]; mitochondrial inner membrane [GO:0005743]; mitochondrion [GO:0005739]; neuronal cell body [GO:0043025]; nucleoplasm [GO:0005654]; perinuclear region of cytoplasm [GO:0048471]; plasma membrane [GO:0005886]; podosome [GO:0002102]; postsynaptic specialization, intracellular component [GO:0099091]; ruffle membrane [GO:0032587]; synaptic membrane [GO:0097060]	ATP binding [GO:0005524]; ATPase binding [GO:0051117]; BMP receptor binding [GO:0070700]; cadherin binding [GO:0045296]; connexin binding [GO:0071253]; enzyme binding [GO:0019899]; ephrin receptor binding [GO:0046875]; heme binding [GO:0020037]; histone H2AXY142 kinase activity [GO:0140801]; histone H3Y41 kinase activity [GO:0035401]; insulin receptor binding [GO:0005158]; integrin binding [GO:0005178]; non-membrane spanning protein tyrosine kinase activity [GO:0004715]; nuclear estrogen receptor binding [GO:0030331]; phospholipase activator activity [GO:0016004]; phospholipase binding [GO:0043274]; phosphoprotein binding [GO:0051219]; protein kinase activity [GO:0004672]; protein kinase C binding [GO:0005080]; protein tyrosine kinase activator activity [GO:0030296]; protein tyrosine kinase activity [GO:0004713]; scaffold protein binding [GO:0097110]; SH2 domain binding [GO:0042169]; signaling receptor binding [GO:0005102]; transmembrane transporter binding [GO:0044325]	GO:0000122; GO:0001545; GO:0001819; GO:0002102; GO:0002223; GO:0002862; GO:0004672; GO:0004713; GO:0004715; GO:0005080; GO:0005102; GO:0005158; GO:0005178; GO:0005524; GO:0005654; GO:0005737; GO:0005739; GO:0005743; GO:0005764; GO:0005770; GO:0005829; GO:0005884; GO:0005886; GO:0005901; GO:0005911; GO:0005925; GO:0007155; GO:0007165; GO:0007172; GO:0007173; GO:0007179; GO:0007229; GO:0007283; GO:0007611; GO:0009410; GO:0009612; GO:0010447; GO:0010629; GO:0010632; GO:0010634; GO:0010907; GO:0010954; GO:0014856; GO:0014911; GO:0016004; GO:0016236; GO:0018108; GO:0019899; GO:0020037; GO:0022407; GO:0030054; GO:0030154; GO:0030168; GO:0030296; GO:0030331; GO:0030900; GO:0031295; GO:0031333; GO:0031648; GO:0031667; GO:0032205; GO:0032587; GO:0032869; GO:0033146; GO:0033625; GO:0034139; GO:0034332; GO:0034446; GO:0034614; GO:0035306; GO:0035331; GO:0035401; GO:0035556; GO:0036035; GO:0036120; GO:0038096; GO:0038128; GO:0038166; GO:0042169; GO:0042476; GO:0043025; GO:0043065; GO:0043066; GO:0043114; GO:0043149; GO:0043274; GO:0044294; GO:0044325; GO:0045056; GO:0045087; GO:0045121; GO:0045124; GO:0045296; GO:0045453; GO:0045747; GO:0045780; GO:0045821; GO:0046579; GO:0046628; GO:0046718; GO:0046777; GO:0046875; GO:0048008; GO:0048010; GO:0048011; GO:0048013; GO:0048041; GO:0048471; GO:0048477; GO:0050731; GO:0050847; GO:0050900; GO:0051057; GO:0051117; GO:0051219; GO:0051222; GO:0051385; GO:0051450; GO:0051602; GO:0051895; GO:0051897; GO:0051902; GO:0060065; GO:0060444; GO:0060491; GO:0060576; GO:0070062; GO:0070102; GO:0070301; GO:0070374; GO:0070555; GO:0070700; GO:0071222; GO:0071253; GO:0071375; GO:0071393; GO:0071398; GO:0071456; GO:0071498; GO:0071803; GO:0071897; GO:0071902; GO:0086091; GO:0090263; GO:0097060; GO:0097110; GO:0098609; GO:0098978; GO:0099091; GO:0140801; GO:1900182; GO:1902564; GO:1902737; GO:1904263; GO:1904707; GO:1990646; GO:2000117; GO:2000256; GO:2000386; GO:2000394; GO:2000588; GO:2000641; GO:2000811; GO:2001237; GO:2001243; GO:2001286	9606.ENSP00000362680;	SRC_HUMAN	Homo sapiens (Human)
P13591	P13591	cell adhesion [GO:0007155]; commissural neuron axon guidance [GO:0071679]; epithelial to mesenchymal transition [GO:0001837]; regulation of semaphorin-plexin signaling pathway [GO:2001260]	cell surface [GO:0009986]; collagen-containing extracellular matrix [GO:0062023]; cytosol [GO:0005829]; external side of plasma membrane [GO:0009897]; extracellular region [GO:0005576]; Golgi membrane [GO:0000139]; membrane [GO:0016020]; plasma membrane [GO:0005886]	virus receptor activity [GO:0001618]	GO:0000139; GO:0001618; GO:0001837; GO:0005576; GO:0005829; GO:0005886; GO:0007155; GO:0009897; GO:0009986; GO:0016020; GO:0062023; GO:0071679; GO:2001260	9606.ENSP00000480132;	NCAM1_HUMAN	Homo sapiens (Human)
P13726	P13726	activation of blood coagulation via clotting cascade [GO:0002543]; activation of plasma proteins involved in acute inflammatory response [GO:0002541]; blood coagulation [GO:0007596]; cytokine-mediated signaling pathway [GO:0019221]; positive regulation of angiogenesis [GO:0045766]; positive regulation of cell migration [GO:0030335]; positive regulation of endothelial cell apoptotic process [GO:2000353]; positive regulation of endothelial cell proliferation [GO:0001938]; positive regulation of gene expression [GO:0010628]; positive regulation of interleukin-8 production [GO:0032757]; positive regulation of platelet-derived growth factor receptor signaling pathway [GO:0010641]; positive regulation of positive chemotaxis [GO:0050927]; positive regulation of TOR signaling [GO:0032008]; protein processing [GO:0016485]	cell surface [GO:0009986]; collagen-containing extracellular matrix [GO:0062023]; external side of plasma membrane [GO:0009897]; extracellular space [GO:0005615]; membrane [GO:0016020]; plasma membrane [GO:0005886]; serine-type peptidase complex [GO:1905286]	cytokine receptor activity [GO:0004896]; phospholipid binding [GO:0005543]; protease binding [GO:0002020]	GO:0001938; GO:0002020; GO:0002541; GO:0002543; GO:0004896; GO:0005543; GO:0005615; GO:0005886; GO:0007596; GO:0009897; GO:0009986; GO:0010628; GO:0010641; GO:0016020; GO:0016485; GO:0019221; GO:0030335; GO:0032008; GO:0032757; GO:0045766; GO:0050927; GO:0062023; GO:1905286; GO:2000353	9606.ENSP00000334145;	TF_HUMAN	Homo sapiens (Human)
P14598	P14598	cellular defense response [GO:0006968]; cellular response to glucose stimulus [GO:0071333]; cellular response to testosterone stimulus [GO:0071394]; innate immune response [GO:0045087]; protein targeting to membrane [GO:0006612]; reactive oxygen species biosynthetic process [GO:1903409]; regulation of respiratory burst involved in inflammatory response [GO:0060264]; respiratory burst [GO:0045730]; superoxide anion generation [GO:0042554]; superoxide metabolic process [GO:0006801]	cytoplasm [GO:0005737]; cytoplasmic side of plasma membrane [GO:0009898]; cytosol [GO:0005829]; dendrite [GO:0030425]; membrane [GO:0016020]; NADPH oxidase complex [GO:0043020]; neuronal cell body [GO:0043025]; phagolysosome [GO:0032010]; plasma membrane [GO:0005886]	electron transfer activity [GO:0009055]; phosphatidylinositol binding [GO:0035091]; phosphatidylinositol-3,4-bisphosphate binding [GO:0043325]; SH3 domain binding [GO:0017124]; superoxide-generating NAD(P)H oxidase activity [GO:0016175]; superoxide-generating NADPH oxidase activator activity [GO:0016176]	GO:0005737; GO:0005829; GO:0005886; GO:0006612; GO:0006801; GO:0006968; GO:0009055; GO:0009898; GO:0016020; GO:0016175; GO:0016176; GO:0017124; GO:0030425; GO:0032010; GO:0035091; GO:0042554; GO:0043020; GO:0043025; GO:0043325; GO:0045087; GO:0045730; GO:0060264; GO:0071333; GO:0071394; GO:1903409	9606.ENSP00000289473;	NCF1_HUMAN	Homo sapiens (Human)
P14780	P14780	apoptotic process [GO:0006915]; cell migration [GO:0016477]; cellular response to lipopolysaccharide [GO:0071222]; cellular response to UV-A [GO:0071492]; collagen catabolic process [GO:0030574]; embryo implantation [GO:0007566]; endodermal cell differentiation [GO:0035987]; ephrin receptor signaling pathway [GO:0048013]; extracellular matrix disassembly [GO:0022617]; extracellular matrix organization [GO:0030198]; macrophage differentiation [GO:0030225]; negative regulation of apoptotic process [GO:0043066]; negative regulation of cation channel activity [GO:2001258]; negative regulation of cysteine-type endopeptidase activity [GO:2000117]; negative regulation of epithelial cell differentiation involved in kidney development [GO:2000697]; negative regulation of intrinsic apoptotic signaling pathway [GO:2001243]; positive regulation of apoptotic process [GO:0043065]; positive regulation of DNA binding [GO:0043388]; positive regulation of epidermal growth factor receptor signaling pathway [GO:0045742]; positive regulation of keratinocyte migration [GO:0051549]; positive regulation of protein phosphorylation [GO:0001934]; positive regulation of receptor binding [GO:1900122]; positive regulation of release of cytochrome c from mitochondria [GO:0090200]; positive regulation of vascular associated smooth muscle cell proliferation [GO:1904707]; proteolysis [GO:0006508]; regulation of neuroinflammatory response [GO:0150077]; response to amyloid-beta [GO:1904645]; skeletal system development [GO:0001501]	collagen-containing extracellular matrix [GO:0062023]; extracellular exosome [GO:0070062]; extracellular region [GO:0005576]; extracellular space [GO:0005615]; ficolin-1-rich granule lumen [GO:1904813]; tertiary granule lumen [GO:1904724]	collagen binding [GO:0005518]; endopeptidase activity [GO:0004175]; identical protein binding [GO:0042802]; metalloendopeptidase activity [GO:0004222]; metallopeptidase activity [GO:0008237]; peptidase activity [GO:0008233]; serine-type endopeptidase activity [GO:0004252]; zinc ion binding [GO:0008270]	GO:0001501; GO:0001934; GO:0004175; GO:0004222; GO:0004252; GO:0005518; GO:0005576; GO:0005615; GO:0006508; GO:0006915; GO:0007566; GO:0008233; GO:0008237; GO:0008270; GO:0016477; GO:0022617; GO:0030198; GO:0030225; GO:0030574; GO:0035987; GO:0042802; GO:0043065; GO:0043066; GO:0043388; GO:0045742; GO:0048013; GO:0051549; GO:0062023; GO:0070062; GO:0071222; GO:0071492; GO:0090200; GO:0150077; GO:1900122; GO:1904645; GO:1904707; GO:1904724; GO:1904813; GO:2000117; GO:2000697; GO:2001243; GO:2001258	9606.ENSP00000361405;	MMP9_HUMAN	Homo sapiens (Human)
P15559	P15559	cell redox homeostasis [GO:0045454]; cellular response to hydrogen peroxide [GO:0070301]; cellular response to metal ion [GO:0071248]; cellular response to oxidative stress [GO:0034599]; innate immune response [GO:0045087]; NADH oxidation [GO:0006116]; NADPH oxidation [GO:0070995]; negative regulation of apoptotic process [GO:0043066]; negative regulation of ferroptosis [GO:0110076]; negative regulation of protein catabolic process [GO:0042177]; nitric oxide biosynthetic process [GO:0006809]; positive regulation of neuron apoptotic process [GO:0043525]; protein catabolic process [GO:0030163]; protein polyubiquitination [GO:0000209]; removal of superoxide radicals [GO:0019430]; response to alkaloid [GO:0043279]; response to amine [GO:0014075]; response to carbohydrate [GO:0009743]; response to electrical stimulus [GO:0051602]; response to estradiol [GO:0032355]; response to ethanol [GO:0045471]; response to flavonoid [GO:1905395]; response to hormone [GO:0009725]; response to hydrogen sulfide [GO:1904880]; response to ischemia [GO:0002931]; response to L-glutamine [GO:1904844]; response to lipopolysaccharide [GO:0032496]; response to nutrient [GO:0007584]; response to oxidative stress [GO:0006979]; response to testosterone [GO:0033574]; response to tetrachloromethane [GO:1904772]; response to toxic substance [GO:0009636]; synaptic transmission, cholinergic [GO:0007271]; ubiquinone metabolic process [GO:0006743]; vitamin E metabolic process [GO:0042360]; vitamin K metabolic process [GO:0042373]; xenobiotic metabolic process [GO:0006805]	cytoplasm [GO:0005737]; cytosol [GO:0005829]; dendrite [GO:0030425]; neuronal cell body [GO:0043025]; nucleus [GO:0005634]; synapse [GO:0045202]	cytochrome-b5 reductase activity, acting on NAD(P)H [GO:0004128]; identical protein binding [GO:0042802]; NAD(P)H dehydrogenase (quinone) activity [GO:0003955]; NADH:ubiquinone reductase (non-electrogenic) activity [GO:0050136]; NADPH dehydrogenase (quinone) activity [GO:0008753]; RNA binding [GO:0003723]; superoxide dismutase activity [GO:0004784]	GO:0000209; GO:0002931; GO:0003723; GO:0003955; GO:0004128; GO:0004784; GO:0005634; GO:0005737; GO:0005829; GO:0006116; GO:0006743; GO:0006805; GO:0006809; GO:0006979; GO:0007271; GO:0007584; GO:0008753; GO:0009636; GO:0009725; GO:0009743; GO:0014075; GO:0019430; GO:0030163; GO:0030425; GO:0032355; GO:0032496; GO:0033574; GO:0034599; GO:0042177; GO:0042360; GO:0042373; GO:0042802; GO:0043025; GO:0043066; GO:0043279; GO:0043525; GO:0045087; GO:0045202; GO:0045454; GO:0045471; GO:0050136; GO:0051602; GO:0070301; GO:0070995; GO:0071248; GO:0110076; GO:1904772; GO:1904844; GO:1904880; GO:1905395	9606.ENSP00000319788;	NQO1_HUMAN	Homo sapiens (Human)
P15882	P15882	ephrin receptor signaling pathway [GO:0048013]; motor neuron axon guidance [GO:0008045]; regulation of axonogenesis [GO:0050770]; regulation of small GTPase mediated signal transduction [GO:0051056]	cytosol [GO:0005829]	ephrin receptor binding [GO:0046875]; GTPase activator activity [GO:0005096]; metal ion binding [GO:0046872]	GO:0005096; GO:0005829; GO:0008045; GO:0046872; GO:0046875; GO:0048013; GO:0050770; GO:0051056	9606.ENSP00000386741;	CHIN_HUMAN	Homo sapiens (Human)
P17213	P17213	defense response to Gram-negative bacterium [GO:0050829]; innate immune response [GO:0045087]; lipopolysaccharide-mediated signaling pathway [GO:0031663]; negative regulation of interleukin-6 production [GO:0032715]; negative regulation of interleukin-8 production [GO:0032717]; negative regulation of macrophage activation [GO:0043031]; negative regulation of tumor necrosis factor production [GO:0032720]	azurophil granule lumen [GO:0035578]; extracellular exosome [GO:0070062]; extracellular region [GO:0005576]; extracellular space [GO:0005615]; membrane [GO:0016020]; specific granule lumen [GO:0035580]	lipopolysaccharide binding [GO:0001530]	GO:0001530; GO:0005576; GO:0005615; GO:0016020; GO:0031663; GO:0032715; GO:0032717; GO:0032720; GO:0035578; GO:0035580; GO:0043031; GO:0045087; GO:0050829; GO:0070062	9606.ENSP00000262865;	BPI_HUMAN	Homo sapiens (Human)
P22804	P22804	endoplasmic reticulum to Golgi vesicle-mediated transport [GO:0006888]; intracellular protein transport [GO:0006886]; retrograde vesicle-mediated transport, Golgi to endoplasmic reticulum [GO:0006890]; vesicle fusion [GO:0006906]; vesicle fusion with Golgi apparatus [GO:0048280]	COPII-coated ER to Golgi transport vesicle [GO:0030134]; endoplasmic reticulum membrane [GO:0005789]; Golgi membrane [GO:0000139]; membrane [GO:0016020]; SNARE complex [GO:0031201]	SNAP receptor activity [GO:0005484]	GO:0000139; GO:0005484; GO:0005789; GO:0006886; GO:0006888; GO:0006890; GO:0006906; GO:0016020; GO:0030134; GO:0031201; GO:0048280	4932.YIL004C;	BET1_YEAST	Saccharomyces cerevisiae (strain ATCC 204508 / S288c) (Baker's yeast)
P23919	P23919	cellular response to growth factor stimulus [GO:0071363]; dTDP biosynthetic process [GO:0006233]; dTTP biosynthetic process [GO:0006235]; dUDP biosynthetic process [GO:0006227]; myoblast differentiation [GO:0045445]; response to cadmium ion [GO:0046686]; response to estrogen [GO:0043627]; thymidine biosynthetic process [GO:0046105]	cytoplasm [GO:0005737]; cytosol [GO:0005829]; mitochondrial matrix [GO:0005759]; mitochondrion [GO:0005739]; nucleus [GO:0005634]	ATP binding [GO:0005524]; nucleoside diphosphate kinase activity [GO:0004550]; thymidylate kinase activity [GO:0004798]	GO:0004550; GO:0004798; GO:0005524; GO:0005634; GO:0005737; GO:0005739; GO:0005759; GO:0005829; GO:0006227; GO:0006233; GO:0006235; GO:0043627; GO:0045445; GO:0046105; GO:0046686; GO:0071363	9606.ENSP00000304802;	KTHY_HUMAN	Homo sapiens (Human)
P25942	P25942	B cell activation [GO:0042113]; B cell mediated immunity [GO:0019724]; B cell proliferation [GO:0042100]; CD40 signaling pathway [GO:0023035]; cell surface receptor signaling pathway via JAK-STAT [GO:0007259]; cellular response to erythropoietin [GO:0036018]; cellular response to interleukin-1 [GO:0071347]; cellular response to lipopolysaccharide [GO:0071222]; cellular response to mechanical stimulus [GO:0071260]; cellular response to tumor necrosis factor [GO:0071356]; defense response to protozoan [GO:0042832]; defense response to virus [GO:0051607]; immune response-regulating cell surface receptor signaling pathway [GO:0002768]; inflammatory response [GO:0006954]; intracellular calcium ion homeostasis [GO:0006874]; phosphatidylinositol 3-kinase/protein kinase B signal transduction [GO:0043491]; platelet activation [GO:0030168]; positive regulation of angiogenesis [GO:0045766]; positive regulation of B cell proliferation [GO:0030890]; positive regulation of blood vessel endothelial cell migration [GO:0043536]; positive regulation of canonical NF-kappaB signal transduction [GO:0043123]; positive regulation of endothelial cell apoptotic process [GO:2000353]; positive regulation of interleukin-12 production [GO:0032735]; positive regulation of interleukin-4-mediated signaling pathway [GO:1902216]; positive regulation of isotype switching to IgG isotypes [GO:0048304]; positive regulation of MAPK cascade [GO:0043410]; positive regulation of protein kinase C signaling [GO:0090037]; positive regulation of transcription by RNA polymerase II [GO:0045944]; protein-containing complex assembly [GO:0065003]; response to cobalamin [GO:0033590]; response to type II interferon [GO:0034341]	CD40 receptor complex [GO:0035631]; cell surface [GO:0009986]; external side of plasma membrane [GO:0009897]; extracellular exosome [GO:0070062]; intracellular membrane-bounded organelle [GO:0043231]; neuronal cell body [GO:0043025]; plasma membrane [GO:0005886]; varicosity [GO:0043196]	antigen binding [GO:0003823]; enzyme binding [GO:0019899]; protein domain specific binding [GO:0019904]; signaling receptor activity [GO:0038023]; ubiquitin protein ligase binding [GO:0031625]	GO:0002768; GO:0003823; GO:0005886; GO:0006874; GO:0006954; GO:0007259; GO:0009897; GO:0009986; GO:0019724; GO:0019899; GO:0019904; GO:0023035; GO:0030168; GO:0030890; GO:0031625; GO:0032735; GO:0033590; GO:0034341; GO:0035631; GO:0036018; GO:0038023; GO:0042100; GO:0042113; GO:0042832; GO:0043025; GO:0043123; GO:0043196; GO:0043231; GO:0043410; GO:0043491; GO:0043536; GO:0045766; GO:0045944; GO:0048304; GO:0051607; GO:0065003; GO:0070062; GO:0071222; GO:0071260; GO:0071347; GO:0071356; GO:0090037; GO:1902216; GO:2000353	9606.ENSP00000361359;	TNR5_HUMAN	Homo sapiens (Human)
P26885	P26885	chaperone-mediated protein folding [GO:0061077]	endoplasmic reticulum [GO:0005783]; endoplasmic reticulum membrane [GO:0005789]	FK506 binding [GO:0005528]; peptidyl-prolyl cis-trans isomerase activity [GO:0003755]; RNA polymerase II CTD heptapeptide repeat P3 isomerase activity [GO:0140839]; RNA polymerase II CTD heptapeptide repeat P6 isomerase activity [GO:0140840]	GO:0003755; GO:0005528; GO:0005783; GO:0005789; GO:0061077; GO:0140839; GO:0140840	9606.ENSP00000378046;	FKBP2_HUMAN	Homo sapiens (Human)
P28676	P28676	membrane fusion [GO:0061025]	azurophil granule lumen [GO:0035578]; cytoplasm [GO:0005737]; cytosol [GO:0005829]; extracellular exosome [GO:0070062]; extracellular region [GO:0005576]; plasma membrane [GO:0005886]	calcium ion binding [GO:0005509]; protein heterodimerization activity [GO:0046982]; protein homodimerization activity [GO:0042803]	GO:0005509; GO:0005576; GO:0005737; GO:0005829; GO:0005886; GO:0035578; GO:0042803; GO:0046982; GO:0061025; GO:0070062	9606.ENSP00000394842;	GRAN_HUMAN	Homo sapiens (Human)
P28791	P28791	protein transport [GO:0015031]; retrograde vesicle-mediated transport, Golgi to endoplasmic reticulum [GO:0006890]; vesicle fusion with endoplasmic reticulum [GO:0048279]	cytoplasmic side of endoplasmic reticulum membrane [GO:0098554]; endoplasmic reticulum [GO:0005783]; Golgi to ER transport vesicle membrane [GO:0012508]; membrane [GO:0016020]; SNARE complex [GO:0031201]	SNAP receptor activity [GO:0005484]	GO:0005484; GO:0005783; GO:0006890; GO:0012508; GO:0015031; GO:0016020; GO:0031201; GO:0048279; GO:0098554	4932.YDR498C;	SEC20_YEAST	Saccharomyces cerevisiae (strain ATCC 204508 / S288c) (Baker's yeast)
P31994	P31994	antibody-dependent cellular cytotoxicity [GO:0001788]; antigen processing and presentation of exogenous peptide antigen via MHC class II [GO:0019886]; cell surface receptor signaling pathway [GO:0007166]; cellular response to amyloid-beta [GO:1904646]; cellular response to molecule of bacterial origin [GO:0071219]; cerebellum development [GO:0021549]; defense response [GO:0006952]; Fc-gamma receptor signaling pathway [GO:0038094]; follicular B cell differentiation [GO:0002316]; follicular dendritic cell activation [GO:0002266]; immune complex clearance by monocytes and macrophages [GO:0002436]; immune effector process [GO:0002252]; immunoglobulin mediated immune response [GO:0016064]; inflammatory response [GO:0006954]; mature B cell differentiation involved in immune response [GO:0002313]; negative regulation of acute inflammatory response to antigenic stimulus [GO:0002865]; negative regulation of antibody-dependent cellular cytotoxicity [GO:0001814]; negative regulation of B cell activation [GO:0050869]; negative regulation of B cell proliferation [GO:0030889]; negative regulation of B cell receptor signaling pathway [GO:0050859]; negative regulation of cytokine production [GO:0001818]; negative regulation of cytotoxic T cell degranulation [GO:0043318]; negative regulation of dendritic cell antigen processing and presentation [GO:0002605]; negative regulation of dendritic cell differentiation [GO:2001199]; negative regulation of humoral immune response mediated by circulating immunoglobulin [GO:0002924]; negative regulation of immune response [GO:0050777]; negative regulation of immunoglobulin production [GO:0002638]; negative regulation of interleukin-10 production [GO:0032693]; negative regulation of macrophage activation [GO:0043031]; negative regulation of neutrophil activation [GO:1902564]; negative regulation of phagocytosis [GO:0050765]; negative regulation of type I hypersensitivity [GO:0001811]; phagocytosis [GO:0006909]; phagocytosis, engulfment [GO:0006911]; positive regulation of humoral immune response [GO:0002922]; positive regulation of JNK cascade [GO:0046330]; positive regulation of phagocytosis [GO:0050766]; positive regulation of response to endoplasmic reticulum stress [GO:1905898]; positive regulation of tumor necrosis factor production [GO:0032760]; receptor-mediated endocytosis [GO:0006898]; regulation of adaptive immune response [GO:0002819]; regulation of B cell antigen processing and presentation [GO:0002622]; regulation of dendritic spine maintenance [GO:1902950]; regulation of endoplasmic reticulum stress-induced neuron intrinsic apoptotic signaling pathway [GO:1903381]; regulation of immune complex clearance by monocytes and macrophages [GO:0090264]; regulation of innate immune response [GO:0045088]; regulation of signaling receptor activity [GO:0010469]; response to bacterium [GO:0009617]	cell body [GO:0044297]; dendritic spine [GO:0043197]; external side of plasma membrane [GO:0009897]; plasma membrane [GO:0005886]	amyloid-beta binding [GO:0001540]; IgG binding [GO:0019864]; IgG receptor activity [GO:0019770]; low-affinity IgG receptor activity [GO:0019772]; protein-containing complex binding [GO:0044877]	GO:0001540; GO:0001788; GO:0001811; GO:0001814; GO:0001818; GO:0002252; GO:0002266; GO:0002313; GO:0002316; GO:0002436; GO:0002605; GO:0002622; GO:0002638; GO:0002819; GO:0002865; GO:0002922; GO:0002924; GO:0005886; GO:0006898; GO:0006909; GO:0006911; GO:0006952; GO:0006954; GO:0007166; GO:0009617; GO:0009897; GO:0010469; GO:0016064; GO:0019770; GO:0019772; GO:0019864; GO:0019886; GO:0021549; GO:0030889; GO:0032693; GO:0032760; GO:0038094; GO:0043031; GO:0043197; GO:0043318; GO:0044297; GO:0044877; GO:0045088; GO:0046330; GO:0050765; GO:0050766; GO:0050777; GO:0050859; GO:0050869; GO:0071219; GO:0090264; GO:1902564; GO:1902950; GO:1903381; GO:1904646; GO:1905898; GO:2001199	9606.ENSP00000351497;	FCG2B_HUMAN	Homo sapiens (Human)
P32912	P32912	amphisome-lysosome fusion [GO:0061911]; autophagosome-lysosome fusion [GO:0061909]; cytoplasm to vacuole targeting by the Cvt pathway [GO:0032258]; intracellular protein transport [GO:0006886]; macroautophagy [GO:0016236]; piecemeal microautophagy of the nucleus [GO:0034727]; vacuolar calcium ion homeostasis [GO:0007036]; vacuole fusion, non-autophagic [GO:0042144]; vesicle docking [GO:0048278]; vesicle fusion [GO:0006906]	autophagosome membrane [GO:0000421]; endomembrane system [GO:0012505]; fungal-type vacuole membrane [GO:0000329]; phagophore assembly site [GO:0000407]; SNARE complex [GO:0031201]; vacuolar membrane [GO:0005774]	phosphatidylinositol-3-phosphate binding [GO:0032266]; SNAP receptor activity [GO:0005484]; SNARE binding [GO:0000149]	GO:0000149; GO:0000329; GO:0000407; GO:0000421; GO:0005484; GO:0005774; GO:0006886; GO:0006906; GO:0007036; GO:0012505; GO:0016236; GO:0031201; GO:0032258; GO:0032266; GO:0034727; GO:0042144; GO:0048278; GO:0061909; GO:0061911	4932.YGL212W;	VAM7_YEAST	Saccharomyces cerevisiae (strain ATCC 204508 / S288c) (Baker's yeast)
P36975	P36975	exocytosis [GO:0006887]; neuromuscular synaptic transmission [GO:0007274]; neurotransmitter secretion [GO:0007269]; regulation of short-term neuronal synaptic plasticity [GO:0048172]; synaptic vesicle docking [GO:0016081]; synaptic vesicle fusion to presynaptic active zone membrane [GO:0031629]; synaptic vesicle priming [GO:0016082]; synaptic vesicle transport [GO:0048489]; vesicle fusion [GO:0006906]; vesicle-mediated transport [GO:0016192]	cytoplasm [GO:0005737]; membrane [GO:0016020]; plasma membrane [GO:0005886]; SNARE complex [GO:0031201]; terminal bouton [GO:0043195]	SNAP receptor activity [GO:0005484]; SNARE binding [GO:0000149]; syntaxin binding [GO:0019905]	GO:0000149; GO:0005484; GO:0005737; GO:0005886; GO:0006887; GO:0006906; GO:0007269; GO:0007274; GO:0016020; GO:0016081; GO:0016082; GO:0016192; GO:0019905; GO:0031201; GO:0031629; GO:0043195; GO:0048172; GO:0048489	7227.FBpp0110435;	SNP25_DROME	Drosophila melanogaster (Fruit fly)
P38736	P38736	endoplasmic reticulum to Golgi vesicle-mediated transport [GO:0006888]; Golgi vesicle transport [GO:0048193]; inter-Golgi cisterna vesicle-mediated transport [GO:0048219]; intracellular protein transport [GO:0006886]; vesicle fusion [GO:0006906]; vesicle fusion with Golgi apparatus [GO:0048280]	cis-Golgi network [GO:0005801]; endoplasmic reticulum membrane [GO:0005789]; Golgi cis cisterna membrane [GO:1990674]; Golgi medial cisterna [GO:0005797]; Golgi membrane [GO:0000139]; SNARE complex [GO:0031201]	SNAP receptor activity [GO:0005484]	GO:0000139; GO:0005484; GO:0005789; GO:0005797; GO:0005801; GO:0006886; GO:0006888; GO:0006906; GO:0031201; GO:0048193; GO:0048219; GO:0048280; GO:1990674	4932.YHL031C;	GOSR1_YEAST	Saccharomyces cerevisiae (strain ATCC 204508 / S288c) (Baker's yeast)
P41834	P41834	endoplasmic reticulum membrane fusion [GO:0016320]; protein transport [GO:0015031]; retrograde vesicle-mediated transport, Golgi to endoplasmic reticulum [GO:0006890]; vesicle fusion with endoplasmic reticulum [GO:0048279]	cytoplasmic side of endoplasmic reticulum membrane [GO:0098554]; endoplasmic reticulum [GO:0005783]; Golgi to ER transport vesicle membrane [GO:0012508]; SNARE complex [GO:0031201]	SNAP receptor activity [GO:0005484]	GO:0005484; GO:0005783; GO:0006890; GO:0012508; GO:0015031; GO:0016320; GO:0031201; GO:0048279; GO:0098554	4932.YOR075W;	UFE1_YEAST	Saccharomyces cerevisiae (strain ATCC 204508 / S288c) (Baker's yeast)
P43403	P43403	adaptive immune response [GO:0002250]; B cell activation [GO:0042113]; beta selection [GO:0043366]; calcium-mediated signaling [GO:0019722]; cell differentiation [GO:0030154]; cell surface receptor protein tyrosine kinase signaling pathway [GO:0007169]; immune response [GO:0006955]; innate immune response [GO:0045087]; intracellular signal transduction [GO:0035556]; negative thymic T cell selection [GO:0045060]; peptidyl-tyrosine phosphorylation [GO:0018108]; positive regulation of alpha-beta T cell differentiation [GO:0046638]; positive regulation of alpha-beta T cell proliferation [GO:0046641]; positive regulation of calcium-mediated signaling [GO:0050850]; positive regulation of T cell differentiation [GO:0045582]; positive thymic T cell selection [GO:0045059]; protein phosphorylation [GO:0006468]; T cell activation [GO:0042110]; T cell aggregation [GO:0070489]; T cell differentiation [GO:0030217]; T cell migration [GO:0072678]; T cell receptor signaling pathway [GO:0050852]	cell-cell junction [GO:0005911]; cytoplasm [GO:0005737]; cytosol [GO:0005829]; immunological synapse [GO:0001772]; plasma membrane [GO:0005886]; T cell receptor complex [GO:0042101]	ATP binding [GO:0005524]; histone H2AXY142 kinase activity [GO:0140801]; histone H3Y41 kinase activity [GO:0035401]; non-membrane spanning protein tyrosine kinase activity [GO:0004715]; phosphotyrosine residue binding [GO:0001784]; protein tyrosine kinase activity [GO:0004713]; signaling receptor binding [GO:0005102]	GO:0001772; GO:0001784; GO:0002250; GO:0004713; GO:0004715; GO:0005102; GO:0005524; GO:0005737; GO:0005829; GO:0005886; GO:0005911; GO:0006468; GO:0006955; GO:0007169; GO:0018108; GO:0019722; GO:0030154; GO:0030217; GO:0035401; GO:0035556; GO:0042101; GO:0042110; GO:0042113; GO:0043366; GO:0045059; GO:0045060; GO:0045087; GO:0045582; GO:0046638; GO:0046641; GO:0050850; GO:0050852; GO:0070489; GO:0072678; GO:0140801	9606.ENSP00000264972;	ZAP70_HUMAN	Homo sapiens (Human)
P43626	P43626	immune response [GO:0006955]; immune response-regulating signaling pathway [GO:0002764]; natural killer cell inhibitory signaling pathway [GO:0002769]	plasma membrane [GO:0005886]	signaling receptor activity [GO:0038023]	GO:0002764; GO:0002769; GO:0005886; GO:0006955; GO:0038023	9606.ENSP00000336769;	KI2L1_HUMAN	Homo sapiens (Human)
P43682	P43682	endoplasmic reticulum to Golgi vesicle-mediated transport [GO:0006888]; intra-Golgi vesicle-mediated transport [GO:0006891]; intracellular protein transport [GO:0006886]; vesicle fusion [GO:0006906]; vesicle fusion with Golgi apparatus [GO:0048280]	endoplasmic reticulum membrane [GO:0005789]; Golgi cis cisterna membrane [GO:1990674]; Golgi membrane [GO:0000139]; Golgi trans cisterna [GO:0000138]; SNARE complex [GO:0031201]	SNAP receptor activity [GO:0005484]	GO:0000138; GO:0000139; GO:0005484; GO:0005789; GO:0006886; GO:0006888; GO:0006891; GO:0006906; GO:0031201; GO:0048280; GO:1990674	4932.YKL006C-A;	SFT1_YEAST	Saccharomyces cerevisiae (strain ATCC 204508 / S288c) (Baker's yeast)
P48960	P48960	adenylate cyclase-activating G protein-coupled receptor signaling pathway [GO:0007189]; cell adhesion [GO:0007155]; cell surface receptor signaling pathway [GO:0007166]; cell-cell signaling [GO:0007267]; G protein-coupled receptor signaling pathway [GO:0007186]; immune response [GO:0006955]; inflammatory response [GO:0006954]	extracellular exosome [GO:0070062]; focal adhesion [GO:0005925]; membrane [GO:0016020]; plasma membrane [GO:0005886]; secretory granule membrane [GO:0030667]	calcium ion binding [GO:0005509]; G protein-coupled receptor activity [GO:0004930]; transmembrane signaling receptor activity [GO:0004888]	GO:0004888; GO:0004930; GO:0005509; GO:0005886; GO:0005925; GO:0006954; GO:0006955; GO:0007155; GO:0007166; GO:0007186; GO:0007189; GO:0007267; GO:0016020; GO:0030667; GO:0070062	9606.ENSP00000242786;	AGRE5_HUMAN	Homo sapiens (Human)
P51532	P51532	chromatin remodeling [GO:0006338]; heterochromatin formation [GO:0031507]; negative regulation of androgen receptor signaling pathway [GO:0060766]; negative regulation of cell differentiation [GO:0045596]; negative regulation of cell growth [GO:0030308]; negative regulation of DNA-templated transcription [GO:0045892]; negative regulation of transcription by RNA polymerase II [GO:0000122]; nervous system development [GO:0007399]; neural retina development [GO:0003407]; nucleosome disassembly [GO:0006337]; positive regulation by host of viral transcription [GO:0043923]; positive regulation of cell differentiation [GO:0045597]; positive regulation of cell population proliferation [GO:0008284]; positive regulation of cold-induced thermogenesis [GO:0120162]; positive regulation of DNA-binding transcription factor activity [GO:0051091]; positive regulation of DNA-templated transcription [GO:0045893]; positive regulation of double-strand break repair [GO:2000781]; positive regulation of glucose mediated signaling pathway [GO:1902661]; positive regulation of miRNA transcription [GO:1902895]; positive regulation of myoblast differentiation [GO:0045663]; positive regulation of stem cell population maintenance [GO:1902459]; positive regulation of T cell differentiation [GO:0045582]; positive regulation of transcription by RNA polymerase II [GO:0045944]; positive regulation of transcription of nucleolar large rRNA by RNA polymerase I [GO:1901838]; positive regulation of Wnt signaling pathway [GO:0030177]; regulation of G0 to G1 transition [GO:0070316]; regulation of G1/S transition of mitotic cell cycle [GO:2000045]; regulation of mitotic metaphase/anaphase transition [GO:0030071]; regulation of nucleotide-excision repair [GO:2000819]; regulation of transcription by RNA polymerase II [GO:0006357]; RNA polymerase I preinitiation complex assembly [GO:0001188]; transcription initiation-coupled chromatin remodeling [GO:0045815]	bBAF complex [GO:0140092]; chromatin [GO:0000785]; extracellular space [GO:0005615]; fibrillar center [GO:0001650]; GBAF complex [GO:0140288]; kinetochore [GO:0000776]; membrane [GO:0016020]; nBAF complex [GO:0071565]; npBAF complex [GO:0071564]; nuclear matrix [GO:0016363]; nucleolus [GO:0005730]; nucleoplasm [GO:0005654]; nucleus [GO:0005634]; protein-containing complex [GO:0032991]; RSC-type complex [GO:0016586]; SWI/SNF complex [GO:0016514]	ATP binding [GO:0005524]; ATP-dependent activity, acting on DNA [GO:0008094]; ATP-dependent chromatin remodeler activity [GO:0140658]; chromatin binding [GO:0003682]; DNA binding [GO:0003677]; DNA polymerase binding [GO:0070182]; helicase activity [GO:0004386]; histone binding [GO:0042393]; hydrolase activity [GO:0016787]; nuclear androgen receptor binding [GO:0050681]; nucleosome array spacer activity [GO:0140750]; p53 binding [GO:0002039]; RNA binding [GO:0003723]; Tat protein binding [GO:0030957]; transcription coactivator activity [GO:0003713]; transcription coregulator binding [GO:0001221]; transcription corepressor activity [GO:0003714]	GO:0000122; GO:0000776; GO:0000785; GO:0001188; GO:0001221; GO:0001650; GO:0002039; GO:0003407; GO:0003677; GO:0003682; GO:0003713; GO:0003714; GO:0003723; GO:0004386; GO:0005524; GO:0005615; GO:0005634; GO:0005654; GO:0005730; GO:0006337; GO:0006338; GO:0006357; GO:0007399; GO:0008094; GO:0008284; GO:0016020; GO:0016363; GO:0016514; GO:0016586; GO:0016787; GO:0030071; GO:0030177; GO:0030308; GO:0030957; GO:0031507; GO:0032991; GO:0042393; GO:0043923; GO:0045582; GO:0045596; GO:0045597; GO:0045663; GO:0045815; GO:0045892; GO:0045893; GO:0045944; GO:0050681; GO:0051091; GO:0060766; GO:0070182; GO:0070316; GO:0071564; GO:0071565; GO:0120162; GO:0140092; GO:0140288; GO:0140658; GO:0140750; GO:1901838; GO:1902459; GO:1902661; GO:1902895; GO:2000045; GO:2000781; GO:2000819	9606.ENSP00000343896;	SMCA4_HUMAN	Homo sapiens (Human)
P53146	P53146	protein transport [GO:0015031]; retrograde vesicle-mediated transport, Golgi to endoplasmic reticulum [GO:0006890]; vesicle fusion with endoplasmic reticulum [GO:0048279]	cytoplasmic side of endoplasmic reticulum membrane [GO:0098554]; endoplasmic reticulum [GO:0005783]; Golgi to ER transport vesicle membrane [GO:0012508]; SNARE complex [GO:0031201]	SNAP receptor activity [GO:0005484]	GO:0005484; GO:0005783; GO:0006890; GO:0012508; GO:0015031; GO:0031201; GO:0048279; GO:0098554	4932.YGL098W;	USE1_YEAST	Saccharomyces cerevisiae (strain ATCC 204508 / S288c) (Baker's yeast)
P55273	P55273	autophagic cell death [GO:0048102]; DNA synthesis involved in DNA repair [GO:0000731]; negative regulation of cell cycle G1/S phase transition [GO:1902807]; negative regulation of cell growth [GO:0030308]; negative regulation of cell population proliferation [GO:0008285]; negative regulation of intrinsic apoptotic signaling pathway in response to DNA damage [GO:1902230]; negative regulation of phosphorylation [GO:0042326]; regulation of cyclin-dependent protein serine/threonine kinase activity [GO:0000079]; regulation of G1/S transition of mitotic cell cycle [GO:2000045]; response to retinoic acid [GO:0032526]; response to UV [GO:0009411]; response to vitamin D [GO:0033280]; sensory perception of sound [GO:0007605]	cyclin D2-CDK4 complex [GO:0097129]; cytoplasm [GO:0005737]; cytosol [GO:0005829]; nucleoplasm [GO:0005654]; nucleus [GO:0005634]	cyclin-dependent protein serine/threonine kinase inhibitor activity [GO:0004861]; protein kinase binding [GO:0019901]	GO:0000079; GO:0000731; GO:0004861; GO:0005634; GO:0005654; GO:0005737; GO:0005829; GO:0007605; GO:0008285; GO:0009411; GO:0019901; GO:0030308; GO:0032526; GO:0033280; GO:0042326; GO:0048102; GO:0097129; GO:1902230; GO:1902807; GO:2000045	9606.ENSP00000377224;	CDN2D_HUMAN	Homo sapiens (Human)
P56524	P56524	B cell activation [GO:0042113]; B cell differentiation [GO:0030183]; cardiac muscle hypertrophy in response to stress [GO:0014898]; chromatin remodeling [GO:0006338]; inflammatory response [GO:0006954]; negative regulation of DNA-binding transcription factor activity [GO:0043433]; negative regulation of gene expression, epigenetic [GO:0045814]; negative regulation of glycolytic process [GO:0045820]; negative regulation of myotube differentiation [GO:0010832]; negative regulation of transcription by competitive promoter binding [GO:0010944]; negative regulation of transcription by RNA polymerase II [GO:0000122]; nervous system development [GO:0007399]; peptidyl-lysine deacetylation [GO:0034983]; positive regulation of cell population proliferation [GO:0008284]; positive regulation of DNA-binding transcription factor activity [GO:0051091]; positive regulation of DNA-templated transcription [GO:0045893]; positive regulation of protein sumoylation [GO:0033235]; positive regulation of transcription by RNA polymerase II [GO:0045944]; protein deacetylation [GO:0006476]; protein sumoylation [GO:0016925]; regulation of protein binding [GO:0043393]; response to denervation involved in regulation of muscle adaptation [GO:0014894]; response to interleukin-1 [GO:0070555]; type I interferon-mediated signaling pathway [GO:0060337]	chromatin [GO:0000785]; cytoplasm [GO:0005737]; cytosol [GO:0005829]; histone deacetylase complex [GO:0000118]; nuclear speck [GO:0016607]; nucleoplasm [GO:0005654]; nucleus [GO:0005634]; transcription repressor complex [GO:0017053]	DNA-binding transcription factor binding [GO:0140297]; histone deacetylase activity [GO:0004407]; histone deacetylase binding [GO:0042826]; histone H3K14 deacetylase activity, hydrolytic mechanism [GO:0031078]; histone H3K4 deacetylase activity, hydrolytic mechanism [GO:1990162]; histone H3K9 deacetylase activity, hydrolytic mechanism [GO:0032129]; histone H4K12 deacetylase activity, hydrolytic mechanism [GO:0140937]; histone H4K16 deacetylase activity, hydrolytic mechanism [GO:0034739]; histone H4K5 deacetylase activity, hydrolytic mechanism [GO:0180032]; histone H4K8 deacetylase activity, hydrolytic mechanism [GO:0180033]; identical protein binding [GO:0042802]; molecular adaptor activity [GO:0060090]; potassium ion binding [GO:0030955]; protein lysine deacetylase activity [GO:0033558]; RNA polymerase II cis-regulatory region sequence-specific DNA binding [GO:0000978]; RNA polymerase II-specific DNA-binding transcription factor binding [GO:0061629]; SUMO transferase activity [GO:0019789]; zinc ion binding [GO:0008270]	GO:0000118; GO:0000122; GO:0000785; GO:0000978; GO:0004407; GO:0005634; GO:0005654; GO:0005737; GO:0005829; GO:0006338; GO:0006476; GO:0006954; GO:0007399; GO:0008270; GO:0008284; GO:0010832; GO:0010944; GO:0014894; GO:0014898; GO:0016607; GO:0016925; GO:0017053; GO:0019789; GO:0030183; GO:0030955; GO:0031078; GO:0032129; GO:0033235; GO:0033558; GO:0034739; GO:0034983; GO:0042113; GO:0042802; GO:0042826; GO:0043393; GO:0043433; GO:0045814; GO:0045820; GO:0045893; GO:0045944; GO:0051091; GO:0060090; GO:0060337; GO:0061629; GO:0070555; GO:0140297; GO:0140937; GO:0180032; GO:0180033; GO:1990162	9606.ENSP00000264606;	HDAC4_HUMAN	Homo sapiens (Human)
P61964	P61964	gluconeogenesis [GO:0006094]; negative regulation of transcription by RNA polymerase II [GO:0000122]; positive regulation of DNA-templated transcription [GO:0045893]; positive regulation of gluconeogenesis [GO:0045722]; regulation of cell cycle [GO:0051726]; regulation of cell division [GO:0051302]; regulation of DNA-templated transcription [GO:0006355]; regulation of embryonic development [GO:0045995]; regulation of transcription by RNA polymerase II [GO:0006357]; regulation of tubulin deacetylation [GO:0090043]; skeletal system development [GO:0001501]; transcription initiation-coupled chromatin remodeling [GO:0045815]	ATAC complex [GO:0140672]; histone acetyltransferase complex [GO:0000123]; histone methyltransferase complex [GO:0035097]; mitotic spindle [GO:0072686]; MLL1 complex [GO:0071339]; MLL1/2 complex [GO:0044665]; MLL3/4 complex [GO:0044666]; NSL complex [GO:0044545]; nucleoplasm [GO:0005654]; nucleus [GO:0005634]; Set1C/COMPASS complex [GO:0048188]	histone binding [GO:0042393]; histone H3K4 methyltransferase activity [GO:0042800]; methylated histone binding [GO:0035064]	GO:0000122; GO:0000123; GO:0001501; GO:0005634; GO:0005654; GO:0006094; GO:0006355; GO:0006357; GO:0035064; GO:0035097; GO:0042393; GO:0042800; GO:0044545; GO:0044665; GO:0044666; GO:0045722; GO:0045815; GO:0045893; GO:0045995; GO:0048188; GO:0051302; GO:0051726; GO:0071339; GO:0072686; GO:0090043; GO:0140672	9606.ENSP00000351446;	WDR5_HUMAN	Homo sapiens (Human)
P68871	P68871	blood vessel diameter maintenance [GO:0097746]; carbon dioxide transport [GO:0015670]; cellular oxidant detoxification [GO:0098869]; hydrogen peroxide catabolic process [GO:0042744]; nitric oxide transport [GO:0030185]; oxygen transport [GO:0015671]; platelet aggregation [GO:0070527]; positive regulation of nitric oxide biosynthetic process [GO:0045429]; regulation of blood pressure [GO:0008217]; renal absorption [GO:0070293]; response to hydrogen peroxide [GO:0042542]	blood microparticle [GO:0072562]; cytosol [GO:0005829]; endocytic vesicle lumen [GO:0071682]; extracellular exosome [GO:0070062]; extracellular region [GO:0005576]; extracellular space [GO:0005615]; ficolin-1-rich granule lumen [GO:1904813]; haptoglobin-hemoglobin complex [GO:0031838]; hemoglobin complex [GO:0005833]; tertiary granule lumen [GO:1904724]	heme binding [GO:0020037]; hemoglobin alpha binding [GO:0031721]; hemoglobin binding [GO:0030492]; metal ion binding [GO:0046872]; organic acid binding [GO:0043177]; oxygen binding [GO:0019825]; oxygen carrier activity [GO:0005344]	GO:0005344; GO:0005576; GO:0005615; GO:0005829; GO:0005833; GO:0008217; GO:0015670; GO:0015671; GO:0019825; GO:0020037; GO:0030185; GO:0030492; GO:0031721; GO:0031838; GO:0042542; GO:0042744; GO:0043177; GO:0045429; GO:0046872; GO:0070062; GO:0070293; GO:0070527; GO:0071682; GO:0072562; GO:0097746; GO:0098869; GO:1904724; GO:1904813	9606.ENSP00000494175;	HBB_HUMAN	Homo sapiens (Human)
P78768	P78768	Golgi to vacuole transport [GO:0006896]; intra-Golgi vesicle-mediated transport [GO:0006891]; intracellular protein transport [GO:0006886]; late endosome to vacuole transport [GO:0045324]; macroautophagy [GO:0016236]; retrograde transport, endosome to Golgi [GO:0042147]; vesicle docking [GO:0048278]; vesicle fusion with Golgi apparatus [GO:0048280]	cytoplasm [GO:0005737]; cytosol [GO:0005829]; endoplasmic reticulum membrane [GO:0005789]; ER to Golgi transport vesicle membrane [GO:0012507]; fungal-type vacuole [GO:0000324]; Golgi apparatus [GO:0005794]; Golgi membrane [GO:0000139]; late endosome membrane [GO:0031902]; SNARE complex [GO:0031201]; vacuolar membrane [GO:0005774]	SNAP receptor activity [GO:0005484]; SNARE binding [GO:0000149]	GO:0000139; GO:0000149; GO:0000324; GO:0005484; GO:0005737; GO:0005774; GO:0005789; GO:0005794; GO:0005829; GO:0006886; GO:0006891; GO:0006896; GO:0012507; GO:0016236; GO:0031201; GO:0031902; GO:0042147; GO:0045324; GO:0048278; GO:0048280	284812.P78768;	VTI1_SCHPO	Schizosaccharomyces pombe (strain 972 / ATCC 24843) (Fission yeast)
P83351	P83351	exocytosis [GO:0006887]; intracellular protein transmembrane transport [GO:0065002]; ovulation [GO:0030728]; secretion [GO:0046903]; synaptic vesicle fusion to presynaptic active zone membrane [GO:0031629]; synaptic vesicle priming [GO:0016082]	apical plasma membrane [GO:0016324]; neuron projection [GO:0043005]; plasma membrane [GO:0005886]; presynapse [GO:0098793]; recycling endosome [GO:0055037]; SNARE complex [GO:0031201]	SNAP receptor activity [GO:0005484]; syntaxin binding [GO:0019905]	GO:0005484; GO:0005886; GO:0006887; GO:0016082; GO:0016324; GO:0019905; GO:0030728; GO:0031201; GO:0031629; GO:0043005; GO:0046903; GO:0055037; GO:0065002; GO:0098793	6239.K02D10.5.1;	SNA29_CAEEL	Caenorhabditis elegans
P83528	P83528	intracellular protein transport [GO:0006886]; synaptic vesicle docking [GO:0016081]	Golgi trans cisterna [GO:0000138]; membrane [GO:0016020]; presynapse [GO:0098793]	SNAP receptor activity [GO:0005484]	GO:0000138; GO:0005484; GO:0006886; GO:0016020; GO:0016081; GO:0098793	6239.C15C7.1.1;	STX6_CAEEL	Caenorhabditis elegans
Q03322	Q03322	endocytosis [GO:0006897]; Golgi to endosome transport [GO:0006895]; Golgi vesicle fusion to target membrane [GO:0048210]; intracellular protein transport [GO:0006886]; retrograde transport, endosome to Golgi [GO:0042147]; vesicle docking [GO:0048278]; vesicle fusion [GO:0006906]; vesicle fusion with Golgi apparatus [GO:0048280]	cytosol [GO:0005829]; early endosome membrane [GO:0031901]; endomembrane system [GO:0012505]; endosome [GO:0005768]; endosome membrane [GO:0010008]; Golgi membrane [GO:0000139]; late endosome membrane [GO:0031902]; SNARE complex [GO:0031201]; trans-Golgi network [GO:0005802]	SNAP receptor activity [GO:0005484]; SNARE binding [GO:0000149]	GO:0000139; GO:0000149; GO:0005484; GO:0005768; GO:0005802; GO:0005829; GO:0006886; GO:0006895; GO:0006897; GO:0006906; GO:0010008; GO:0012505; GO:0031201; GO:0031901; GO:0031902; GO:0042147; GO:0048210; GO:0048278; GO:0048280	4932.YDR468C;	TLG1_YEAST	Saccharomyces cerevisiae (strain ATCC 204508 / S288c) (Baker's yeast)
Q04338	Q04338	amphisome-lysosome fusion [GO:0061911]; endocytosis [GO:0006897]; Golgi to endosome transport [GO:0006895]; Golgi to vacuole transport [GO:0006896]; Golgi vesicle fusion to target membrane [GO:0048210]; intra-Golgi vesicle-mediated transport [GO:0006891]; intracellular protein transport [GO:0006886]; macroautophagy [GO:0016236]; retrograde transport, endosome to Golgi [GO:0042147]; vacuolar calcium ion homeostasis [GO:0007036]; vacuole fusion, non-autophagic [GO:0042144]; vesicle fusion [GO:0006906]; vesicle fusion with Golgi apparatus [GO:0048280]	autophagosome membrane [GO:0000421]; cytosol [GO:0005829]; endoplasmic reticulum membrane [GO:0005789]; endosome membrane [GO:0010008]; ER to Golgi transport vesicle membrane [GO:0012507]; fungal-type vacuole membrane [GO:0000329]; Golgi apparatus [GO:0005794]; Golgi membrane [GO:0000139]; late endosome membrane [GO:0031902]; SNARE complex [GO:0031201]; vacuolar membrane [GO:0005774]	SNAP receptor activity [GO:0005484]; SNARE binding [GO:0000149]	GO:0000139; GO:0000149; GO:0000329; GO:0000421; GO:0005484; GO:0005774; GO:0005789; GO:0005794; GO:0005829; GO:0006886; GO:0006891; GO:0006895; GO:0006896; GO:0006897; GO:0006906; GO:0007036; GO:0010008; GO:0012507; GO:0016236; GO:0031201; GO:0031902; GO:0042144; GO:0042147; GO:0048210; GO:0048280; GO:0061911	4932.YMR197C;	VTI1_YEAST	Saccharomyces cerevisiae (strain ATCC 204508 / S288c) (Baker's yeast)
Q04359	Q04359	ascospore-type prospore assembly [GO:0031321]; exocytosis [GO:0006887]; Golgi vesicle fusion to target membrane [GO:0048210]; intracellular protein transport [GO:0006886]; sporulation [GO:0043934]; vesicle fusion [GO:0006906]	Golgi membrane [GO:0000139]; nucleus [GO:0005634]; plasma membrane [GO:0005886]; prospore membrane [GO:0005628]; SNARE complex [GO:0031201]	phosphatidic acid binding [GO:0070300]; phosphatidylinositol-4,5-bisphosphate binding [GO:0005546]; SNAP receptor activity [GO:0005484]; syntaxin binding [GO:0019905]	GO:0000139; GO:0005484; GO:0005546; GO:0005628; GO:0005634; GO:0005886; GO:0006886; GO:0006887; GO:0006906; GO:0019905; GO:0031201; GO:0031321; GO:0043934; GO:0048210; GO:0070300	4932.YMR017W;	SPO20_YEAST	Saccharomyces cerevisiae (strain ATCC 204508 / S288c) (Baker's yeast)
Q04724	Q04724	animal organ morphogenesis [GO:0009887]; negative regulation of anoikis [GO:2000811]; negative regulation of canonical NF-kappaB signal transduction [GO:0043124]; negative regulation of canonical Wnt signaling pathway [GO:0090090]; negative regulation of DNA-templated transcription [GO:0045892]; negative regulation of Wnt signaling pathway [GO:0030178]; positive regulation of gene expression [GO:0010628]; signal transduction [GO:0007165]; Wnt signaling pathway [GO:0016055]	beta-catenin-TCF complex [GO:1990907]; cytosol [GO:0005829]; nucleoplasm [GO:0005654]; nucleus [GO:0005634]; transcription regulator complex [GO:0005667]	DNA-binding transcription factor binding [GO:0140297]; identical protein binding [GO:0042802]; transcription corepressor activity [GO:0003714]	GO:0003714; GO:0005634; GO:0005654; GO:0005667; GO:0005829; GO:0007165; GO:0009887; GO:0010628; GO:0016055; GO:0030178; GO:0042802; GO:0043124; GO:0045892; GO:0090090; GO:0140297; GO:1990907; GO:2000811	9606.ENSP00000365682;	TLE1_HUMAN	Homo sapiens (Human)
Q06187	Q06187	adaptive immune response [GO:0002250]; apoptotic signaling pathway [GO:0097190]; B cell activation [GO:0042113]; B cell affinity maturation [GO:0002344]; B cell receptor signaling pathway [GO:0050853]; calcium-mediated signaling [GO:0019722]; cell maturation [GO:0048469]; cellular response to interleukin-7 [GO:0098761]; cellular response to molecule of fungal origin [GO:0071226]; cellular response to reactive oxygen species [GO:0034614]; eosinophil homeostasis [GO:1990959]; Fc-epsilon receptor signaling pathway [GO:0038095]; histamine secretion by mast cell [GO:0002553]; innate immune response [GO:0045087]; intracellular signal transduction [GO:0035556]; mesoderm development [GO:0007498]; monocyte proliferation [GO:0061516]; MyD88-dependent toll-like receptor signaling pathway [GO:0002755]; negative regulation of B cell proliferation [GO:0030889]; negative regulation of interleukin-10 production [GO:0032693]; neutrophil homeostasis [GO:0001780]; peptidyl-tyrosine phosphorylation [GO:0018108]; positive regulation of B cell differentiation [GO:0045579]; positive regulation of B cell proliferation [GO:0030890]; positive regulation of cGAS/STING signaling pathway [GO:0141111]; positive regulation of immunoglobulin production [GO:0002639]; positive regulation of interleukin-17A production [GO:0150153]; positive regulation of interleukin-6 production [GO:0032755]; positive regulation of NF-kappaB transcription factor activity [GO:0051092]; positive regulation of NLRP3 inflammasome complex assembly [GO:1900227]; positive regulation of phagocytosis [GO:0050766]; positive regulation of synoviocyte proliferation [GO:1901647]; positive regulation of tumor necrosis factor production [GO:0032760]; positive regulation of type I hypersensitivity [GO:0001812]; positive regulation of type III hypersensitivity [GO:0001805]; protein phosphorylation [GO:0006468]; proteoglycan catabolic process [GO:0030167]; regulation of B cell apoptotic process [GO:0002902]; regulation of B cell cytokine production [GO:0002721]; response to lipopolysaccharide [GO:0032496]; T cell receptor signaling pathway [GO:0050852]	cytoplasm [GO:0005737]; cytoplasmic vesicle [GO:0031410]; cytosol [GO:0005829]; membrane raft [GO:0045121]; nucleus [GO:0005634]; perinuclear region of cytoplasm [GO:0048471]; plasma membrane [GO:0005886]	ATP binding [GO:0005524]; histone H2AXY142 kinase activity [GO:0140801]; histone H3Y41 kinase activity [GO:0035401]; identical protein binding [GO:0042802]; metal ion binding [GO:0046872]; non-membrane spanning protein tyrosine kinase activity [GO:0004715]; phosphatidylinositol-3,4,5-trisphosphate binding [GO:0005547]; phospholipase activator activity [GO:0016004]; phospholipase binding [GO:0043274]; protein tyrosine kinase activity [GO:0004713]	GO:0001780; GO:0001805; GO:0001812; GO:0002250; GO:0002344; GO:0002553; GO:0002639; GO:0002721; GO:0002755; GO:0002902; GO:0004713; GO:0004715; GO:0005524; GO:0005547; GO:0005634; GO:0005737; GO:0005829; GO:0005886; GO:0006468; GO:0007498; GO:0016004; GO:0018108; GO:0019722; GO:0030167; GO:0030889; GO:0030890; GO:0031410; GO:0032496; GO:0032693; GO:0032755; GO:0032760; GO:0034614; GO:0035401; GO:0035556; GO:0038095; GO:0042113; GO:0042802; GO:0043274; GO:0045087; GO:0045121; GO:0045579; GO:0046872; GO:0048469; GO:0048471; GO:0050766; GO:0050852; GO:0050853; GO:0051092; GO:0061516; GO:0071226; GO:0097190; GO:0098761; GO:0140801; GO:0141111; GO:0150153; GO:1900227; GO:1901647; GO:1990959	9606.ENSP00000483570;	BTK_HUMAN	Homo sapiens (Human)
Q06787	Q06787	animal organ development [GO:0048513]; cellular response to virus [GO:0098586]; DNA repair [GO:0006281]; glutamate receptor signaling pathway [GO:0007215]; modulation by host of viral RNA genome replication [GO:0044830]; mRNA export from nucleus [GO:0006406]; mRNA processing [GO:0006397]; mRNA transport [GO:0051028]; negative regulation of cytoplasmic translation [GO:2000766]; negative regulation of long-term synaptic depression [GO:1900453]; negative regulation of miRNA-mediated gene silencing [GO:0060965]; negative regulation of synaptic vesicle exocytosis [GO:2000301]; negative regulation of translation [GO:0017148]; negative regulation of translational initiation [GO:0045947]; negative regulation of voltage-gated calcium channel activity [GO:1901386]; nervous system development [GO:0007399]; non-membrane-bounded organelle assembly [GO:0140694]; positive regulation of dendritic spine development [GO:0060999]; positive regulation of filopodium assembly [GO:0051491]; positive regulation of intracellular transport of viral material [GO:1901254]; positive regulation of long-term neuronal synaptic plasticity [GO:0048170]; positive regulation of miRNA-mediated gene silencing [GO:2000637]; positive regulation of proteasomal protein catabolic process [GO:1901800]; positive regulation of receptor internalization [GO:0002092]; positive regulation of translation [GO:0045727]; regulation of alternative mRNA splicing, via spliceosome [GO:0000381]; regulation of dendritic spine development [GO:0060998]; regulation of filopodium assembly [GO:0051489]; regulation of mRNA stability [GO:0043488]; regulation of neuronal action potential [GO:0098908]; regulation of neurotransmitter secretion [GO:0046928]; regulation of translation at presynapse, modulating synaptic transmission [GO:0099577]; regulatory ncRNA-mediated gene silencing [GO:0031047]; RNA splicing [GO:0008380]; stress granule assembly [GO:0034063]	axon [GO:0030424]; axon terminus [GO:0043679]; Cajal body [GO:0015030]; cell projection [GO:0042995]; chromocenter [GO:0010369]; chromosome [GO:0005694]; chromosome, centromeric region [GO:0000775]; cytoplasm [GO:0005737]; cytoplasmic ribonucleoprotein granule [GO:0036464]; cytoplasmic stress granule [GO:0010494]; cytosol [GO:0005829]; dendrite [GO:0030425]; dendritic filopodium [GO:1902737]; dendritic spine [GO:0043197]; filopodium tip [GO:0032433]; glial cell projection [GO:0097386]; growth cone [GO:0030426]; growth cone filopodium [GO:1990812]; intracellular non-membrane-bounded organelle [GO:0043232]; membrane [GO:0016020]; neuron projection [GO:0043005]; neuronal ribonucleoprotein granule [GO:0071598]; nucleolus [GO:0005730]; nucleoplasm [GO:0005654]; nucleus [GO:0005634]; perikaryon [GO:0043204]; perinuclear region of cytoplasm [GO:0048471]; postsynapse [GO:0098794]; postsynaptic density [GO:0014069]; postsynaptic membrane [GO:0045211]; presynapse [GO:0098793]; presynaptic membrane [GO:0042734]; ribonucleoprotein complex [GO:1990904]; synapse [GO:0045202]	chromatin binding [GO:0003682]; dynein complex binding [GO:0070840]; G-quadruplex RNA binding [GO:0002151]; identical protein binding [GO:0042802]; methylated histone binding [GO:0035064]; microtubule binding [GO:0008017]; miRNA binding [GO:0035198]; molecular condensate scaffold activity [GO:0140693]; mRNA 3'-UTR binding [GO:0003730]; mRNA 5'-UTR binding [GO:0048027]; mRNA binding [GO:0003729]; N6-methyladenosine-containing RNA reader activity [GO:1990247]; poly(A) binding [GO:0008143]; poly(G) binding [GO:0034046]; poly(U) RNA binding [GO:0008266]; protein heterodimerization activity [GO:0046982]; protein homodimerization activity [GO:0042803]; ribosome binding [GO:0043022]; RNA binding [GO:0003723]; RNA stem-loop binding [GO:0035613]; RNA strand annealing activity [GO:0033592]; sequence-specific mRNA binding [GO:1990825]; signaling adaptor activity [GO:0035591]; siRNA binding [GO:0035197]; translation initiation factor binding [GO:0031369]; translation regulator activity [GO:0045182]; translation repressor activity [GO:0030371]; transmembrane transporter binding [GO:0044325]	GO:0000381; GO:0000775; GO:0002092; GO:0002151; GO:0003682; GO:0003723; GO:0003729; GO:0003730; GO:0005634; GO:0005654; GO:0005694; GO:0005730; GO:0005737; GO:0005829; GO:0006281; GO:0006397; GO:0006406; GO:0007215; GO:0007399; GO:0008017; GO:0008143; GO:0008266; GO:0008380; GO:0010369; GO:0010494; GO:0014069; GO:0015030; GO:0016020; GO:0017148; GO:0030371; GO:0030424; GO:0030425; GO:0030426; GO:0031047; GO:0031369; GO:0032433; GO:0033592; GO:0034046; GO:0034063; GO:0035064; GO:0035197; GO:0035198; GO:0035591; GO:0035613; GO:0036464; GO:0042734; GO:0042802; GO:0042803; GO:0042995; GO:0043005; GO:0043022; GO:0043197; GO:0043204; GO:0043232; GO:0043488; GO:0043679; GO:0044325; GO:0044830; GO:0045182; GO:0045202; GO:0045211; GO:0045727; GO:0045947; GO:0046928; GO:0046982; GO:0048027; GO:0048170; GO:0048471; GO:0048513; GO:0051028; GO:0051489; GO:0051491; GO:0060965; GO:0060998; GO:0060999; GO:0070840; GO:0071598; GO:0097386; GO:0098586; GO:0098793; GO:0098794; GO:0098908; GO:0099577; GO:0140693; GO:0140694; GO:1900453; GO:1901254; GO:1901386; GO:1901800; GO:1902737; GO:1990247; GO:1990812; GO:1990825; GO:1990904; GO:2000301; GO:2000637; GO:2000766	9606.ENSP00000359506;	FMR1_HUMAN	Homo sapiens (Human)
Q08144	Q08144	cytoplasm to vacuole targeting by the Cvt pathway [GO:0032258]; endocytosis [GO:0006897]; Golgi to vacuole transport [GO:0006896]; inositol phosphoceramide metabolic process [GO:0006673]; intracellular protein transport [GO:0006886]; mannosyl-inositol phosphorylceramide metabolic process [GO:0006675]; protein exit from endoplasmic reticulum [GO:0032527]; protein secretion [GO:0009306]; retrograde transport, endosome to Golgi [GO:0042147]; vesicle docking [GO:0048278]; vesicle fusion [GO:0006906]; vesicle fusion with Golgi apparatus [GO:0048280]	cytosol [GO:0005829]; endomembrane system [GO:0012505]; endosome membrane [GO:0010008]; Golgi membrane [GO:0000139]; SNARE complex [GO:0031201]; trans-Golgi network [GO:0005802]	SNAP receptor activity [GO:0005484]; SNARE binding [GO:0000149]	GO:0000139; GO:0000149; GO:0005484; GO:0005802; GO:0005829; GO:0006673; GO:0006675; GO:0006886; GO:0006896; GO:0006897; GO:0006906; GO:0009306; GO:0010008; GO:0012505; GO:0031201; GO:0032258; GO:0032527; GO:0042147; GO:0048278; GO:0048280	4932.YOL018C;	TLG2_YEAST	Saccharomyces cerevisiae (strain ATCC 204508 / S288c) (Baker's yeast)
Q09730	Q09730	intra-Golgi vesicle-mediated transport [GO:0006891]; intracellular protein transport [GO:0006886]	cytoplasm [GO:0005737]; endoplasmic reticulum [GO:0005783]; Golgi apparatus [GO:0005794]; Golgi membrane [GO:0000139]	SNAP receptor activity [GO:0005484]	GO:0000139; GO:0005484; GO:0005737; GO:0005783; GO:0005794; GO:0006886; GO:0006891	284812.Q09730;	SFT1_SCHPO	Schizosaccharomyces pombe (strain 972 / ATCC 24843) (Fission yeast)
Q09835	Q09835	endoplasmic reticulum to Golgi vesicle-mediated transport [GO:0006888]; inter-Golgi cisterna vesicle-mediated transport [GO:0048219]; intracellular protein transport [GO:0006886]; vesicle fusion [GO:0006906]	cis-Golgi network [GO:0005801]; Golgi apparatus [GO:0005794]; Golgi medial cisterna [GO:0005797]; Golgi membrane [GO:0000139]; SNARE complex [GO:0031201]	SNAP receptor activity [GO:0005484]	GO:0000139; GO:0005484; GO:0005794; GO:0005797; GO:0005801; GO:0006886; GO:0006888; GO:0006906; GO:0031201; GO:0048219	284812.Q09835;	GOS1_SCHPO	Schizosaccharomyces pombe (strain 972 / ATCC 24843) (Fission yeast)
Q12241	Q12241	amphisome-lysosome fusion [GO:0061911]; autophagosome maturation [GO:0097352]; intracellular protein transport [GO:0006886]; piecemeal microautophagy of the nucleus [GO:0034727]; vacuolar calcium ion homeostasis [GO:0007036]; vacuole fusion, non-autophagic [GO:0042144]; vesicle docking [GO:0048278]; vesicle fusion [GO:0006906]; vesicle fusion with vacuole [GO:0051469]	autophagosome membrane [GO:0000421]; endomembrane system [GO:0012505]; fungal-type vacuole membrane [GO:0000329]; SNARE complex [GO:0031201]; vacuolar membrane [GO:0005774]	SNAP receptor activity [GO:0005484]; SNARE binding [GO:0000149]	GO:0000149; GO:0000329; GO:0000421; GO:0005484; GO:0005774; GO:0006886; GO:0006906; GO:0007036; GO:0012505; GO:0031201; GO:0034727; GO:0042144; GO:0048278; GO:0051469; GO:0061911; GO:0097352	4932.YOR106W;	VAM3_YEAST	Saccharomyces cerevisiae (strain ATCC 204508 / S288c) (Baker's yeast)
Q12255	Q12255	intracellular protein transport [GO:0006886]; vacuolar calcium ion homeostasis [GO:0007036]; vacuole fusion, non-autophagic [GO:0042144]; vesicle fusion [GO:0006906]; vesicle fusion to plasma membrane [GO:0099500]; vesicle-mediated transport [GO:0016192]	fungal-type vacuole membrane [GO:0000329]; plasma membrane [GO:0005886]; SNARE complex [GO:0031201]; vacuolar membrane [GO:0005774]	SNAP receptor activity [GO:0005484]	GO:0000329; GO:0005484; GO:0005774; GO:0005886; GO:0006886; GO:0006906; GO:0007036; GO:0016192; GO:0031201; GO:0042144; GO:0099500	4932.YLR093C;	NYV1_YEAST	Saccharomyces cerevisiae (strain ATCC 204508 / S288c) (Baker's yeast)
Q13477	Q13477	cell adhesion [GO:0007155]; cell-matrix adhesion [GO:0007160]; heterotypic cell-cell adhesion [GO:0034113]; immune response [GO:0006955]; integrin-mediated signaling pathway [GO:0007229]; leukocyte tethering or rolling [GO:0050901]; positive regulation of leukocyte migration [GO:0002687]; positive regulation of lymphocyte migration [GO:2000403]; receptor clustering [GO:0043113]; signal transduction [GO:0007165]	membrane [GO:0016020]; plasma membrane [GO:0005886]	integrin binding involved in cell-matrix adhesion [GO:0098640]	GO:0002687; GO:0005886; GO:0006955; GO:0007155; GO:0007160; GO:0007165; GO:0007229; GO:0016020; GO:0034113; GO:0043113; GO:0050901; GO:0098640; GO:2000403	9606.ENSP00000215637;	MADCA_HUMAN	Homo sapiens (Human)
Q32L97	Q32L97	endocytic recycling [GO:0032456]; Golgi ribbon formation [GO:0090161]; SNARE complex assembly [GO:0035493]	cell surface [GO:0009986]; SNARE complex [GO:0031201]; trans-Golgi network [GO:0005802]		GO:0005802; GO:0009986; GO:0031201; GO:0032456; GO:0035493; GO:0090161	9913.ENSBTAP00000073260;	VAMP4_BOVIN	Bos taurus (Bovine)
Q54CK6	Q54CK6	hypotonic response [GO:0006971]; intracellular protein transport [GO:0006886]; vesicle fusion [GO:0006906]; vesicle-mediated transport [GO:0016192]	clathrin-coated vesicle membrane [GO:0030665]; contractile vacuole [GO:0000331]; endoplasmic reticulum membrane [GO:0005789]; endosome [GO:0005768]; endosome membrane [GO:0010008]; ER to Golgi transport vesicle membrane [GO:0012507]; Golgi apparatus [GO:0005794]; late endosome membrane [GO:0031902]; phagocytic vesicle [GO:0045335]; phagolysosome [GO:0032010]; SNARE complex [GO:0031201]	SNAP receptor activity [GO:0005484]; SNARE binding [GO:0000149]	GO:0000149; GO:0000331; GO:0005484; GO:0005768; GO:0005789; GO:0005794; GO:0006886; GO:0006906; GO:0006971; GO:0010008; GO:0012507; GO:0016192; GO:0030665; GO:0031201; GO:0031902; GO:0032010; GO:0045335	44689.Q54CK6;	VTI1A_DICDI	Dictyostelium discoideum (Social amoeba)
Q54GB3	Q54GB3	hypotonic response [GO:0006971]; vesicle fusion [GO:0006906]	plasma membrane [GO:0005886]; SNARE complex [GO:0031201]; transport vesicle membrane [GO:0030658]	SNAP receptor activity [GO:0005484]; syntaxin binding [GO:0019905]	GO:0005484; GO:0005886; GO:0006906; GO:0006971; GO:0019905; GO:0030658; GO:0031201	44689.Q54GB3;	SYBB_DICDI	Dictyostelium discoideum (Social amoeba)
Q59XP0	Q59XP0	exocytosis [GO:0006887]; hyphal growth [GO:0030448]; protein secretion [GO:0009306]; vesicle fusion [GO:0006906]	plasma membrane [GO:0005886]; SNARE complex [GO:0031201]	SNAP receptor activity [GO:0005484]; syntaxin binding [GO:0019905]	GO:0005484; GO:0005886; GO:0006887; GO:0006906; GO:0009306; GO:0019905; GO:0030448; GO:0031201	237561.Q59XP0;	SEC9_CANAL	Candida albicans (strain SC5314 / ATCC MYA-2876) (Yeast)
Q5SQN1	Q5SQN1	exocytosis [GO:0006887]; synaptic vesicle fusion to presynaptic active zone membrane [GO:0031629]; synaptic vesicle priming [GO:0016082]	endomembrane system [GO:0012505]; perinuclear region of cytoplasm [GO:0048471]; plasma membrane [GO:0005886]; presynapse [GO:0098793]; SNARE complex [GO:0031201]	SNAP receptor activity [GO:0005484]; syntaxin binding [GO:0019905]	GO:0005484; GO:0005886; GO:0006887; GO:0012505; GO:0016082; GO:0019905; GO:0031201; GO:0031629; GO:0048471; GO:0098793	9606.ENSP00000314157;	SNP47_HUMAN	Homo sapiens (Human)
Q5T4W7	Q5T4W7	axon guidance [GO:0007411]; glial cell-derived neurotrophic factor receptor signaling pathway [GO:0035860]; induction of positive chemotaxis [GO:0050930]; lymphocyte migration into lymphoid organs [GO:0097021]; neuroblast proliferation [GO:0007405]; peripheral nervous system development [GO:0007422]; Peyer's patch morphogenesis [GO:0061146]; signal transduction [GO:0007165]	extracellular region [GO:0005576]; extracellular space [GO:0005615]	glial cell-derived neurotrophic factor receptor binding [GO:0030116]; growth factor activity [GO:0008083]; receptor tyrosine kinase binding [GO:0030971]; signaling receptor binding [GO:0005102]	GO:0005102; GO:0005576; GO:0005615; GO:0007165; GO:0007405; GO:0007411; GO:0007422; GO:0008083; GO:0030116; GO:0030971; GO:0035860; GO:0050930; GO:0061146; GO:0097021	9606.ENSP00000387435;	ARTN_HUMAN	Homo sapiens (Human)
Q5UR18	Q5UR18		plasma membrane [GO:0005886]		GO:0005886		YL657_MIMIV	Acanthamoeba polyphaga mimivirus (APMV)
Q68EL3	Q68EL3	protein transport [GO:0015031]; regulation of retrograde vesicle-mediated transport, Golgi to ER [GO:2000156]; retrograde transport, endosome to Golgi [GO:0042147]	cytosol [GO:0005829]; Golgi membrane [GO:0000139]; SNARE complex [GO:0031201]	SNAP receptor activity [GO:0005484]	GO:0000139; GO:0005484; GO:0005829; GO:0015031; GO:0031201; GO:0042147; GO:2000156		BET1L_DANRE	Danio rerio (Zebrafish) (Brachydanio rerio)
Q6C5G0	Q6C5G0	exocytosis [GO:0006887]; protein transport [GO:0015031]; vesicle fusion [GO:0006906]	plasma membrane [GO:0005886]; SNARE complex [GO:0031201]	SNAP receptor activity [GO:0005484]; syntaxin binding [GO:0019905]	GO:0005484; GO:0005886; GO:0006887; GO:0006906; GO:0015031; GO:0019905; GO:0031201	284591.Q6C5G0;	SEC9_YARLI	Yarrowia lipolytica (strain CLIB 122 / E 150) (Yeast) (Candida lipolytica)
Q6CRX0	Q6CRX0	endoplasmic reticulum to Golgi vesicle-mediated transport [GO:0006888]; protein transport [GO:0015031]; vesicle fusion [GO:0006906]	endoplasmic reticulum membrane [GO:0005789]; ER to Golgi transport vesicle membrane [GO:0012507]; Golgi membrane [GO:0000139]; late endosome membrane [GO:0031902]; SNARE complex [GO:0031201]	SNAP receptor activity [GO:0005484]; SNARE binding [GO:0000149]	GO:0000139; GO:0000149; GO:0005484; GO:0005789; GO:0006888; GO:0006906; GO:0012507; GO:0015031; GO:0031201; GO:0031902	284590.Q6CRX0;	BOS1_KLULA	Kluyveromyces lactis (strain ATCC 8585 / CBS 2359 / DSM 70799 / NBRC 1267 / NRRL Y-1140 / WM37) (Yeast) (Candida sphaerica)
Q6FW27	Q6FW27	autophagosome-lysosome fusion [GO:0061909]; endoplasmic reticulum to Golgi vesicle-mediated transport [GO:0006888]; intra-Golgi vesicle-mediated transport [GO:0006891]; intracellular protein transport [GO:0006886]; vacuole fusion, non-autophagic [GO:0042144]	autophagosome membrane [GO:0000421]; endosome [GO:0005768]; extracellular region [GO:0005576]; fungal-type vacuole [GO:0000324]; Golgi apparatus [GO:0005794]; plasma membrane [GO:0005886]; SNARE complex [GO:0031201]	palmitoyltransferase activity [GO:0016409]; SNAP receptor activity [GO:0005484]	GO:0000324; GO:0000421; GO:0005484; GO:0005576; GO:0005768; GO:0005794; GO:0005886; GO:0006886; GO:0006888; GO:0006891; GO:0016409; GO:0031201; GO:0042144; GO:0061909	284593.Q6FW27;	YKT6_CANGA	Candida glabrata (strain ATCC 2001 / BCRC 20586 / JCM 3761 / NBRC 0622 / NRRL Y-65 / CBS 138) (Yeast) (Nakaseomyces glabratus)
Q6PC54	Q6PC54	clustering of voltage-gated sodium channels [GO:0045162]; exocytosis [GO:0006887]; locomotory behavior [GO:0007626]; synaptic vesicle fusion to presynaptic active zone membrane [GO:0031629]; synaptic vesicle priming [GO:0016082]	cytoplasm [GO:0005737]; membrane [GO:0016020]; neuron projection [GO:0043005]; plasma membrane [GO:0005886]; presynapse [GO:0098793]; SNARE complex [GO:0031201]; synaptobrevin 2-SNAP-25-syntaxin-1a-complexin I complex [GO:0070032]	SNAP receptor activity [GO:0005484]; syntaxin-1 binding [GO:0017075]; voltage-gated potassium channel activity [GO:0005249]	GO:0005249; GO:0005484; GO:0005737; GO:0005886; GO:0006887; GO:0007626; GO:0016020; GO:0016082; GO:0017075; GO:0031201; GO:0031629; GO:0043005; GO:0045162; GO:0070032; GO:0098793	7955.ENSDARP00000075371;	SN25B_DANRE	Danio rerio (Zebrafish) (Brachydanio rerio)
Q86AQ7	Q86AQ7	endosome to lysosome transport [GO:0008333]; protein transport [GO:0015031]; vesicle fusion [GO:0006906]	contractile vacuole [GO:0000331]; endoplasmic reticulum membrane [GO:0005789]; endosome [GO:0005768]; Golgi apparatus [GO:0005794]; late endosome membrane [GO:0031902]; lysosomal membrane [GO:0005765]; pathogen-containing vacuole [GO:0140220]; phagocytic vesicle membrane [GO:0030670]; SNARE complex [GO:0031201]; transport vesicle membrane [GO:0030658]		GO:0000331; GO:0005765; GO:0005768; GO:0005789; GO:0005794; GO:0006906; GO:0008333; GO:0015031; GO:0030658; GO:0030670; GO:0031201; GO:0031902; GO:0140220	44689.Q86AQ7;	VAM7B_DICDI	Dictyostelium discoideum (Social amoeba)
Q8IXJ6	Q8IXJ6	autophagy [GO:0006914]; cell division [GO:0051301]; cellular response to caloric restriction [GO:0061433]; cellular response to epinephrine stimulus [GO:0071872]; cellular response to hypoxia [GO:0071456]; cellular response to oxidative stress [GO:0034599]; epigenetic regulation of gene expression [GO:0040029]; heterochromatin formation [GO:0031507]; innate immune response [GO:0045087]; lipid catabolic process [GO:0016042]; meiotic cell cycle [GO:0051321]; mitotic nuclear membrane reassembly [GO:0007084]; myelination in peripheral nervous system [GO:0022011]; negative regulation of autophagy [GO:0010507]; negative regulation of DNA-templated transcription [GO:0045892]; negative regulation of fat cell differentiation [GO:0045599]; negative regulation of NLRP3 inflammasome complex assembly [GO:1900226]; negative regulation of oligodendrocyte progenitor proliferation [GO:0070446]; negative regulation of peptidyl-threonine phosphorylation [GO:0010801]; negative regulation of protein catabolic process [GO:0042177]; negative regulation of reactive oxygen species metabolic process [GO:2000378]; negative regulation of satellite cell differentiation [GO:1902725]; negative regulation of striated muscle tissue development [GO:0045843]; negative regulation of transcription by RNA polymerase II [GO:0000122]; NLRP3 inflammasome complex assembly [GO:0044546]; peptidyl-lysine deacetylation [GO:0034983]; positive regulation of attachment of spindle microtubules to kinetochore [GO:0051987]; positive regulation of cell division [GO:0051781]; positive regulation of DNA binding [GO:0043388]; positive regulation of execution phase of apoptosis [GO:1900119]; positive regulation of fatty acid biosynthetic process [GO:0045723]; positive regulation of meiotic nuclear division [GO:0045836]; positive regulation of oocyte maturation [GO:1900195]; positive regulation of proteasomal ubiquitin-dependent protein catabolic process [GO:0032436]; positive regulation of transcription by RNA polymerase II [GO:0045944]; proteasome-mediated ubiquitin-dependent protein catabolic process [GO:0043161]; protein deacetylation [GO:0006476]; rDNA heterochromatin formation [GO:0000183]; regulation of cell cycle [GO:0051726]; regulation of exit from mitosis [GO:0007096]; regulation of myelination [GO:0031641]; regulation of phosphorylation [GO:0042325]; response to redox state [GO:0051775]; substantia nigra development [GO:0021762]; subtelomeric heterochromatin formation [GO:0031509]; tubulin deacetylation [GO:0090042]	centriole [GO:0005814]; centrosome [GO:0005813]; chromatin silencing complex [GO:0005677]; chromosome [GO:0005694]; chromosome, telomeric region [GO:0000781]; cytoplasm [GO:0005737]; cytosol [GO:0005829]; glial cell projection [GO:0097386]; growth cone [GO:0030426]; heterochromatin [GO:0000792]; juxtaparanode region of axon [GO:0044224]; lateral loop [GO:0043219]; meiotic spindle [GO:0072687]; microtubule [GO:0005874]; midbody [GO:0030496]; mitochondrion [GO:0005739]; mitotic spindle [GO:0072686]; myelin sheath [GO:0043209]; nucleolus [GO:0005730]; nucleus [GO:0005634]; paranodal junction [GO:0033010]; paranode region of axon [GO:0033270]; perikaryon [GO:0043204]; perinuclear region of cytoplasm [GO:0048471]; plasma membrane [GO:0005886]; Schmidt-Lanterman incisure [GO:0043220]; spindle [GO:0005819]	chromatin binding [GO:0003682]; DNA-binding transcription factor binding [GO:0140297]; histone acetyltransferase binding [GO:0035035]; histone deacetylase activity [GO:0004407]; histone deacetylase activity, NAD-dependent [GO:0017136]; histone deacetylase binding [GO:0042826]; histone H3K14 deacetylase activity, NAD-dependent [GO:0032041]; histone H3K18 deacetylase activity, NAD-dependent [GO:0097372]; histone H3K4 deacetylase activity, NAD-dependent [GO:0141222]; histone H3K56 deacetylase activity, NAD-dependent [GO:0140765]; histone H3K9 deacetylase activity, NAD-dependent [GO:0046969]; histone H4K16 deacetylase activity, NAD-dependent [GO:0046970]; NAD+ binding [GO:0070403]; NAD+-protein poly-ADP-ribosyltransferase activity [GO:0003950]; NAD-dependent protein demyristoylase activity [GO:0140773]; NAD-dependent protein depalmitoylase activity [GO:0140774]; NAD-dependent protein lysine deacetylase activity [GO:0034979]; protein lysine deacetylase activity [GO:0033558]; tubulin deacetylase activity [GO:0042903]; ubiquitin binding [GO:0043130]; zinc ion binding [GO:0008270]	GO:0000122; GO:0000183; GO:0000781; GO:0000792; GO:0003682; GO:0003950; GO:0004407; GO:0005634; GO:0005677; GO:0005694; GO:0005730; GO:0005737; GO:0005739; GO:0005813; GO:0005814; GO:0005819; GO:0005829; GO:0005874; GO:0005886; GO:0006476; GO:0006914; GO:0007084; GO:0007096; GO:0008270; GO:0010507; GO:0010801; GO:0016042; GO:0017136; GO:0021762; GO:0022011; GO:0030426; GO:0030496; GO:0031507; GO:0031509; GO:0031641; GO:0032041; GO:0032436; GO:0033010; GO:0033270; GO:0033558; GO:0034599; GO:0034979; GO:0034983; GO:0035035; GO:0040029; GO:0042177; GO:0042325; GO:0042826; GO:0042903; GO:0043130; GO:0043161; GO:0043204; GO:0043209; GO:0043219; GO:0043220; GO:0043388; GO:0044224; GO:0044546; GO:0045087; GO:0045599; GO:0045723; GO:0045836; GO:0045843; GO:0045892; GO:0045944; GO:0046969; GO:0046970; GO:0048471; GO:0051301; GO:0051321; GO:0051726; GO:0051775; GO:0051781; GO:0051987; GO:0061433; GO:0070403; GO:0070446; GO:0071456; GO:0071872; GO:0072686; GO:0072687; GO:0090042; GO:0097372; GO:0097386; GO:0140297; GO:0140765; GO:0140773; GO:0140774; GO:0141222; GO:1900119; GO:1900195; GO:1900226; GO:1902725; GO:2000378	9606.ENSP00000249396;	SIR2_HUMAN	Homo sapiens (Human)
Q8VHI8	Q8VHI8	apoptotic process [GO:0006915]; apoptotic process in response to mitochondrial fragmentation [GO:0140208]; endoplasmic reticulum membrane fusion [GO:0016320]; endoplasmic reticulum organization [GO:0007029]; protein transport [GO:0015031]; response to activity [GO:0014823]; response to oxygen-glucose deprivation [GO:0090649]; response to starvation [GO:0042594]; retrograde vesicle-mediated transport, Golgi to endoplasmic reticulum [GO:0006890]	COPI-coated vesicle [GO:0030137]; cytoplasm [GO:0005737]; endoplasmic reticulum [GO:0005783]; endoplasmic reticulum membrane [GO:0005789]; intracellular membrane-bounded organelle [GO:0043231]; mitochondrial membrane [GO:0031966]; mitochondrial outer membrane [GO:0005741]; nuclear envelope [GO:0005635]; SNARE complex [GO:0031201]	calcium-induced calcium release activity [GO:0048763]; SNAP receptor activity [GO:0005484]	GO:0005484; GO:0005635; GO:0005737; GO:0005741; GO:0005783; GO:0005789; GO:0006890; GO:0006915; GO:0007029; GO:0014823; GO:0015031; GO:0016320; GO:0030137; GO:0031201; GO:0031966; GO:0042594; GO:0043231; GO:0048763; GO:0090649; GO:0140208	10116.ENSRNOP00000028173;	SEC20_RAT	Rattus norvegicus (Rat)
Q92356	Q92356	ascospore-type prospore membrane formation [GO:0032120]; intracellular protein transport [GO:0006886]; vesicle fusion [GO:0006906]	cell cortex of cell tip [GO:0051285]; cell division site [GO:0032153]; cell tip [GO:0051286]; cytoplasm [GO:0005737]; endosome [GO:0005768]; Golgi apparatus [GO:0005794]; medial cortex [GO:0031097]; meiotic spindle pole [GO:0090619]; plasma membrane [GO:0005886]; SNARE complex [GO:0031201]	SNAP receptor activity [GO:0005484]; syntaxin binding [GO:0019905]	GO:0005484; GO:0005737; GO:0005768; GO:0005794; GO:0005886; GO:0006886; GO:0006906; GO:0019905; GO:0031097; GO:0031201; GO:0032120; GO:0032153; GO:0051285; GO:0051286; GO:0090619	284812.Q92356;	SYB1_SCHPO	Schizosaccharomyces pombe (strain 972 / ATCC 24843) (Fission yeast)
Q92888	Q92888	G protein-coupled receptor signaling pathway [GO:0007186]; regulation of small GTPase mediated signal transduction [GO:0051056]; Rho protein signal transduction [GO:0007266]	cytoplasm [GO:0005737]; cytosol [GO:0005829]; plasma membrane [GO:0005886]	G protein-coupled receptor binding [GO:0001664]; GTPase activator activity [GO:0005096]; guanyl-nucleotide exchange factor activity [GO:0005085]; RNA binding [GO:0003723]	GO:0001664; GO:0003723; GO:0005085; GO:0005096; GO:0005737; GO:0005829; GO:0005886; GO:0007186; GO:0007266; GO:0051056	9606.ENSP00000337261;	ARHG1_HUMAN	Homo sapiens (Human)
Q94AU2	Q94AU2	embryo sac development [GO:0009553]; endoplasmic reticulum organization [GO:0007029]; endoplasmic reticulum to Golgi vesicle-mediated transport [GO:0006888]; gametophyte development [GO:0048229]; Golgi organization [GO:0007030]; pollen development [GO:0009555]; protein transport [GO:0015031]; retrograde vesicle-mediated transport, Golgi to endoplasmic reticulum [GO:0006890]	endoplasmic reticulum [GO:0005783]; endoplasmic reticulum membrane [GO:0005789]; extracellular region [GO:0005576]; Golgi apparatus [GO:0005794]; Golgi membrane [GO:0000139]; plasma membrane [GO:0005886]	SNAP receptor activity [GO:0005484]	GO:0000139; GO:0005484; GO:0005576; GO:0005783; GO:0005789; GO:0005794; GO:0005886; GO:0006888; GO:0006890; GO:0007029; GO:0007030; GO:0009553; GO:0009555; GO:0015031; GO:0048229	3702.Q94AU2;	SC221_ARATH	Arabidopsis thaliana (Mouse-ear cress)
Q94CG2	Q94CG2	endoplasmic reticulum to Golgi vesicle-mediated transport [GO:0006888]; protein transport [GO:0015031]	endoplasmic reticulum membrane [GO:0005789]; Golgi membrane [GO:0000139]	SNAP receptor activity [GO:0005484]	GO:0000139; GO:0005484; GO:0005789; GO:0006888; GO:0015031	3702.Q94CG2;	BET12_ARATH	Arabidopsis thaliana (Mouse-ear cress)
Q96B02	Q96B02	antiviral innate immune response [GO:0140374]; cellular response to misfolded protein [GO:0071218]; DNA repair [GO:0006281]; negative regulation of TORC1 signaling [GO:1904262]; proteasome-mediated ubiquitin-dependent protein catabolic process [GO:0043161]; protein K11-linked ubiquitination [GO:0070979]; protein monoubiquitination [GO:0006513]; protein polyubiquitination [GO:0000209]; protein quality control for misfolded or incompletely synthesized proteins [GO:0006515]	cytoplasm [GO:0005737]; nucleoplasm [GO:0005654]; nucleus [GO:0005634]	ATP binding [GO:0005524]; ubiquitin conjugating enzyme activity [GO:0061631]; ubiquitin protein ligase binding [GO:0031625]; ubiquitin-protein transferase activity [GO:0004842]	GO:0000209; GO:0004842; GO:0005524; GO:0005634; GO:0005654; GO:0005737; GO:0006281; GO:0006513; GO:0006515; GO:0031625; GO:0043161; GO:0061631; GO:0070979; GO:0071218; GO:0140374; GO:1904262	9606.ENSP00000498255;	UBE2W_HUMAN	Homo sapiens (Human)
Q96GD0	Q96GD0	actin rod assembly [GO:0031247]; cellular response to ATP [GO:0071318]; dephosphorylation [GO:0016311]; positive regulation of actin filament depolymerization [GO:0030836]; protein dephosphorylation [GO:0006470]; pyridoxal phosphate catabolic process [GO:0032361]; regulation of cytokinesis [GO:0032465]; regulation of mitotic nuclear division [GO:0007088]; regulation of modification of postsynaptic structure [GO:0099159]	cell-cell junction [GO:0005911]; cytoplasm [GO:0005737]; cytoskeleton [GO:0005856]; cytosol [GO:0005829]; glutamatergic synapse [GO:0098978]; lamellipodium membrane [GO:0031258]; postsynapse [GO:0098794]; ruffle membrane [GO:0032587]	calmodulin-dependent protein phosphatase activity [GO:0033192]; heat shock protein binding [GO:0031072]; histone H2AXS140 phosphatase activity [GO:0140791]; magnesium ion binding [GO:0000287]; MAP kinase serine/threonine phosphatase activity [GO:1990439]; myosin phosphatase activity [GO:0017018]; phosphoprotein phosphatase activity [GO:0004721]; protein homodimerization activity [GO:0042803]; pyridoxal phosphatase activity [GO:0033883]; RNA polymerase II CTD heptapeptide repeat S2 phosphatase activity [GO:0180006]; RNA polymerase II CTD heptapeptide repeat S5 phosphatase activity [GO:0180007]; RNA polymerase II CTD heptapeptide repeat S7 phosphatase activity [GO:0180008]; RNA polymerase II CTD heptapeptide repeat T4 phosphatase activity [GO:0180005]; RNA polymerase II CTD heptapeptide repeat Y1 phosphatase activity [GO:0180004]	GO:0000287; GO:0004721; GO:0005737; GO:0005829; GO:0005856; GO:0005911; GO:0006470; GO:0007088; GO:0016311; GO:0017018; GO:0030836; GO:0031072; GO:0031247; GO:0031258; GO:0032361; GO:0032465; GO:0032587; GO:0033192; GO:0033883; GO:0042803; GO:0071318; GO:0098794; GO:0098978; GO:0099159; GO:0140791; GO:0180004; GO:0180005; GO:0180006; GO:0180007; GO:0180008; GO:1990439	9606.ENSP00000215904;	PLPP_HUMAN	Homo sapiens (Human)
Q99593	Q99593	atrial septum morphogenesis [GO:0060413]; atrioventricular bundle cell differentiation [GO:0003167]; atrioventricular node cell development [GO:0060928]; atrioventricular node cell fate commitment [GO:0060929]; atrioventricular valve morphogenesis [GO:0003181]; bundle of His cell to Purkinje myocyte communication by electrical coupling [GO:0086054]; bundle of His development [GO:0003166]; cardiac left ventricle formation [GO:0003218]; cardiac muscle cell proliferation [GO:0060038]; cell fate specification [GO:0001708]; cell migration involved in coronary vasculogenesis [GO:0060980]; cell-cell signaling [GO:0007267]; embryonic forelimb morphogenesis [GO:0035115]; embryonic limb morphogenesis [GO:0030326]; endocardial cushion development [GO:0003197]; forelimb morphogenesis [GO:0035136]; heart development [GO:0007507]; lung development [GO:0030324]; morphogenesis of an epithelium [GO:0002009]; negative regulation of cardiac muscle cell proliferation [GO:0060044]; negative regulation of cell migration [GO:0030336]; negative regulation of cell population proliferation [GO:0008285]; negative regulation of epithelial to mesenchymal transition [GO:0010719]; pattern specification process [GO:0007389]; pericardium development [GO:0060039]; positive regulation of cardiac conduction [GO:1903781]; positive regulation of cardiac muscle cell proliferation [GO:0060045]; positive regulation of cardioblast differentiation [GO:0051891]; positive regulation of cell communication by electrical coupling involved in cardiac conduction [GO:1901846]; positive regulation of DNA-templated transcription [GO:0045893]; positive regulation of gap junction assembly [GO:1903598]; positive regulation of secondary heart field cardioblast proliferation [GO:0072513]; positive regulation of transcription by RNA polymerase II [GO:0045944]; regulation of atrial cardiac muscle cell membrane depolarization [GO:0060371]; regulation of transcription by RNA polymerase II [GO:0006357]; sinoatrial node development [GO:0003163]; transcription by RNA polymerase II [GO:0006366]; ventricular septum development [GO:0003281]	chromatin [GO:0000785]; cytoplasm [GO:0005737]; nucleoplasm [GO:0005654]; nucleus [GO:0005634]; protein-containing complex [GO:0032991]; protein-DNA complex [GO:0032993]; transcription regulator complex [GO:0005667]	DNA binding [GO:0003677]; DNA-binding transcription activator activity, RNA polymerase II-specific [GO:0001228]; DNA-binding transcription factor activity [GO:0003700]; DNA-binding transcription factor activity, RNA polymerase II-specific [GO:0000981]; RNA polymerase II cis-regulatory region sequence-specific DNA binding [GO:0000978]; RNA polymerase II-specific DNA-binding transcription factor binding [GO:0061629]; sequence-specific DNA binding [GO:0043565]	GO:0000785; GO:0000978; GO:0000981; GO:0001228; GO:0001708; GO:0002009; GO:0003163; GO:0003166; GO:0003167; GO:0003181; GO:0003197; GO:0003218; GO:0003281; GO:0003677; GO:0003700; GO:0005634; GO:0005654; GO:0005667; GO:0005737; GO:0006357; GO:0006366; GO:0007267; GO:0007389; GO:0007507; GO:0008285; GO:0010719; GO:0030324; GO:0030326; GO:0030336; GO:0032991; GO:0032993; GO:0035115; GO:0035136; GO:0043565; GO:0045893; GO:0045944; GO:0051891; GO:0060038; GO:0060039; GO:0060044; GO:0060045; GO:0060371; GO:0060413; GO:0060928; GO:0060929; GO:0060980; GO:0061629; GO:0072513; GO:0086054; GO:1901846; GO:1903598; GO:1903781	9606.ENSP00000309913;	TBX5_HUMAN	Homo sapiens (Human)
Q9C9X5	Q9C9X5	clathrin coat assembly [GO:0048268]; clathrin-dependent endocytosis [GO:0072583]; defense response to fungus [GO:0050832]; vesicle-mediated transport [GO:0016192]	clathrin-coated pit [GO:0005905]; clathrin-coated vesicle [GO:0030136]; Golgi apparatus [GO:0005794]	1-phosphatidylinositol binding [GO:0005545]; adenylate cyclase activity [GO:0004016]; clathrin binding [GO:0030276]	GO:0004016; GO:0005545; GO:0005794; GO:0005905; GO:0016192; GO:0030136; GO:0030276; GO:0048268; GO:0050832; GO:0072583	3702.Q9C9X5;	CAP12_ARATH	Arabidopsis thaliana (Mouse-ear cress)
Q9CQ56	Q9CQ56	endoplasmic reticulum organization [GO:0007029]; endoplasmic reticulum tubular network organization [GO:0071786]; protein transport [GO:0015031]; regulation of ER to Golgi vesicle-mediated transport [GO:0060628]; vesicle-mediated transport [GO:0016192]	endoplasmic reticulum membrane [GO:0005789]		GO:0005789; GO:0007029; GO:0015031; GO:0016192; GO:0060628; GO:0071786	10090.ENSMUSP00000105680;	USE1_MOUSE	Mus musculus (Mouse)
Q9EP80	Q9EP80	cellular response to decreased oxygen levels [GO:0036294]; cellular response to glucose starvation [GO:0042149]; dendritic spine maintenance [GO:0097062]; dendritic spine organization [GO:0097061]; dopamine transport [GO:0015872]; glial cell development [GO:0021782]; intracellular protein transport [GO:0006886]; long-term synaptic depression [GO:0060292]; monoamine transport [GO:0015844]; negative regulation of Arp2/3 complex-mediated actin nucleation [GO:0034316]; negative regulation of gene expression [GO:0010629]; positive regulation of receptor internalization [GO:0002092]; protein phosphorylation [GO:0006468]; protein targeting [GO:0006605]; receptor clustering [GO:0043113]; regulation of Arp2/3 complex-mediated actin nucleation [GO:0034315]; regulation of insulin secretion [GO:0050796]; regulation of postsynaptic neurotransmitter receptor internalization [GO:0099149]	cytoplasm [GO:0005737]; cytoskeleton [GO:0005856]; dendrite [GO:0030425]; dendritic spine [GO:0043197]; glutamatergic synapse [GO:0098978]; Golgi apparatus [GO:0005794]; mitochondrion [GO:0005739]; neuron projection [GO:0043005]; perinuclear region of cytoplasm [GO:0048471]; plasma membrane [GO:0005886]; postsynaptic density [GO:0014069]; postsynaptic early endosome [GO:0098842]; postsynaptic endocytic zone [GO:0098843]; postsynaptic specialization [GO:0099572]; presynaptic membrane [GO:0042734]; protein-containing complex [GO:0032991]; synapse [GO:0045202]; synaptic vesicle [GO:0008021]; trans-Golgi network membrane [GO:0032588]	actin filament binding [GO:0051015]; Arp2/3 complex binding [GO:0071933]; cytoskeletal protein binding [GO:0008092]; ephrin receptor binding [GO:0046875]; G protein-coupled glutamate receptor binding [GO:0035256]; G protein-coupled receptor binding [GO:0001664]; GTPase binding [GO:0051020]; identical protein binding [GO:0042802]; ionotropic glutamate receptor binding [GO:0035255]; membrane curvature sensor activity [GO:0140090]; metal ion binding [GO:0046872]; phospholipid binding [GO:0005543]; protein domain specific binding [GO:0019904]; protein kinase C binding [GO:0005080]; receptor tyrosine kinase binding [GO:0030971]; signaling receptor binding [GO:0005102]; SNAP receptor activity [GO:0005484]	GO:0001664; GO:0002092; GO:0005080; GO:0005102; GO:0005484; GO:0005543; GO:0005737; GO:0005739; GO:0005794; GO:0005856; GO:0005886; GO:0006468; GO:0006605; GO:0006886; GO:0008021; GO:0008092; GO:0010629; GO:0014069; GO:0015844; GO:0015872; GO:0019904; GO:0021782; GO:0030425; GO:0030971; GO:0032588; GO:0032991; GO:0034315; GO:0034316; GO:0035255; GO:0035256; GO:0036294; GO:0042149; GO:0042734; GO:0042802; GO:0043005; GO:0043113; GO:0043197; GO:0045202; GO:0046872; GO:0046875; GO:0048471; GO:0050796; GO:0051015; GO:0051020; GO:0060292; GO:0071933; GO:0097061; GO:0097062; GO:0098842; GO:0098843; GO:0098978; GO:0099149; GO:0099572; GO:0140090	10116.ENSRNOP00000016077;	PICK1_RAT	Rattus norvegicus (Rat)
Q9ERB0	Q9ERB0	autophagosome maturation [GO:0097352]; autophagosome membrane docking [GO:0016240]; cilium assembly [GO:0060271]; protein transport [GO:0015031]	autophagosome [GO:0005776]; autophagosome membrane [GO:0000421]; centrosome [GO:0005813]; ciliary pocket membrane [GO:0020018]; cytoplasmic vesicle [GO:0031410]; cytosol [GO:0005829]; Golgi membrane [GO:0000139]; SNARE complex [GO:0031201]	syntaxin binding [GO:0019905]	GO:0000139; GO:0000421; GO:0005776; GO:0005813; GO:0005829; GO:0015031; GO:0016240; GO:0019905; GO:0020018; GO:0031201; GO:0031410; GO:0060271; GO:0097352	10090.ENSMUSP00000023449;	SNP29_MOUSE	Mus musculus (Mouse)
Q9GZT9	Q9GZT9	cardiac muscle tissue morphogenesis [GO:0055008]; cellular response to hypoxia [GO:0071456]; heart trabecula formation [GO:0060347]; intracellular iron ion homeostasis [GO:0006879]; intracellular oxygen homeostasis [GO:0032364]; labyrinthine layer development [GO:0060711]; negative regulation of cyclic-nucleotide phosphodiesterase activity [GO:0051344]; negative regulation of DNA-binding transcription factor activity [GO:0043433]; positive regulation of transcription by RNA polymerase II [GO:0045944]; regulation of angiogenesis [GO:0045765]; regulation of modification of postsynaptic structure [GO:0099159]; regulation of neuron apoptotic process [GO:0043523]; regulation protein catabolic process at postsynapse [GO:0140252]; response to hypoxia [GO:0001666]; response to nitric oxide [GO:0071731]; ventricular septum morphogenesis [GO:0060412]	cytoplasm [GO:0005737]; cytosol [GO:0005829]; glutamatergic synapse [GO:0098978]; intracellular membrane-bounded organelle [GO:0043231]; nucleus [GO:0005634]; postsynaptic density [GO:0014069]	2-oxoglutarate-dependent dioxygenase activity [GO:0016706]; enzyme binding [GO:0019899]; ferrous iron binding [GO:0008198]; hypoxia-inducible factor-proline dioxygenase activity [GO:0160082]; L-ascorbic acid binding [GO:0031418]; peptidyl-proline 4-dioxygenase activity [GO:0031545]; peptidyl-proline dioxygenase activity [GO:0031543]	GO:0001666; GO:0005634; GO:0005737; GO:0005829; GO:0006879; GO:0008198; GO:0014069; GO:0016706; GO:0019899; GO:0031418; GO:0031543; GO:0031545; GO:0032364; GO:0043231; GO:0043433; GO:0043523; GO:0045765; GO:0045944; GO:0051344; GO:0055008; GO:0060347; GO:0060412; GO:0060711; GO:0071456; GO:0071731; GO:0098978; GO:0099159; GO:0140252; GO:0160082	9606.ENSP00000355601;	EGLN1_HUMAN	Homo sapiens (Human)
Q9H6P5	Q9H6P5	epigenetic regulation of gene expression [GO:0040029]; positive regulation of DNA-templated transcription [GO:0045893]; protein maturation [GO:0051604]; proteolysis [GO:0006508]	cytoplasm [GO:0005737]; cytosol [GO:0005829]	identical protein binding [GO:0042802]; threonine-type endopeptidase activity [GO:0004298]	GO:0004298; GO:0005737; GO:0005829; GO:0006508; GO:0040029; GO:0042802; GO:0045893; GO:0051604	9606.ENSP00000338624;	TASP1_HUMAN	Homo sapiens (Human)
Q9HGN3	Q9HGN3	Golgi vesicle transport [GO:0048193]; intracellular protein transport [GO:0006886]; vesicle docking [GO:0048278]; vesicle fusion [GO:0006906]	endomembrane system [GO:0012505]; endoplasmic reticulum [GO:0005783]; endosome membrane [GO:0010008]; Golgi apparatus [GO:0005794]; Golgi membrane [GO:0000139]; SNARE complex [GO:0031201]	SNAP receptor activity [GO:0005484]; SNARE binding [GO:0000149]	GO:0000139; GO:0000149; GO:0005484; GO:0005783; GO:0005794; GO:0006886; GO:0006906; GO:0010008; GO:0012505; GO:0031201; GO:0048193; GO:0048278	284812.Q9HGN3;	TLG1_SCHPO	Schizosaccharomyces pombe (strain 972 / ATCC 24843) (Fission yeast)
Q9JI51	Q9JI51	autophagy [GO:0006914]; endocytic recycling [GO:0032456]; endoplasmic reticulum to Golgi vesicle-mediated transport [GO:0006888]; Golgi to vacuole transport [GO:0006896]; intra-Golgi vesicle-mediated transport [GO:0006891]; intracellular protein transport [GO:0006886]; macroautophagy [GO:0016236]; retrograde transport, endosome to Golgi [GO:0042147]; synaptic vesicle to endosome fusion [GO:0016189]; vesicle fusion with Golgi apparatus [GO:0048280]; voluntary musculoskeletal movement [GO:0050882]	autophagosome [GO:0005776]; clathrin-coated vesicle [GO:0030136]; clathrin-coated vesicle membrane [GO:0030665]; cytosol [GO:0005829]; endoplasmic reticulum membrane [GO:0005789]; endosome [GO:0005768]; ER to Golgi transport vesicle membrane [GO:0012507]; Golgi apparatus [GO:0005794]; Golgi membrane [GO:0000139]; hippocampal mossy fiber to CA3 synapse [GO:0098686]; late endosome membrane [GO:0031902]; neuron projection terminus [GO:0044306]; neuronal cell body [GO:0043025]; perinuclear region of cytoplasm [GO:0048471]; SNARE complex [GO:0031201]; synaptic vesicle [GO:0008021]; synaptic vesicle membrane [GO:0030672]; terminal bouton [GO:0043195]	SNAP receptor activity [GO:0005484]; SNARE binding [GO:0000149]	GO:0000139; GO:0000149; GO:0005484; GO:0005768; GO:0005776; GO:0005789; GO:0005794; GO:0005829; GO:0006886; GO:0006888; GO:0006891; GO:0006896; GO:0006914; GO:0008021; GO:0012507; GO:0016189; GO:0016236; GO:0030136; GO:0030665; GO:0030672; GO:0031201; GO:0031902; GO:0032456; GO:0042147; GO:0043025; GO:0043195; GO:0044306; GO:0048280; GO:0048471; GO:0050882; GO:0098686	10116.ENSRNOP00000058953;	VTI1A_RAT	Rattus norvegicus (Rat)
Q9LRP1	Q9LRP1	protein transport [GO:0015031]	cytosol [GO:0005829]; plasma membrane [GO:0005886]; SNARE complex [GO:0031201]	SNAP receptor activity [GO:0005484]	GO:0005484; GO:0005829; GO:0005886; GO:0015031; GO:0031201	3702.Q9LRP1;	NPS13_ARATH	Arabidopsis thaliana (Mouse-ear cress)
Q9N598	Q9N598	protein transport [GO:0015031]; retrograde vesicle-mediated transport, Golgi to endoplasmic reticulum [GO:0006890]	endoplasmic reticulum [GO:0005783]; endoplasmic reticulum membrane [GO:0005789]; SNARE complex [GO:0031201]	SNAP receptor activity [GO:0005484]	GO:0005484; GO:0005783; GO:0005789; GO:0006890; GO:0015031; GO:0031201	6239.Y110A7A.11.1;	USE1_CAEEL	Caenorhabditis elegans
Q9P7G5	Q9P7G5	endoplasmic reticulum to Golgi vesicle-mediated transport [GO:0006888]; intracellular protein transport [GO:0006886]; vesicle fusion [GO:0006906]	cytoplasm [GO:0005737]; endoplasmic reticulum membrane [GO:0005789]; ER to Golgi transport vesicle membrane [GO:0012507]; Golgi apparatus [GO:0005794]; Golgi membrane [GO:0000139]; late endosome membrane [GO:0031902]; SNARE complex [GO:0031201]	SNAP receptor activity [GO:0005484]; SNARE binding [GO:0000149]	GO:0000139; GO:0000149; GO:0005484; GO:0005737; GO:0005789; GO:0005794; GO:0006886; GO:0006888; GO:0006906; GO:0012507; GO:0031201; GO:0031902	284812.Q9P7G5;	BOS1_SCHPO	Schizosaccharomyces pombe (strain 972 / ATCC 24843) (Fission yeast)
Q9S7P9	Q9S7P9	cytokinesis by cell plate formation [GO:0000911]; membrane fusion [GO:0061025]; protein transport [GO:0015031]; response to mechanical stimulus [GO:0009612]; response to other organism [GO:0051707]; vesicle-mediated transport [GO:0016192]	cell plate [GO:0009504]; plasma membrane [GO:0005886]; SNARE complex [GO:0031201]	SNAP receptor activity [GO:0005484]	GO:0000911; GO:0005484; GO:0005886; GO:0009504; GO:0009612; GO:0015031; GO:0016192; GO:0031201; GO:0051707; GO:0061025	3702.Q9S7P9;	SNP33_ARATH	Arabidopsis thaliana (Mouse-ear cress)
Q9SEL5	Q9SEL5	intracellular transport [GO:0046907]; protein storage vacuole organization [GO:1990019]; protein targeting to vacuole [GO:0006623]; vesicle fusion [GO:0006906]	endosome [GO:0005768]; Golgi apparatus [GO:0005794]; late endosome [GO:0005770]; plasma membrane [GO:0005886]; SNARE complex [GO:0031201]; trans-Golgi network [GO:0005802]	SNAP receptor activity [GO:0005484]; soluble NSF attachment protein activity [GO:0005483]	GO:0005483; GO:0005484; GO:0005768; GO:0005770; GO:0005794; GO:0005802; GO:0005886; GO:0006623; GO:0006906; GO:0031201; GO:0046907; GO:1990019	3702.Q9SEL5;	VTI12_ARATH	Arabidopsis thaliana (Mouse-ear cress)
Q9SUJ1	Q9SUJ1	chloroplast organization [GO:0009658]; defense response to fungus [GO:0050832]; Golgi organization [GO:0007030]; Golgi to plasma membrane protein transport [GO:0043001]; Golgi to vacuole transport [GO:0006896]; intracellular protein transport [GO:0006886]; protein secretion [GO:0009306]; salicylic acid mediated signaling pathway [GO:0009863]; trans-Golgi network membrane organization [GO:0098629]; vacuolar transport [GO:0007034]; vesicle fusion [GO:0006906]	endosome [GO:0005768]; Golgi apparatus [GO:0005794]; membrane [GO:0016020]; trans-Golgi network [GO:0005802]	SNAP receptor activity [GO:0005484]	GO:0005484; GO:0005768; GO:0005794; GO:0005802; GO:0006886; GO:0006896; GO:0006906; GO:0007030; GO:0007034; GO:0009306; GO:0009658; GO:0009863; GO:0016020; GO:0043001; GO:0050832; GO:0098629	3702.Q9SUJ1;	SYP43_ARATH	Arabidopsis thaliana (Mouse-ear cress)
Q9UEU0	Q9UEU0	Golgi to vacuole transport [GO:0006896]; intra-Golgi vesicle-mediated transport [GO:0006891]; intracellular protein transport [GO:0006886]; macroautophagy [GO:0016236]; membrane fusion [GO:0061025]; regulation of protein localization to plasma membrane [GO:1903076]; retrograde transport, endosome to Golgi [GO:0042147]; vesicle docking involved in exocytosis [GO:0006904]; vesicle fusion with Golgi apparatus [GO:0048280]; vesicle-mediated transport [GO:0016192]	cytosol [GO:0005829]; early endosome membrane [GO:0031901]; endoplasmic reticulum membrane [GO:0005789]; ER to Golgi transport vesicle membrane [GO:0012507]; extracellular region [GO:0005576]; Golgi apparatus [GO:0005794]; intracellular membrane-bounded organelle [GO:0043231]; late endosome membrane [GO:0031902]; lysosomal membrane [GO:0005765]; neuronal cell body [GO:0043025]; perinuclear region of cytoplasm [GO:0048471]; platelet alpha granule lumen [GO:0031093]; presynaptic endosome membrane [GO:0098954]; recycling endosome [GO:0055037]; recycling endosome membrane [GO:0055038]; SNARE complex [GO:0031201]; synaptic vesicle [GO:0008021]; vesicle [GO:0031982]	chloride channel inhibitor activity [GO:0019869]; SNAP receptor activity [GO:0005484]; SNARE binding [GO:0000149]	GO:0000149; GO:0005484; GO:0005576; GO:0005765; GO:0005789; GO:0005794; GO:0005829; GO:0006886; GO:0006891; GO:0006896; GO:0006904; GO:0008021; GO:0012507; GO:0016192; GO:0016236; GO:0019869; GO:0031093; GO:0031201; GO:0031901; GO:0031902; GO:0031982; GO:0042147; GO:0043025; GO:0043231; GO:0048280; GO:0048471; GO:0055037; GO:0055038; GO:0061025; GO:0098954; GO:1903076	9606.ENSP00000450731;	VTI1B_HUMAN	Homo sapiens (Human)
Q9UGN4	Q9UGN4	cell adhesion [GO:0007155]; immune system process [GO:0002376]; intracellular signal transduction [GO:0035556]; negative regulation of B cell proliferation [GO:0030889]; negative regulation of B cell receptor signaling pathway [GO:0050859]; negative regulation of eosinophil activation [GO:1902567]; negative regulation of eosinophil migration [GO:2000417]; negative regulation of fibroblast proliferation [GO:0048147]; negative regulation of MAP kinase activity [GO:0043407]; negative regulation of mast cell activation involved in immune response [GO:0033007]; negative regulation of mast cell degranulation [GO:0043305]; negative regulation of MyD88-dependent toll-like receptor signaling pathway [GO:0034125]; negative regulation of neutrophil activation [GO:1902564]; negative regulation of NK T cell activation [GO:0051134]; negative regulation of phagocytosis, engulfment [GO:0060101]; regulation of innate immune response [GO:0045088]; regulation of T cell receptor signaling pathway [GO:0050856]; signal transduction [GO:0007165]	extracellular exosome [GO:0070062]; ficolin-1-rich granule membrane [GO:0101003]; membrane [GO:0016020]; plasma membrane [GO:0005886]; tertiary granule membrane [GO:0070821]	phosphatidylethanolamine binding [GO:0008429]; phosphatidylserine binding [GO:0001786]; signaling receptor activity [GO:0038023]	GO:0001786; GO:0002376; GO:0005886; GO:0007155; GO:0007165; GO:0008429; GO:0016020; GO:0030889; GO:0033007; GO:0034125; GO:0035556; GO:0038023; GO:0043305; GO:0043407; GO:0045088; GO:0048147; GO:0050856; GO:0050859; GO:0051134; GO:0060101; GO:0070062; GO:0070821; GO:0101003; GO:1902564; GO:1902567; GO:2000417	9606.ENSP00000353259;	CLM8_HUMAN	Homo sapiens (Human)
Q9UI36	Q9UI36	development of primary female sexual characteristics [GO:0046545]; negative regulation of cell migration [GO:0030336]; negative regulation of cell proliferation involved in contact inhibition [GO:0060244]; negative regulation of DNA biosynthetic process [GO:2000279]; negative regulation of DNA-templated transcription [GO:0045892]; negative regulation of fibroblast proliferation [GO:0048147]; negative regulation of transcription by competitive promoter binding [GO:0010944]; negative regulation of transcription by RNA polymerase II [GO:0000122]; regulation of nuclear cell cycle DNA replication [GO:0033262]; regulation of transcription by RNA polymerase II [GO:0006357]; respiratory gaseous exchange by respiratory system [GO:0007585]; suckling behavior [GO:0001967]; type B pancreatic cell proliferation [GO:0044342]	cytosol [GO:0005829]; Golgi apparatus [GO:0005794]; nuclear speck [GO:0016607]; nucleoplasm [GO:0005654]; nucleus [GO:0005634]; transcription regulator complex [GO:0005667]	DNA-binding transcription factor activity, RNA polymerase II-specific [GO:0000981]; DNA-binding transcription repressor activity, RNA polymerase II-specific [GO:0001227]; RNA polymerase II cis-regulatory region sequence-specific DNA binding [GO:0000978]; RNA polymerase II transcription regulatory region sequence-specific DNA binding [GO:0000977]	GO:0000122; GO:0000977; GO:0000978; GO:0000981; GO:0001227; GO:0001967; GO:0005634; GO:0005654; GO:0005667; GO:0005794; GO:0005829; GO:0006357; GO:0007585; GO:0010944; GO:0016607; GO:0030336; GO:0033262; GO:0044342; GO:0045892; GO:0046545; GO:0048147; GO:0060244; GO:2000279	9606.ENSP00000482245;	DACH1_HUMAN	Homo sapiens (Human)
Q9UKG1	Q9UKG1	adiponectin-activated signaling pathway [GO:0033211]; cellular response to hepatocyte growth factor stimulus [GO:0035729]; insulin receptor signaling pathway [GO:0008286]; maintenance of synapse structure [GO:0099558]; negative regulation of Fc-gamma receptor signaling pathway involved in phagocytosis [GO:1905450]; positive regulation of cytokine production involved in inflammatory response [GO:1900017]; positive regulation of D-glucose import [GO:0046326]; positive regulation of macropinocytosis [GO:1905303]; positive regulation of melanin biosynthetic process [GO:0048023]; protein import into nucleus [GO:0006606]; regulation of D-glucose import [GO:0046324]; regulation of fibroblast migration [GO:0010762]; regulation of G1/S transition of mitotic cell cycle [GO:2000045]; regulation of innate immune response [GO:0045088]; regulation of protein localization to plasma membrane [GO:1903076]; regulation of toll-like receptor 4 signaling pathway [GO:0034143]; signal transduction [GO:0007165]; signaling [GO:0023052]; transforming growth factor beta receptor signaling pathway [GO:0007179]	cytoplasm [GO:0005737]; cytoplasmic vesicle [GO:0031410]; cytosol [GO:0005829]; early endosome [GO:0005769]; early endosome membrane [GO:0031901]; early phagosome [GO:0032009]; endosome [GO:0005768]; endosome membrane [GO:0010008]; extracellular exosome [GO:0070062]; glutamatergic synapse [GO:0098978]; intracellular vesicle [GO:0097708]; macropinosome [GO:0044354]; membrane [GO:0016020]; nucleus [GO:0005634]; plasma membrane [GO:0005886]; postsynapse [GO:0098794]; presynapse [GO:0098793]; ruffle [GO:0001726]; vesicle membrane [GO:0012506]	beta-tubulin binding [GO:0048487]; identical protein binding [GO:0042802]; phosphatidylinositol binding [GO:0035091]; phosphatidylserine binding [GO:0001786]; protein homodimerization activity [GO:0042803]; protein kinase B binding [GO:0043422]; protein-containing complex binding [GO:0044877]	GO:0001726; GO:0001786; GO:0005634; GO:0005737; GO:0005768; GO:0005769; GO:0005829; GO:0005886; GO:0006606; GO:0007165; GO:0007179; GO:0008286; GO:0010008; GO:0010762; GO:0012506; GO:0016020; GO:0023052; GO:0031410; GO:0031901; GO:0032009; GO:0033211; GO:0034143; GO:0035091; GO:0035729; GO:0042802; GO:0042803; GO:0043422; GO:0044354; GO:0044877; GO:0045088; GO:0046324; GO:0046326; GO:0048023; GO:0048487; GO:0070062; GO:0097708; GO:0098793; GO:0098794; GO:0098978; GO:0099558; GO:1900017; GO:1903076; GO:1905303; GO:1905450; GO:2000045	9606.ENSP00000288266;	DP13A_HUMAN	Homo sapiens (Human)
Q9UKM7	Q9UKM7	ERAD pathway [GO:0036503]; mannoprotein catabolic process [GO:0006058]; oligosaccharide metabolic process [GO:0009311]; protein alpha-1,2-demannosylation [GO:0036508]; protein glycosylation [GO:0006486]; viral protein processing [GO:0019082]	cytoplasmic vesicle [GO:0031410]; endoplasmic reticulum [GO:0005783]; endoplasmic reticulum membrane [GO:0005789]; endoplasmic reticulum quality control compartment [GO:0044322]; extracellular vesicle [GO:1903561]; Golgi apparatus [GO:0005794]; membrane [GO:0016020]	calcium ion binding [GO:0005509]; mannosyl-oligosaccharide 1,2-alpha-mannosidase activity [GO:0004571]	GO:0004571; GO:0005509; GO:0005783; GO:0005789; GO:0005794; GO:0006058; GO:0006486; GO:0009311; GO:0016020; GO:0019082; GO:0031410; GO:0036503; GO:0036508; GO:0044322; GO:1903561	9606.ENSP00000360645;	MA1B1_HUMAN	Homo sapiens (Human)
Q9Y286	Q9Y286	cell adhesion [GO:0007155]	plasma membrane [GO:0005886]	carbohydrate binding [GO:0030246]; sialic acid binding [GO:0033691]; signaling receptor activity [GO:0038023]	GO:0005886; GO:0007155; GO:0030246; GO:0033691; GO:0038023	9606.ENSP00000323328;	SIGL7_HUMAN	Homo sapiens (Human)
Q9Z2P6	Q9Z2P6	autophagosome maturation [GO:0097352]; autophagosome membrane docking [GO:0016240]; cilium assembly [GO:0060271]; exocytosis [GO:0006887]; protein transport [GO:0015031]; regulation of synaptic vesicle cycle [GO:0098693]; regulation of synaptic vesicle exocytosis [GO:2000300]; synaptic vesicle fusion to presynaptic active zone membrane [GO:0031629]; synaptic vesicle priming [GO:0016082]	autophagosome [GO:0005776]; autophagosome membrane [GO:0000421]; ciliary pocket membrane [GO:0020018]; cytoplasm [GO:0005737]; extrinsic component of synaptic vesicle membrane [GO:0098850]; Golgi membrane [GO:0000139]; plasma membrane [GO:0005886]; SNARE complex [GO:0031201]; synaptic vesicle [GO:0008021]; terminal bouton [GO:0043195]	SNAP receptor activity [GO:0005484]; syntaxin binding [GO:0019905]	GO:0000139; GO:0000421; GO:0005484; GO:0005737; GO:0005776; GO:0005886; GO:0006887; GO:0008021; GO:0015031; GO:0016082; GO:0016240; GO:0019905; GO:0020018; GO:0031201; GO:0031629; GO:0043195; GO:0060271; GO:0097352; GO:0098693; GO:0098850; GO:2000300	10116.ENSRNOP00000002550;	SNP29_RAT	Rattus norvegicus (Rat)
